solid OpenSCAD_Model
  facet normal -0.857723 0.514112 0
    outer loop
      vertex -9.34601 -3.77788 0
      vertex -9.00293 -3.2055 3
      vertex -9.00293 -3.2055 0
    endloop
  endfacet
  facet normal -0.857723 0.514112 0
    outer loop
      vertex -9.00293 -3.2055 3
      vertex -9.34601 -3.77788 0
      vertex -9.34601 -3.77788 3
    endloop
  endfacet
  facet normal -0.336891 -0.941544 0
    outer loop
      vertex -13.0261 6.50719 0
      vertex -12.3978 6.28238 3
      vertex -13.0261 6.50719 3
    endloop
  endfacet
  facet normal -0.336891 -0.941544 -0
    outer loop
      vertex -12.3978 6.28238 3
      vertex -13.0261 6.50719 0
      vertex -12.3978 6.28238 0
    endloop
  endfacet
  facet normal -0.989176 -0.146737 0
    outer loop
      vertex -8.23274 0.666516 0
      vertex -8.33066 1.32661 3
      vertex -8.33066 1.32661 0
    endloop
  endfacet
  facet normal -0.989176 -0.146737 0
    outer loop
      vertex -8.33066 1.32661 3
      vertex -8.23274 0.666516 0
      vertex -8.23274 0.666516 3
    endloop
  endfacet
  facet normal -0.998796 -0.0490619 0
    outer loop
      vertex -8.2 0 0
      vertex -8.23274 0.666516 3
      vertex -8.23274 0.666516 0
    endloop
  endfacet
  facet normal -0.998796 -0.0490619 0
    outer loop
      vertex -8.23274 0.666516 3
      vertex -8.2 0 0
      vertex -8.2 0 3
    endloop
  endfacet
  facet normal -0.97003 -0.242983 0
    outer loop
      vertex -8.33066 1.32661 0
      vertex -8.49281 1.97394 3
      vertex -8.49281 1.97394 0
    endloop
  endfacet
  facet normal -0.97003 -0.242983 0
    outer loop
      vertex -8.49281 1.97394 3
      vertex -8.33066 1.32661 0
      vertex -8.33066 1.32661 3
    endloop
  endfacet
  facet normal -0.998796 0.0490619 0
    outer loop
      vertex -8.23274 -0.666516 0
      vertex -8.2 0 3
      vertex -8.2 0 0
    endloop
  endfacet
  facet normal -0.998796 0.0490619 0
    outer loop
      vertex -8.2 0 3
      vertex -8.23274 -0.666516 0
      vertex -8.23274 -0.666516 3
    endloop
  endfacet
  facet normal -0.146735 0.989176 0
    outer loop
      vertex -13.6734 -6.66934 0
      vertex -14.3335 -6.76726 3
      vertex -13.6734 -6.66934 3
    endloop
  endfacet
  facet normal -0.146735 0.989176 0
    outer loop
      vertex -14.3335 -6.76726 3
      vertex -13.6734 -6.66934 0
      vertex -14.3335 -6.76726 0
    endloop
  endfacet
  facet normal 0.595695 -0.803211 0
    outer loop
      vertex -19.3139 5.25647 0
      vertex -18.7779 5.65399 3
      vertex -19.3139 5.25647 3
    endloop
  endfacet
  facet normal 0.595695 -0.803211 0
    outer loop
      vertex -18.7779 5.65399 3
      vertex -19.3139 5.25647 0
      vertex -18.7779 5.65399 0
    endloop
  endfacet
  facet normal -0.595695 -0.803211 0
    outer loop
      vertex -11.2221 5.65399 0
      vertex -10.6861 5.25647 3
      vertex -11.2221 5.65399 3
    endloop
  endfacet
  facet normal -0.595695 -0.803211 -0
    outer loop
      vertex -10.6861 5.25647 3
      vertex -11.2221 5.65399 0
      vertex -10.6861 5.25647 0
    endloop
  endfacet
  facet normal -0.803206 -0.595702 0
    outer loop
      vertex -9.34601 3.77788 0
      vertex -9.74353 4.31387 3
      vertex -9.74353 4.31387 0
    endloop
  endfacet
  facet normal -0.803206 -0.595702 0
    outer loop
      vertex -9.74353 4.31387 3
      vertex -9.34601 3.77788 0
      vertex -9.34601 3.77788 3
    endloop
  endfacet
  facet normal -0.941545 -0.336886 0
    outer loop
      vertex -8.49281 1.97394 0
      vertex -8.71762 2.60225 3
      vertex -8.71762 2.60225 0
    endloop
  endfacet
  facet normal -0.941545 -0.336886 0
    outer loop
      vertex -8.71762 2.60225 3
      vertex -8.49281 1.97394 0
      vertex -8.49281 1.97394 3
    endloop
  endfacet
  facet normal 0.0490631 0.998796 -0
    outer loop
      vertex -15 -6.8 0
      vertex -15.6665 -6.76726 3
      vertex -15 -6.8 3
    endloop
  endfacet
  facet normal 0.0490631 0.998796 0
    outer loop
      vertex -15.6665 -6.76726 3
      vertex -15 -6.8 0
      vertex -15.6665 -6.76726 0
    endloop
  endfacet
  facet normal -0.427531 -0.904001 0
    outer loop
      vertex -12.3978 6.28238 0
      vertex -11.7945 5.99706 3
      vertex -12.3978 6.28238 3
    endloop
  endfacet
  facet normal -0.427531 -0.904001 -0
    outer loop
      vertex -11.7945 5.99706 3
      vertex -12.3978 6.28238 0
      vertex -11.7945 5.99706 0
    endloop
  endfacet
  facet normal 0.336891 0.941544 -0
    outer loop
      vertex -16.9739 -6.50719 0
      vertex -17.6022 -6.28238 3
      vertex -16.9739 -6.50719 3
    endloop
  endfacet
  facet normal 0.336891 0.941544 0
    outer loop
      vertex -17.6022 -6.28238 3
      vertex -16.9739 -6.50719 0
      vertex -17.6022 -6.28238 0
    endloop
  endfacet
  facet normal -0.0490631 -0.998796 0
    outer loop
      vertex -15 6.8 0
      vertex -14.3335 6.76726 3
      vertex -15 6.8 3
    endloop
  endfacet
  facet normal -0.0490631 -0.998796 -0
    outer loop
      vertex -14.3335 6.76726 3
      vertex -15 6.8 0
      vertex -14.3335 6.76726 0
    endloop
  endfacet
  facet normal 0.0490631 -0.998796 0
    outer loop
      vertex -15.6665 6.76726 0
      vertex -15 6.8 3
      vertex -15.6665 6.76726 3
    endloop
  endfacet
  facet normal 0.0490631 -0.998796 0
    outer loop
      vertex -15 6.8 3
      vertex -15.6665 6.76726 0
      vertex -15 6.8 0
    endloop
  endfacet
  facet normal 0.970048 0.242913 0
    outer loop
      vertex -21.5072 -1.97394 3
      vertex -21.6693 -1.32661 0
      vertex -21.6693 -1.32661 3
    endloop
  endfacet
  facet normal 0.970048 0.242913 0
    outer loop
      vertex -21.6693 -1.32661 0
      vertex -21.5072 -1.97394 3
      vertex -21.5072 -1.97394 0
    endloop
  endfacet
  facet normal 0.595695 0.803211 -0
    outer loop
      vertex -18.7779 -5.65399 0
      vertex -19.3139 -5.25647 3
      vertex -18.7779 -5.65399 3
    endloop
  endfacet
  facet normal 0.595695 0.803211 0
    outer loop
      vertex -19.3139 -5.25647 3
      vertex -18.7779 -5.65399 0
      vertex -19.3139 -5.25647 0
    endloop
  endfacet
  facet normal -0.989176 0.146737 0
    outer loop
      vertex -8.33066 -1.32661 0
      vertex -8.23274 -0.666516 3
      vertex -8.23274 -0.666516 0
    endloop
  endfacet
  facet normal -0.989176 0.146737 0
    outer loop
      vertex -8.23274 -0.666516 3
      vertex -8.33066 -1.32661 0
      vertex -8.33066 -1.32661 3
    endloop
  endfacet
  facet normal 0.740916 -0.671598 0
    outer loop
      vertex -20.2565 4.31387 3
      vertex -19.8083 4.80833 0
      vertex -19.8083 4.80833 3
    endloop
  endfacet
  facet normal 0.740916 -0.671598 0
    outer loop
      vertex -19.8083 4.80833 0
      vertex -20.2565 4.31387 3
      vertex -20.2565 4.31387 0
    endloop
  endfacet
  facet normal -0.740938 -0.671573 0
    outer loop
      vertex -9.74353 4.31387 0
      vertex -10.1917 4.80833 3
      vertex -10.1917 4.80833 0
    endloop
  endfacet
  facet normal -0.740938 -0.671573 0
    outer loop
      vertex -10.1917 4.80833 3
      vertex -9.74353 4.31387 0
      vertex -9.74353 4.31387 3
    endloop
  endfacet
  facet normal -0.595695 0.803211 0
    outer loop
      vertex -10.6861 -5.25647 0
      vertex -11.2221 -5.65399 3
      vertex -10.6861 -5.25647 3
    endloop
  endfacet
  facet normal -0.595695 0.803211 0
    outer loop
      vertex -11.2221 -5.65399 3
      vertex -10.6861 -5.25647 0
      vertex -11.2221 -5.65399 0
    endloop
  endfacet
  facet normal 0.740916 0.671598 0
    outer loop
      vertex -19.8083 -4.80833 3
      vertex -20.2565 -4.31387 0
      vertex -20.2565 -4.31387 3
    endloop
  endfacet
  facet normal 0.740916 0.671598 0
    outer loop
      vertex -20.2565 -4.31387 0
      vertex -19.8083 -4.80833 3
      vertex -19.8083 -4.80833 0
    endloop
  endfacet
  facet normal -0.97003 0.242983 0
    outer loop
      vertex -8.49281 -1.97394 0
      vertex -8.33066 -1.32661 3
      vertex -8.33066 -1.32661 0
    endloop
  endfacet
  facet normal -0.97003 0.242983 0
    outer loop
      vertex -8.33066 -1.32661 3
      vertex -8.49281 -1.97394 0
      vertex -8.49281 -1.97394 3
    endloop
  endfacet
  facet normal 0.427531 0.904001 -0
    outer loop
      vertex -17.6022 -6.28238 0
      vertex -18.2055 -5.99706 3
      vertex -17.6022 -6.28238 3
    endloop
  endfacet
  facet normal 0.427531 0.904001 0
    outer loop
      vertex -18.2055 -5.99706 3
      vertex -17.6022 -6.28238 0
      vertex -18.2055 -5.99706 0
    endloop
  endfacet
  facet normal 0.514088 0.857737 -0
    outer loop
      vertex -18.2055 -5.99706 0
      vertex -18.7779 -5.65399 3
      vertex -18.2055 -5.99706 3
    endloop
  endfacet
  facet normal 0.514088 0.857737 0
    outer loop
      vertex -18.7779 -5.65399 3
      vertex -18.2055 -5.99706 0
      vertex -18.7779 -5.65399 0
    endloop
  endfacet
  facet normal 0.85771 -0.514134 0
    outer loop
      vertex -20.9971 3.2055 3
      vertex -20.654 3.77788 0
      vertex -20.654 3.77788 3
    endloop
  endfacet
  facet normal 0.85771 -0.514134 0
    outer loop
      vertex -20.654 3.77788 0
      vertex -20.9971 3.2055 3
      vertex -20.9971 3.2055 0
    endloop
  endfacet
  facet normal 0.427531 -0.904001 0
    outer loop
      vertex -18.2055 5.99706 0
      vertex -17.6022 6.28238 3
      vertex -18.2055 5.99706 3
    endloop
  endfacet
  facet normal 0.427531 -0.904001 0
    outer loop
      vertex -17.6022 6.28238 3
      vertex -18.2055 5.99706 0
      vertex -17.6022 6.28238 0
    endloop
  endfacet
  facet normal 0.989158 -0.146854 0
    outer loop
      vertex -21.7673 0.666516 3
      vertex -21.6693 1.32661 0
      vertex -21.6693 1.32661 3
    endloop
  endfacet
  facet normal 0.989158 -0.146854 0
    outer loop
      vertex -21.6693 1.32661 0
      vertex -21.7673 0.666516 3
      vertex -21.7673 0.666516 0
    endloop
  endfacet
  facet normal 0.989158 0.146854 0
    outer loop
      vertex -21.6693 -1.32661 3
      vertex -21.7673 -0.666516 0
      vertex -21.7673 -0.666516 3
    endloop
  endfacet
  facet normal 0.989158 0.146854 0
    outer loop
      vertex -21.7673 -0.666516 0
      vertex -21.6693 -1.32661 3
      vertex -21.6693 -1.32661 0
    endloop
  endfacet
  facet normal 0.671593 0.74092 -0
    outer loop
      vertex -19.3139 -5.25647 0
      vertex -19.8083 -4.80833 3
      vertex -19.3139 -5.25647 3
    endloop
  endfacet
  facet normal 0.671593 0.74092 0
    outer loop
      vertex -19.8083 -4.80833 3
      vertex -19.3139 -5.25647 0
      vertex -19.8083 -4.80833 0
    endloop
  endfacet
  facet normal -0.514088 0.857737 0
    outer loop
      vertex -11.2221 -5.65399 0
      vertex -11.7945 -5.99706 3
      vertex -11.2221 -5.65399 3
    endloop
  endfacet
  facet normal -0.514088 0.857737 0
    outer loop
      vertex -11.7945 -5.99706 3
      vertex -11.2221 -5.65399 0
      vertex -11.7945 -5.99706 0
    endloop
  endfacet
  facet normal -0.242994 0.970028 0
    outer loop
      vertex -13.0261 -6.50719 0
      vertex -13.6734 -6.66934 3
      vertex -13.0261 -6.50719 3
    endloop
  endfacet
  facet normal -0.242994 0.970028 0
    outer loop
      vertex -13.6734 -6.66934 3
      vertex -13.0261 -6.50719 0
      vertex -13.6734 -6.66934 0
    endloop
  endfacet
  facet normal 0.94155 0.336873 0
    outer loop
      vertex -21.2824 -2.60225 3
      vertex -21.5072 -1.97394 0
      vertex -21.5072 -1.97394 3
    endloop
  endfacet
  facet normal 0.94155 0.336873 0
    outer loop
      vertex -21.5072 -1.97394 0
      vertex -21.2824 -2.60225 3
      vertex -21.2824 -2.60225 0
    endloop
  endfacet
  facet normal -0.903993 -0.427548 0
    outer loop
      vertex -8.71762 2.60225 0
      vertex -9.00293 3.2055 3
      vertex -9.00293 3.2055 0
    endloop
  endfacet
  facet normal -0.903993 -0.427548 0
    outer loop
      vertex -9.00293 3.2055 3
      vertex -8.71762 2.60225 0
      vertex -8.71762 2.60225 3
    endloop
  endfacet
  facet normal -0.803206 0.595702 0
    outer loop
      vertex -9.74353 -4.31387 0
      vertex -9.34601 -3.77788 3
      vertex -9.34601 -3.77788 0
    endloop
  endfacet
  facet normal -0.803206 0.595702 0
    outer loop
      vertex -9.34601 -3.77788 3
      vertex -9.74353 -4.31387 0
      vertex -9.74353 -4.31387 3
    endloop
  endfacet
  facet normal -0.514088 -0.857737 0
    outer loop
      vertex -11.7945 5.99706 0
      vertex -11.2221 5.65399 3
      vertex -11.7945 5.99706 3
    endloop
  endfacet
  facet normal -0.514088 -0.857737 -0
    outer loop
      vertex -11.2221 5.65399 3
      vertex -11.7945 5.99706 0
      vertex -11.2221 5.65399 0
    endloop
  endfacet
  facet normal -0.671593 -0.74092 0
    outer loop
      vertex -10.6861 5.25647 0
      vertex -10.1917 4.80833 3
      vertex -10.6861 5.25647 3
    endloop
  endfacet
  facet normal -0.671593 -0.74092 -0
    outer loop
      vertex -10.1917 4.80833 3
      vertex -10.6861 5.25647 0
      vertex -10.1917 4.80833 0
    endloop
  endfacet
  facet normal 0.671593 -0.74092 0
    outer loop
      vertex -19.8083 4.80833 0
      vertex -19.3139 5.25647 3
      vertex -19.8083 4.80833 3
    endloop
  endfacet
  facet normal 0.671593 -0.74092 0
    outer loop
      vertex -19.3139 5.25647 3
      vertex -19.8083 4.80833 0
      vertex -19.3139 5.25647 0
    endloop
  endfacet
  facet normal 0.242994 0.970028 -0
    outer loop
      vertex -16.3266 -6.66934 0
      vertex -16.9739 -6.50719 3
      vertex -16.3266 -6.66934 3
    endloop
  endfacet
  facet normal 0.242994 0.970028 0
    outer loop
      vertex -16.9739 -6.50719 3
      vertex -16.3266 -6.66934 0
      vertex -16.9739 -6.50719 0
    endloop
  endfacet
  facet normal 0.94155 -0.336873 0
    outer loop
      vertex -21.5072 1.97394 3
      vertex -21.2824 2.60225 0
      vertex -21.2824 2.60225 3
    endloop
  endfacet
  facet normal 0.94155 -0.336873 0
    outer loop
      vertex -21.2824 2.60225 0
      vertex -21.5072 1.97394 3
      vertex -21.5072 1.97394 0
    endloop
  endfacet
  facet normal 0.970048 -0.242913 0
    outer loop
      vertex -21.6693 1.32661 3
      vertex -21.5072 1.97394 0
      vertex -21.5072 1.97394 3
    endloop
  endfacet
  facet normal 0.970048 -0.242913 0
    outer loop
      vertex -21.5072 1.97394 0
      vertex -21.6693 1.32661 3
      vertex -21.6693 1.32661 0
    endloop
  endfacet
  facet normal -0.941545 0.336886 0
    outer loop
      vertex -8.71762 -2.60225 0
      vertex -8.49281 -1.97394 3
      vertex -8.49281 -1.97394 0
    endloop
  endfacet
  facet normal -0.941545 0.336886 0
    outer loop
      vertex -8.49281 -1.97394 3
      vertex -8.71762 -2.60225 0
      vertex -8.71762 -2.60225 3
    endloop
  endfacet
  facet normal -0.857723 -0.514112 0
    outer loop
      vertex -9.00293 3.2055 0
      vertex -9.34601 3.77788 3
      vertex -9.34601 3.77788 0
    endloop
  endfacet
  facet normal -0.857723 -0.514112 0
    outer loop
      vertex -9.34601 3.77788 3
      vertex -9.00293 3.2055 0
      vertex -9.00293 3.2055 3
    endloop
  endfacet
  facet normal 0.80322 0.595683 0
    outer loop
      vertex -20.2565 -4.31387 3
      vertex -20.654 -3.77788 0
      vertex -20.654 -3.77788 3
    endloop
  endfacet
  facet normal 0.80322 0.595683 0
    outer loop
      vertex -20.654 -3.77788 0
      vertex -20.2565 -4.31387 3
      vertex -20.2565 -4.31387 0
    endloop
  endfacet
  facet normal -0.740938 0.671573 0
    outer loop
      vertex -10.1917 -4.80833 0
      vertex -9.74353 -4.31387 3
      vertex -9.74353 -4.31387 0
    endloop
  endfacet
  facet normal -0.740938 0.671573 0
    outer loop
      vertex -9.74353 -4.31387 3
      vertex -10.1917 -4.80833 0
      vertex -10.1917 -4.80833 3
    endloop
  endfacet
  facet normal 0.146735 0.989176 -0
    outer loop
      vertex -15.6665 -6.76726 0
      vertex -16.3266 -6.66934 3
      vertex -15.6665 -6.76726 3
    endloop
  endfacet
  facet normal 0.146735 0.989176 0
    outer loop
      vertex -16.3266 -6.66934 3
      vertex -15.6665 -6.76726 0
      vertex -16.3266 -6.66934 0
    endloop
  endfacet
  facet normal 0.242994 -0.970028 0
    outer loop
      vertex -16.9739 6.50719 0
      vertex -16.3266 6.66934 3
      vertex -16.9739 6.50719 3
    endloop
  endfacet
  facet normal 0.242994 -0.970028 0
    outer loop
      vertex -16.3266 6.66934 3
      vertex -16.9739 6.50719 0
      vertex -16.3266 6.66934 0
    endloop
  endfacet
  facet normal -0.0490631 0.998796 0
    outer loop
      vertex -14.3335 -6.76726 0
      vertex -15 -6.8 3
      vertex -14.3335 -6.76726 3
    endloop
  endfacet
  facet normal -0.0490631 0.998796 0
    outer loop
      vertex -15 -6.8 3
      vertex -14.3335 -6.76726 0
      vertex -15 -6.8 0
    endloop
  endfacet
  facet normal 0.146735 -0.989176 0
    outer loop
      vertex -16.3266 6.66934 0
      vertex -15.6665 6.76726 3
      vertex -16.3266 6.66934 3
    endloop
  endfacet
  facet normal 0.146735 -0.989176 0
    outer loop
      vertex -15.6665 6.76726 3
      vertex -16.3266 6.66934 0
      vertex -15.6665 6.76726 0
    endloop
  endfacet
  facet normal 0.336891 -0.941544 0
    outer loop
      vertex -17.6022 6.28238 0
      vertex -16.9739 6.50719 3
      vertex -17.6022 6.28238 3
    endloop
  endfacet
  facet normal 0.336891 -0.941544 0
    outer loop
      vertex -16.9739 6.50719 3
      vertex -17.6022 6.28238 0
      vertex -16.9739 6.50719 0
    endloop
  endfacet
  facet normal 0.85771 0.514134 0
    outer loop
      vertex -20.654 -3.77788 3
      vertex -20.9971 -3.2055 0
      vertex -20.9971 -3.2055 3
    endloop
  endfacet
  facet normal 0.85771 0.514134 0
    outer loop
      vertex -20.9971 -3.2055 0
      vertex -20.654 -3.77788 3
      vertex -20.654 -3.77788 0
    endloop
  endfacet
  facet normal -0.242994 -0.970028 0
    outer loop
      vertex -13.6734 6.66934 0
      vertex -13.0261 6.50719 3
      vertex -13.6734 6.66934 3
    endloop
  endfacet
  facet normal -0.242994 -0.970028 -0
    outer loop
      vertex -13.0261 6.50719 3
      vertex -13.6734 6.66934 0
      vertex -13.0261 6.50719 0
    endloop
  endfacet
  facet normal 0.903999 0.427535 0
    outer loop
      vertex -20.9971 -3.2055 3
      vertex -21.2824 -2.60225 0
      vertex -21.2824 -2.60225 3
    endloop
  endfacet
  facet normal 0.903999 0.427535 0
    outer loop
      vertex -21.2824 -2.60225 0
      vertex -20.9971 -3.2055 3
      vertex -20.9971 -3.2055 0
    endloop
  endfacet
  facet normal 0.514088 -0.857737 0
    outer loop
      vertex -18.7779 5.65399 0
      vertex -18.2055 5.99706 3
      vertex -18.7779 5.65399 3
    endloop
  endfacet
  facet normal 0.514088 -0.857737 0
    outer loop
      vertex -18.2055 5.99706 3
      vertex -18.7779 5.65399 0
      vertex -18.2055 5.99706 0
    endloop
  endfacet
  facet normal 0.80322 -0.595683 0
    outer loop
      vertex -20.654 3.77788 3
      vertex -20.2565 4.31387 0
      vertex -20.2565 4.31387 3
    endloop
  endfacet
  facet normal 0.80322 -0.595683 0
    outer loop
      vertex -20.2565 4.31387 0
      vertex -20.654 3.77788 3
      vertex -20.654 3.77788 0
    endloop
  endfacet
  facet normal 0.903999 -0.427535 0
    outer loop
      vertex -21.2824 2.60225 3
      vertex -20.9971 3.2055 0
      vertex -20.9971 3.2055 3
    endloop
  endfacet
  facet normal 0.903999 -0.427535 0
    outer loop
      vertex -20.9971 3.2055 0
      vertex -21.2824 2.60225 3
      vertex -21.2824 2.60225 0
    endloop
  endfacet
  facet normal -0.427531 0.904001 0
    outer loop
      vertex -11.7945 -5.99706 0
      vertex -12.3978 -6.28238 3
      vertex -11.7945 -5.99706 3
    endloop
  endfacet
  facet normal -0.427531 0.904001 0
    outer loop
      vertex -12.3978 -6.28238 3
      vertex -11.7945 -5.99706 0
      vertex -12.3978 -6.28238 0
    endloop
  endfacet
  facet normal -0.336891 0.941544 0
    outer loop
      vertex -12.3978 -6.28238 0
      vertex -13.0261 -6.50719 3
      vertex -12.3978 -6.28238 3
    endloop
  endfacet
  facet normal -0.336891 0.941544 0
    outer loop
      vertex -13.0261 -6.50719 3
      vertex -12.3978 -6.28238 0
      vertex -13.0261 -6.50719 0
    endloop
  endfacet
  facet normal 0.998799 0.0490021 0
    outer loop
      vertex -21.7673 -0.666516 3
      vertex -21.8 0 0
      vertex -21.8 0 3
    endloop
  endfacet
  facet normal 0.998799 0.0490021 0
    outer loop
      vertex -21.8 0 0
      vertex -21.7673 -0.666516 3
      vertex -21.7673 -0.666516 0
    endloop
  endfacet
  facet normal -0.903993 0.427548 0
    outer loop
      vertex -9.00293 -3.2055 0
      vertex -8.71762 -2.60225 3
      vertex -8.71762 -2.60225 0
    endloop
  endfacet
  facet normal -0.903993 0.427548 0
    outer loop
      vertex -8.71762 -2.60225 3
      vertex -9.00293 -3.2055 0
      vertex -9.00293 -3.2055 3
    endloop
  endfacet
  facet normal -0.671593 0.74092 0
    outer loop
      vertex -10.1917 -4.80833 0
      vertex -10.6861 -5.25647 3
      vertex -10.1917 -4.80833 3
    endloop
  endfacet
  facet normal -0.671593 0.74092 0
    outer loop
      vertex -10.6861 -5.25647 3
      vertex -10.1917 -4.80833 0
      vertex -10.6861 -5.25647 0
    endloop
  endfacet
  facet normal 0.998799 -0.0490021 0
    outer loop
      vertex -21.8 0 3
      vertex -21.7673 0.666516 0
      vertex -21.7673 0.666516 3
    endloop
  endfacet
  facet normal 0.998799 -0.0490021 0
    outer loop
      vertex -21.7673 0.666516 0
      vertex -21.8 0 3
      vertex -21.8 0 0
    endloop
  endfacet
  facet normal -0.146735 -0.989176 0
    outer loop
      vertex -14.3335 6.76726 0
      vertex -13.6734 6.66934 3
      vertex -14.3335 6.76726 3
    endloop
  endfacet
  facet normal -0.146735 -0.989176 -0
    outer loop
      vertex -13.6734 6.66934 3
      vertex -14.3335 6.76726 0
      vertex -13.6734 6.66934 0
    endloop
  endfacet
  facet normal -0.989176 -0.146735 0
    outer loop
      vertex -8.23274 75.6665 0
      vertex -8.33066 76.3266 3
      vertex -8.33066 76.3266 0
    endloop
  endfacet
  facet normal -0.989176 -0.146735 0
    outer loop
      vertex -8.33066 76.3266 3
      vertex -8.23274 75.6665 0
      vertex -8.23274 75.6665 3
    endloop
  endfacet
  facet normal -0.998796 -0.0490631 0
    outer loop
      vertex -8.2 75 0
      vertex -8.23274 75.6665 3
      vertex -8.23274 75.6665 0
    endloop
  endfacet
  facet normal -0.998796 -0.0490631 0
    outer loop
      vertex -8.23274 75.6665 3
      vertex -8.2 75 0
      vertex -8.2 75 3
    endloop
  endfacet
  facet normal -0.970028 -0.242994 0
    outer loop
      vertex -8.33066 76.3266 0
      vertex -8.49281 76.9739 3
      vertex -8.49281 76.9739 0
    endloop
  endfacet
  facet normal -0.970028 -0.242994 0
    outer loop
      vertex -8.49281 76.9739 3
      vertex -8.33066 76.3266 0
      vertex -8.33066 76.3266 3
    endloop
  endfacet
  facet normal 0.242923 -0.970045 0
    outer loop
      vertex -16.9739 81.5072 0
      vertex -16.3266 81.6693 3
      vertex -16.9739 81.5072 3
    endloop
  endfacet
  facet normal 0.242923 -0.970045 0
    outer loop
      vertex -16.3266 81.6693 3
      vertex -16.9739 81.5072 0
      vertex -16.3266 81.6693 0
    endloop
  endfacet
  facet normal 0.904012 0.427507 0
    outer loop
      vertex -20.9971 71.7945 3
      vertex -21.2824 72.3978 0
      vertex -21.2824 72.3978 3
    endloop
  endfacet
  facet normal 0.904012 0.427507 0
    outer loop
      vertex -21.2824 72.3978 0
      vertex -20.9971 71.7945 3
      vertex -20.9971 71.7945 0
    endloop
  endfacet
  facet normal 0.242923 0.970045 -0
    outer loop
      vertex -16.3266 68.3307 0
      vertex -16.9739 68.4928 3
      vertex -16.3266 68.3307 3
    endloop
  endfacet
  facet normal 0.242923 0.970045 0
    outer loop
      vertex -16.9739 68.4928 3
      vertex -16.3266 68.3307 0
      vertex -16.9739 68.4928 0
    endloop
  endfacet
  facet normal -0.514121 0.857718 0
    outer loop
      vertex -11.2221 69.346 0
      vertex -11.7945 69.0029 3
      vertex -11.2221 69.346 3
    endloop
  endfacet
  facet normal -0.514121 0.857718 0
    outer loop
      vertex -11.7945 69.0029 3
      vertex -11.2221 69.346 0
      vertex -11.7945 69.0029 0
    endloop
  endfacet
  facet normal 0.336877 0.941549 -0
    outer loop
      vertex -16.9739 68.4928 0
      vertex -17.6022 68.7176 3
      vertex -16.9739 68.4928 3
    endloop
  endfacet
  facet normal 0.336877 0.941549 0
    outer loop
      vertex -17.6022 68.7176 3
      vertex -16.9739 68.4928 0
      vertex -17.6022 68.7176 0
    endloop
  endfacet
  facet normal -0.336877 0.941549 0
    outer loop
      vertex -12.3978 68.7176 0
      vertex -13.0261 68.4928 3
      vertex -12.3978 68.7176 3
    endloop
  endfacet
  facet normal -0.336877 0.941549 0
    outer loop
      vertex -13.0261 68.4928 3
      vertex -12.3978 68.7176 0
      vertex -13.0261 68.4928 0
    endloop
  endfacet
  facet normal 0.671643 -0.740875 0
    outer loop
      vertex -19.8083 79.8083 0
      vertex -19.3139 80.2565 3
      vertex -19.8083 79.8083 3
    endloop
  endfacet
  facet normal 0.671643 -0.740875 0
    outer loop
      vertex -19.3139 80.2565 3
      vertex -19.8083 79.8083 0
      vertex -19.3139 80.2565 0
    endloop
  endfacet
  facet normal -0.242923 0.970045 0
    outer loop
      vertex -13.0261 68.4928 0
      vertex -13.6734 68.3307 3
      vertex -13.0261 68.4928 3
    endloop
  endfacet
  facet normal -0.242923 0.970045 0
    outer loop
      vertex -13.6734 68.3307 3
      vertex -13.0261 68.4928 0
      vertex -13.6734 68.3307 0
    endloop
  endfacet
  facet normal 0.857718 -0.514121 0
    outer loop
      vertex -20.9971 78.2055 3
      vertex -20.654 78.7779 0
      vertex -20.654 78.7779 3
    endloop
  endfacet
  facet normal 0.857718 -0.514121 0
    outer loop
      vertex -20.654 78.7779 0
      vertex -20.9971 78.2055 3
      vertex -20.9971 78.2055 0
    endloop
  endfacet
  facet normal 0.989158 -0.146853 0
    outer loop
      vertex -21.7673 75.6665 3
      vertex -21.6693 76.3266 0
      vertex -21.6693 76.3266 3
    endloop
  endfacet
  facet normal 0.989158 -0.146853 0
    outer loop
      vertex -21.6693 76.3266 0
      vertex -21.7673 75.6665 3
      vertex -21.7673 75.6665 0
    endloop
  endfacet
  facet normal -0.904006 -0.427519 0
    outer loop
      vertex -8.71762 77.6022 0
      vertex -9.00293 78.2055 3
      vertex -9.00293 78.2055 0
    endloop
  endfacet
  facet normal -0.904006 -0.427519 0
    outer loop
      vertex -9.00293 78.2055 3
      vertex -8.71762 77.6022 0
      vertex -8.71762 77.6022 3
    endloop
  endfacet
  facet normal -0.803211 0.595695 0
    outer loop
      vertex -9.74353 70.6861 0
      vertex -9.34601 71.2221 3
      vertex -9.34601 71.2221 0
    endloop
  endfacet
  facet normal -0.803211 0.595695 0
    outer loop
      vertex -9.34601 71.2221 3
      vertex -9.74353 70.6861 0
      vertex -9.74353 70.6861 3
    endloop
  endfacet
  facet normal 0.595675 -0.803225 0
    outer loop
      vertex -19.3139 80.2565 0
      vertex -18.7779 80.654 3
      vertex -19.3139 80.2565 3
    endloop
  endfacet
  facet normal 0.595675 -0.803225 0
    outer loop
      vertex -18.7779 80.654 3
      vertex -19.3139 80.2565 0
      vertex -18.7779 80.654 0
    endloop
  endfacet
  facet normal -0.595675 -0.803225 0
    outer loop
      vertex -11.2221 80.654 0
      vertex -10.6861 80.2565 3
      vertex -11.2221 80.654 3
    endloop
  endfacet
  facet normal -0.595675 -0.803225 -0
    outer loop
      vertex -10.6861 80.2565 3
      vertex -11.2221 80.654 0
      vertex -10.6861 80.2565 0
    endloop
  endfacet
  facet normal -0.146853 -0.989158 0
    outer loop
      vertex -14.3335 81.7673 0
      vertex -13.6734 81.6693 3
      vertex -14.3335 81.7673 3
    endloop
  endfacet
  facet normal -0.146853 -0.989158 -0
    outer loop
      vertex -13.6734 81.6693 3
      vertex -14.3335 81.7673 0
      vertex -13.6734 81.6693 0
    endloop
  endfacet
  facet normal -0.803211 -0.595695 0
    outer loop
      vertex -9.34601 78.7779 0
      vertex -9.74353 79.3139 3
      vertex -9.74353 79.3139 0
    endloop
  endfacet
  facet normal -0.803211 -0.595695 0
    outer loop
      vertex -9.74353 79.3139 3
      vertex -9.34601 78.7779 0
      vertex -9.34601 78.7779 3
    endloop
  endfacet
  facet normal 0.514121 -0.857718 0
    outer loop
      vertex -18.7779 80.654 0
      vertex -18.2055 80.9971 3
      vertex -18.7779 80.654 3
    endloop
  endfacet
  facet normal 0.514121 -0.857718 0
    outer loop
      vertex -18.2055 80.9971 3
      vertex -18.7779 80.654 0
      vertex -18.2055 80.9971 0
    endloop
  endfacet
  facet normal -0.514121 -0.857718 0
    outer loop
      vertex -11.7945 80.9971 0
      vertex -11.2221 80.654 3
      vertex -11.7945 80.9971 3
    endloop
  endfacet
  facet normal -0.514121 -0.857718 -0
    outer loop
      vertex -11.2221 80.654 3
      vertex -11.7945 80.9971 0
      vertex -11.2221 80.654 0
    endloop
  endfacet
  facet normal -0.671643 -0.740875 0
    outer loop
      vertex -10.6861 80.2565 0
      vertex -10.1917 79.8083 3
      vertex -10.6861 80.2565 3
    endloop
  endfacet
  facet normal -0.671643 -0.740875 -0
    outer loop
      vertex -10.1917 79.8083 3
      vertex -10.6861 80.2565 0
      vertex -10.1917 79.8083 0
    endloop
  endfacet
  facet normal 0.941549 0.336877 0
    outer loop
      vertex -21.2824 72.3978 3
      vertex -21.5072 73.0261 0
      vertex -21.5072 73.0261 3
    endloop
  endfacet
  facet normal 0.941549 0.336877 0
    outer loop
      vertex -21.5072 73.0261 0
      vertex -21.2824 72.3978 3
      vertex -21.2824 72.3978 0
    endloop
  endfacet
  facet normal -0.998796 0.0490631 0
    outer loop
      vertex -8.23274 74.3335 0
      vertex -8.2 75 3
      vertex -8.2 75 0
    endloop
  endfacet
  facet normal -0.998796 0.0490631 0
    outer loop
      vertex -8.2 75 3
      vertex -8.23274 74.3335 0
      vertex -8.23274 74.3335 3
    endloop
  endfacet
  facet normal 0.427507 -0.904012 0
    outer loop
      vertex -18.2055 80.9971 0
      vertex -17.6022 81.2824 3
      vertex -18.2055 80.9971 3
    endloop
  endfacet
  facet normal 0.427507 -0.904012 0
    outer loop
      vertex -17.6022 81.2824 3
      vertex -18.2055 80.9971 0
      vertex -17.6022 81.2824 0
    endloop
  endfacet
  facet normal -0.904006 0.427519 0
    outer loop
      vertex -9.00293 71.7945 0
      vertex -8.71762 72.3978 3
      vertex -8.71762 72.3978 0
    endloop
  endfacet
  facet normal -0.904006 0.427519 0
    outer loop
      vertex -8.71762 72.3978 3
      vertex -9.00293 71.7945 0
      vertex -9.00293 71.7945 3
    endloop
  endfacet
  facet normal 0.595675 0.803225 -0
    outer loop
      vertex -18.7779 69.346 0
      vertex -19.3139 69.7435 3
      vertex -18.7779 69.346 3
    endloop
  endfacet
  facet normal 0.595675 0.803225 0
    outer loop
      vertex -19.3139 69.7435 3
      vertex -18.7779 69.346 0
      vertex -19.3139 69.7435 0
    endloop
  endfacet
  facet normal 0.803225 -0.595675 0
    outer loop
      vertex -20.654 78.7779 3
      vertex -20.2565 79.3139 0
      vertex -20.2565 79.3139 3
    endloop
  endfacet
  facet normal 0.803225 -0.595675 0
    outer loop
      vertex -20.2565 79.3139 0
      vertex -20.654 78.7779 3
      vertex -20.654 78.7779 0
    endloop
  endfacet
  facet normal 0.941549 -0.336877 0
    outer loop
      vertex -21.5072 76.9739 3
      vertex -21.2824 77.6022 0
      vertex -21.2824 77.6022 3
    endloop
  endfacet
  facet normal 0.941549 -0.336877 0
    outer loop
      vertex -21.2824 77.6022 0
      vertex -21.5072 76.9739 3
      vertex -21.5072 76.9739 0
    endloop
  endfacet
  facet normal -0.857731 -0.514099 0
    outer loop
      vertex -9.00293 78.2055 0
      vertex -9.34601 78.7779 3
      vertex -9.34601 78.7779 0
    endloop
  endfacet
  facet normal -0.857731 -0.514099 0
    outer loop
      vertex -9.34601 78.7779 3
      vertex -9.00293 78.2055 0
      vertex -9.00293 78.2055 3
    endloop
  endfacet
  facet normal -0.941544 -0.336891 0
    outer loop
      vertex -8.49281 76.9739 0
      vertex -8.71762 77.6022 3
      vertex -8.71762 77.6022 0
    endloop
  endfacet
  facet normal -0.941544 -0.336891 0
    outer loop
      vertex -8.71762 77.6022 3
      vertex -8.49281 76.9739 0
      vertex -8.49281 76.9739 3
    endloop
  endfacet
  facet normal -0.970028 0.242994 0
    outer loop
      vertex -8.49281 73.0261 0
      vertex -8.33066 73.6734 3
      vertex -8.33066 73.6734 0
    endloop
  endfacet
  facet normal -0.970028 0.242994 0
    outer loop
      vertex -8.33066 73.6734 3
      vertex -8.49281 73.0261 0
      vertex -8.49281 73.0261 3
    endloop
  endfacet
  facet normal -0.989176 0.146735 0
    outer loop
      vertex -8.33066 73.6734 0
      vertex -8.23274 74.3335 3
      vertex -8.23274 74.3335 0
    endloop
  endfacet
  facet normal -0.989176 0.146735 0
    outer loop
      vertex -8.23274 74.3335 3
      vertex -8.33066 73.6734 0
      vertex -8.33066 73.6734 3
    endloop
  endfacet
  facet normal 0.514121 0.857718 -0
    outer loop
      vertex -18.2055 69.0029 0
      vertex -18.7779 69.346 3
      vertex -18.2055 69.0029 3
    endloop
  endfacet
  facet normal 0.514121 0.857718 0
    outer loop
      vertex -18.7779 69.346 3
      vertex -18.2055 69.0029 0
      vertex -18.7779 69.346 0
    endloop
  endfacet
  facet normal -0.336877 -0.941549 0
    outer loop
      vertex -13.0261 81.5072 0
      vertex -12.3978 81.2824 3
      vertex -13.0261 81.5072 3
    endloop
  endfacet
  facet normal -0.336877 -0.941549 -0
    outer loop
      vertex -12.3978 81.2824 3
      vertex -13.0261 81.5072 0
      vertex -12.3978 81.2824 0
    endloop
  endfacet
  facet normal 0.336877 -0.941549 0
    outer loop
      vertex -17.6022 81.2824 0
      vertex -16.9739 81.5072 3
      vertex -17.6022 81.2824 3
    endloop
  endfacet
  facet normal 0.336877 -0.941549 0
    outer loop
      vertex -16.9739 81.5072 3
      vertex -17.6022 81.2824 0
      vertex -16.9739 81.5072 0
    endloop
  endfacet
  facet normal -0.146853 0.989158 0
    outer loop
      vertex -13.6734 68.3307 0
      vertex -14.3335 68.2327 3
      vertex -13.6734 68.3307 3
    endloop
  endfacet
  facet normal -0.146853 0.989158 0
    outer loop
      vertex -14.3335 68.2327 3
      vertex -13.6734 68.3307 0
      vertex -14.3335 68.2327 0
    endloop
  endfacet
  facet normal -0.857731 0.514099 0
    outer loop
      vertex -9.34601 71.2221 0
      vertex -9.00293 71.7945 3
      vertex -9.00293 71.7945 0
    endloop
  endfacet
  facet normal -0.857731 0.514099 0
    outer loop
      vertex -9.00293 71.7945 3
      vertex -9.34601 71.2221 0
      vertex -9.34601 71.2221 3
    endloop
  endfacet
  facet normal 0.0490033 -0.998799 0
    outer loop
      vertex -15.6665 81.7673 0
      vertex -15 81.8 3
      vertex -15.6665 81.7673 3
    endloop
  endfacet
  facet normal 0.0490033 -0.998799 0
    outer loop
      vertex -15 81.8 3
      vertex -15.6665 81.7673 0
      vertex -15 81.8 0
    endloop
  endfacet
  facet normal 0.998799 0.0490033 0
    outer loop
      vertex -21.7673 74.3335 3
      vertex -21.8 75 0
      vertex -21.8 75 3
    endloop
  endfacet
  facet normal 0.998799 0.0490033 0
    outer loop
      vertex -21.8 75 0
      vertex -21.7673 74.3335 3
      vertex -21.7673 74.3335 0
    endloop
  endfacet
  facet normal -0.941544 0.336891 0
    outer loop
      vertex -8.71762 72.3978 0
      vertex -8.49281 73.0261 3
      vertex -8.49281 73.0261 0
    endloop
  endfacet
  facet normal -0.941544 0.336891 0
    outer loop
      vertex -8.49281 73.0261 3
      vertex -8.71762 72.3978 0
      vertex -8.71762 72.3978 3
    endloop
  endfacet
  facet normal -0.427507 -0.904012 0
    outer loop
      vertex -12.3978 81.2824 0
      vertex -11.7945 80.9971 3
      vertex -12.3978 81.2824 3
    endloop
  endfacet
  facet normal -0.427507 -0.904012 -0
    outer loop
      vertex -11.7945 80.9971 3
      vertex -12.3978 81.2824 0
      vertex -11.7945 80.9971 0
    endloop
  endfacet
  facet normal -0.740897 -0.671618 0
    outer loop
      vertex -9.74353 79.3139 0
      vertex -10.1917 79.8083 3
      vertex -10.1917 79.8083 0
    endloop
  endfacet
  facet normal -0.740897 -0.671618 0
    outer loop
      vertex -10.1917 79.8083 3
      vertex -9.74353 79.3139 0
      vertex -9.74353 79.3139 3
    endloop
  endfacet
  facet normal -0.0490033 -0.998799 0
    outer loop
      vertex -15 81.8 0
      vertex -14.3335 81.7673 3
      vertex -15 81.8 3
    endloop
  endfacet
  facet normal -0.0490033 -0.998799 -0
    outer loop
      vertex -14.3335 81.7673 3
      vertex -15 81.8 0
      vertex -14.3335 81.7673 0
    endloop
  endfacet
  facet normal 0.857718 0.514121 0
    outer loop
      vertex -20.654 71.2221 3
      vertex -20.9971 71.7945 0
      vertex -20.9971 71.7945 3
    endloop
  endfacet
  facet normal 0.857718 0.514121 0
    outer loop
      vertex -20.9971 71.7945 0
      vertex -20.654 71.2221 3
      vertex -20.654 71.2221 0
    endloop
  endfacet
  facet normal 0.146853 0.989158 -0
    outer loop
      vertex -15.6665 68.2327 0
      vertex -16.3266 68.3307 3
      vertex -15.6665 68.2327 3
    endloop
  endfacet
  facet normal 0.146853 0.989158 0
    outer loop
      vertex -16.3266 68.3307 3
      vertex -15.6665 68.2327 0
      vertex -16.3266 68.3307 0
    endloop
  endfacet
  facet normal -0.671643 0.740875 0
    outer loop
      vertex -10.1917 70.1917 0
      vertex -10.6861 69.7435 3
      vertex -10.1917 70.1917 3
    endloop
  endfacet
  facet normal -0.671643 0.740875 0
    outer loop
      vertex -10.6861 69.7435 3
      vertex -10.1917 70.1917 0
      vertex -10.6861 69.7435 0
    endloop
  endfacet
  facet normal 0.0490033 0.998799 -0
    outer loop
      vertex -15 68.2 0
      vertex -15.6665 68.2327 3
      vertex -15 68.2 3
    endloop
  endfacet
  facet normal 0.0490033 0.998799 0
    outer loop
      vertex -15.6665 68.2327 3
      vertex -15 68.2 0
      vertex -15.6665 68.2327 0
    endloop
  endfacet
  facet normal 0.740875 -0.671643 0
    outer loop
      vertex -20.2565 79.3139 3
      vertex -19.8083 79.8083 0
      vertex -19.8083 79.8083 3
    endloop
  endfacet
  facet normal 0.740875 -0.671643 0
    outer loop
      vertex -19.8083 79.8083 0
      vertex -20.2565 79.3139 3
      vertex -20.2565 79.3139 0
    endloop
  endfacet
  facet normal 0.146853 -0.989158 0
    outer loop
      vertex -16.3266 81.6693 0
      vertex -15.6665 81.7673 3
      vertex -16.3266 81.6693 3
    endloop
  endfacet
  facet normal 0.146853 -0.989158 0
    outer loop
      vertex -15.6665 81.7673 3
      vertex -16.3266 81.6693 0
      vertex -15.6665 81.7673 0
    endloop
  endfacet
  facet normal 0.904012 -0.427507 0
    outer loop
      vertex -21.2824 77.6022 3
      vertex -20.9971 78.2055 0
      vertex -20.9971 78.2055 3
    endloop
  endfacet
  facet normal 0.904012 -0.427507 0
    outer loop
      vertex -20.9971 78.2055 0
      vertex -21.2824 77.6022 3
      vertex -21.2824 77.6022 0
    endloop
  endfacet
  facet normal 0.671643 0.740875 -0
    outer loop
      vertex -19.3139 69.7435 0
      vertex -19.8083 70.1917 3
      vertex -19.3139 69.7435 3
    endloop
  endfacet
  facet normal 0.671643 0.740875 0
    outer loop
      vertex -19.8083 70.1917 3
      vertex -19.3139 69.7435 0
      vertex -19.8083 70.1917 0
    endloop
  endfacet
  facet normal 0.970045 -0.242923 0
    outer loop
      vertex -21.6693 76.3266 3
      vertex -21.5072 76.9739 0
      vertex -21.5072 76.9739 3
    endloop
  endfacet
  facet normal 0.970045 -0.242923 0
    outer loop
      vertex -21.5072 76.9739 0
      vertex -21.6693 76.3266 3
      vertex -21.6693 76.3266 0
    endloop
  endfacet
  facet normal -0.242923 -0.970045 0
    outer loop
      vertex -13.6734 81.6693 0
      vertex -13.0261 81.5072 3
      vertex -13.6734 81.6693 3
    endloop
  endfacet
  facet normal -0.242923 -0.970045 -0
    outer loop
      vertex -13.0261 81.5072 3
      vertex -13.6734 81.6693 0
      vertex -13.0261 81.5072 0
    endloop
  endfacet
  facet normal 0.970045 0.242923 0
    outer loop
      vertex -21.5072 73.0261 3
      vertex -21.6693 73.6734 0
      vertex -21.6693 73.6734 3
    endloop
  endfacet
  facet normal 0.970045 0.242923 0
    outer loop
      vertex -21.6693 73.6734 0
      vertex -21.5072 73.0261 3
      vertex -21.5072 73.0261 0
    endloop
  endfacet
  facet normal 0.427507 0.904012 -0
    outer loop
      vertex -17.6022 68.7176 0
      vertex -18.2055 69.0029 3
      vertex -17.6022 68.7176 3
    endloop
  endfacet
  facet normal 0.427507 0.904012 0
    outer loop
      vertex -18.2055 69.0029 3
      vertex -17.6022 68.7176 0
      vertex -18.2055 69.0029 0
    endloop
  endfacet
  facet normal 0.740875 0.671643 0
    outer loop
      vertex -19.8083 70.1917 3
      vertex -20.2565 70.6861 0
      vertex -20.2565 70.6861 3
    endloop
  endfacet
  facet normal 0.740875 0.671643 0
    outer loop
      vertex -20.2565 70.6861 0
      vertex -19.8083 70.1917 3
      vertex -19.8083 70.1917 0
    endloop
  endfacet
  facet normal -0.427507 0.904012 0
    outer loop
      vertex -11.7945 69.0029 0
      vertex -12.3978 68.7176 3
      vertex -11.7945 69.0029 3
    endloop
  endfacet
  facet normal -0.427507 0.904012 0
    outer loop
      vertex -12.3978 68.7176 3
      vertex -11.7945 69.0029 0
      vertex -12.3978 68.7176 0
    endloop
  endfacet
  facet normal -0.0490033 0.998799 0
    outer loop
      vertex -14.3335 68.2327 0
      vertex -15 68.2 3
      vertex -14.3335 68.2327 3
    endloop
  endfacet
  facet normal -0.0490033 0.998799 0
    outer loop
      vertex -15 68.2 3
      vertex -14.3335 68.2327 0
      vertex -15 68.2 0
    endloop
  endfacet
  facet normal 0.989158 0.146853 0
    outer loop
      vertex -21.6693 73.6734 3
      vertex -21.7673 74.3335 0
      vertex -21.7673 74.3335 3
    endloop
  endfacet
  facet normal 0.989158 0.146853 0
    outer loop
      vertex -21.7673 74.3335 0
      vertex -21.6693 73.6734 3
      vertex -21.6693 73.6734 0
    endloop
  endfacet
  facet normal -0.595675 0.803225 0
    outer loop
      vertex -10.6861 69.7435 0
      vertex -11.2221 69.346 3
      vertex -10.6861 69.7435 3
    endloop
  endfacet
  facet normal -0.595675 0.803225 0
    outer loop
      vertex -11.2221 69.346 3
      vertex -10.6861 69.7435 0
      vertex -11.2221 69.346 0
    endloop
  endfacet
  facet normal 0.803225 0.595675 0
    outer loop
      vertex -20.2565 70.6861 3
      vertex -20.654 71.2221 0
      vertex -20.654 71.2221 3
    endloop
  endfacet
  facet normal 0.803225 0.595675 0
    outer loop
      vertex -20.654 71.2221 0
      vertex -20.2565 70.6861 3
      vertex -20.2565 70.6861 0
    endloop
  endfacet
  facet normal 0.998799 -0.0490033 0
    outer loop
      vertex -21.8 75 3
      vertex -21.7673 75.6665 0
      vertex -21.7673 75.6665 3
    endloop
  endfacet
  facet normal 0.998799 -0.0490033 0
    outer loop
      vertex -21.7673 75.6665 0
      vertex -21.8 75 3
      vertex -21.8 75 0
    endloop
  endfacet
  facet normal -0.740897 0.671618 0
    outer loop
      vertex -10.1917 70.1917 0
      vertex -9.74353 70.6861 3
      vertex -9.74353 70.6861 0
    endloop
  endfacet
  facet normal -0.740897 0.671618 0
    outer loop
      vertex -9.74353 70.6861 3
      vertex -10.1917 70.1917 0
      vertex -10.1917 70.1917 3
    endloop
  endfacet
  facet normal -0.85771 0.514134 0
    outer loop
      vertex 20.654 -3.77788 0
      vertex 20.9971 -3.2055 3
      vertex 20.9971 -3.2055 0
    endloop
  endfacet
  facet normal -0.85771 0.514134 0
    outer loop
      vertex 20.9971 -3.2055 3
      vertex 20.654 -3.77788 0
      vertex 20.654 -3.77788 3
    endloop
  endfacet
  facet normal -0.336891 -0.941544 0
    outer loop
      vertex 16.9739 6.50719 0
      vertex 17.6022 6.28238 3
      vertex 16.9739 6.50719 3
    endloop
  endfacet
  facet normal -0.336891 -0.941544 -0
    outer loop
      vertex 17.6022 6.28238 3
      vertex 16.9739 6.50719 0
      vertex 17.6022 6.28238 0
    endloop
  endfacet
  facet normal -0.989158 -0.146854 0
    outer loop
      vertex 21.7673 0.666516 0
      vertex 21.6693 1.32661 3
      vertex 21.6693 1.32661 0
    endloop
  endfacet
  facet normal -0.989158 -0.146854 0
    outer loop
      vertex 21.6693 1.32661 3
      vertex 21.7673 0.666516 0
      vertex 21.7673 0.666516 3
    endloop
  endfacet
  facet normal -0.998799 -0.0490021 0
    outer loop
      vertex 21.8 0 0
      vertex 21.7673 0.666516 3
      vertex 21.7673 0.666516 0
    endloop
  endfacet
  facet normal -0.998799 -0.0490021 0
    outer loop
      vertex 21.7673 0.666516 3
      vertex 21.8 0 0
      vertex 21.8 0 3
    endloop
  endfacet
  facet normal -0.970048 -0.242913 0
    outer loop
      vertex 21.6693 1.32661 0
      vertex 21.5072 1.97394 3
      vertex 21.5072 1.97394 0
    endloop
  endfacet
  facet normal -0.970048 -0.242913 0
    outer loop
      vertex 21.5072 1.97394 3
      vertex 21.6693 1.32661 0
      vertex 21.6693 1.32661 3
    endloop
  endfacet
  facet normal -0.998799 0.0490021 0
    outer loop
      vertex 21.7673 -0.666516 0
      vertex 21.8 0 3
      vertex 21.8 0 0
    endloop
  endfacet
  facet normal -0.998799 0.0490021 0
    outer loop
      vertex 21.8 0 3
      vertex 21.7673 -0.666516 0
      vertex 21.7673 -0.666516 3
    endloop
  endfacet
  facet normal -0.146735 0.989176 0
    outer loop
      vertex 16.3266 -6.66934 0
      vertex 15.6665 -6.76726 3
      vertex 16.3266 -6.66934 3
    endloop
  endfacet
  facet normal -0.146735 0.989176 0
    outer loop
      vertex 15.6665 -6.76726 3
      vertex 16.3266 -6.66934 0
      vertex 15.6665 -6.76726 0
    endloop
  endfacet
  facet normal -0.0490631 0.998796 0
    outer loop
      vertex 15.6665 -6.76726 0
      vertex 15 -6.8 3
      vertex 15.6665 -6.76726 3
    endloop
  endfacet
  facet normal -0.0490631 0.998796 0
    outer loop
      vertex 15 -6.8 3
      vertex 15.6665 -6.76726 0
      vertex 15 -6.8 0
    endloop
  endfacet
  facet normal 0.595695 -0.803211 0
    outer loop
      vertex 10.6861 5.25647 0
      vertex 11.2221 5.65399 3
      vertex 10.6861 5.25647 3
    endloop
  endfacet
  facet normal 0.595695 -0.803211 0
    outer loop
      vertex 11.2221 5.65399 3
      vertex 10.6861 5.25647 0
      vertex 11.2221 5.65399 0
    endloop
  endfacet
  facet normal -0.595695 -0.803211 0
    outer loop
      vertex 18.7779 5.65399 0
      vertex 19.3139 5.25647 3
      vertex 18.7779 5.65399 3
    endloop
  endfacet
  facet normal -0.595695 -0.803211 -0
    outer loop
      vertex 19.3139 5.25647 3
      vertex 18.7779 5.65399 0
      vertex 19.3139 5.25647 0
    endloop
  endfacet
  facet normal -0.80322 -0.595683 0
    outer loop
      vertex 20.654 3.77788 0
      vertex 20.2565 4.31387 3
      vertex 20.2565 4.31387 0
    endloop
  endfacet
  facet normal -0.80322 -0.595683 0
    outer loop
      vertex 20.2565 4.31387 3
      vertex 20.654 3.77788 0
      vertex 20.654 3.77788 3
    endloop
  endfacet
  facet normal -0.94155 -0.336873 0
    outer loop
      vertex 21.5072 1.97394 0
      vertex 21.2824 2.60225 3
      vertex 21.2824 2.60225 0
    endloop
  endfacet
  facet normal -0.94155 -0.336873 0
    outer loop
      vertex 21.2824 2.60225 3
      vertex 21.5072 1.97394 0
      vertex 21.5072 1.97394 3
    endloop
  endfacet
  facet normal 0.0490631 0.998796 -0
    outer loop
      vertex 15 -6.8 0
      vertex 14.3335 -6.76726 3
      vertex 15 -6.8 3
    endloop
  endfacet
  facet normal 0.0490631 0.998796 0
    outer loop
      vertex 14.3335 -6.76726 3
      vertex 15 -6.8 0
      vertex 14.3335 -6.76726 0
    endloop
  endfacet
  facet normal -0.427531 -0.904001 0
    outer loop
      vertex 17.6022 6.28238 0
      vertex 18.2055 5.99706 3
      vertex 17.6022 6.28238 3
    endloop
  endfacet
  facet normal -0.427531 -0.904001 -0
    outer loop
      vertex 18.2055 5.99706 3
      vertex 17.6022 6.28238 0
      vertex 18.2055 5.99706 0
    endloop
  endfacet
  facet normal 0.336891 0.941544 -0
    outer loop
      vertex 13.0261 -6.50719 0
      vertex 12.3978 -6.28238 3
      vertex 13.0261 -6.50719 3
    endloop
  endfacet
  facet normal 0.336891 0.941544 0
    outer loop
      vertex 12.3978 -6.28238 3
      vertex 13.0261 -6.50719 0
      vertex 12.3978 -6.28238 0
    endloop
  endfacet
  facet normal -0.0490631 -0.998796 0
    outer loop
      vertex 15 6.8 0
      vertex 15.6665 6.76726 3
      vertex 15 6.8 3
    endloop
  endfacet
  facet normal -0.0490631 -0.998796 -0
    outer loop
      vertex 15.6665 6.76726 3
      vertex 15 6.8 0
      vertex 15.6665 6.76726 0
    endloop
  endfacet
  facet normal 0.0490631 -0.998796 0
    outer loop
      vertex 14.3335 6.76726 0
      vertex 15 6.8 3
      vertex 14.3335 6.76726 3
    endloop
  endfacet
  facet normal 0.0490631 -0.998796 0
    outer loop
      vertex 15 6.8 3
      vertex 14.3335 6.76726 0
      vertex 15 6.8 0
    endloop
  endfacet
  facet normal -0.336891 0.941544 0
    outer loop
      vertex 17.6022 -6.28238 0
      vertex 16.9739 -6.50719 3
      vertex 17.6022 -6.28238 3
    endloop
  endfacet
  facet normal -0.336891 0.941544 0
    outer loop
      vertex 16.9739 -6.50719 3
      vertex 17.6022 -6.28238 0
      vertex 16.9739 -6.50719 0
    endloop
  endfacet
  facet normal 0.97003 0.242983 0
    outer loop
      vertex 8.49281 -1.97394 3
      vertex 8.33066 -1.32661 0
      vertex 8.33066 -1.32661 3
    endloop
  endfacet
  facet normal 0.97003 0.242983 0
    outer loop
      vertex 8.33066 -1.32661 0
      vertex 8.49281 -1.97394 3
      vertex 8.49281 -1.97394 0
    endloop
  endfacet
  facet normal 0.595695 0.803211 -0
    outer loop
      vertex 11.2221 -5.65399 0
      vertex 10.6861 -5.25647 3
      vertex 11.2221 -5.65399 3
    endloop
  endfacet
  facet normal 0.595695 0.803211 0
    outer loop
      vertex 10.6861 -5.25647 3
      vertex 11.2221 -5.65399 0
      vertex 10.6861 -5.25647 0
    endloop
  endfacet
  facet normal -0.989158 0.146854 0
    outer loop
      vertex 21.6693 -1.32661 0
      vertex 21.7673 -0.666516 3
      vertex 21.7673 -0.666516 0
    endloop
  endfacet
  facet normal -0.989158 0.146854 0
    outer loop
      vertex 21.7673 -0.666516 3
      vertex 21.6693 -1.32661 0
      vertex 21.6693 -1.32661 3
    endloop
  endfacet
  facet normal 0.740938 -0.671573 0
    outer loop
      vertex 9.74353 4.31387 3
      vertex 10.1917 4.80833 0
      vertex 10.1917 4.80833 3
    endloop
  endfacet
  facet normal 0.740938 -0.671573 0
    outer loop
      vertex 10.1917 4.80833 0
      vertex 9.74353 4.31387 3
      vertex 9.74353 4.31387 0
    endloop
  endfacet
  facet normal -0.740916 -0.671598 0
    outer loop
      vertex 20.2565 4.31387 0
      vertex 19.8083 4.80833 3
      vertex 19.8083 4.80833 0
    endloop
  endfacet
  facet normal -0.740916 -0.671598 0
    outer loop
      vertex 19.8083 4.80833 3
      vertex 20.2565 4.31387 0
      vertex 20.2565 4.31387 3
    endloop
  endfacet
  facet normal -0.595695 0.803211 0
    outer loop
      vertex 19.3139 -5.25647 0
      vertex 18.7779 -5.65399 3
      vertex 19.3139 -5.25647 3
    endloop
  endfacet
  facet normal -0.595695 0.803211 0
    outer loop
      vertex 18.7779 -5.65399 3
      vertex 19.3139 -5.25647 0
      vertex 18.7779 -5.65399 0
    endloop
  endfacet
  facet normal 0.740938 0.671573 0
    outer loop
      vertex 10.1917 -4.80833 3
      vertex 9.74353 -4.31387 0
      vertex 9.74353 -4.31387 3
    endloop
  endfacet
  facet normal 0.740938 0.671573 0
    outer loop
      vertex 9.74353 -4.31387 0
      vertex 10.1917 -4.80833 3
      vertex 10.1917 -4.80833 0
    endloop
  endfacet
  facet normal -0.970048 0.242913 0
    outer loop
      vertex 21.5072 -1.97394 0
      vertex 21.6693 -1.32661 3
      vertex 21.6693 -1.32661 0
    endloop
  endfacet
  facet normal -0.970048 0.242913 0
    outer loop
      vertex 21.6693 -1.32661 3
      vertex 21.5072 -1.97394 0
      vertex 21.5072 -1.97394 3
    endloop
  endfacet
  facet normal 0.427531 0.904001 -0
    outer loop
      vertex 12.3978 -6.28238 0
      vertex 11.7945 -5.99706 3
      vertex 12.3978 -6.28238 3
    endloop
  endfacet
  facet normal 0.427531 0.904001 0
    outer loop
      vertex 11.7945 -5.99706 3
      vertex 12.3978 -6.28238 0
      vertex 11.7945 -5.99706 0
    endloop
  endfacet
  facet normal 0.514088 0.857737 -0
    outer loop
      vertex 11.7945 -5.99706 0
      vertex 11.2221 -5.65399 3
      vertex 11.7945 -5.99706 3
    endloop
  endfacet
  facet normal 0.514088 0.857737 0
    outer loop
      vertex 11.2221 -5.65399 3
      vertex 11.7945 -5.99706 0
      vertex 11.2221 -5.65399 0
    endloop
  endfacet
  facet normal 0.857723 -0.514112 0
    outer loop
      vertex 9.00293 3.2055 3
      vertex 9.34601 3.77788 0
      vertex 9.34601 3.77788 3
    endloop
  endfacet
  facet normal 0.857723 -0.514112 0
    outer loop
      vertex 9.34601 3.77788 0
      vertex 9.00293 3.2055 3
      vertex 9.00293 3.2055 0
    endloop
  endfacet
  facet normal 0.427531 -0.904001 0
    outer loop
      vertex 11.7945 5.99706 0
      vertex 12.3978 6.28238 3
      vertex 11.7945 5.99706 3
    endloop
  endfacet
  facet normal 0.427531 -0.904001 0
    outer loop
      vertex 12.3978 6.28238 3
      vertex 11.7945 5.99706 0
      vertex 12.3978 6.28238 0
    endloop
  endfacet
  facet normal 0.989176 -0.146737 0
    outer loop
      vertex 8.23274 0.666516 3
      vertex 8.33066 1.32661 0
      vertex 8.33066 1.32661 3
    endloop
  endfacet
  facet normal 0.989176 -0.146737 0
    outer loop
      vertex 8.33066 1.32661 0
      vertex 8.23274 0.666516 3
      vertex 8.23274 0.666516 0
    endloop
  endfacet
  facet normal 0.671593 0.74092 -0
    outer loop
      vertex 10.6861 -5.25647 0
      vertex 10.1917 -4.80833 3
      vertex 10.6861 -5.25647 3
    endloop
  endfacet
  facet normal 0.671593 0.74092 0
    outer loop
      vertex 10.1917 -4.80833 3
      vertex 10.6861 -5.25647 0
      vertex 10.1917 -4.80833 0
    endloop
  endfacet
  facet normal -0.514088 0.857737 0
    outer loop
      vertex 18.7779 -5.65399 0
      vertex 18.2055 -5.99706 3
      vertex 18.7779 -5.65399 3
    endloop
  endfacet
  facet normal -0.514088 0.857737 0
    outer loop
      vertex 18.2055 -5.99706 3
      vertex 18.7779 -5.65399 0
      vertex 18.2055 -5.99706 0
    endloop
  endfacet
  facet normal -0.242994 0.970028 0
    outer loop
      vertex 16.9739 -6.50719 0
      vertex 16.3266 -6.66934 3
      vertex 16.9739 -6.50719 3
    endloop
  endfacet
  facet normal -0.242994 0.970028 0
    outer loop
      vertex 16.3266 -6.66934 3
      vertex 16.9739 -6.50719 0
      vertex 16.3266 -6.66934 0
    endloop
  endfacet
  facet normal 0.941545 0.336886 0
    outer loop
      vertex 8.71762 -2.60225 3
      vertex 8.49281 -1.97394 0
      vertex 8.49281 -1.97394 3
    endloop
  endfacet
  facet normal 0.941545 0.336886 0
    outer loop
      vertex 8.49281 -1.97394 0
      vertex 8.71762 -2.60225 3
      vertex 8.71762 -2.60225 0
    endloop
  endfacet
  facet normal -0.903999 -0.427535 0
    outer loop
      vertex 21.2824 2.60225 0
      vertex 20.9971 3.2055 3
      vertex 20.9971 3.2055 0
    endloop
  endfacet
  facet normal -0.903999 -0.427535 0
    outer loop
      vertex 20.9971 3.2055 3
      vertex 21.2824 2.60225 0
      vertex 21.2824 2.60225 3
    endloop
  endfacet
  facet normal -0.80322 0.595683 0
    outer loop
      vertex 20.2565 -4.31387 0
      vertex 20.654 -3.77788 3
      vertex 20.654 -3.77788 0
    endloop
  endfacet
  facet normal -0.80322 0.595683 0
    outer loop
      vertex 20.654 -3.77788 3
      vertex 20.2565 -4.31387 0
      vertex 20.2565 -4.31387 3
    endloop
  endfacet
  facet normal -0.514088 -0.857737 0
    outer loop
      vertex 18.2055 5.99706 0
      vertex 18.7779 5.65399 3
      vertex 18.2055 5.99706 3
    endloop
  endfacet
  facet normal -0.514088 -0.857737 -0
    outer loop
      vertex 18.7779 5.65399 3
      vertex 18.2055 5.99706 0
      vertex 18.7779 5.65399 0
    endloop
  endfacet
  facet normal 0.989176 0.146737 0
    outer loop
      vertex 8.33066 -1.32661 3
      vertex 8.23274 -0.666516 0
      vertex 8.23274 -0.666516 3
    endloop
  endfacet
  facet normal 0.989176 0.146737 0
    outer loop
      vertex 8.23274 -0.666516 0
      vertex 8.33066 -1.32661 3
      vertex 8.33066 -1.32661 0
    endloop
  endfacet
  facet normal -0.671593 -0.74092 0
    outer loop
      vertex 19.3139 5.25647 0
      vertex 19.8083 4.80833 3
      vertex 19.3139 5.25647 3
    endloop
  endfacet
  facet normal -0.671593 -0.74092 -0
    outer loop
      vertex 19.8083 4.80833 3
      vertex 19.3139 5.25647 0
      vertex 19.8083 4.80833 0
    endloop
  endfacet
  facet normal 0.671593 -0.74092 0
    outer loop
      vertex 10.1917 4.80833 0
      vertex 10.6861 5.25647 3
      vertex 10.1917 4.80833 3
    endloop
  endfacet
  facet normal 0.671593 -0.74092 0
    outer loop
      vertex 10.6861 5.25647 3
      vertex 10.1917 4.80833 0
      vertex 10.6861 5.25647 0
    endloop
  endfacet
  facet normal 0.242994 0.970028 -0
    outer loop
      vertex 13.6734 -6.66934 0
      vertex 13.0261 -6.50719 3
      vertex 13.6734 -6.66934 3
    endloop
  endfacet
  facet normal 0.242994 0.970028 0
    outer loop
      vertex 13.0261 -6.50719 3
      vertex 13.6734 -6.66934 0
      vertex 13.0261 -6.50719 0
    endloop
  endfacet
  facet normal 0.941545 -0.336886 0
    outer loop
      vertex 8.49281 1.97394 3
      vertex 8.71762 2.60225 0
      vertex 8.71762 2.60225 3
    endloop
  endfacet
  facet normal 0.941545 -0.336886 0
    outer loop
      vertex 8.71762 2.60225 0
      vertex 8.49281 1.97394 3
      vertex 8.49281 1.97394 0
    endloop
  endfacet
  facet normal 0.97003 -0.242983 0
    outer loop
      vertex 8.33066 1.32661 3
      vertex 8.49281 1.97394 0
      vertex 8.49281 1.97394 3
    endloop
  endfacet
  facet normal 0.97003 -0.242983 0
    outer loop
      vertex 8.49281 1.97394 0
      vertex 8.33066 1.32661 3
      vertex 8.33066 1.32661 0
    endloop
  endfacet
  facet normal -0.94155 0.336873 0
    outer loop
      vertex 21.2824 -2.60225 0
      vertex 21.5072 -1.97394 3
      vertex 21.5072 -1.97394 0
    endloop
  endfacet
  facet normal -0.94155 0.336873 0
    outer loop
      vertex 21.5072 -1.97394 3
      vertex 21.2824 -2.60225 0
      vertex 21.2824 -2.60225 3
    endloop
  endfacet
  facet normal -0.85771 -0.514134 0
    outer loop
      vertex 20.9971 3.2055 0
      vertex 20.654 3.77788 3
      vertex 20.654 3.77788 0
    endloop
  endfacet
  facet normal -0.85771 -0.514134 0
    outer loop
      vertex 20.654 3.77788 3
      vertex 20.9971 3.2055 0
      vertex 20.9971 3.2055 3
    endloop
  endfacet
  facet normal 0.803206 0.595702 0
    outer loop
      vertex 9.74353 -4.31387 3
      vertex 9.34601 -3.77788 0
      vertex 9.34601 -3.77788 3
    endloop
  endfacet
  facet normal 0.803206 0.595702 0
    outer loop
      vertex 9.34601 -3.77788 0
      vertex 9.74353 -4.31387 3
      vertex 9.74353 -4.31387 0
    endloop
  endfacet
  facet normal -0.740916 0.671598 0
    outer loop
      vertex 19.8083 -4.80833 0
      vertex 20.2565 -4.31387 3
      vertex 20.2565 -4.31387 0
    endloop
  endfacet
  facet normal -0.740916 0.671598 0
    outer loop
      vertex 20.2565 -4.31387 3
      vertex 19.8083 -4.80833 0
      vertex 19.8083 -4.80833 3
    endloop
  endfacet
  facet normal 0.146735 0.989176 -0
    outer loop
      vertex 14.3335 -6.76726 0
      vertex 13.6734 -6.66934 3
      vertex 14.3335 -6.76726 3
    endloop
  endfacet
  facet normal 0.146735 0.989176 0
    outer loop
      vertex 13.6734 -6.66934 3
      vertex 14.3335 -6.76726 0
      vertex 13.6734 -6.66934 0
    endloop
  endfacet
  facet normal 0.242994 -0.970028 0
    outer loop
      vertex 13.0261 6.50719 0
      vertex 13.6734 6.66934 3
      vertex 13.0261 6.50719 3
    endloop
  endfacet
  facet normal 0.242994 -0.970028 0
    outer loop
      vertex 13.6734 6.66934 3
      vertex 13.0261 6.50719 0
      vertex 13.6734 6.66934 0
    endloop
  endfacet
  facet normal 0.146735 -0.989176 0
    outer loop
      vertex 13.6734 6.66934 0
      vertex 14.3335 6.76726 3
      vertex 13.6734 6.66934 3
    endloop
  endfacet
  facet normal 0.146735 -0.989176 0
    outer loop
      vertex 14.3335 6.76726 3
      vertex 13.6734 6.66934 0
      vertex 14.3335 6.76726 0
    endloop
  endfacet
  facet normal 0.336891 -0.941544 0
    outer loop
      vertex 12.3978 6.28238 0
      vertex 13.0261 6.50719 3
      vertex 12.3978 6.28238 3
    endloop
  endfacet
  facet normal 0.336891 -0.941544 0
    outer loop
      vertex 13.0261 6.50719 3
      vertex 12.3978 6.28238 0
      vertex 13.0261 6.50719 0
    endloop
  endfacet
  facet normal 0.857723 0.514112 0
    outer loop
      vertex 9.34601 -3.77788 3
      vertex 9.00293 -3.2055 0
      vertex 9.00293 -3.2055 3
    endloop
  endfacet
  facet normal 0.857723 0.514112 0
    outer loop
      vertex 9.00293 -3.2055 0
      vertex 9.34601 -3.77788 3
      vertex 9.34601 -3.77788 0
    endloop
  endfacet
  facet normal -0.242994 -0.970028 0
    outer loop
      vertex 16.3266 6.66934 0
      vertex 16.9739 6.50719 3
      vertex 16.3266 6.66934 3
    endloop
  endfacet
  facet normal -0.242994 -0.970028 -0
    outer loop
      vertex 16.9739 6.50719 3
      vertex 16.3266 6.66934 0
      vertex 16.9739 6.50719 0
    endloop
  endfacet
  facet normal 0.903993 0.427548 0
    outer loop
      vertex 9.00293 -3.2055 3
      vertex 8.71762 -2.60225 0
      vertex 8.71762 -2.60225 3
    endloop
  endfacet
  facet normal 0.903993 0.427548 0
    outer loop
      vertex 8.71762 -2.60225 0
      vertex 9.00293 -3.2055 3
      vertex 9.00293 -3.2055 0
    endloop
  endfacet
  facet normal 0.514088 -0.857737 0
    outer loop
      vertex 11.2221 5.65399 0
      vertex 11.7945 5.99706 3
      vertex 11.2221 5.65399 3
    endloop
  endfacet
  facet normal 0.514088 -0.857737 0
    outer loop
      vertex 11.7945 5.99706 3
      vertex 11.2221 5.65399 0
      vertex 11.7945 5.99706 0
    endloop
  endfacet
  facet normal 0.803206 -0.595702 0
    outer loop
      vertex 9.34601 3.77788 3
      vertex 9.74353 4.31387 0
      vertex 9.74353 4.31387 3
    endloop
  endfacet
  facet normal 0.803206 -0.595702 0
    outer loop
      vertex 9.74353 4.31387 0
      vertex 9.34601 3.77788 3
      vertex 9.34601 3.77788 0
    endloop
  endfacet
  facet normal 0.903993 -0.427548 0
    outer loop
      vertex 8.71762 2.60225 3
      vertex 9.00293 3.2055 0
      vertex 9.00293 3.2055 3
    endloop
  endfacet
  facet normal 0.903993 -0.427548 0
    outer loop
      vertex 9.00293 3.2055 0
      vertex 8.71762 2.60225 3
      vertex 8.71762 2.60225 0
    endloop
  endfacet
  facet normal -0.427531 0.904001 0
    outer loop
      vertex 18.2055 -5.99706 0
      vertex 17.6022 -6.28238 3
      vertex 18.2055 -5.99706 3
    endloop
  endfacet
  facet normal -0.427531 0.904001 0
    outer loop
      vertex 17.6022 -6.28238 3
      vertex 18.2055 -5.99706 0
      vertex 17.6022 -6.28238 0
    endloop
  endfacet
  facet normal 0.998796 0.0490619 0
    outer loop
      vertex 8.23274 -0.666516 3
      vertex 8.2 0 0
      vertex 8.2 0 3
    endloop
  endfacet
  facet normal 0.998796 0.0490619 0
    outer loop
      vertex 8.2 0 0
      vertex 8.23274 -0.666516 3
      vertex 8.23274 -0.666516 0
    endloop
  endfacet
  facet normal -0.903999 0.427535 0
    outer loop
      vertex 20.9971 -3.2055 0
      vertex 21.2824 -2.60225 3
      vertex 21.2824 -2.60225 0
    endloop
  endfacet
  facet normal -0.903999 0.427535 0
    outer loop
      vertex 21.2824 -2.60225 3
      vertex 20.9971 -3.2055 0
      vertex 20.9971 -3.2055 3
    endloop
  endfacet
  facet normal -0.671593 0.74092 0
    outer loop
      vertex 19.8083 -4.80833 0
      vertex 19.3139 -5.25647 3
      vertex 19.8083 -4.80833 3
    endloop
  endfacet
  facet normal -0.671593 0.74092 0
    outer loop
      vertex 19.3139 -5.25647 3
      vertex 19.8083 -4.80833 0
      vertex 19.3139 -5.25647 0
    endloop
  endfacet
  facet normal 0.998796 -0.0490619 0
    outer loop
      vertex 8.2 0 3
      vertex 8.23274 0.666516 0
      vertex 8.23274 0.666516 3
    endloop
  endfacet
  facet normal 0.998796 -0.0490619 0
    outer loop
      vertex 8.23274 0.666516 0
      vertex 8.2 0 3
      vertex 8.2 0 0
    endloop
  endfacet
  facet normal -0.146735 -0.989176 0
    outer loop
      vertex 15.6665 6.76726 0
      vertex 16.3266 6.66934 3
      vertex 15.6665 6.76726 3
    endloop
  endfacet
  facet normal -0.146735 -0.989176 -0
    outer loop
      vertex 16.3266 6.66934 3
      vertex 15.6665 6.76726 0
      vertex 16.3266 6.66934 0
    endloop
  endfacet
  facet normal -0.989158 -0.146853 0
    outer loop
      vertex 21.7673 75.6665 0
      vertex 21.6693 76.3266 3
      vertex 21.6693 76.3266 0
    endloop
  endfacet
  facet normal -0.989158 -0.146853 0
    outer loop
      vertex 21.6693 76.3266 3
      vertex 21.7673 75.6665 0
      vertex 21.7673 75.6665 3
    endloop
  endfacet
  facet normal -0.998799 -0.0490033 0
    outer loop
      vertex 21.8 75 0
      vertex 21.7673 75.6665 3
      vertex 21.7673 75.6665 0
    endloop
  endfacet
  facet normal -0.998799 -0.0490033 0
    outer loop
      vertex 21.7673 75.6665 3
      vertex 21.8 75 0
      vertex 21.8 75 3
    endloop
  endfacet
  facet normal -0.970045 -0.242923 0
    outer loop
      vertex 21.6693 76.3266 0
      vertex 21.5072 76.9739 3
      vertex 21.5072 76.9739 0
    endloop
  endfacet
  facet normal -0.970045 -0.242923 0
    outer loop
      vertex 21.5072 76.9739 3
      vertex 21.6693 76.3266 0
      vertex 21.6693 76.3266 3
    endloop
  endfacet
  facet normal 0.242923 -0.970045 0
    outer loop
      vertex 13.0261 81.5072 0
      vertex 13.6734 81.6693 3
      vertex 13.0261 81.5072 3
    endloop
  endfacet
  facet normal 0.242923 -0.970045 0
    outer loop
      vertex 13.6734 81.6693 3
      vertex 13.0261 81.5072 0
      vertex 13.6734 81.6693 0
    endloop
  endfacet
  facet normal 0.904006 0.427519 0
    outer loop
      vertex 9.00293 71.7945 3
      vertex 8.71762 72.3978 0
      vertex 8.71762 72.3978 3
    endloop
  endfacet
  facet normal 0.904006 0.427519 0
    outer loop
      vertex 8.71762 72.3978 0
      vertex 9.00293 71.7945 3
      vertex 9.00293 71.7945 0
    endloop
  endfacet
  facet normal 0.242923 0.970045 -0
    outer loop
      vertex 13.6734 68.3307 0
      vertex 13.0261 68.4928 3
      vertex 13.6734 68.3307 3
    endloop
  endfacet
  facet normal 0.242923 0.970045 0
    outer loop
      vertex 13.0261 68.4928 3
      vertex 13.6734 68.3307 0
      vertex 13.0261 68.4928 0
    endloop
  endfacet
  facet normal -0.514121 0.857718 0
    outer loop
      vertex 18.7779 69.346 0
      vertex 18.2055 69.0029 3
      vertex 18.7779 69.346 3
    endloop
  endfacet
  facet normal -0.514121 0.857718 0
    outer loop
      vertex 18.2055 69.0029 3
      vertex 18.7779 69.346 0
      vertex 18.2055 69.0029 0
    endloop
  endfacet
  facet normal 0.336877 0.941549 -0
    outer loop
      vertex 13.0261 68.4928 0
      vertex 12.3978 68.7176 3
      vertex 13.0261 68.4928 3
    endloop
  endfacet
  facet normal 0.336877 0.941549 0
    outer loop
      vertex 12.3978 68.7176 3
      vertex 13.0261 68.4928 0
      vertex 12.3978 68.7176 0
    endloop
  endfacet
  facet normal -0.336877 0.941549 0
    outer loop
      vertex 17.6022 68.7176 0
      vertex 16.9739 68.4928 3
      vertex 17.6022 68.7176 3
    endloop
  endfacet
  facet normal -0.336877 0.941549 0
    outer loop
      vertex 16.9739 68.4928 3
      vertex 17.6022 68.7176 0
      vertex 16.9739 68.4928 0
    endloop
  endfacet
  facet normal 0.671643 -0.740875 0
    outer loop
      vertex 10.1917 79.8083 0
      vertex 10.6861 80.2565 3
      vertex 10.1917 79.8083 3
    endloop
  endfacet
  facet normal 0.671643 -0.740875 0
    outer loop
      vertex 10.6861 80.2565 3
      vertex 10.1917 79.8083 0
      vertex 10.6861 80.2565 0
    endloop
  endfacet
  facet normal -0.242923 0.970045 0
    outer loop
      vertex 16.9739 68.4928 0
      vertex 16.3266 68.3307 3
      vertex 16.9739 68.4928 3
    endloop
  endfacet
  facet normal -0.242923 0.970045 0
    outer loop
      vertex 16.3266 68.3307 3
      vertex 16.9739 68.4928 0
      vertex 16.3266 68.3307 0
    endloop
  endfacet
  facet normal 0.857731 -0.514099 0
    outer loop
      vertex 9.00293 78.2055 3
      vertex 9.34601 78.7779 0
      vertex 9.34601 78.7779 3
    endloop
  endfacet
  facet normal 0.857731 -0.514099 0
    outer loop
      vertex 9.34601 78.7779 0
      vertex 9.00293 78.2055 3
      vertex 9.00293 78.2055 0
    endloop
  endfacet
  facet normal 0.989176 -0.146735 0
    outer loop
      vertex 8.23274 75.6665 3
      vertex 8.33066 76.3266 0
      vertex 8.33066 76.3266 3
    endloop
  endfacet
  facet normal 0.989176 -0.146735 0
    outer loop
      vertex 8.33066 76.3266 0
      vertex 8.23274 75.6665 3
      vertex 8.23274 75.6665 0
    endloop
  endfacet
  facet normal -0.904012 -0.427507 0
    outer loop
      vertex 21.2824 77.6022 0
      vertex 20.9971 78.2055 3
      vertex 20.9971 78.2055 0
    endloop
  endfacet
  facet normal -0.904012 -0.427507 0
    outer loop
      vertex 20.9971 78.2055 3
      vertex 21.2824 77.6022 0
      vertex 21.2824 77.6022 3
    endloop
  endfacet
  facet normal -0.803225 0.595675 0
    outer loop
      vertex 20.2565 70.6861 0
      vertex 20.654 71.2221 3
      vertex 20.654 71.2221 0
    endloop
  endfacet
  facet normal -0.803225 0.595675 0
    outer loop
      vertex 20.654 71.2221 3
      vertex 20.2565 70.6861 0
      vertex 20.2565 70.6861 3
    endloop
  endfacet
  facet normal 0.595675 -0.803225 0
    outer loop
      vertex 10.6861 80.2565 0
      vertex 11.2221 80.654 3
      vertex 10.6861 80.2565 3
    endloop
  endfacet
  facet normal 0.595675 -0.803225 0
    outer loop
      vertex 11.2221 80.654 3
      vertex 10.6861 80.2565 0
      vertex 11.2221 80.654 0
    endloop
  endfacet
  facet normal -0.595675 -0.803225 0
    outer loop
      vertex 18.7779 80.654 0
      vertex 19.3139 80.2565 3
      vertex 18.7779 80.654 3
    endloop
  endfacet
  facet normal -0.595675 -0.803225 -0
    outer loop
      vertex 19.3139 80.2565 3
      vertex 18.7779 80.654 0
      vertex 19.3139 80.2565 0
    endloop
  endfacet
  facet normal -0.146853 -0.989158 0
    outer loop
      vertex 15.6665 81.7673 0
      vertex 16.3266 81.6693 3
      vertex 15.6665 81.7673 3
    endloop
  endfacet
  facet normal -0.146853 -0.989158 -0
    outer loop
      vertex 16.3266 81.6693 3
      vertex 15.6665 81.7673 0
      vertex 16.3266 81.6693 0
    endloop
  endfacet
  facet normal -0.803225 -0.595675 0
    outer loop
      vertex 20.654 78.7779 0
      vertex 20.2565 79.3139 3
      vertex 20.2565 79.3139 0
    endloop
  endfacet
  facet normal -0.803225 -0.595675 0
    outer loop
      vertex 20.2565 79.3139 3
      vertex 20.654 78.7779 0
      vertex 20.654 78.7779 3
    endloop
  endfacet
  facet normal 0.514121 -0.857718 0
    outer loop
      vertex 11.2221 80.654 0
      vertex 11.7945 80.9971 3
      vertex 11.2221 80.654 3
    endloop
  endfacet
  facet normal 0.514121 -0.857718 0
    outer loop
      vertex 11.7945 80.9971 3
      vertex 11.2221 80.654 0
      vertex 11.7945 80.9971 0
    endloop
  endfacet
  facet normal -0.514121 -0.857718 0
    outer loop
      vertex 18.2055 80.9971 0
      vertex 18.7779 80.654 3
      vertex 18.2055 80.9971 3
    endloop
  endfacet
  facet normal -0.514121 -0.857718 -0
    outer loop
      vertex 18.7779 80.654 3
      vertex 18.2055 80.9971 0
      vertex 18.7779 80.654 0
    endloop
  endfacet
  facet normal -0.671643 -0.740875 0
    outer loop
      vertex 19.3139 80.2565 0
      vertex 19.8083 79.8083 3
      vertex 19.3139 80.2565 3
    endloop
  endfacet
  facet normal -0.671643 -0.740875 -0
    outer loop
      vertex 19.8083 79.8083 3
      vertex 19.3139 80.2565 0
      vertex 19.8083 79.8083 0
    endloop
  endfacet
  facet normal 0.941544 0.336891 0
    outer loop
      vertex 8.71762 72.3978 3
      vertex 8.49281 73.0261 0
      vertex 8.49281 73.0261 3
    endloop
  endfacet
  facet normal 0.941544 0.336891 0
    outer loop
      vertex 8.49281 73.0261 0
      vertex 8.71762 72.3978 3
      vertex 8.71762 72.3978 0
    endloop
  endfacet
  facet normal -0.998799 0.0490033 0
    outer loop
      vertex 21.7673 74.3335 0
      vertex 21.8 75 3
      vertex 21.8 75 0
    endloop
  endfacet
  facet normal -0.998799 0.0490033 0
    outer loop
      vertex 21.8 75 3
      vertex 21.7673 74.3335 0
      vertex 21.7673 74.3335 3
    endloop
  endfacet
  facet normal 0.427507 -0.904012 0
    outer loop
      vertex 11.7945 80.9971 0
      vertex 12.3978 81.2824 3
      vertex 11.7945 80.9971 3
    endloop
  endfacet
  facet normal 0.427507 -0.904012 0
    outer loop
      vertex 12.3978 81.2824 3
      vertex 11.7945 80.9971 0
      vertex 12.3978 81.2824 0
    endloop
  endfacet
  facet normal -0.904012 0.427507 0
    outer loop
      vertex 20.9971 71.7945 0
      vertex 21.2824 72.3978 3
      vertex 21.2824 72.3978 0
    endloop
  endfacet
  facet normal -0.904012 0.427507 0
    outer loop
      vertex 21.2824 72.3978 3
      vertex 20.9971 71.7945 0
      vertex 20.9971 71.7945 3
    endloop
  endfacet
  facet normal 0.595675 0.803225 -0
    outer loop
      vertex 11.2221 69.346 0
      vertex 10.6861 69.7435 3
      vertex 11.2221 69.346 3
    endloop
  endfacet
  facet normal 0.595675 0.803225 0
    outer loop
      vertex 10.6861 69.7435 3
      vertex 11.2221 69.346 0
      vertex 10.6861 69.7435 0
    endloop
  endfacet
  facet normal 0.803211 -0.595695 0
    outer loop
      vertex 9.34601 78.7779 3
      vertex 9.74353 79.3139 0
      vertex 9.74353 79.3139 3
    endloop
  endfacet
  facet normal 0.803211 -0.595695 0
    outer loop
      vertex 9.74353 79.3139 0
      vertex 9.34601 78.7779 3
      vertex 9.34601 78.7779 0
    endloop
  endfacet
  facet normal 0.941544 -0.336891 0
    outer loop
      vertex 8.49281 76.9739 3
      vertex 8.71762 77.6022 0
      vertex 8.71762 77.6022 3
    endloop
  endfacet
  facet normal 0.941544 -0.336891 0
    outer loop
      vertex 8.71762 77.6022 0
      vertex 8.49281 76.9739 3
      vertex 8.49281 76.9739 0
    endloop
  endfacet
  facet normal -0.941549 -0.336877 0
    outer loop
      vertex 21.5072 76.9739 0
      vertex 21.2824 77.6022 3
      vertex 21.2824 77.6022 0
    endloop
  endfacet
  facet normal -0.941549 -0.336877 0
    outer loop
      vertex 21.2824 77.6022 3
      vertex 21.5072 76.9739 0
      vertex 21.5072 76.9739 3
    endloop
  endfacet
  facet normal -0.857718 -0.514121 0
    outer loop
      vertex 20.9971 78.2055 0
      vertex 20.654 78.7779 3
      vertex 20.654 78.7779 0
    endloop
  endfacet
  facet normal -0.857718 -0.514121 0
    outer loop
      vertex 20.654 78.7779 3
      vertex 20.9971 78.2055 0
      vertex 20.9971 78.2055 3
    endloop
  endfacet
  facet normal 0.671643 0.740875 -0
    outer loop
      vertex 10.6861 69.7435 0
      vertex 10.1917 70.1917 3
      vertex 10.6861 69.7435 3
    endloop
  endfacet
  facet normal 0.671643 0.740875 0
    outer loop
      vertex 10.1917 70.1917 3
      vertex 10.6861 69.7435 0
      vertex 10.1917 70.1917 0
    endloop
  endfacet
  facet normal -0.970045 0.242923 0
    outer loop
      vertex 21.5072 73.0261 0
      vertex 21.6693 73.6734 3
      vertex 21.6693 73.6734 0
    endloop
  endfacet
  facet normal -0.970045 0.242923 0
    outer loop
      vertex 21.6693 73.6734 3
      vertex 21.5072 73.0261 0
      vertex 21.5072 73.0261 3
    endloop
  endfacet
  facet normal -0.989158 0.146853 0
    outer loop
      vertex 21.6693 73.6734 0
      vertex 21.7673 74.3335 3
      vertex 21.7673 74.3335 0
    endloop
  endfacet
  facet normal -0.989158 0.146853 0
    outer loop
      vertex 21.7673 74.3335 3
      vertex 21.6693 73.6734 0
      vertex 21.6693 73.6734 3
    endloop
  endfacet
  facet normal 0.514121 0.857718 -0
    outer loop
      vertex 11.7945 69.0029 0
      vertex 11.2221 69.346 3
      vertex 11.7945 69.0029 3
    endloop
  endfacet
  facet normal 0.514121 0.857718 0
    outer loop
      vertex 11.2221 69.346 3
      vertex 11.7945 69.0029 0
      vertex 11.2221 69.346 0
    endloop
  endfacet
  facet normal -0.336877 -0.941549 0
    outer loop
      vertex 16.9739 81.5072 0
      vertex 17.6022 81.2824 3
      vertex 16.9739 81.5072 3
    endloop
  endfacet
  facet normal -0.336877 -0.941549 -0
    outer loop
      vertex 17.6022 81.2824 3
      vertex 16.9739 81.5072 0
      vertex 17.6022 81.2824 0
    endloop
  endfacet
  facet normal 0.336877 -0.941549 0
    outer loop
      vertex 12.3978 81.2824 0
      vertex 13.0261 81.5072 3
      vertex 12.3978 81.2824 3
    endloop
  endfacet
  facet normal 0.336877 -0.941549 0
    outer loop
      vertex 13.0261 81.5072 3
      vertex 12.3978 81.2824 0
      vertex 13.0261 81.5072 0
    endloop
  endfacet
  facet normal -0.146853 0.989158 0
    outer loop
      vertex 16.3266 68.3307 0
      vertex 15.6665 68.2327 3
      vertex 16.3266 68.3307 3
    endloop
  endfacet
  facet normal -0.146853 0.989158 0
    outer loop
      vertex 15.6665 68.2327 3
      vertex 16.3266 68.3307 0
      vertex 15.6665 68.2327 0
    endloop
  endfacet
  facet normal -0.857718 0.514121 0
    outer loop
      vertex 20.654 71.2221 0
      vertex 20.9971 71.7945 3
      vertex 20.9971 71.7945 0
    endloop
  endfacet
  facet normal -0.857718 0.514121 0
    outer loop
      vertex 20.9971 71.7945 3
      vertex 20.654 71.2221 0
      vertex 20.654 71.2221 3
    endloop
  endfacet
  facet normal 0.0490033 -0.998799 0
    outer loop
      vertex 14.3335 81.7673 0
      vertex 15 81.8 3
      vertex 14.3335 81.7673 3
    endloop
  endfacet
  facet normal 0.0490033 -0.998799 0
    outer loop
      vertex 15 81.8 3
      vertex 14.3335 81.7673 0
      vertex 15 81.8 0
    endloop
  endfacet
  facet normal 0.998796 0.0490631 0
    outer loop
      vertex 8.23274 74.3335 3
      vertex 8.2 75 0
      vertex 8.2 75 3
    endloop
  endfacet
  facet normal 0.998796 0.0490631 0
    outer loop
      vertex 8.2 75 0
      vertex 8.23274 74.3335 3
      vertex 8.23274 74.3335 0
    endloop
  endfacet
  facet normal -0.941549 0.336877 0
    outer loop
      vertex 21.2824 72.3978 0
      vertex 21.5072 73.0261 3
      vertex 21.5072 73.0261 0
    endloop
  endfacet
  facet normal -0.941549 0.336877 0
    outer loop
      vertex 21.5072 73.0261 3
      vertex 21.2824 72.3978 0
      vertex 21.2824 72.3978 3
    endloop
  endfacet
  facet normal -0.427507 -0.904012 0
    outer loop
      vertex 17.6022 81.2824 0
      vertex 18.2055 80.9971 3
      vertex 17.6022 81.2824 3
    endloop
  endfacet
  facet normal -0.427507 -0.904012 -0
    outer loop
      vertex 18.2055 80.9971 3
      vertex 17.6022 81.2824 0
      vertex 18.2055 80.9971 0
    endloop
  endfacet
  facet normal -0.740875 -0.671643 0
    outer loop
      vertex 20.2565 79.3139 0
      vertex 19.8083 79.8083 3
      vertex 19.8083 79.8083 0
    endloop
  endfacet
  facet normal -0.740875 -0.671643 0
    outer loop
      vertex 19.8083 79.8083 3
      vertex 20.2565 79.3139 0
      vertex 20.2565 79.3139 3
    endloop
  endfacet
  facet normal -0.0490033 -0.998799 0
    outer loop
      vertex 15 81.8 0
      vertex 15.6665 81.7673 3
      vertex 15 81.8 3
    endloop
  endfacet
  facet normal -0.0490033 -0.998799 -0
    outer loop
      vertex 15.6665 81.7673 3
      vertex 15 81.8 0
      vertex 15.6665 81.7673 0
    endloop
  endfacet
  facet normal 0.857731 0.514099 0
    outer loop
      vertex 9.34601 71.2221 3
      vertex 9.00293 71.7945 0
      vertex 9.00293 71.7945 3
    endloop
  endfacet
  facet normal 0.857731 0.514099 0
    outer loop
      vertex 9.00293 71.7945 0
      vertex 9.34601 71.2221 3
      vertex 9.34601 71.2221 0
    endloop
  endfacet
  facet normal 0.146853 0.989158 -0
    outer loop
      vertex 14.3335 68.2327 0
      vertex 13.6734 68.3307 3
      vertex 14.3335 68.2327 3
    endloop
  endfacet
  facet normal 0.146853 0.989158 0
    outer loop
      vertex 13.6734 68.3307 3
      vertex 14.3335 68.2327 0
      vertex 13.6734 68.3307 0
    endloop
  endfacet
  facet normal -0.671643 0.740875 0
    outer loop
      vertex 19.8083 70.1917 0
      vertex 19.3139 69.7435 3
      vertex 19.8083 70.1917 3
    endloop
  endfacet
  facet normal -0.671643 0.740875 0
    outer loop
      vertex 19.3139 69.7435 3
      vertex 19.8083 70.1917 0
      vertex 19.3139 69.7435 0
    endloop
  endfacet
  facet normal 0.0490033 0.998799 -0
    outer loop
      vertex 15 68.2 0
      vertex 14.3335 68.2327 3
      vertex 15 68.2 3
    endloop
  endfacet
  facet normal 0.0490033 0.998799 0
    outer loop
      vertex 14.3335 68.2327 3
      vertex 15 68.2 0
      vertex 14.3335 68.2327 0
    endloop
  endfacet
  facet normal 0.740897 -0.671618 0
    outer loop
      vertex 9.74353 79.3139 3
      vertex 10.1917 79.8083 0
      vertex 10.1917 79.8083 3
    endloop
  endfacet
  facet normal 0.740897 -0.671618 0
    outer loop
      vertex 10.1917 79.8083 0
      vertex 9.74353 79.3139 3
      vertex 9.74353 79.3139 0
    endloop
  endfacet
  facet normal 0.146853 -0.989158 0
    outer loop
      vertex 13.6734 81.6693 0
      vertex 14.3335 81.7673 3
      vertex 13.6734 81.6693 3
    endloop
  endfacet
  facet normal 0.146853 -0.989158 0
    outer loop
      vertex 14.3335 81.7673 3
      vertex 13.6734 81.6693 0
      vertex 14.3335 81.7673 0
    endloop
  endfacet
  facet normal 0.904006 -0.427519 0
    outer loop
      vertex 8.71762 77.6022 3
      vertex 9.00293 78.2055 0
      vertex 9.00293 78.2055 3
    endloop
  endfacet
  facet normal 0.904006 -0.427519 0
    outer loop
      vertex 9.00293 78.2055 0
      vertex 8.71762 77.6022 3
      vertex 8.71762 77.6022 0
    endloop
  endfacet
  facet normal 0.970028 -0.242994 0
    outer loop
      vertex 8.33066 76.3266 3
      vertex 8.49281 76.9739 0
      vertex 8.49281 76.9739 3
    endloop
  endfacet
  facet normal 0.970028 -0.242994 0
    outer loop
      vertex 8.49281 76.9739 0
      vertex 8.33066 76.3266 3
      vertex 8.33066 76.3266 0
    endloop
  endfacet
  facet normal -0.242923 -0.970045 0
    outer loop
      vertex 16.3266 81.6693 0
      vertex 16.9739 81.5072 3
      vertex 16.3266 81.6693 3
    endloop
  endfacet
  facet normal -0.242923 -0.970045 -0
    outer loop
      vertex 16.9739 81.5072 3
      vertex 16.3266 81.6693 0
      vertex 16.9739 81.5072 0
    endloop
  endfacet
  facet normal 0.970028 0.242994 0
    outer loop
      vertex 8.49281 73.0261 3
      vertex 8.33066 73.6734 0
      vertex 8.33066 73.6734 3
    endloop
  endfacet
  facet normal 0.970028 0.242994 0
    outer loop
      vertex 8.33066 73.6734 0
      vertex 8.49281 73.0261 3
      vertex 8.49281 73.0261 0
    endloop
  endfacet
  facet normal 0.427507 0.904012 -0
    outer loop
      vertex 12.3978 68.7176 0
      vertex 11.7945 69.0029 3
      vertex 12.3978 68.7176 3
    endloop
  endfacet
  facet normal 0.427507 0.904012 0
    outer loop
      vertex 11.7945 69.0029 3
      vertex 12.3978 68.7176 0
      vertex 11.7945 69.0029 0
    endloop
  endfacet
  facet normal 0.740897 0.671618 0
    outer loop
      vertex 10.1917 70.1917 3
      vertex 9.74353 70.6861 0
      vertex 9.74353 70.6861 3
    endloop
  endfacet
  facet normal 0.740897 0.671618 0
    outer loop
      vertex 9.74353 70.6861 0
      vertex 10.1917 70.1917 3
      vertex 10.1917 70.1917 0
    endloop
  endfacet
  facet normal -0.427507 0.904012 0
    outer loop
      vertex 18.2055 69.0029 0
      vertex 17.6022 68.7176 3
      vertex 18.2055 69.0029 3
    endloop
  endfacet
  facet normal -0.427507 0.904012 0
    outer loop
      vertex 17.6022 68.7176 3
      vertex 18.2055 69.0029 0
      vertex 17.6022 68.7176 0
    endloop
  endfacet
  facet normal -0.0490033 0.998799 0
    outer loop
      vertex 15.6665 68.2327 0
      vertex 15 68.2 3
      vertex 15.6665 68.2327 3
    endloop
  endfacet
  facet normal -0.0490033 0.998799 0
    outer loop
      vertex 15 68.2 3
      vertex 15.6665 68.2327 0
      vertex 15 68.2 0
    endloop
  endfacet
  facet normal 0.989176 0.146735 0
    outer loop
      vertex 8.33066 73.6734 3
      vertex 8.23274 74.3335 0
      vertex 8.23274 74.3335 3
    endloop
  endfacet
  facet normal 0.989176 0.146735 0
    outer loop
      vertex 8.23274 74.3335 0
      vertex 8.33066 73.6734 3
      vertex 8.33066 73.6734 0
    endloop
  endfacet
  facet normal -0.595675 0.803225 0
    outer loop
      vertex 19.3139 69.7435 0
      vertex 18.7779 69.346 3
      vertex 19.3139 69.7435 3
    endloop
  endfacet
  facet normal -0.595675 0.803225 0
    outer loop
      vertex 18.7779 69.346 3
      vertex 19.3139 69.7435 0
      vertex 18.7779 69.346 0
    endloop
  endfacet
  facet normal 0.803211 0.595695 0
    outer loop
      vertex 9.74353 70.6861 3
      vertex 9.34601 71.2221 0
      vertex 9.34601 71.2221 3
    endloop
  endfacet
  facet normal 0.803211 0.595695 0
    outer loop
      vertex 9.34601 71.2221 0
      vertex 9.74353 70.6861 3
      vertex 9.74353 70.6861 0
    endloop
  endfacet
  facet normal 0.998796 -0.0490631 0
    outer loop
      vertex 8.2 75 3
      vertex 8.23274 75.6665 0
      vertex 8.23274 75.6665 3
    endloop
  endfacet
  facet normal 0.998796 -0.0490631 0
    outer loop
      vertex 8.23274 75.6665 0
      vertex 8.2 75 3
      vertex 8.2 75 0
    endloop
  endfacet
  facet normal -0.740875 0.671643 0
    outer loop
      vertex 19.8083 70.1917 0
      vertex 20.2565 70.6861 3
      vertex 20.2565 70.6861 0
    endloop
  endfacet
  facet normal -0.740875 0.671643 0
    outer loop
      vertex 20.2565 70.6861 3
      vertex 19.8083 70.1917 0
      vertex 19.8083 70.1917 3
    endloop
  endfacet
  facet normal -0.336941 0.941526 0
    outer loop
      vertex -18.6286 86.9618 0
      vertex -19.7835 86.5485 3
      vertex -18.6286 86.9618 3
    endloop
  endfacet
  facet normal -0.336941 0.941526 0
    outer loop
      vertex -19.7835 86.5485 3
      vertex -18.6286 86.9618 0
      vertex -19.7835 86.5485 0
    endloop
  endfacet
  facet normal -1 0 0
    outer loop
      vertex -27.5 0 0
      vertex -27.5 75 3
      vertex -27.5 75 0
    endloop
  endfacet
  facet normal -1 -0 0
    outer loop
      vertex -27.5 75 3
      vertex -27.5 0 0
      vertex -27.5 0 3
    endloop
  endfacet
  facet normal 0.903995 0.427543 0
    outer loop
      vertex 26.5485 79.7835 3
      vertex 26.024 80.8925 0
      vertex 26.024 80.8925 3
    endloop
  endfacet
  facet normal 0.903995 0.427543 0
    outer loop
      vertex 26.024 80.8925 0
      vertex 26.5485 79.7835 3
      vertex 26.5485 79.7835 0
    endloop
  endfacet
  facet normal -0.998795 0.0490756 0
    outer loop
      vertex -27.5 75 0
      vertex -27.4398 76.2252 3
      vertex -27.4398 76.2252 0
    endloop
  endfacet
  facet normal -0.998795 0.0490756 0
    outer loop
      vertex -27.4398 76.2252 3
      vertex -27.5 75 0
      vertex -27.5 75 3
    endloop
  endfacet
  facet normal -0.595711 -0.803199 0
    outer loop
      vertex -22.9299 -9.66263 0
      vertex -21.9446 -10.3934 3
      vertex -22.9299 -9.66263 3
    endloop
  endfacet
  facet normal -0.595711 -0.803199 -0
    outer loop
      vertex -21.9446 -10.3934 3
      vertex -22.9299 -9.66263 0
      vertex -21.9446 -10.3934 0
    endloop
  endfacet
  facet normal 0.998795 -0.0490752 0
    outer loop
      vertex 27.4398 -1.22521 3
      vertex 27.5 0 0
      vertex 27.5 0 3
    endloop
  endfacet
  facet normal 0.998795 -0.0490752 0
    outer loop
      vertex 27.5 0 0
      vertex 27.4398 -1.22521 3
      vertex 27.4398 -1.22521 0
    endloop
  endfacet
  facet normal 1 -0 0
    outer loop
      vertex 27.5 0 3
      vertex 27.5 75 0
      vertex 27.5 75 3
    endloop
  endfacet
  facet normal 1 0 0
    outer loop
      vertex 27.5 75 0
      vertex 27.5 0 3
      vertex 27.5 0 0
    endloop
  endfacet
  facet normal -0.595727 0.803187 0
    outer loop
      vertex -21.9446 85.3934 0
      vertex -22.9299 84.6626 3
      vertex -21.9446 85.3934 3
    endloop
  endfacet
  facet normal -0.595727 0.803187 0
    outer loop
      vertex -22.9299 84.6626 3
      vertex -21.9446 85.3934 0
      vertex -22.9299 84.6626 0
    endloop
  endfacet
  facet normal 0 1 -0
    outer loop
      vertex 15 87.5 0
      vertex -15 87.5 3
      vertex 15 87.5 3
    endloop
  endfacet
  facet normal 0 1 0
    outer loop
      vertex -15 87.5 3
      vertex 15 87.5 0
      vertex -15 87.5 0
    endloop
  endfacet
  facet normal -0.941533 -0.33692 0
    outer loop
      vertex -26.5485 -4.78354 0
      vertex -26.9618 -3.62856 3
      vertex -26.9618 -3.62856 0
    endloop
  endfacet
  facet normal -0.941533 -0.33692 0
    outer loop
      vertex -26.9618 -3.62856 3
      vertex -26.5485 -4.78354 0
      vertex -26.5485 -4.78354 3
    endloop
  endfacet
  facet normal -0.85773 0.5141 0
    outer loop
      vertex -26.024 80.8925 0
      vertex -25.3934 81.9446 3
      vertex -25.3934 81.9446 0
    endloop
  endfacet
  facet normal -0.85773 0.5141 0
    outer loop
      vertex -25.3934 81.9446 3
      vertex -26.024 80.8925 0
      vertex -26.024 80.8925 3
    endloop
  endfacet
  facet normal 0 -1 0
    outer loop
      vertex -15 -12.5 0
      vertex 15 -12.5 3
      vertex -15 -12.5 3
    endloop
  endfacet
  facet normal 0 -1 -0
    outer loop
      vertex 15 -12.5 3
      vertex -15 -12.5 0
      vertex 15 -12.5 0
    endloop
  endfacet
  facet normal -0.146738 0.989175 0
    outer loop
      vertex -16.2252 87.4398 0
      vertex -17.4386 87.2598 3
      vertex -16.2252 87.4398 3
    endloop
  endfacet
  facet normal -0.146738 0.989175 0
    outer loop
      vertex -17.4386 87.2598 3
      vertex -16.2252 87.4398 0
      vertex -17.4386 87.2598 0
    endloop
  endfacet
  facet normal -0.671568 -0.740943 0
    outer loop
      vertex -23.8388 -8.83883 0
      vertex -22.9299 -9.66263 3
      vertex -23.8388 -8.83883 3
    endloop
  endfacet
  facet normal -0.671568 -0.740943 -0
    outer loop
      vertex -22.9299 -9.66263 3
      vertex -23.8388 -8.83883 0
      vertex -22.9299 -9.66263 0
    endloop
  endfacet
  facet normal 0.427543 0.903995 -0
    outer loop
      vertex 20.8925 86.024 0
      vertex 19.7835 86.5485 3
      vertex 20.8925 86.024 3
    endloop
  endfacet
  facet normal 0.427543 0.903995 0
    outer loop
      vertex 19.7835 86.5485 3
      vertex 20.8925 86.024 0
      vertex 19.7835 86.5485 0
    endloop
  endfacet
  facet normal -0.970047 0.242919 0
    outer loop
      vertex -27.2598 77.4386 0
      vertex -26.9618 78.6286 3
      vertex -26.9618 78.6286 0
    endloop
  endfacet
  facet normal -0.970047 0.242919 0
    outer loop
      vertex -26.9618 78.6286 3
      vertex -27.2598 77.4386 0
      vertex -27.2598 77.4386 3
    endloop
  endfacet
  facet normal 0.857745 -0.514075 0
    outer loop
      vertex 25.3934 -6.94463 3
      vertex 26.024 -5.89246 0
      vertex 26.024 -5.89246 3
    endloop
  endfacet
  facet normal 0.857745 -0.514075 0
    outer loop
      vertex 26.024 -5.89246 0
      vertex 25.3934 -6.94463 3
      vertex 25.3934 -6.94463 0
    endloop
  endfacet
  facet normal 0.998795 0.0490756 0
    outer loop
      vertex 27.5 75 3
      vertex 27.4398 76.2252 0
      vertex 27.4398 76.2252 3
    endloop
  endfacet
  facet normal 0.998795 0.0490756 0
    outer loop
      vertex 27.4398 76.2252 0
      vertex 27.5 75 3
      vertex 27.5 75 0
    endloop
  endfacet
  facet normal 0.0490756 -0.998795 0
    outer loop
      vertex 15 -12.5 0
      vertex 16.2252 -12.4398 3
      vertex 15 -12.5 3
    endloop
  endfacet
  facet normal 0.0490756 -0.998795 0
    outer loop
      vertex 16.2252 -12.4398 3
      vertex 15 -12.5 0
      vertex 16.2252 -12.4398 0
    endloop
  endfacet
  facet normal -0.941526 0.336941 0
    outer loop
      vertex -26.9618 78.6286 0
      vertex -26.5485 79.7835 3
      vertex -26.5485 79.7835 0
    endloop
  endfacet
  facet normal -0.941526 0.336941 0
    outer loop
      vertex -26.5485 79.7835 3
      vertex -26.9618 78.6286 0
      vertex -26.9618 78.6286 3
    endloop
  endfacet
  facet normal -0.671568 0.740943 0
    outer loop
      vertex -22.9299 84.6626 0
      vertex -23.8388 83.8388 3
      vertex -22.9299 84.6626 3
    endloop
  endfacet
  facet normal -0.671568 0.740943 0
    outer loop
      vertex -23.8388 83.8388 3
      vertex -22.9299 84.6626 0
      vertex -23.8388 83.8388 0
    endloop
  endfacet
  facet normal 0.803187 0.595727 0
    outer loop
      vertex 25.3934 81.9446 3
      vertex 24.6626 82.9299 0
      vertex 24.6626 82.9299 3
    endloop
  endfacet
  facet normal 0.803187 0.595727 0
    outer loop
      vertex 24.6626 82.9299 0
      vertex 25.3934 81.9446 3
      vertex 25.3934 81.9446 0
    endloop
  endfacet
  facet normal 0.5141 0.85773 -0
    outer loop
      vertex 21.9446 85.3934 0
      vertex 20.8925 86.024 3
      vertex 21.9446 85.3934 3
    endloop
  endfacet
  facet normal 0.5141 0.85773 0
    outer loop
      vertex 20.8925 86.024 3
      vertex 21.9446 85.3934 0
      vertex 20.8925 86.024 0
    endloop
  endfacet
  facet normal 0.0490756 0.998795 -0
    outer loop
      vertex 16.2252 87.4398 0
      vertex 15 87.5 3
      vertex 16.2252 87.4398 3
    endloop
  endfacet
  facet normal 0.0490756 0.998795 0
    outer loop
      vertex 15 87.5 3
      vertex 16.2252 87.4398 0
      vertex 15 87.5 0
    endloop
  endfacet
  facet normal 0.941533 -0.33692 0
    outer loop
      vertex 26.5485 -4.78354 3
      vertex 26.9618 -3.62856 0
      vertex 26.9618 -3.62856 3
    endloop
  endfacet
  facet normal 0.941533 -0.33692 0
    outer loop
      vertex 26.9618 -3.62856 0
      vertex 26.5485 -4.78354 3
      vertex 26.5485 -4.78354 0
    endloop
  endfacet
  facet normal 0.146738 -0.989175 0
    outer loop
      vertex 16.2252 -12.4398 0
      vertex 17.4386 -12.2598 3
      vertex 16.2252 -12.4398 3
    endloop
  endfacet
  facet normal 0.146738 -0.989175 0
    outer loop
      vertex 17.4386 -12.2598 3
      vertex 16.2252 -12.4398 0
      vertex 17.4386 -12.2598 0
    endloop
  endfacet
  facet normal 0.336941 0.941526 -0
    outer loop
      vertex 19.7835 86.5485 0
      vertex 18.6286 86.9618 3
      vertex 19.7835 86.5485 3
    endloop
  endfacet
  facet normal 0.336941 0.941526 0
    outer loop
      vertex 18.6286 86.9618 3
      vertex 19.7835 86.5485 0
      vertex 18.6286 86.9618 0
    endloop
  endfacet
  facet normal -0.0490756 0.998795 0
    outer loop
      vertex -15 87.5 0
      vertex -16.2252 87.4398 3
      vertex -15 87.5 3
    endloop
  endfacet
  facet normal -0.0490756 0.998795 0
    outer loop
      vertex -16.2252 87.4398 3
      vertex -15 87.5 0
      vertex -16.2252 87.4398 0
    endloop
  endfacet
  facet normal -0.146738 -0.989175 0
    outer loop
      vertex -17.4386 -12.2598 0
      vertex -16.2252 -12.4398 3
      vertex -17.4386 -12.2598 3
    endloop
  endfacet
  facet normal -0.146738 -0.989175 -0
    outer loop
      vertex -16.2252 -12.4398 3
      vertex -17.4386 -12.2598 0
      vertex -16.2252 -12.4398 0
    endloop
  endfacet
  facet normal 0.242919 -0.970047 0
    outer loop
      vertex 17.4386 -12.2598 0
      vertex 18.6286 -11.9618 3
      vertex 17.4386 -12.2598 3
    endloop
  endfacet
  facet normal 0.242919 -0.970047 0
    outer loop
      vertex 18.6286 -11.9618 3
      vertex 17.4386 -12.2598 0
      vertex 18.6286 -11.9618 0
    endloop
  endfacet
  facet normal -0.427543 -0.903995 0
    outer loop
      vertex -20.8925 -11.024 0
      vertex -19.7835 -11.5485 3
      vertex -20.8925 -11.024 3
    endloop
  endfacet
  facet normal -0.427543 -0.903995 -0
    outer loop
      vertex -19.7835 -11.5485 3
      vertex -20.8925 -11.024 0
      vertex -19.7835 -11.5485 0
    endloop
  endfacet
  facet normal 0.803184 -0.59573 0
    outer loop
      vertex 24.6626 -7.92992 3
      vertex 25.3934 -6.94463 0
      vertex 25.3934 -6.94463 3
    endloop
  endfacet
  facet normal 0.803184 -0.59573 0
    outer loop
      vertex 25.3934 -6.94463 0
      vertex 24.6626 -7.92992 3
      vertex 24.6626 -7.92992 0
    endloop
  endfacet
  facet normal -0.803184 -0.59573 0
    outer loop
      vertex -24.6626 -7.92992 0
      vertex -25.3934 -6.94463 3
      vertex -25.3934 -6.94463 0
    endloop
  endfacet
  facet normal -0.803184 -0.59573 0
    outer loop
      vertex -25.3934 -6.94463 3
      vertex -24.6626 -7.92992 0
      vertex -24.6626 -7.92992 3
    endloop
  endfacet
  facet normal -0.5141 -0.85773 0
    outer loop
      vertex -21.9446 -10.3934 0
      vertex -20.8925 -11.024 3
      vertex -21.9446 -10.3934 3
    endloop
  endfacet
  facet normal -0.5141 -0.85773 -0
    outer loop
      vertex -20.8925 -11.024 3
      vertex -21.9446 -10.3934 0
      vertex -20.8925 -11.024 0
    endloop
  endfacet
  facet normal -0.903995 0.427543 0
    outer loop
      vertex -26.5485 79.7835 0
      vertex -26.024 80.8925 3
      vertex -26.024 80.8925 0
    endloop
  endfacet
  facet normal -0.903995 0.427543 0
    outer loop
      vertex -26.024 80.8925 3
      vertex -26.5485 79.7835 0
      vertex -26.5485 79.7835 3
    endloop
  endfacet
  facet normal 0.5141 -0.85773 0
    outer loop
      vertex 20.8925 -11.024 0
      vertex 21.9446 -10.3934 3
      vertex 20.8925 -11.024 3
    endloop
  endfacet
  facet normal 0.5141 -0.85773 0
    outer loop
      vertex 21.9446 -10.3934 3
      vertex 20.8925 -11.024 0
      vertex 21.9446 -10.3934 0
    endloop
  endfacet
  facet normal -0.336941 -0.941526 0
    outer loop
      vertex -19.7835 -11.5485 0
      vertex -18.6286 -11.9618 3
      vertex -19.7835 -11.5485 3
    endloop
  endfacet
  facet normal -0.336941 -0.941526 -0
    outer loop
      vertex -18.6286 -11.9618 3
      vertex -19.7835 -11.5485 0
      vertex -18.6286 -11.9618 0
    endloop
  endfacet
  facet normal -0.903983 -0.427568 0
    outer loop
      vertex -26.024 -5.89246 0
      vertex -26.5485 -4.78354 3
      vertex -26.5485 -4.78354 0
    endloop
  endfacet
  facet normal -0.903983 -0.427568 0
    outer loop
      vertex -26.5485 -4.78354 3
      vertex -26.024 -5.89246 0
      vertex -26.024 -5.89246 3
    endloop
  endfacet
  facet normal -0.998795 -0.0490752 0
    outer loop
      vertex -27.4398 -1.22521 0
      vertex -27.5 0 3
      vertex -27.5 0 0
    endloop
  endfacet
  facet normal -0.998795 -0.0490752 0
    outer loop
      vertex -27.5 0 3
      vertex -27.4398 -1.22521 0
      vertex -27.4398 -1.22521 3
    endloop
  endfacet
  facet normal 0.336941 -0.941526 0
    outer loop
      vertex 18.6286 -11.9618 0
      vertex 19.7835 -11.5485 3
      vertex 18.6286 -11.9618 3
    endloop
  endfacet
  facet normal 0.336941 -0.941526 0
    outer loop
      vertex 19.7835 -11.5485 3
      vertex 18.6286 -11.9618 0
      vertex 19.7835 -11.5485 0
    endloop
  endfacet
  facet normal 0.740943 0.671568 0
    outer loop
      vertex 24.6626 82.9299 3
      vertex 23.8388 83.8388 0
      vertex 23.8388 83.8388 3
    endloop
  endfacet
  facet normal 0.740943 0.671568 0
    outer loop
      vertex 23.8388 83.8388 0
      vertex 24.6626 82.9299 3
      vertex 24.6626 82.9299 0
    endloop
  endfacet
  facet normal -0.242919 0.970047 0
    outer loop
      vertex -17.4386 87.2598 0
      vertex -18.6286 86.9618 3
      vertex -17.4386 87.2598 3
    endloop
  endfacet
  facet normal -0.242919 0.970047 0
    outer loop
      vertex -18.6286 86.9618 3
      vertex -17.4386 87.2598 0
      vertex -18.6286 86.9618 0
    endloop
  endfacet
  facet normal 0.970043 -0.242933 0
    outer loop
      vertex 26.9618 -3.62856 3
      vertex 27.2598 -2.43863 0
      vertex 27.2598 -2.43863 3
    endloop
  endfacet
  facet normal 0.970043 -0.242933 0
    outer loop
      vertex 27.2598 -2.43863 0
      vertex 26.9618 -3.62856 3
      vertex 26.9618 -3.62856 0
    endloop
  endfacet
  facet normal 0.989176 -0.146735 0
    outer loop
      vertex 27.2598 -2.43863 3
      vertex 27.4398 -1.22521 0
      vertex 27.4398 -1.22521 3
    endloop
  endfacet
  facet normal 0.989176 -0.146735 0
    outer loop
      vertex 27.4398 -1.22521 0
      vertex 27.2598 -2.43863 3
      vertex 27.2598 -2.43863 0
    endloop
  endfacet
  facet normal -0.970043 -0.242933 0
    outer loop
      vertex -26.9618 -3.62856 0
      vertex -27.2598 -2.43863 3
      vertex -27.2598 -2.43863 0
    endloop
  endfacet
  facet normal -0.970043 -0.242933 0
    outer loop
      vertex -27.2598 -2.43863 3
      vertex -26.9618 -3.62856 0
      vertex -26.9618 -3.62856 3
    endloop
  endfacet
  facet normal 0.595711 -0.803199 0
    outer loop
      vertex 21.9446 -10.3934 0
      vertex 22.9299 -9.66263 3
      vertex 21.9446 -10.3934 3
    endloop
  endfacet
  facet normal 0.595711 -0.803199 0
    outer loop
      vertex 22.9299 -9.66263 3
      vertex 21.9446 -10.3934 0
      vertex 22.9299 -9.66263 0
    endloop
  endfacet
  facet normal 0.85773 0.5141 0
    outer loop
      vertex 26.024 80.8925 3
      vertex 25.3934 81.9446 0
      vertex 25.3934 81.9446 3
    endloop
  endfacet
  facet normal 0.85773 0.5141 0
    outer loop
      vertex 25.3934 81.9446 0
      vertex 26.024 80.8925 3
      vertex 26.024 80.8925 0
    endloop
  endfacet
  facet normal -0.989175 0.146738 0
    outer loop
      vertex -27.4398 76.2252 0
      vertex -27.2598 77.4386 3
      vertex -27.2598 77.4386 0
    endloop
  endfacet
  facet normal -0.989175 0.146738 0
    outer loop
      vertex -27.2598 77.4386 3
      vertex -27.4398 76.2252 0
      vertex -27.4398 76.2252 3
    endloop
  endfacet
  facet normal 0.740946 -0.671564 0
    outer loop
      vertex 23.8388 -8.83883 3
      vertex 24.6626 -7.92992 0
      vertex 24.6626 -7.92992 3
    endloop
  endfacet
  facet normal 0.740946 -0.671564 0
    outer loop
      vertex 24.6626 -7.92992 0
      vertex 23.8388 -8.83883 3
      vertex 23.8388 -8.83883 0
    endloop
  endfacet
  facet normal -0.989176 -0.146735 0
    outer loop
      vertex -27.2598 -2.43863 0
      vertex -27.4398 -1.22521 3
      vertex -27.4398 -1.22521 0
    endloop
  endfacet
  facet normal -0.989176 -0.146735 0
    outer loop
      vertex -27.4398 -1.22521 3
      vertex -27.2598 -2.43863 0
      vertex -27.2598 -2.43863 3
    endloop
  endfacet
  facet normal -0.740946 -0.671564 0
    outer loop
      vertex -23.8388 -8.83883 0
      vertex -24.6626 -7.92992 3
      vertex -24.6626 -7.92992 0
    endloop
  endfacet
  facet normal -0.740946 -0.671564 0
    outer loop
      vertex -24.6626 -7.92992 3
      vertex -23.8388 -8.83883 0
      vertex -23.8388 -8.83883 3
    endloop
  endfacet
  facet normal 0.595727 0.803187 -0
    outer loop
      vertex 22.9299 84.6626 0
      vertex 21.9446 85.3934 3
      vertex 22.9299 84.6626 3
    endloop
  endfacet
  facet normal 0.595727 0.803187 0
    outer loop
      vertex 21.9446 85.3934 3
      vertex 22.9299 84.6626 0
      vertex 21.9446 85.3934 0
    endloop
  endfacet
  facet normal 0.671568 0.740943 -0
    outer loop
      vertex 23.8388 83.8388 0
      vertex 22.9299 84.6626 3
      vertex 23.8388 83.8388 3
    endloop
  endfacet
  facet normal 0.671568 0.740943 0
    outer loop
      vertex 22.9299 84.6626 3
      vertex 23.8388 83.8388 0
      vertex 22.9299 84.6626 0
    endloop
  endfacet
  facet normal 0.989175 0.146738 0
    outer loop
      vertex 27.4398 76.2252 3
      vertex 27.2598 77.4386 0
      vertex 27.2598 77.4386 3
    endloop
  endfacet
  facet normal 0.989175 0.146738 0
    outer loop
      vertex 27.2598 77.4386 0
      vertex 27.4398 76.2252 3
      vertex 27.4398 76.2252 0
    endloop
  endfacet
  facet normal 0.427543 -0.903995 0
    outer loop
      vertex 19.7835 -11.5485 0
      vertex 20.8925 -11.024 3
      vertex 19.7835 -11.5485 3
    endloop
  endfacet
  facet normal 0.427543 -0.903995 0
    outer loop
      vertex 20.8925 -11.024 3
      vertex 19.7835 -11.5485 0
      vertex 20.8925 -11.024 0
    endloop
  endfacet
  facet normal -0.0490756 -0.998795 0
    outer loop
      vertex -16.2252 -12.4398 0
      vertex -15 -12.5 3
      vertex -16.2252 -12.4398 3
    endloop
  endfacet
  facet normal -0.0490756 -0.998795 -0
    outer loop
      vertex -15 -12.5 3
      vertex -16.2252 -12.4398 0
      vertex -15 -12.5 0
    endloop
  endfacet
  facet normal 0.903983 -0.427568 0
    outer loop
      vertex 26.024 -5.89246 3
      vertex 26.5485 -4.78354 0
      vertex 26.5485 -4.78354 3
    endloop
  endfacet
  facet normal 0.903983 -0.427568 0
    outer loop
      vertex 26.5485 -4.78354 0
      vertex 26.024 -5.89246 3
      vertex 26.024 -5.89246 0
    endloop
  endfacet
  facet normal 0 0 -1
    outer loop
      vertex 9.74353 4.31387 0
      vertex -9.74353 4.31387 0
      vertex 10.1917 4.80833 0
    endloop
  endfacet
  facet normal 0 0 -1
    outer loop
      vertex 11.2221 69.346 0
      vertex -8.23274 74.3335 0
      vertex -8.2 75 0
    endloop
  endfacet
  facet normal 0 0 -1
    outer loop
      vertex -10.1917 4.80833 0
      vertex 10.1917 4.80833 0
      vertex -9.74353 4.31387 0
    endloop
  endfacet
  facet normal 0 0 -1
    outer loop
      vertex 11.2221 69.346 0
      vertex -8.33066 73.6734 0
      vertex -8.23274 74.3335 0
    endloop
  endfacet
  facet normal 0 0 -1
    outer loop
      vertex 10.1917 4.80833 0
      vertex -10.1917 4.80833 0
      vertex 10.6861 5.25647 0
    endloop
  endfacet
  facet normal 0 0 -1
    outer loop
      vertex 11.2221 69.346 0
      vertex -8.49281 73.0261 0
      vertex -8.33066 73.6734 0
    endloop
  endfacet
  facet normal 0 0 -1
    outer loop
      vertex -10.6861 5.25647 0
      vertex 10.6861 5.25647 0
      vertex -10.1917 4.80833 0
    endloop
  endfacet
  facet normal 0 0 -1
    outer loop
      vertex 11.2221 69.346 0
      vertex -8.71762 72.3978 0
      vertex -8.49281 73.0261 0
    endloop
  endfacet
  facet normal 0 0 -1
    outer loop
      vertex 10.6861 5.25647 0
      vertex -10.6861 5.25647 0
      vertex 11.2221 5.65399 0
    endloop
  endfacet
  facet normal 0 0 -1
    outer loop
      vertex 11.2221 69.346 0
      vertex -9.00293 71.7945 0
      vertex -8.71762 72.3978 0
    endloop
  endfacet
  facet normal 0 0 -1
    outer loop
      vertex -11.2221 5.65399 0
      vertex 11.2221 5.65399 0
      vertex -10.6861 5.25647 0
    endloop
  endfacet
  facet normal 0 0 -1
    outer loop
      vertex 11.2221 69.346 0
      vertex -9.34601 71.2221 0
      vertex -9.00293 71.7945 0
    endloop
  endfacet
  facet normal 0 0 -1
    outer loop
      vertex 11.2221 5.65399 0
      vertex -11.2221 5.65399 0
      vertex 11.7945 5.99706 0
    endloop
  endfacet
  facet normal 0 0 -1
    outer loop
      vertex 11.2221 69.346 0
      vertex -9.74353 70.6861 0
      vertex -9.34601 71.2221 0
    endloop
  endfacet
  facet normal 0 0 -1
    outer loop
      vertex -11.7945 5.99706 0
      vertex 11.7945 5.99706 0
      vertex -11.2221 5.65399 0
    endloop
  endfacet
  facet normal 0 0 -1
    outer loop
      vertex 11.2221 69.346 0
      vertex -10.1917 70.1917 0
      vertex -9.74353 70.6861 0
    endloop
  endfacet
  facet normal 0 0 -1
    outer loop
      vertex -12.3978 6.28238 0
      vertex 11.7945 5.99706 0
      vertex -11.7945 5.99706 0
    endloop
  endfacet
  facet normal 0 0 -1
    outer loop
      vertex 11.2221 69.346 0
      vertex -10.6861 69.7435 0
      vertex -10.1917 70.1917 0
    endloop
  endfacet
  facet normal 0 0 -1
    outer loop
      vertex 11.7945 5.99706 0
      vertex -12.3978 6.28238 0
      vertex 11.7945 69.0029 0
    endloop
  endfacet
  facet normal 0 0 -1
    outer loop
      vertex 11.2221 69.346 0
      vertex -11.2221 69.346 0
      vertex -10.6861 69.7435 0
    endloop
  endfacet
  facet normal 0 0 -1
    outer loop
      vertex -12.3978 68.7176 0
      vertex 11.7945 69.0029 0
      vertex -12.3978 6.28238 0
    endloop
  endfacet
  facet normal -0 0 -1
    outer loop
      vertex 11.2221 69.346 0
      vertex -11.7945 69.0029 0
      vertex -11.2221 69.346 0
    endloop
  endfacet
  facet normal 0 -0 -1
    outer loop
      vertex -11.7945 69.0029 0
      vertex 11.7945 69.0029 0
      vertex -12.3978 68.7176 0
    endloop
  endfacet
  facet normal 0 0 -1
    outer loop
      vertex 11.7945 69.0029 0
      vertex -11.7945 69.0029 0
      vertex 11.2221 69.346 0
    endloop
  endfacet
  facet normal 0 0 -1
    outer loop
      vertex -13.0261 6.50719 0
      vertex -12.3978 68.7176 0
      vertex -12.3978 6.28238 0
    endloop
  endfacet
  facet normal 0 0 -1
    outer loop
      vertex -13.0261 6.50719 0
      vertex -13.0261 68.4928 0
      vertex -12.3978 68.7176 0
    endloop
  endfacet
  facet normal 0 0 -1
    outer loop
      vertex -13.6734 6.66934 0
      vertex -13.0261 68.4928 0
      vertex -13.0261 6.50719 0
    endloop
  endfacet
  facet normal 0 0 -1
    outer loop
      vertex -13.6734 6.66934 0
      vertex -13.6734 68.3307 0
      vertex -13.0261 68.4928 0
    endloop
  endfacet
  facet normal 0 0 -1
    outer loop
      vertex -14.3335 6.76726 0
      vertex -13.6734 68.3307 0
      vertex -13.6734 6.66934 0
    endloop
  endfacet
  facet normal 0 0 -1
    outer loop
      vertex -14.3335 6.76726 0
      vertex -14.3335 68.2327 0
      vertex -13.6734 68.3307 0
    endloop
  endfacet
  facet normal 0 0 -1
    outer loop
      vertex -15 6.8 0
      vertex -14.3335 68.2327 0
      vertex -14.3335 6.76726 0
    endloop
  endfacet
  facet normal 0 0 -1
    outer loop
      vertex -15 6.8 0
      vertex -15 68.2 0
      vertex -14.3335 68.2327 0
    endloop
  endfacet
  facet normal 0 0 -1
    outer loop
      vertex -15.6665 6.76726 0
      vertex -15 68.2 0
      vertex -15 6.8 0
    endloop
  endfacet
  facet normal 0 0 -1
    outer loop
      vertex -15.6665 6.76726 0
      vertex -15.6665 68.2327 0
      vertex -15 68.2 0
    endloop
  endfacet
  facet normal 0 0 -1
    outer loop
      vertex -16.3266 6.66934 0
      vertex -15.6665 68.2327 0
      vertex -15.6665 6.76726 0
    endloop
  endfacet
  facet normal 0 0 -1
    outer loop
      vertex -16.3266 6.66934 0
      vertex -16.3266 68.3307 0
      vertex -15.6665 68.2327 0
    endloop
  endfacet
  facet normal 0 0 -1
    outer loop
      vertex -16.9739 6.50719 0
      vertex -16.3266 68.3307 0
      vertex -16.3266 6.66934 0
    endloop
  endfacet
  facet normal 0 0 -1
    outer loop
      vertex -16.9739 6.50719 0
      vertex -16.9739 68.4928 0
      vertex -16.3266 68.3307 0
    endloop
  endfacet
  facet normal 0 0 -1
    outer loop
      vertex -17.6022 6.28238 0
      vertex -16.9739 68.4928 0
      vertex -16.9739 6.50719 0
    endloop
  endfacet
  facet normal 0 0 -1
    outer loop
      vertex -17.6022 6.28238 0
      vertex -17.6022 68.7176 0
      vertex -16.9739 68.4928 0
    endloop
  endfacet
  facet normal 0 0 -1
    outer loop
      vertex -18.2055 5.99706 0
      vertex -17.6022 68.7176 0
      vertex -17.6022 6.28238 0
    endloop
  endfacet
  facet normal 0 0 -1
    outer loop
      vertex -18.2055 5.99706 0
      vertex -18.2055 69.0029 0
      vertex -17.6022 68.7176 0
    endloop
  endfacet
  facet normal 0 0 -1
    outer loop
      vertex -18.7779 5.65399 0
      vertex -18.2055 69.0029 0
      vertex -18.2055 5.99706 0
    endloop
  endfacet
  facet normal 0 0 -1
    outer loop
      vertex -18.7779 5.65399 0
      vertex -18.7779 69.346 0
      vertex -18.2055 69.0029 0
    endloop
  endfacet
  facet normal 0 0 -1
    outer loop
      vertex -19.3139 5.25647 0
      vertex -18.7779 69.346 0
      vertex -18.7779 5.65399 0
    endloop
  endfacet
  facet normal 0 0 -1
    outer loop
      vertex -19.3139 5.25647 0
      vertex -19.3139 69.7435 0
      vertex -18.7779 69.346 0
    endloop
  endfacet
  facet normal 0 0 -1
    outer loop
      vertex -27.5 0 0
      vertex -19.3139 5.25647 0
      vertex -19.8083 4.80833 0
    endloop
  endfacet
  facet normal -0 0 -1
    outer loop
      vertex -19.3139 5.25647 0
      vertex -27.5 0 0
      vertex -19.3139 69.7435 0
    endloop
  endfacet
  facet normal 0 0 -1
    outer loop
      vertex -27.5 0 0
      vertex -19.8083 4.80833 0
      vertex -20.2565 4.31387 0
    endloop
  endfacet
  facet normal 0 0 -1
    outer loop
      vertex -27.5 75 0
      vertex -19.3139 69.7435 0
      vertex -27.5 0 0
    endloop
  endfacet
  facet normal 0 0 -1
    outer loop
      vertex -27.5 0 0
      vertex -20.2565 4.31387 0
      vertex -20.654 3.77788 0
    endloop
  endfacet
  facet normal 0 0 -1
    outer loop
      vertex -19.3139 69.7435 0
      vertex -27.5 75 0
      vertex -19.8083 70.1917 0
    endloop
  endfacet
  facet normal 0 0 -1
    outer loop
      vertex -27.5 0 0
      vertex -20.654 3.77788 0
      vertex -20.9971 3.2055 0
    endloop
  endfacet
  facet normal 0 0 -1
    outer loop
      vertex -19.8083 70.1917 0
      vertex -27.5 75 0
      vertex -20.2565 70.6861 0
    endloop
  endfacet
  facet normal 0 0 -1
    outer loop
      vertex -27.5 0 0
      vertex -20.9971 3.2055 0
      vertex -21.2824 2.60225 0
    endloop
  endfacet
  facet normal 0 0 -1
    outer loop
      vertex -20.2565 70.6861 0
      vertex -27.5 75 0
      vertex -20.654 71.2221 0
    endloop
  endfacet
  facet normal 0 0 -1
    outer loop
      vertex -27.5 0 0
      vertex -21.2824 2.60225 0
      vertex -21.5072 1.97394 0
    endloop
  endfacet
  facet normal 0 0 -1
    outer loop
      vertex -20.654 71.2221 0
      vertex -27.5 75 0
      vertex -20.9971 71.7945 0
    endloop
  endfacet
  facet normal 0 0 -1
    outer loop
      vertex -27.5 0 0
      vertex -21.5072 1.97394 0
      vertex -21.6693 1.32661 0
    endloop
  endfacet
  facet normal 0 0 -1
    outer loop
      vertex -20.9971 71.7945 0
      vertex -27.5 75 0
      vertex -21.2824 72.3978 0
    endloop
  endfacet
  facet normal 0 0 -1
    outer loop
      vertex -27.5 0 0
      vertex -21.6693 1.32661 0
      vertex -21.7673 0.666516 0
    endloop
  endfacet
  facet normal 0 0 -1
    outer loop
      vertex -21.2824 72.3978 0
      vertex -27.5 75 0
      vertex -21.5072 73.0261 0
    endloop
  endfacet
  facet normal 0 0 -1
    outer loop
      vertex -27.5 0 0
      vertex -21.7673 0.666516 0
      vertex -21.8 0 0
    endloop
  endfacet
  facet normal 0 0 -1
    outer loop
      vertex -21.5072 73.0261 0
      vertex -27.5 75 0
      vertex -21.6693 73.6734 0
    endloop
  endfacet
  facet normal 0 0 -1
    outer loop
      vertex 21.5072 1.97394 0
      vertex 27.5 0 0
      vertex 21.6693 1.32661 0
    endloop
  endfacet
  facet normal -0 0 -1
    outer loop
      vertex 27.5 75 0
      vertex 21.7673 74.3335 0
      vertex 21.8 75 0
    endloop
  endfacet
  facet normal 0 0 -1
    outer loop
      vertex 21.2824 2.60225 0
      vertex 27.5 0 0
      vertex 21.5072 1.97394 0
    endloop
  endfacet
  facet normal 0 0 -1
    outer loop
      vertex 27.5 75 0
      vertex 21.6693 73.6734 0
      vertex 21.7673 74.3335 0
    endloop
  endfacet
  facet normal 0 0 -1
    outer loop
      vertex 20.9971 3.2055 0
      vertex 27.5 0 0
      vertex 21.2824 2.60225 0
    endloop
  endfacet
  facet normal 0 0 -1
    outer loop
      vertex 27.5 75 0
      vertex 21.5072 73.0261 0
      vertex 21.6693 73.6734 0
    endloop
  endfacet
  facet normal 0 0 -1
    outer loop
      vertex 20.654 3.77788 0
      vertex 27.5 0 0
      vertex 20.9971 3.2055 0
    endloop
  endfacet
  facet normal 0 0 -1
    outer loop
      vertex 27.5 75 0
      vertex 21.2824 72.3978 0
      vertex 21.5072 73.0261 0
    endloop
  endfacet
  facet normal 0 0 -1
    outer loop
      vertex 20.2565 4.31387 0
      vertex 27.5 0 0
      vertex 20.654 3.77788 0
    endloop
  endfacet
  facet normal 0 0 -1
    outer loop
      vertex 27.5 75 0
      vertex 20.9971 71.7945 0
      vertex 21.2824 72.3978 0
    endloop
  endfacet
  facet normal 0 0 -1
    outer loop
      vertex 19.8083 4.80833 0
      vertex 27.5 0 0
      vertex 20.2565 4.31387 0
    endloop
  endfacet
  facet normal 0 0 -1
    outer loop
      vertex 27.5 75 0
      vertex 20.654 71.2221 0
      vertex 20.9971 71.7945 0
    endloop
  endfacet
  facet normal 0 0 -1
    outer loop
      vertex 19.3139 5.25647 0
      vertex 27.5 0 0
      vertex 19.8083 4.80833 0
    endloop
  endfacet
  facet normal 0 0 -1
    outer loop
      vertex 27.5 75 0
      vertex 20.2565 70.6861 0
      vertex 20.654 71.2221 0
    endloop
  endfacet
  facet normal 0 0 -1
    outer loop
      vertex 27.5 0 0
      vertex 19.3139 5.25647 0
      vertex 27.5 75 0
    endloop
  endfacet
  facet normal 0 0 -1
    outer loop
      vertex 27.5 75 0
      vertex 19.8083 70.1917 0
      vertex 20.2565 70.6861 0
    endloop
  endfacet
  facet normal 0 0 -1
    outer loop
      vertex 19.3139 69.7435 0
      vertex 27.5 75 0
      vertex 19.3139 5.25647 0
    endloop
  endfacet
  facet normal 0 0 -1
    outer loop
      vertex 27.5 75 0
      vertex 19.3139 69.7435 0
      vertex 19.8083 70.1917 0
    endloop
  endfacet
  facet normal 0 0 -1
    outer loop
      vertex 18.7779 5.65399 0
      vertex 19.3139 69.7435 0
      vertex 19.3139 5.25647 0
    endloop
  endfacet
  facet normal 0 0 -1
    outer loop
      vertex 18.7779 5.65399 0
      vertex 18.7779 69.346 0
      vertex 19.3139 69.7435 0
    endloop
  endfacet
  facet normal 0 0 -1
    outer loop
      vertex 18.2055 5.99706 0
      vertex 18.7779 69.346 0
      vertex 18.7779 5.65399 0
    endloop
  endfacet
  facet normal 0 0 -1
    outer loop
      vertex 18.2055 5.99706 0
      vertex 18.2055 69.0029 0
      vertex 18.7779 69.346 0
    endloop
  endfacet
  facet normal 0 0 -1
    outer loop
      vertex 17.6022 6.28238 0
      vertex 18.2055 69.0029 0
      vertex 18.2055 5.99706 0
    endloop
  endfacet
  facet normal 0 0 -1
    outer loop
      vertex 17.6022 6.28238 0
      vertex 17.6022 68.7176 0
      vertex 18.2055 69.0029 0
    endloop
  endfacet
  facet normal 0 0 -1
    outer loop
      vertex 16.9739 6.50719 0
      vertex 17.6022 68.7176 0
      vertex 17.6022 6.28238 0
    endloop
  endfacet
  facet normal 0 0 -1
    outer loop
      vertex 16.9739 6.50719 0
      vertex 16.9739 68.4928 0
      vertex 17.6022 68.7176 0
    endloop
  endfacet
  facet normal 0 0 -1
    outer loop
      vertex 16.3266 6.66934 0
      vertex 16.9739 68.4928 0
      vertex 16.9739 6.50719 0
    endloop
  endfacet
  facet normal 0 0 -1
    outer loop
      vertex 16.3266 6.66934 0
      vertex 16.3266 68.3307 0
      vertex 16.9739 68.4928 0
    endloop
  endfacet
  facet normal 0 0 -1
    outer loop
      vertex 15.6665 6.76726 0
      vertex 16.3266 68.3307 0
      vertex 16.3266 6.66934 0
    endloop
  endfacet
  facet normal 0 0 -1
    outer loop
      vertex 15.6665 6.76726 0
      vertex 15.6665 68.2327 0
      vertex 16.3266 68.3307 0
    endloop
  endfacet
  facet normal 0 0 -1
    outer loop
      vertex 15 6.8 0
      vertex 15.6665 68.2327 0
      vertex 15.6665 6.76726 0
    endloop
  endfacet
  facet normal 0 0 -1
    outer loop
      vertex 15 6.8 0
      vertex 15 68.2 0
      vertex 15.6665 68.2327 0
    endloop
  endfacet
  facet normal 0 0 -1
    outer loop
      vertex 14.3335 6.76726 0
      vertex 15 68.2 0
      vertex 15 6.8 0
    endloop
  endfacet
  facet normal 0 0 -1
    outer loop
      vertex 14.3335 6.76726 0
      vertex 14.3335 68.2327 0
      vertex 15 68.2 0
    endloop
  endfacet
  facet normal 0 0 -1
    outer loop
      vertex 13.6734 6.66934 0
      vertex 14.3335 68.2327 0
      vertex 14.3335 6.76726 0
    endloop
  endfacet
  facet normal 0 0 -1
    outer loop
      vertex 13.6734 6.66934 0
      vertex 13.6734 68.3307 0
      vertex 14.3335 68.2327 0
    endloop
  endfacet
  facet normal 0 0 -1
    outer loop
      vertex 13.0261 6.50719 0
      vertex 13.6734 68.3307 0
      vertex 13.6734 6.66934 0
    endloop
  endfacet
  facet normal 0 0 -1
    outer loop
      vertex 13.0261 6.50719 0
      vertex 13.0261 68.4928 0
      vertex 13.6734 68.3307 0
    endloop
  endfacet
  facet normal 0 0 -1
    outer loop
      vertex 12.3978 6.28238 0
      vertex 13.0261 68.4928 0
      vertex 13.0261 6.50719 0
    endloop
  endfacet
  facet normal 0 0 -1
    outer loop
      vertex 12.3978 6.28238 0
      vertex 12.3978 68.7176 0
      vertex 13.0261 68.4928 0
    endloop
  endfacet
  facet normal 0 0 -1
    outer loop
      vertex 11.7945 5.99706 0
      vertex 12.3978 68.7176 0
      vertex 12.3978 6.28238 0
    endloop
  endfacet
  facet normal 0 0 -1
    outer loop
      vertex 11.7945 5.99706 0
      vertex 11.7945 69.0029 0
      vertex 12.3978 68.7176 0
    endloop
  endfacet
  facet normal 0 0 -1
    outer loop
      vertex 9.34601 3.77788 0
      vertex -9.34601 3.77788 0
      vertex 9.74353 4.31387 0
    endloop
  endfacet
  facet normal 0 0 -1
    outer loop
      vertex -9.74353 4.31387 0
      vertex 9.74353 4.31387 0
      vertex -9.34601 3.77788 0
    endloop
  endfacet
  facet normal 0 0 -1
    outer loop
      vertex -9.00293 3.2055 0
      vertex 9.00293 3.2055 0
      vertex -8.71762 2.60225 0
    endloop
  endfacet
  facet normal 0 0 -1
    outer loop
      vertex 9.00293 3.2055 0
      vertex -9.00293 3.2055 0
      vertex 9.34601 3.77788 0
    endloop
  endfacet
  facet normal 0 0 -1
    outer loop
      vertex 8.71762 2.60225 0
      vertex -8.71762 2.60225 0
      vertex 9.00293 3.2055 0
    endloop
  endfacet
  facet normal 0 0 -1
    outer loop
      vertex -9.34601 3.77788 0
      vertex 9.34601 3.77788 0
      vertex -9.00293 3.2055 0
    endloop
  endfacet
  facet normal 0 0 -1
    outer loop
      vertex -8.71762 2.60225 0
      vertex 8.71762 2.60225 0
      vertex -8.49281 1.97394 0
    endloop
  endfacet
  facet normal 0 0 -1
    outer loop
      vertex 11.2221 69.346 0
      vertex -8.2 75 0
      vertex 10.6861 69.7435 0
    endloop
  endfacet
  facet normal 0 0 -1
    outer loop
      vertex 8.49281 1.97394 0
      vertex -8.49281 1.97394 0
      vertex 8.71762 2.60225 0
    endloop
  endfacet
  facet normal 0 0 -1
    outer loop
      vertex 10.6861 69.7435 0
      vertex -8.2 75 0
      vertex 10.1917 70.1917 0
    endloop
  endfacet
  facet normal 0 0 -1
    outer loop
      vertex -8.49281 1.97394 0
      vertex 8.49281 1.97394 0
      vertex -8.33066 1.32661 0
    endloop
  endfacet
  facet normal 0 0 -1
    outer loop
      vertex 10.1917 70.1917 0
      vertex -8.2 75 0
      vertex 9.74353 70.6861 0
    endloop
  endfacet
  facet normal 0 0 -1
    outer loop
      vertex 8.33066 1.32661 0
      vertex -8.33066 1.32661 0
      vertex 8.49281 1.97394 0
    endloop
  endfacet
  facet normal 0 0 -1
    outer loop
      vertex 9.74353 70.6861 0
      vertex -8.2 75 0
      vertex 9.34601 71.2221 0
    endloop
  endfacet
  facet normal 0 0 -1
    outer loop
      vertex -8.33066 1.32661 0
      vertex 8.33066 1.32661 0
      vertex -8.23274 0.666516 0
    endloop
  endfacet
  facet normal 0 0 -1
    outer loop
      vertex 9.34601 71.2221 0
      vertex -8.2 75 0
      vertex 9.00293 71.7945 0
    endloop
  endfacet
  facet normal 0 0 -1
    outer loop
      vertex 8.23274 0.666516 0
      vertex -8.23274 0.666516 0
      vertex 8.33066 1.32661 0
    endloop
  endfacet
  facet normal 0 0 -1
    outer loop
      vertex 9.00293 71.7945 0
      vertex -8.2 75 0
      vertex 8.71762 72.3978 0
    endloop
  endfacet
  facet normal 0 0 -1
    outer loop
      vertex -8.23274 0.666516 0
      vertex 8.23274 0.666516 0
      vertex -8.2 0 0
    endloop
  endfacet
  facet normal 0 0 -1
    outer loop
      vertex 8.71762 72.3978 0
      vertex -8.2 75 0
      vertex 8.49281 73.0261 0
    endloop
  endfacet
  facet normal 0 0 -1
    outer loop
      vertex -8.2 0 0
      vertex 8.23274 0.666516 0
      vertex 8.2 0 0
    endloop
  endfacet
  facet normal 0 0 -1
    outer loop
      vertex 8.49281 73.0261 0
      vertex -8.2 75 0
      vertex 8.33066 73.6734 0
    endloop
  endfacet
  facet normal 0 0 -1
    outer loop
      vertex 21.8 0 0
      vertex 27.5 0 0
      vertex 27.4398 -1.22521 0
    endloop
  endfacet
  facet normal 0 0 -1
    outer loop
      vertex 21.7673 0.666516 0
      vertex 27.5 0 0
      vertex 21.8 0 0
    endloop
  endfacet
  facet normal 0 0 -1
    outer loop
      vertex 21.7673 -0.666516 0
      vertex 27.4398 -1.22521 0
      vertex 27.2598 -2.43863 0
    endloop
  endfacet
  facet normal 0 0 -1
    outer loop
      vertex 21.6693 1.32661 0
      vertex 27.5 0 0
      vertex 21.7673 0.666516 0
    endloop
  endfacet
  facet normal 0 0 -1
    outer loop
      vertex 21.6693 -1.32661 0
      vertex 27.2598 -2.43863 0
      vertex 26.9618 -3.62856 0
    endloop
  endfacet
  facet normal 0 0 -1
    outer loop
      vertex 27.5 75 0
      vertex 21.8 75 0
      vertex 27.4398 76.2252 0
    endloop
  endfacet
  facet normal 0 0 -1
    outer loop
      vertex 21.5072 -1.97394 0
      vertex 26.9618 -3.62856 0
      vertex 26.5485 -4.78354 0
    endloop
  endfacet
  facet normal 0 0 -1
    outer loop
      vertex 21.7673 75.6665 0
      vertex 27.4398 76.2252 0
      vertex 21.8 75 0
    endloop
  endfacet
  facet normal 0 0 -1
    outer loop
      vertex 21.2824 -2.60225 0
      vertex 26.5485 -4.78354 0
      vertex 26.024 -5.89246 0
    endloop
  endfacet
  facet normal -0 0 -1
    outer loop
      vertex 27.4398 76.2252 0
      vertex 21.7673 75.6665 0
      vertex 27.2598 77.4386 0
    endloop
  endfacet
  facet normal 0 0 -1
    outer loop
      vertex 20.9971 -3.2055 0
      vertex 26.024 -5.89246 0
      vertex 25.3934 -6.94463 0
    endloop
  endfacet
  facet normal 0 0 -1
    outer loop
      vertex 21.6693 76.3266 0
      vertex 27.2598 77.4386 0
      vertex 21.7673 75.6665 0
    endloop
  endfacet
  facet normal 0 0 -1
    outer loop
      vertex 20.654 -3.77788 0
      vertex 25.3934 -6.94463 0
      vertex 24.6626 -7.92992 0
    endloop
  endfacet
  facet normal -0 0 -1
    outer loop
      vertex 27.2598 77.4386 0
      vertex 21.6693 76.3266 0
      vertex 26.9618 78.6286 0
    endloop
  endfacet
  facet normal 0 0 -1
    outer loop
      vertex 20.2565 -4.31387 0
      vertex 24.6626 -7.92992 0
      vertex 23.8388 -8.83883 0
    endloop
  endfacet
  facet normal 0 0 -1
    outer loop
      vertex 21.5072 76.9739 0
      vertex 26.9618 78.6286 0
      vertex 21.6693 76.3266 0
    endloop
  endfacet
  facet normal 0 0 -1
    outer loop
      vertex 19.8083 -4.80833 0
      vertex 23.8388 -8.83883 0
      vertex 22.9299 -9.66263 0
    endloop
  endfacet
  facet normal -0 0 -1
    outer loop
      vertex 26.9618 78.6286 0
      vertex 21.5072 76.9739 0
      vertex 26.5485 79.7835 0
    endloop
  endfacet
  facet normal 0 0 -1
    outer loop
      vertex 19.3139 -5.25647 0
      vertex 22.9299 -9.66263 0
      vertex 21.9446 -10.3934 0
    endloop
  endfacet
  facet normal 0 0 -1
    outer loop
      vertex 21.2824 77.6022 0
      vertex 26.5485 79.7835 0
      vertex 21.5072 76.9739 0
    endloop
  endfacet
  facet normal -0 0 -1
    outer loop
      vertex 26.5485 79.7835 0
      vertex 21.2824 77.6022 0
      vertex 26.024 80.8925 0
    endloop
  endfacet
  facet normal 0 0 -1
    outer loop
      vertex 27.4398 -1.22521 0
      vertex 21.7673 -0.666516 0
      vertex 21.8 0 0
    endloop
  endfacet
  facet normal 0 0 -1
    outer loop
      vertex 27.2598 -2.43863 0
      vertex 21.6693 -1.32661 0
      vertex 21.7673 -0.666516 0
    endloop
  endfacet
  facet normal 0 0 -1
    outer loop
      vertex 26.9618 -3.62856 0
      vertex 21.5072 -1.97394 0
      vertex 21.6693 -1.32661 0
    endloop
  endfacet
  facet normal 0 0 -1
    outer loop
      vertex 26.5485 -4.78354 0
      vertex 21.2824 -2.60225 0
      vertex 21.5072 -1.97394 0
    endloop
  endfacet
  facet normal 0 0 -1
    outer loop
      vertex 26.024 -5.89246 0
      vertex 20.9971 -3.2055 0
      vertex 21.2824 -2.60225 0
    endloop
  endfacet
  facet normal 0 0 -1
    outer loop
      vertex 18.7779 -5.65399 0
      vertex 21.9446 -10.3934 0
      vertex 20.8925 -11.024 0
    endloop
  endfacet
  facet normal 0 0 -1
    outer loop
      vertex 25.3934 -6.94463 0
      vertex 20.654 -3.77788 0
      vertex 20.9971 -3.2055 0
    endloop
  endfacet
  facet normal 0 0 -1
    outer loop
      vertex 24.6626 -7.92992 0
      vertex 20.2565 -4.31387 0
      vertex 20.654 -3.77788 0
    endloop
  endfacet
  facet normal 0 0 -1
    outer loop
      vertex 23.8388 -8.83883 0
      vertex 19.8083 -4.80833 0
      vertex 20.2565 -4.31387 0
    endloop
  endfacet
  facet normal 0 0 -1
    outer loop
      vertex 18.2055 -5.99706 0
      vertex 20.8925 -11.024 0
      vertex 19.7835 -11.5485 0
    endloop
  endfacet
  facet normal 0 0 -1
    outer loop
      vertex 22.9299 -9.66263 0
      vertex 19.3139 -5.25647 0
      vertex 19.8083 -4.80833 0
    endloop
  endfacet
  facet normal 0 0 -1
    outer loop
      vertex 21.9446 -10.3934 0
      vertex 18.7779 -5.65399 0
      vertex 19.3139 -5.25647 0
    endloop
  endfacet
  facet normal 0 0 -1
    outer loop
      vertex 17.6022 -6.28238 0
      vertex 19.7835 -11.5485 0
      vertex 18.6286 -11.9618 0
    endloop
  endfacet
  facet normal 0 0 -1
    outer loop
      vertex 20.8925 -11.024 0
      vertex 18.2055 -5.99706 0
      vertex 18.7779 -5.65399 0
    endloop
  endfacet
  facet normal 0 0 -1
    outer loop
      vertex 19.7835 -11.5485 0
      vertex 17.6022 -6.28238 0
      vertex 18.2055 -5.99706 0
    endloop
  endfacet
  facet normal 0 0 -1
    outer loop
      vertex 16.9739 -6.50719 0
      vertex 18.6286 -11.9618 0
      vertex 17.4386 -12.2598 0
    endloop
  endfacet
  facet normal 0 0 -1
    outer loop
      vertex 18.6286 -11.9618 0
      vertex 16.9739 -6.50719 0
      vertex 17.6022 -6.28238 0
    endloop
  endfacet
  facet normal 0 0 -1
    outer loop
      vertex 17.4386 -12.2598 0
      vertex 16.3266 -6.66934 0
      vertex 16.9739 -6.50719 0
    endloop
  endfacet
  facet normal 0 0 -1
    outer loop
      vertex 16.2252 -12.4398 0
      vertex 16.3266 -6.66934 0
      vertex 17.4386 -12.2598 0
    endloop
  endfacet
  facet normal 0 0 -1
    outer loop
      vertex 16.2252 -12.4398 0
      vertex 15.6665 -6.76726 0
      vertex 16.3266 -6.66934 0
    endloop
  endfacet
  facet normal 0 0 -1
    outer loop
      vertex 15 -12.5 0
      vertex 15.6665 -6.76726 0
      vertex 16.2252 -12.4398 0
    endloop
  endfacet
  facet normal 0 0 -1
    outer loop
      vertex 15 -12.5 0
      vertex 15 -6.8 0
      vertex 15.6665 -6.76726 0
    endloop
  endfacet
  facet normal 0 0 -1
    outer loop
      vertex 15 -12.5 0
      vertex 14.3335 -6.76726 0
      vertex 15 -6.8 0
    endloop
  endfacet
  facet normal 0 0 -1
    outer loop
      vertex 15 -12.5 0
      vertex 13.6734 -6.66934 0
      vertex 14.3335 -6.76726 0
    endloop
  endfacet
  facet normal 0 0 -1
    outer loop
      vertex 15 -12.5 0
      vertex 13.0261 -6.50719 0
      vertex 13.6734 -6.66934 0
    endloop
  endfacet
  facet normal 0 0 -1
    outer loop
      vertex 15 -12.5 0
      vertex 12.3978 -6.28238 0
      vertex 13.0261 -6.50719 0
    endloop
  endfacet
  facet normal 0 0 -1
    outer loop
      vertex 15 -12.5 0
      vertex 11.7945 -5.99706 0
      vertex 12.3978 -6.28238 0
    endloop
  endfacet
  facet normal 0 0 -1
    outer loop
      vertex 15 -12.5 0
      vertex 11.2221 -5.65399 0
      vertex 11.7945 -5.99706 0
    endloop
  endfacet
  facet normal 0 0 -1
    outer loop
      vertex 15 -12.5 0
      vertex 10.6861 -5.25647 0
      vertex 11.2221 -5.65399 0
    endloop
  endfacet
  facet normal 0 0 -1
    outer loop
      vertex 15 -12.5 0
      vertex 10.1917 -4.80833 0
      vertex 10.6861 -5.25647 0
    endloop
  endfacet
  facet normal 0 0 -1
    outer loop
      vertex -10.1917 -4.80833 0
      vertex 10.1917 -4.80833 0
      vertex 15 -12.5 0
    endloop
  endfacet
  facet normal 0 0 -1
    outer loop
      vertex 10.1917 -4.80833 0
      vertex -10.1917 -4.80833 0
      vertex 9.74353 -4.31387 0
    endloop
  endfacet
  facet normal 0 0 -1
    outer loop
      vertex 8.33066 73.6734 0
      vertex -8.2 75 0
      vertex 8.23274 74.3335 0
    endloop
  endfacet
  facet normal 0 0 -1
    outer loop
      vertex 8.23274 -0.666516 0
      vertex -8.2 0 0
      vertex 8.2 0 0
    endloop
  endfacet
  facet normal 0 0 -1
    outer loop
      vertex -8.23274 -0.666516 0
      vertex 8.23274 -0.666516 0
      vertex 8.33066 -1.32661 0
    endloop
  endfacet
  facet normal 0 0 -1
    outer loop
      vertex -8.33066 -1.32661 0
      vertex 8.33066 -1.32661 0
      vertex 8.49281 -1.97394 0
    endloop
  endfacet
  facet normal 0 0 -1
    outer loop
      vertex -8.49281 -1.97394 0
      vertex 8.49281 -1.97394 0
      vertex 8.71762 -2.60225 0
    endloop
  endfacet
  facet normal 0 0 -1
    outer loop
      vertex -8.71762 -2.60225 0
      vertex 8.71762 -2.60225 0
      vertex 9.00293 -3.2055 0
    endloop
  endfacet
  facet normal 0 0 -1
    outer loop
      vertex -9.00293 -3.2055 0
      vertex 9.00293 -3.2055 0
      vertex 9.34601 -3.77788 0
    endloop
  endfacet
  facet normal 0 -0 -1
    outer loop
      vertex -9.74353 -4.31387 0
      vertex 9.74353 -4.31387 0
      vertex -10.1917 -4.80833 0
    endloop
  endfacet
  facet normal 0 0 -1
    outer loop
      vertex 8.23274 -0.666516 0
      vertex -8.23274 -0.666516 0
      vertex -8.2 0 0
    endloop
  endfacet
  facet normal 0 0 -1
    outer loop
      vertex 8.33066 -1.32661 0
      vertex -8.33066 -1.32661 0
      vertex -8.23274 -0.666516 0
    endloop
  endfacet
  facet normal 0 0 -1
    outer loop
      vertex 8.49281 -1.97394 0
      vertex -8.49281 -1.97394 0
      vertex -8.33066 -1.32661 0
    endloop
  endfacet
  facet normal 0 0 -1
    outer loop
      vertex 8.71762 -2.60225 0
      vertex -8.71762 -2.60225 0
      vertex -8.49281 -1.97394 0
    endloop
  endfacet
  facet normal 0 0 -1
    outer loop
      vertex 9.00293 -3.2055 0
      vertex -9.00293 -3.2055 0
      vertex -8.71762 -2.60225 0
    endloop
  endfacet
  facet normal 0 0 -1
    outer loop
      vertex 9.34601 -3.77788 0
      vertex -9.34601 -3.77788 0
      vertex -9.00293 -3.2055 0
    endloop
  endfacet
  facet normal -0 0 -1
    outer loop
      vertex 9.34601 -3.77788 0
      vertex -9.74353 -4.31387 0
      vertex -9.34601 -3.77788 0
    endloop
  endfacet
  facet normal 0 0 -1
    outer loop
      vertex 9.74353 -4.31387 0
      vertex -9.74353 -4.31387 0
      vertex 9.34601 -3.77788 0
    endloop
  endfacet
  facet normal 0 0 -1
    outer loop
      vertex 15 -12.5 0
      vertex -10.6861 -5.25647 0
      vertex -10.1917 -4.80833 0
    endloop
  endfacet
  facet normal 0 0 -1
    outer loop
      vertex -15 -12.5 0
      vertex -10.6861 -5.25647 0
      vertex 15 -12.5 0
    endloop
  endfacet
  facet normal 0 0 -1
    outer loop
      vertex -10.6861 -5.25647 0
      vertex -15 -12.5 0
      vertex -11.2221 -5.65399 0
    endloop
  endfacet
  facet normal 0 0 -1
    outer loop
      vertex -11.2221 -5.65399 0
      vertex -15 -12.5 0
      vertex -11.7945 -5.99706 0
    endloop
  endfacet
  facet normal 0 0 -1
    outer loop
      vertex -11.7945 -5.99706 0
      vertex -15 -12.5 0
      vertex -12.3978 -6.28238 0
    endloop
  endfacet
  facet normal 0 0 -1
    outer loop
      vertex -12.3978 -6.28238 0
      vertex -15 -12.5 0
      vertex -13.0261 -6.50719 0
    endloop
  endfacet
  facet normal 0 0 -1
    outer loop
      vertex -13.0261 -6.50719 0
      vertex -15 -12.5 0
      vertex -13.6734 -6.66934 0
    endloop
  endfacet
  facet normal 0 0 -1
    outer loop
      vertex -13.6734 -6.66934 0
      vertex -15 -12.5 0
      vertex -14.3335 -6.76726 0
    endloop
  endfacet
  facet normal 0 0 -1
    outer loop
      vertex -15 -12.5 0
      vertex -15 -6.8 0
      vertex -14.3335 -6.76726 0
    endloop
  endfacet
  facet normal 0 0 -1
    outer loop
      vertex -15 -12.5 0
      vertex -15.6665 -6.76726 0
      vertex -15 -6.8 0
    endloop
  endfacet
  facet normal 0 0 -1
    outer loop
      vertex -16.2252 -12.4398 0
      vertex -15.6665 -6.76726 0
      vertex -15 -12.5 0
    endloop
  endfacet
  facet normal 0 0 -1
    outer loop
      vertex -16.2252 -12.4398 0
      vertex -16.3266 -6.66934 0
      vertex -15.6665 -6.76726 0
    endloop
  endfacet
  facet normal 0 0 -1
    outer loop
      vertex -17.4386 -12.2598 0
      vertex -16.3266 -6.66934 0
      vertex -16.2252 -12.4398 0
    endloop
  endfacet
  facet normal -0 0 -1
    outer loop
      vertex -16.3266 -6.66934 0
      vertex -17.4386 -12.2598 0
      vertex -16.9739 -6.50719 0
    endloop
  endfacet
  facet normal 0 0 -1
    outer loop
      vertex -18.6286 -11.9618 0
      vertex -16.9739 -6.50719 0
      vertex -17.4386 -12.2598 0
    endloop
  endfacet
  facet normal -0 0 -1
    outer loop
      vertex -16.9739 -6.50719 0
      vertex -18.6286 -11.9618 0
      vertex -17.6022 -6.28238 0
    endloop
  endfacet
  facet normal 0 0 -1
    outer loop
      vertex -19.7835 -11.5485 0
      vertex -17.6022 -6.28238 0
      vertex -18.6286 -11.9618 0
    endloop
  endfacet
  facet normal -0 0 -1
    outer loop
      vertex -17.6022 -6.28238 0
      vertex -19.7835 -11.5485 0
      vertex -18.2055 -5.99706 0
    endloop
  endfacet
  facet normal 0 0 -1
    outer loop
      vertex -20.8925 -11.024 0
      vertex -18.2055 -5.99706 0
      vertex -19.7835 -11.5485 0
    endloop
  endfacet
  facet normal -0 0 -1
    outer loop
      vertex -18.2055 -5.99706 0
      vertex -20.8925 -11.024 0
      vertex -18.7779 -5.65399 0
    endloop
  endfacet
  facet normal 0 0 -1
    outer loop
      vertex -21.9446 -10.3934 0
      vertex -18.7779 -5.65399 0
      vertex -20.8925 -11.024 0
    endloop
  endfacet
  facet normal -0 0 -1
    outer loop
      vertex -18.7779 -5.65399 0
      vertex -21.9446 -10.3934 0
      vertex -19.3139 -5.25647 0
    endloop
  endfacet
  facet normal 0 0 -1
    outer loop
      vertex -22.9299 -9.66263 0
      vertex -19.3139 -5.25647 0
      vertex -21.9446 -10.3934 0
    endloop
  endfacet
  facet normal -0 0 -1
    outer loop
      vertex -19.3139 -5.25647 0
      vertex -22.9299 -9.66263 0
      vertex -19.8083 -4.80833 0
    endloop
  endfacet
  facet normal 0 0 -1
    outer loop
      vertex -23.8388 -8.83883 0
      vertex -19.8083 -4.80833 0
      vertex -22.9299 -9.66263 0
    endloop
  endfacet
  facet normal -0 0 -1
    outer loop
      vertex -19.8083 -4.80833 0
      vertex -23.8388 -8.83883 0
      vertex -20.2565 -4.31387 0
    endloop
  endfacet
  facet normal 0 0 -1
    outer loop
      vertex -24.6626 -7.92992 0
      vertex -20.2565 -4.31387 0
      vertex -23.8388 -8.83883 0
    endloop
  endfacet
  facet normal -0 0 -1
    outer loop
      vertex -20.2565 -4.31387 0
      vertex -24.6626 -7.92992 0
      vertex -20.654 -3.77788 0
    endloop
  endfacet
  facet normal 0 0 -1
    outer loop
      vertex -25.3934 -6.94463 0
      vertex -20.654 -3.77788 0
      vertex -24.6626 -7.92992 0
    endloop
  endfacet
  facet normal -0 0 -1
    outer loop
      vertex -20.9971 -3.2055 0
      vertex -26.024 -5.89246 0
      vertex -21.2824 -2.60225 0
    endloop
  endfacet
  facet normal 0 0 -1
    outer loop
      vertex -26.024 -5.89246 0
      vertex -20.9971 -3.2055 0
      vertex -25.3934 -6.94463 0
    endloop
  endfacet
  facet normal -0 0 -1
    outer loop
      vertex -20.654 -3.77788 0
      vertex -25.3934 -6.94463 0
      vertex -20.9971 -3.2055 0
    endloop
  endfacet
  facet normal 0 0 -1
    outer loop
      vertex 20.9971 78.2055 0
      vertex 26.024 80.8925 0
      vertex 21.2824 77.6022 0
    endloop
  endfacet
  facet normal -0 0 -1
    outer loop
      vertex 26.024 80.8925 0
      vertex 20.9971 78.2055 0
      vertex 25.3934 81.9446 0
    endloop
  endfacet
  facet normal 0 0 -1
    outer loop
      vertex 20.654 78.7779 0
      vertex 25.3934 81.9446 0
      vertex 20.9971 78.2055 0
    endloop
  endfacet
  facet normal -0 0 -1
    outer loop
      vertex 25.3934 81.9446 0
      vertex 20.654 78.7779 0
      vertex 24.6626 82.9299 0
    endloop
  endfacet
  facet normal 0 0 -1
    outer loop
      vertex 20.2565 79.3139 0
      vertex 24.6626 82.9299 0
      vertex 20.654 78.7779 0
    endloop
  endfacet
  facet normal -0 0 -1
    outer loop
      vertex 24.6626 82.9299 0
      vertex 20.2565 79.3139 0
      vertex 23.8388 83.8388 0
    endloop
  endfacet
  facet normal 0 0 -1
    outer loop
      vertex 19.8083 79.8083 0
      vertex 23.8388 83.8388 0
      vertex 20.2565 79.3139 0
    endloop
  endfacet
  facet normal -0 0 -1
    outer loop
      vertex 23.8388 83.8388 0
      vertex 19.8083 79.8083 0
      vertex 22.9299 84.6626 0
    endloop
  endfacet
  facet normal 0 0 -1
    outer loop
      vertex 19.3139 80.2565 0
      vertex 22.9299 84.6626 0
      vertex 19.8083 79.8083 0
    endloop
  endfacet
  facet normal -0 0 -1
    outer loop
      vertex 22.9299 84.6626 0
      vertex 19.3139 80.2565 0
      vertex 21.9446 85.3934 0
    endloop
  endfacet
  facet normal 0 0 -1
    outer loop
      vertex 18.7779 80.654 0
      vertex 21.9446 85.3934 0
      vertex 19.3139 80.2565 0
    endloop
  endfacet
  facet normal -0 0 -1
    outer loop
      vertex 21.9446 85.3934 0
      vertex 18.7779 80.654 0
      vertex 20.8925 86.024 0
    endloop
  endfacet
  facet normal 0 0 -1
    outer loop
      vertex 18.2055 80.9971 0
      vertex 20.8925 86.024 0
      vertex 18.7779 80.654 0
    endloop
  endfacet
  facet normal -0 0 -1
    outer loop
      vertex 20.8925 86.024 0
      vertex 18.2055 80.9971 0
      vertex 19.7835 86.5485 0
    endloop
  endfacet
  facet normal 0 0 -1
    outer loop
      vertex 17.6022 81.2824 0
      vertex 19.7835 86.5485 0
      vertex 18.2055 80.9971 0
    endloop
  endfacet
  facet normal -0 0 -1
    outer loop
      vertex 19.7835 86.5485 0
      vertex 17.6022 81.2824 0
      vertex 18.6286 86.9618 0
    endloop
  endfacet
  facet normal 0 0 -1
    outer loop
      vertex 16.9739 81.5072 0
      vertex 18.6286 86.9618 0
      vertex 17.6022 81.2824 0
    endloop
  endfacet
  facet normal -0 0 -1
    outer loop
      vertex 18.6286 86.9618 0
      vertex 16.9739 81.5072 0
      vertex 17.4386 87.2598 0
    endloop
  endfacet
  facet normal 0 0 -1
    outer loop
      vertex 16.3266 81.6693 0
      vertex 17.4386 87.2598 0
      vertex 16.9739 81.5072 0
    endloop
  endfacet
  facet normal 0 0 -1
    outer loop
      vertex 16.3266 81.6693 0
      vertex 16.2252 87.4398 0
      vertex 17.4386 87.2598 0
    endloop
  endfacet
  facet normal 0 0 -1
    outer loop
      vertex 15.6665 81.7673 0
      vertex 16.2252 87.4398 0
      vertex 16.3266 81.6693 0
    endloop
  endfacet
  facet normal 0 0 -1
    outer loop
      vertex 15 81.8 0
      vertex 16.2252 87.4398 0
      vertex 15.6665 81.7673 0
    endloop
  endfacet
  facet normal 0 0 -1
    outer loop
      vertex 15 81.8 0
      vertex 15 87.5 0
      vertex 16.2252 87.4398 0
    endloop
  endfacet
  facet normal 0 0 -1
    outer loop
      vertex 14.3335 81.7673 0
      vertex 15 87.5 0
      vertex 15 81.8 0
    endloop
  endfacet
  facet normal 0 0 -1
    outer loop
      vertex 13.6734 81.6693 0
      vertex 15 87.5 0
      vertex 14.3335 81.7673 0
    endloop
  endfacet
  facet normal 0 0 -1
    outer loop
      vertex 13.0261 81.5072 0
      vertex 15 87.5 0
      vertex 13.6734 81.6693 0
    endloop
  endfacet
  facet normal 0 0 -1
    outer loop
      vertex 12.3978 81.2824 0
      vertex 15 87.5 0
      vertex 13.0261 81.5072 0
    endloop
  endfacet
  facet normal 0 0 -1
    outer loop
      vertex 11.7945 80.9971 0
      vertex 15 87.5 0
      vertex 12.3978 81.2824 0
    endloop
  endfacet
  facet normal 0 0 -1
    outer loop
      vertex 11.2221 80.654 0
      vertex 15 87.5 0
      vertex 11.7945 80.9971 0
    endloop
  endfacet
  facet normal 0 0 -1
    outer loop
      vertex 10.6861 80.2565 0
      vertex 15 87.5 0
      vertex 11.2221 80.654 0
    endloop
  endfacet
  facet normal 0 0 -1
    outer loop
      vertex 10.1917 79.8083 0
      vertex 15 87.5 0
      vertex 10.6861 80.2565 0
    endloop
  endfacet
  facet normal 0 0 -1
    outer loop
      vertex -10.1917 79.8083 0
      vertex 10.1917 79.8083 0
      vertex 9.74353 79.3139 0
    endloop
  endfacet
  facet normal 0 0 -1
    outer loop
      vertex -9.74353 79.3139 0
      vertex 9.74353 79.3139 0
      vertex 9.34601 78.7779 0
    endloop
  endfacet
  facet normal 0 0 -1
    outer loop
      vertex 8.23274 74.3335 0
      vertex -8.2 75 0
      vertex 8.2 75 0
    endloop
  endfacet
  facet normal 0 0 -1
    outer loop
      vertex 8.2 75 0
      vertex -8.2 75 0
      vertex 8.23274 75.6665 0
    endloop
  endfacet
  facet normal 0 0 -1
    outer loop
      vertex -8.23274 75.6665 0
      vertex 8.23274 75.6665 0
      vertex -8.2 75 0
    endloop
  endfacet
  facet normal 0 0 -1
    outer loop
      vertex 8.23274 75.6665 0
      vertex -8.23274 75.6665 0
      vertex 8.33066 76.3266 0
    endloop
  endfacet
  facet normal 0 0 -1
    outer loop
      vertex -8.33066 76.3266 0
      vertex 8.33066 76.3266 0
      vertex -8.23274 75.6665 0
    endloop
  endfacet
  facet normal 0 0 -1
    outer loop
      vertex 8.33066 76.3266 0
      vertex -8.33066 76.3266 0
      vertex 8.49281 76.9739 0
    endloop
  endfacet
  facet normal 0 0 -1
    outer loop
      vertex -8.49281 76.9739 0
      vertex 8.49281 76.9739 0
      vertex -8.33066 76.3266 0
    endloop
  endfacet
  facet normal 0 0 -1
    outer loop
      vertex 8.49281 76.9739 0
      vertex -8.49281 76.9739 0
      vertex 8.71762 77.6022 0
    endloop
  endfacet
  facet normal 0 0 -1
    outer loop
      vertex -8.71762 77.6022 0
      vertex 8.71762 77.6022 0
      vertex -8.49281 76.9739 0
    endloop
  endfacet
  facet normal 0 0 -1
    outer loop
      vertex 8.71762 77.6022 0
      vertex -8.71762 77.6022 0
      vertex 9.00293 78.2055 0
    endloop
  endfacet
  facet normal 0 0 -1
    outer loop
      vertex -9.00293 78.2055 0
      vertex 9.00293 78.2055 0
      vertex -8.71762 77.6022 0
    endloop
  endfacet
  facet normal 0 0 -1
    outer loop
      vertex 9.00293 78.2055 0
      vertex -9.00293 78.2055 0
      vertex 9.34601 78.7779 0
    endloop
  endfacet
  facet normal 0 0 -1
    outer loop
      vertex -9.34601 78.7779 0
      vertex 9.34601 78.7779 0
      vertex -9.00293 78.2055 0
    endloop
  endfacet
  facet normal 0 0 -1
    outer loop
      vertex -9.74353 79.3139 0
      vertex 9.34601 78.7779 0
      vertex -9.34601 78.7779 0
    endloop
  endfacet
  facet normal 0 0 -1
    outer loop
      vertex 9.74353 79.3139 0
      vertex -9.74353 79.3139 0
      vertex -10.1917 79.8083 0
    endloop
  endfacet
  facet normal 0 0 -1
    outer loop
      vertex 10.1917 79.8083 0
      vertex -10.1917 79.8083 0
      vertex 15 87.5 0
    endloop
  endfacet
  facet normal 0 0 -1
    outer loop
      vertex -10.6861 80.2565 0
      vertex 15 87.5 0
      vertex -10.1917 79.8083 0
    endloop
  endfacet
  facet normal 0 0 -1
    outer loop
      vertex -15 87.5 0
      vertex -10.6861 80.2565 0
      vertex -11.2221 80.654 0
    endloop
  endfacet
  facet normal 0 0 -1
    outer loop
      vertex -15 87.5 0
      vertex -11.2221 80.654 0
      vertex -11.7945 80.9971 0
    endloop
  endfacet
  facet normal 0 0 -1
    outer loop
      vertex -15 87.5 0
      vertex -11.7945 80.9971 0
      vertex -12.3978 81.2824 0
    endloop
  endfacet
  facet normal 0 0 -1
    outer loop
      vertex -15 87.5 0
      vertex -12.3978 81.2824 0
      vertex -13.0261 81.5072 0
    endloop
  endfacet
  facet normal 0 0 -1
    outer loop
      vertex -15 87.5 0
      vertex -13.0261 81.5072 0
      vertex -13.6734 81.6693 0
    endloop
  endfacet
  facet normal 0 0 -1
    outer loop
      vertex -15 87.5 0
      vertex -13.6734 81.6693 0
      vertex -14.3335 81.7673 0
    endloop
  endfacet
  facet normal 0 0 -1
    outer loop
      vertex -15 87.5 0
      vertex -14.3335 81.7673 0
      vertex -15 81.8 0
    endloop
  endfacet
  facet normal 0 0 -1
    outer loop
      vertex -10.6861 80.2565 0
      vertex -15 87.5 0
      vertex 15 87.5 0
    endloop
  endfacet
  facet normal 0 0 -1
    outer loop
      vertex -15.6665 81.7673 0
      vertex -15 87.5 0
      vertex -15 81.8 0
    endloop
  endfacet
  facet normal 0 0 -1
    outer loop
      vertex -15.6665 81.7673 0
      vertex -16.2252 87.4398 0
      vertex -15 87.5 0
    endloop
  endfacet
  facet normal 0 0 -1
    outer loop
      vertex -16.3266 81.6693 0
      vertex -16.2252 87.4398 0
      vertex -15.6665 81.7673 0
    endloop
  endfacet
  facet normal 0 0 -1
    outer loop
      vertex -17.4386 87.2598 0
      vertex -16.3266 81.6693 0
      vertex -16.9739 81.5072 0
    endloop
  endfacet
  facet normal 0 0 -1
    outer loop
      vertex -16.3266 81.6693 0
      vertex -17.4386 87.2598 0
      vertex -16.2252 87.4398 0
    endloop
  endfacet
  facet normal 0 0 -1
    outer loop
      vertex -18.6286 86.9618 0
      vertex -16.9739 81.5072 0
      vertex -17.6022 81.2824 0
    endloop
  endfacet
  facet normal 0 0 -1
    outer loop
      vertex -19.7835 86.5485 0
      vertex -17.6022 81.2824 0
      vertex -18.2055 80.9971 0
    endloop
  endfacet
  facet normal 0 0 -1
    outer loop
      vertex -16.9739 81.5072 0
      vertex -18.6286 86.9618 0
      vertex -17.4386 87.2598 0
    endloop
  endfacet
  facet normal 0 0 -1
    outer loop
      vertex -20.8925 86.024 0
      vertex -18.2055 80.9971 0
      vertex -18.7779 80.654 0
    endloop
  endfacet
  facet normal 0 0 -1
    outer loop
      vertex -21.9446 85.3934 0
      vertex -18.7779 80.654 0
      vertex -19.3139 80.2565 0
    endloop
  endfacet
  facet normal 0 0 -1
    outer loop
      vertex -17.6022 81.2824 0
      vertex -19.7835 86.5485 0
      vertex -18.6286 86.9618 0
    endloop
  endfacet
  facet normal 0 0 -1
    outer loop
      vertex -22.9299 84.6626 0
      vertex -19.3139 80.2565 0
      vertex -19.8083 79.8083 0
    endloop
  endfacet
  facet normal 0 0 -1
    outer loop
      vertex -23.8388 83.8388 0
      vertex -19.8083 79.8083 0
      vertex -20.2565 79.3139 0
    endloop
  endfacet
  facet normal 0 0 -1
    outer loop
      vertex -24.6626 82.9299 0
      vertex -20.2565 79.3139 0
      vertex -20.654 78.7779 0
    endloop
  endfacet
  facet normal 0 0 -1
    outer loop
      vertex -18.2055 80.9971 0
      vertex -20.8925 86.024 0
      vertex -19.7835 86.5485 0
    endloop
  endfacet
  facet normal 0 0 -1
    outer loop
      vertex -25.3934 81.9446 0
      vertex -20.654 78.7779 0
      vertex -20.9971 78.2055 0
    endloop
  endfacet
  facet normal 0 0 -1
    outer loop
      vertex -26.024 80.8925 0
      vertex -20.9971 78.2055 0
      vertex -21.2824 77.6022 0
    endloop
  endfacet
  facet normal 0 0 -1
    outer loop
      vertex -26.5485 79.7835 0
      vertex -21.2824 77.6022 0
      vertex -21.5072 76.9739 0
    endloop
  endfacet
  facet normal 0 0 -1
    outer loop
      vertex -26.9618 78.6286 0
      vertex -21.5072 76.9739 0
      vertex -21.6693 76.3266 0
    endloop
  endfacet
  facet normal 0 0 -1
    outer loop
      vertex -27.2598 77.4386 0
      vertex -21.6693 76.3266 0
      vertex -21.7673 75.6665 0
    endloop
  endfacet
  facet normal 0 0 -1
    outer loop
      vertex -18.7779 80.654 0
      vertex -21.9446 85.3934 0
      vertex -20.8925 86.024 0
    endloop
  endfacet
  facet normal 0 0 -1
    outer loop
      vertex -27.4398 76.2252 0
      vertex -21.7673 75.6665 0
      vertex -21.8 75 0
    endloop
  endfacet
  facet normal 0 0 -1
    outer loop
      vertex -21.6693 73.6734 0
      vertex -27.5 75 0
      vertex -21.7673 74.3335 0
    endloop
  endfacet
  facet normal 0 0 -1
    outer loop
      vertex -26.5485 -4.78354 0
      vertex -21.2824 -2.60225 0
      vertex -26.024 -5.89246 0
    endloop
  endfacet
  facet normal 0 0 -1
    outer loop
      vertex -21.7673 74.3335 0
      vertex -27.5 75 0
      vertex -21.8 75 0
    endloop
  endfacet
  facet normal -0 0 -1
    outer loop
      vertex -21.2824 -2.60225 0
      vertex -26.5485 -4.78354 0
      vertex -21.5072 -1.97394 0
    endloop
  endfacet
  facet normal 0 -0 -1
    outer loop
      vertex -27.4398 76.2252 0
      vertex -21.8 75 0
      vertex -27.5 75 0
    endloop
  endfacet
  facet normal 0 0 -1
    outer loop
      vertex -26.9618 -3.62856 0
      vertex -21.5072 -1.97394 0
      vertex -26.5485 -4.78354 0
    endloop
  endfacet
  facet normal 0 0 -1
    outer loop
      vertex -19.3139 80.2565 0
      vertex -22.9299 84.6626 0
      vertex -21.9446 85.3934 0
    endloop
  endfacet
  facet normal -0 0 -1
    outer loop
      vertex -21.5072 -1.97394 0
      vertex -26.9618 -3.62856 0
      vertex -21.6693 -1.32661 0
    endloop
  endfacet
  facet normal 0 0 -1
    outer loop
      vertex -19.8083 79.8083 0
      vertex -23.8388 83.8388 0
      vertex -22.9299 84.6626 0
    endloop
  endfacet
  facet normal 0 0 -1
    outer loop
      vertex -27.2598 -2.43863 0
      vertex -21.6693 -1.32661 0
      vertex -26.9618 -3.62856 0
    endloop
  endfacet
  facet normal 0 0 -1
    outer loop
      vertex -20.2565 79.3139 0
      vertex -24.6626 82.9299 0
      vertex -23.8388 83.8388 0
    endloop
  endfacet
  facet normal -0 0 -1
    outer loop
      vertex -21.6693 -1.32661 0
      vertex -27.2598 -2.43863 0
      vertex -21.7673 -0.666516 0
    endloop
  endfacet
  facet normal 0 0 -1
    outer loop
      vertex -20.654 78.7779 0
      vertex -25.3934 81.9446 0
      vertex -24.6626 82.9299 0
    endloop
  endfacet
  facet normal 0 0 -1
    outer loop
      vertex -27.4398 -1.22521 0
      vertex -21.7673 -0.666516 0
      vertex -27.2598 -2.43863 0
    endloop
  endfacet
  facet normal 0 0 -1
    outer loop
      vertex -20.9971 78.2055 0
      vertex -26.024 80.8925 0
      vertex -25.3934 81.9446 0
    endloop
  endfacet
  facet normal -0 0 -1
    outer loop
      vertex -21.7673 -0.666516 0
      vertex -27.4398 -1.22521 0
      vertex -21.8 0 0
    endloop
  endfacet
  facet normal 0 0 -1
    outer loop
      vertex -21.2824 77.6022 0
      vertex -26.5485 79.7835 0
      vertex -26.024 80.8925 0
    endloop
  endfacet
  facet normal -0 0 -1
    outer loop
      vertex -21.8 0 0
      vertex -27.4398 -1.22521 0
      vertex -27.5 0 0
    endloop
  endfacet
  facet normal 0 0 -1
    outer loop
      vertex -21.5072 76.9739 0
      vertex -26.9618 78.6286 0
      vertex -26.5485 79.7835 0
    endloop
  endfacet
  facet normal 0 0 -1
    outer loop
      vertex -21.6693 76.3266 0
      vertex -27.2598 77.4386 0
      vertex -26.9618 78.6286 0
    endloop
  endfacet
  facet normal 0 0 -1
    outer loop
      vertex -21.7673 75.6665 0
      vertex -27.4398 76.2252 0
      vertex -27.2598 77.4386 0
    endloop
  endfacet
  facet normal -0.803187 0.595727 0
    outer loop
      vertex -25.3934 81.9446 0
      vertex -24.6626 82.9299 3
      vertex -24.6626 82.9299 0
    endloop
  endfacet
  facet normal -0.803187 0.595727 0
    outer loop
      vertex -24.6626 82.9299 3
      vertex -25.3934 81.9446 0
      vertex -25.3934 81.9446 3
    endloop
  endfacet
  facet normal 0.941526 0.336941 0
    outer loop
      vertex 26.9618 78.6286 3
      vertex 26.5485 79.7835 0
      vertex 26.5485 79.7835 3
    endloop
  endfacet
  facet normal 0.941526 0.336941 0
    outer loop
      vertex 26.5485 79.7835 0
      vertex 26.9618 78.6286 3
      vertex 26.9618 78.6286 0
    endloop
  endfacet
  facet normal 0.146738 0.989175 -0
    outer loop
      vertex 17.4386 87.2598 0
      vertex 16.2252 87.4398 3
      vertex 17.4386 87.2598 3
    endloop
  endfacet
  facet normal 0.146738 0.989175 0
    outer loop
      vertex 16.2252 87.4398 3
      vertex 17.4386 87.2598 0
      vertex 16.2252 87.4398 0
    endloop
  endfacet
  facet normal 0.970047 0.242919 0
    outer loop
      vertex 27.2598 77.4386 3
      vertex 26.9618 78.6286 0
      vertex 26.9618 78.6286 3
    endloop
  endfacet
  facet normal 0.970047 0.242919 0
    outer loop
      vertex 26.9618 78.6286 0
      vertex 27.2598 77.4386 3
      vertex 27.2598 77.4386 0
    endloop
  endfacet
  facet normal -0.740943 0.671568 0
    outer loop
      vertex -24.6626 82.9299 0
      vertex -23.8388 83.8388 3
      vertex -23.8388 83.8388 0
    endloop
  endfacet
  facet normal -0.740943 0.671568 0
    outer loop
      vertex -23.8388 83.8388 3
      vertex -24.6626 82.9299 0
      vertex -24.6626 82.9299 3
    endloop
  endfacet
  facet normal 0.242919 0.970047 -0
    outer loop
      vertex 18.6286 86.9618 0
      vertex 17.4386 87.2598 3
      vertex 18.6286 86.9618 3
    endloop
  endfacet
  facet normal 0.242919 0.970047 0
    outer loop
      vertex 17.4386 87.2598 3
      vertex 18.6286 86.9618 0
      vertex 17.4386 87.2598 0
    endloop
  endfacet
  facet normal -0.857745 -0.514075 0
    outer loop
      vertex -25.3934 -6.94463 0
      vertex -26.024 -5.89246 3
      vertex -26.024 -5.89246 0
    endloop
  endfacet
  facet normal -0.857745 -0.514075 0
    outer loop
      vertex -26.024 -5.89246 3
      vertex -25.3934 -6.94463 0
      vertex -25.3934 -6.94463 3
    endloop
  endfacet
  facet normal -0.242919 -0.970047 0
    outer loop
      vertex -18.6286 -11.9618 0
      vertex -17.4386 -12.2598 3
      vertex -18.6286 -11.9618 3
    endloop
  endfacet
  facet normal -0.242919 -0.970047 -0
    outer loop
      vertex -17.4386 -12.2598 3
      vertex -18.6286 -11.9618 0
      vertex -17.4386 -12.2598 0
    endloop
  endfacet
  facet normal 0 0 1
    outer loop
      vertex 8.23274 0.666516 3
      vertex -8.23274 0.666516 3
      vertex -8.2 0 3
    endloop
  endfacet
  facet normal 0 0 1
    outer loop
      vertex -4.46712 34.6267 3
      vertex -8.33066 1.32661 3
      vertex -8.23274 0.666516 3
    endloop
  endfacet
  facet normal 0 0 1
    outer loop
      vertex -4.46712 34.6267 3
      vertex -8.36855 34.6389 3
      vertex -12.3978 6.28238 3
    endloop
  endfacet
  facet normal 0 0 1
    outer loop
      vertex -4.46712 34.6267 3
      vertex -8.49281 1.97394 3
      vertex -8.33066 1.32661 3
    endloop
  endfacet
  facet normal 0 0 1
    outer loop
      vertex -12.3978 6.28238 3
      vertex -8.36855 34.6389 3
      vertex -8.56053 34.6228 3
    endloop
  endfacet
  facet normal 0 0 1
    outer loop
      vertex -4.46712 34.6267 3
      vertex -8.71762 2.60225 3
      vertex -8.49281 1.97394 3
    endloop
  endfacet
  facet normal 0 0 1
    outer loop
      vertex -13.0261 6.50719 3
      vertex -8.56053 34.6228 3
      vertex -8.76317 34.6174 3
    endloop
  endfacet
  facet normal 0 0 1
    outer loop
      vertex -13.0261 6.50719 3
      vertex -8.76317 34.6174 3
      vertex -8.95232 34.6222 3
    endloop
  endfacet
  facet normal 0 0 1
    outer loop
      vertex -4.46712 34.6267 3
      vertex -9.00293 3.2055 3
      vertex -8.71762 2.60225 3
    endloop
  endfacet
  facet normal 0 0 1
    outer loop
      vertex -13.6734 6.66934 3
      vertex -8.95232 34.6222 3
      vertex -9.13277 34.6368 3
    endloop
  endfacet
  facet normal 0 0 1
    outer loop
      vertex -13.6734 6.66934 3
      vertex -9.13277 34.6368 3
      vertex -9.30453 34.661 3
    endloop
  endfacet
  facet normal 0 0 1
    outer loop
      vertex -4.46712 34.6267 3
      vertex -9.34601 3.77788 3
      vertex -9.00293 3.2055 3
    endloop
  endfacet
  facet normal 0 0 1
    outer loop
      vertex -14.3335 6.76726 3
      vertex -9.30453 34.661 3
      vertex -9.46762 34.695 3
    endloop
  endfacet
  facet normal 0 0 1
    outer loop
      vertex -14.3335 6.76726 3
      vertex -9.46762 34.695 3
      vertex -9.62201 34.7386 3
    endloop
  endfacet
  facet normal 0 0 1
    outer loop
      vertex -4.46712 34.6267 3
      vertex -9.74353 4.31387 3
      vertex -9.34601 3.77788 3
    endloop
  endfacet
  facet normal 0 0 1
    outer loop
      vertex -15 6.8 3
      vertex -9.62201 34.7386 3
      vertex -9.7677 34.7919 3
    endloop
  endfacet
  facet normal 0 0 1
    outer loop
      vertex -15 6.8 3
      vertex -9.7677 34.7919 3
      vertex -9.90471 34.8549 3
    endloop
  endfacet
  facet normal 0 0 1
    outer loop
      vertex -15.6665 6.76726 3
      vertex -9.90471 34.8549 3
      vertex -10.033 34.9276 3
    endloop
  endfacet
  facet normal 0 0 1
    outer loop
      vertex -16.3266 6.66934 3
      vertex -10.033 34.9276 3
      vertex -10.1526 35.01 3
    endloop
  endfacet
  facet normal 0 0 1
    outer loop
      vertex -4.46712 34.6267 3
      vertex -10.1917 4.80833 3
      vertex -9.74353 4.31387 3
    endloop
  endfacet
  facet normal 0 0 1
    outer loop
      vertex -16.3266 6.66934 3
      vertex -10.1526 35.01 3
      vertex -10.2627 35.1019 3
    endloop
  endfacet
  facet normal 0 0 1
    outer loop
      vertex -16.9739 6.50719 3
      vertex -10.2627 35.1019 3
      vertex -10.3624 35.2031 3
    endloop
  endfacet
  facet normal 0 0 1
    outer loop
      vertex -17.6022 6.28238 3
      vertex -10.3624 35.2031 3
      vertex -10.4517 35.3136 3
    endloop
  endfacet
  facet normal 0 0 1
    outer loop
      vertex -18.2055 5.99706 3
      vertex -10.4517 35.3136 3
      vertex -10.5306 35.4334 3
    endloop
  endfacet
  facet normal 0 0 1
    outer loop
      vertex -18.7779 5.65399 3
      vertex -10.5306 35.4334 3
      vertex -10.5991 35.5625 3
    endloop
  endfacet
  facet normal 0 0 1
    outer loop
      vertex -18.7779 5.65399 3
      vertex -10.5991 35.5625 3
      vertex -10.6572 35.7008 3
    endloop
  endfacet
  facet normal 0 0 1
    outer loop
      vertex -4.46712 34.6267 3
      vertex -10.6861 5.25647 3
      vertex -10.1917 4.80833 3
    endloop
  endfacet
  facet normal 0 0 1
    outer loop
      vertex -19.3139 5.25647 3
      vertex -10.6572 35.7008 3
      vertex -10.7049 35.8485 3
    endloop
  endfacet
  facet normal 0 0 1
    outer loop
      vertex -27.5 0 3
      vertex -10.7049 35.8485 3
      vertex -10.7422 36.0054 3
    endloop
  endfacet
  facet normal 0 0 1
    outer loop
      vertex -27.5 0 3
      vertex -10.7422 36.0054 3
      vertex -10.7691 36.1716 3
    endloop
  endfacet
  facet normal 0 0 1
    outer loop
      vertex -10.194 40.0309 3
      vertex -16.9739 68.4928 3
      vertex -10.2901 39.9317 3
    endloop
  endfacet
  facet normal 0 0 1
    outer loop
      vertex -4.46712 34.6267 3
      vertex -11.2221 5.65399 3
      vertex -10.6861 5.25647 3
    endloop
  endfacet
  facet normal 0 0 1
    outer loop
      vertex -17.6022 68.7176 3
      vertex -10.2901 39.9317 3
      vertex -16.9739 68.4928 3
    endloop
  endfacet
  facet normal 0 0 1
    outer loop
      vertex -4.46712 34.6267 3
      vertex -11.7945 5.99706 3
      vertex -11.2221 5.65399 3
    endloop
  endfacet
  facet normal 0 0 1
    outer loop
      vertex -10.2901 39.9317 3
      vertex -17.6022 68.7176 3
      vertex -10.3757 39.8249 3
    endloop
  endfacet
  facet normal 0 0 1
    outer loop
      vertex -4.46712 34.6267 3
      vertex -12.3978 6.28238 3
      vertex -11.7945 5.99706 3
    endloop
  endfacet
  facet normal 0 0 1
    outer loop
      vertex -18.2055 69.0029 3
      vertex -10.3757 39.8249 3
      vertex -17.6022 68.7176 3
    endloop
  endfacet
  facet normal 0 0 1
    outer loop
      vertex -8.56053 34.6228 3
      vertex -13.0261 6.50719 3
      vertex -12.3978 6.28238 3
    endloop
  endfacet
  facet normal 0 0 1
    outer loop
      vertex -10.3757 39.8249 3
      vertex -18.2055 69.0029 3
      vertex -10.451 39.7105 3
    endloop
  endfacet
  facet normal 0 0 1
    outer loop
      vertex -8.95232 34.6222 3
      vertex -13.6734 6.66934 3
      vertex -13.0261 6.50719 3
    endloop
  endfacet
  facet normal 0 0 1
    outer loop
      vertex -18.7779 69.346 3
      vertex -10.451 39.7105 3
      vertex -18.2055 69.0029 3
    endloop
  endfacet
  facet normal 0 0 1
    outer loop
      vertex -9.30453 34.661 3
      vertex -14.3335 6.76726 3
      vertex -13.6734 6.66934 3
    endloop
  endfacet
  facet normal 0 0 1
    outer loop
      vertex -10.451 39.7105 3
      vertex -18.7779 69.346 3
      vertex -10.5159 39.5884 3
    endloop
  endfacet
  facet normal 0 0 1
    outer loop
      vertex -9.62201 34.7386 3
      vertex -15 6.8 3
      vertex -14.3335 6.76726 3
    endloop
  endfacet
  facet normal 0 0 1
    outer loop
      vertex -10.5159 39.5884 3
      vertex -18.7779 69.346 3
      vertex -10.5704 39.4587 3
    endloop
  endfacet
  facet normal 0 0 1
    outer loop
      vertex -9.90471 34.8549 3
      vertex -15.6665 6.76726 3
      vertex -15 6.8 3
    endloop
  endfacet
  facet normal 0 0 1
    outer loop
      vertex -19.3139 69.7435 3
      vertex -10.5704 39.4587 3
      vertex -18.7779 69.346 3
    endloop
  endfacet
  facet normal 0 0 1
    outer loop
      vertex -10.033 34.9276 3
      vertex -16.3266 6.66934 3
      vertex -15.6665 6.76726 3
    endloop
  endfacet
  facet normal 0 0 1
    outer loop
      vertex -10.5704 39.4587 3
      vertex -19.3139 69.7435 3
      vertex -10.6145 39.3214 3
    endloop
  endfacet
  facet normal 0 0 1
    outer loop
      vertex -10.2627 35.1019 3
      vertex -16.9739 6.50719 3
      vertex -16.3266 6.66934 3
    endloop
  endfacet
  facet normal 0 0 1
    outer loop
      vertex -27.5 75 3
      vertex -10.6145 39.3214 3
      vertex -19.3139 69.7435 3
    endloop
  endfacet
  facet normal 0 0 1
    outer loop
      vertex -10.3624 35.2031 3
      vertex -17.6022 6.28238 3
      vertex -16.9739 6.50719 3
    endloop
  endfacet
  facet normal 0 0 1
    outer loop
      vertex -10.6145 39.3214 3
      vertex -27.5 75 3
      vertex -10.6481 39.1764 3
    endloop
  endfacet
  facet normal 0 0 1
    outer loop
      vertex -10.4517 35.3136 3
      vertex -18.2055 5.99706 3
      vertex -17.6022 6.28238 3
    endloop
  endfacet
  facet normal 0 0 1
    outer loop
      vertex -10.6481 39.1764 3
      vertex -27.5 75 3
      vertex -10.6714 39.0238 3
    endloop
  endfacet
  facet normal 0 0 1
    outer loop
      vertex -10.5306 35.4334 3
      vertex -18.7779 5.65399 3
      vertex -18.2055 5.99706 3
    endloop
  endfacet
  facet normal 0 0 1
    outer loop
      vertex -10.6714 39.0238 3
      vertex -27.5 75 3
      vertex -10.7691 36.1716 3
    endloop
  endfacet
  facet normal 0 0 1
    outer loop
      vertex -10.6572 35.7008 3
      vertex -19.3139 5.25647 3
      vertex -18.7779 5.65399 3
    endloop
  endfacet
  facet normal 0 0 1
    outer loop
      vertex -27.5 75 3
      vertex -19.3139 69.7435 3
      vertex -19.8083 70.1917 3
    endloop
  endfacet
  facet normal 0 0 1
    outer loop
      vertex -27.5 0 3
      vertex -10.7691 36.1716 3
      vertex -27.5 75 3
    endloop
  endfacet
  facet normal 0 0 1
    outer loop
      vertex -27.5 75 3
      vertex -19.8083 70.1917 3
      vertex -20.2565 70.6861 3
    endloop
  endfacet
  facet normal 0 0 1
    outer loop
      vertex -10.7049 35.8485 3
      vertex -27.5 0 3
      vertex -19.3139 5.25647 3
    endloop
  endfacet
  facet normal 0 0 1
    outer loop
      vertex -27.5 75 3
      vertex -20.2565 70.6861 3
      vertex -20.654 71.2221 3
    endloop
  endfacet
  facet normal 0 0 1
    outer loop
      vertex -19.3139 5.25647 3
      vertex -27.5 0 3
      vertex -19.8083 4.80833 3
    endloop
  endfacet
  facet normal 0 0 1
    outer loop
      vertex -27.5 75 3
      vertex -20.654 71.2221 3
      vertex -20.9971 71.7945 3
    endloop
  endfacet
  facet normal 0 0 1
    outer loop
      vertex -19.8083 4.80833 3
      vertex -27.5 0 3
      vertex -20.2565 4.31387 3
    endloop
  endfacet
  facet normal 0 0 1
    outer loop
      vertex -27.5 75 3
      vertex -20.9971 71.7945 3
      vertex -21.2824 72.3978 3
    endloop
  endfacet
  facet normal 0 0 1
    outer loop
      vertex -20.2565 4.31387 3
      vertex -27.5 0 3
      vertex -20.654 3.77788 3
    endloop
  endfacet
  facet normal 0 0 1
    outer loop
      vertex -27.5 75 3
      vertex -21.2824 72.3978 3
      vertex -21.5072 73.0261 3
    endloop
  endfacet
  facet normal 0 0 1
    outer loop
      vertex -20.654 3.77788 3
      vertex -27.5 0 3
      vertex -20.9971 3.2055 3
    endloop
  endfacet
  facet normal 0 0 1
    outer loop
      vertex -27.5 75 3
      vertex -21.5072 73.0261 3
      vertex -21.6693 73.6734 3
    endloop
  endfacet
  facet normal 0 0 1
    outer loop
      vertex -20.9971 3.2055 3
      vertex -27.5 0 3
      vertex -21.2824 2.60225 3
    endloop
  endfacet
  facet normal 0 0 1
    outer loop
      vertex -27.5 75 3
      vertex -21.6693 73.6734 3
      vertex -21.7673 74.3335 3
    endloop
  endfacet
  facet normal 0 0 1
    outer loop
      vertex -21.2824 2.60225 3
      vertex -27.5 0 3
      vertex -21.5072 1.97394 3
    endloop
  endfacet
  facet normal -0 0 1
    outer loop
      vertex -27.5 75 3
      vertex -21.7673 74.3335 3
      vertex -21.8 75 3
    endloop
  endfacet
  facet normal 0 0 1
    outer loop
      vertex -21.5072 1.97394 3
      vertex -27.5 0 3
      vertex -21.6693 1.32661 3
    endloop
  endfacet
  facet normal 0 0 1
    outer loop
      vertex 3.61165 35.6982 3
      vertex 2.04236 34.6988 3
      vertex 3.5714 35.444 3
    endloop
  endfacet
  facet normal 0 0 1
    outer loop
      vertex 3.66341 35.9552 3
      vertex 2.04236 34.6988 3
      vertex 3.61165 35.6982 3
    endloop
  endfacet
  facet normal 0 -0 1
    outer loop
      vertex 2.04236 34.6988 3
      vertex 3.66341 35.9552 3
      vertex 0.455536 36.9691 3
    endloop
  endfacet
  facet normal 0 0 1
    outer loop
      vertex 3.72667 36.215 3
      vertex 0.455536 36.9691 3
      vertex 3.66341 35.9552 3
    endloop
  endfacet
  facet normal 0 0 1
    outer loop
      vertex 3.80144 36.4778 3
      vertex 0.455536 36.9691 3
      vertex 3.72667 36.215 3
    endloop
  endfacet
  facet normal 0 0 1
    outer loop
      vertex 3.88771 36.7434 3
      vertex 0.455536 36.9691 3
      vertex 3.80144 36.4778 3
    endloop
  endfacet
  facet normal -0 0 1
    outer loop
      vertex 0.455536 36.9691 3
      vertex 3.88771 36.7434 3
      vertex 1.94875 39.1011 3
    endloop
  endfacet
  facet normal 0 0 1
    outer loop
      vertex 3.98547 37.0118 3
      vertex 1.94875 39.1011 3
      vertex 3.88771 36.7434 3
    endloop
  endfacet
  facet normal 0 0 1
    outer loop
      vertex 4.09671 37.2863 3
      vertex 1.94875 39.1011 3
      vertex 3.98547 37.0118 3
    endloop
  endfacet
  facet normal 0 0 1
    outer loop
      vertex 4.22337 37.5698 3
      vertex 1.94875 39.1011 3
      vertex 4.09671 37.2863 3
    endloop
  endfacet
  facet normal 0 0 1
    outer loop
      vertex 4.36546 37.8624 3
      vertex 1.94875 39.1011 3
      vertex 4.22337 37.5698 3
    endloop
  endfacet
  facet normal 0 0 1
    outer loop
      vertex 4.52296 38.1641 3
      vertex 1.94875 39.1011 3
      vertex 4.36546 37.8624 3
    endloop
  endfacet
  facet normal -0 0 1
    outer loop
      vertex 1.94875 39.1011 3
      vertex 4.52296 38.1641 3
      vertex 2.46172 39.8091 3
    endloop
  endfacet
  facet normal 0 0 1
    outer loop
      vertex 4.69588 38.4749 3
      vertex 2.46172 39.8091 3
      vertex 4.52296 38.1641 3
    endloop
  endfacet
  facet normal 0 0 1
    outer loop
      vertex 4.88422 38.7948 3
      vertex 2.46172 39.8091 3
      vertex 4.69588 38.4749 3
    endloop
  endfacet
  facet normal 0 0 1
    outer loop
      vertex 5.08798 39.1238 3
      vertex 2.46172 39.8091 3
      vertex 4.88422 38.7948 3
    endloop
  endfacet
  facet normal 0 0 1
    outer loop
      vertex 5.30716 39.4619 3
      vertex 2.46172 39.8091 3
      vertex 5.08798 39.1238 3
    endloop
  endfacet
  facet normal -0 0 1
    outer loop
      vertex 2.46172 39.8091 3
      vertex 5.30716 39.4619 3
      vertex 5.54175 39.8091 3
    endloop
  endfacet
  facet normal 0 0 1
    outer loop
      vertex 8.96675 37.7543 3
      vertex 10.084 36.5501 3
      vertex 10.0799 36.6678 3
    endloop
  endfacet
  facet normal 0 0 1
    outer loop
      vertex 10.084 36.5501 3
      vertex 8.84305 37.7584 3
      vertex 10.0799 36.415 3
    endloop
  endfacet
  facet normal 0 0 1
    outer loop
      vertex 9.08467 37.742 3
      vertex 10.0799 36.6678 3
      vertex 10.0675 36.7803 3
    endloop
  endfacet
  facet normal -0 0 1
    outer loop
      vertex 8.77756 37.7573 3
      vertex 10.0799 36.415 3
      vertex 8.84305 37.7584 3
    endloop
  endfacet
  facet normal 0 0 1
    outer loop
      vertex 9.19681 37.7214 3
      vertex 10.0675 36.7803 3
      vertex 10.0467 36.8878 3
    endloop
  endfacet
  facet normal 0 0 1
    outer loop
      vertex 10.084 36.5501 3
      vertex 8.96675 37.7543 3
      vertex 8.84305 37.7584 3
    endloop
  endfacet
  facet normal 0 0 1
    outer loop
      vertex 9.19681 37.7214 3
      vertex 10.0467 36.8878 3
      vertex 10.0177 36.9901 3
    endloop
  endfacet
  facet normal 0 0 1
    outer loop
      vertex 7.63464 36.0659 3
      vertex 10.0799 36.415 3
      vertex 8.77756 37.7573 3
    endloop
  endfacet
  facet normal 0 0 1
    outer loop
      vertex 9.19681 37.7214 3
      vertex 10.0177 36.9901 3
      vertex 9.98042 37.0873 3
    endloop
  endfacet
  facet normal 0 0 1
    outer loop
      vertex 10.0799 36.415 3
      vertex 7.63464 36.0659 3
      vertex 10.0676 36.2865 3
    endloop
  endfacet
  facet normal 0 0 1
    outer loop
      vertex 9.19681 37.7214 3
      vertex 9.98042 37.0873 3
      vertex 9.93483 37.1793 3
    endloop
  endfacet
  facet normal 0 0 1
    outer loop
      vertex 10.0676 36.2865 3
      vertex 8.95473 35.2199 3
      vertex 10.047 36.1646 3
    endloop
  endfacet
  facet normal 0 0 1
    outer loop
      vertex 9.19681 37.7214 3
      vertex 9.93483 37.1793 3
      vertex 9.88095 37.2663 3
    endloop
  endfacet
  facet normal 0 0 1
    outer loop
      vertex 10.047 36.1646 3
      vertex 8.95473 35.2199 3
      vertex 10.0181 36.0493 3
    endloop
  endfacet
  facet normal 0 0 1
    outer loop
      vertex 9.19681 37.7214 3
      vertex 9.88095 37.2663 3
      vertex 9.81879 37.3481 3
    endloop
  endfacet
  facet normal 0 0 1
    outer loop
      vertex 10.0799 36.6678 3
      vertex 9.08467 37.742 3
      vertex 8.96675 37.7543 3
    endloop
  endfacet
  facet normal 0 0 1
    outer loop
      vertex 9.30318 37.6925 3
      vertex 9.81879 37.3481 3
      vertex 9.74834 37.4248 3
    endloop
  endfacet
  facet normal 0 -0 1
    outer loop
      vertex 9.1916 35.255 3
      vertex 9.98105 35.9406 3
      vertex 9.07632 35.2331 3
    endloop
  endfacet
  facet normal 0 0 1
    outer loop
      vertex 9.30318 37.6925 3
      vertex 9.74834 37.4248 3
      vertex 9.67085 37.4948 3
    endloop
  endfacet
  facet normal 0 0 1
    outer loop
      vertex 10.0675 36.7803 3
      vertex 9.19681 37.7214 3
      vertex 9.08467 37.742 3
    endloop
  endfacet
  facet normal 0 0 1
    outer loop
      vertex 9.30318 37.6925 3
      vertex 9.67085 37.4948 3
      vertex 9.5876 37.5566 3
    endloop
  endfacet
  facet normal 0 0 1
    outer loop
      vertex 9.98105 35.9406 3
      vertex 9.1916 35.255 3
      vertex 9.93573 35.8384 3
    endloop
  endfacet
  facet normal 0 0 1
    outer loop
      vertex 9.40376 37.6555 3
      vertex 9.5876 37.5566 3
      vertex 9.49857 37.6102 3
    endloop
  endfacet
  facet normal 0 0 1
    outer loop
      vertex 9.30318 37.6925 3
      vertex 9.5876 37.5566 3
      vertex 9.40376 37.6555 3
    endloop
  endfacet
  facet normal 0 0 1
    outer loop
      vertex 9.81879 37.3481 3
      vertex 9.30318 37.6925 3
      vertex 9.19681 37.7214 3
    endloop
  endfacet
  facet normal 0 0 1
    outer loop
      vertex 9.88219 35.7429 3
      vertex 9.1916 35.255 3
      vertex 9.8204 35.6539 3
    endloop
  endfacet
  facet normal 0 0 1
    outer loop
      vertex 9.67307 35.4967 3
      vertex 9.1916 35.255 3
      vertex 9.58942 35.4308 3
    endloop
  endfacet
  facet normal 0 0 1
    outer loop
      vertex 9.49945 35.3737 3
      vertex 9.30055 35.2858 3
      vertex 9.40317 35.3253 3
    endloop
  endfacet
  facet normal 0 0 1
    outer loop
      vertex 9.49945 35.3737 3
      vertex 9.1916 35.255 3
      vertex 9.30055 35.2858 3
    endloop
  endfacet
  facet normal 0 0 1
    outer loop
      vertex 9.58942 35.4308 3
      vertex 9.1916 35.255 3
      vertex 9.49945 35.3737 3
    endloop
  endfacet
  facet normal 0 0 1
    outer loop
      vertex 9.75037 35.5715 3
      vertex 9.1916 35.255 3
      vertex 9.67307 35.4967 3
    endloop
  endfacet
  facet normal 0 0 1
    outer loop
      vertex 9.8204 35.6539 3
      vertex 9.1916 35.255 3
      vertex 9.75037 35.5715 3
    endloop
  endfacet
  facet normal 0 0 1
    outer loop
      vertex 9.93573 35.8384 3
      vertex 9.1916 35.255 3
      vertex 9.88219 35.7429 3
    endloop
  endfacet
  facet normal 0 0 1
    outer loop
      vertex 10.0181 36.0493 3
      vertex 9.07632 35.2331 3
      vertex 9.98105 35.9406 3
    endloop
  endfacet
  facet normal 0 -0 1
    outer loop
      vertex 9.07632 35.2331 3
      vertex 10.0181 36.0493 3
      vertex 8.95473 35.2199 3
    endloop
  endfacet
  facet normal 0 -0 1
    outer loop
      vertex 8.8268 35.2155 3
      vertex 10.0676 36.2865 3
      vertex 7.63464 36.0659 3
    endloop
  endfacet
  facet normal 0 0 1
    outer loop
      vertex 7.63464 36.0659 3
      vertex 8.77756 37.7573 3
      vertex 8.71306 37.7538 3
    endloop
  endfacet
  facet normal 0 0 1
    outer loop
      vertex 7.63464 36.0659 3
      vertex 8.71306 37.7538 3
      vertex 8.64957 37.748 3
    endloop
  endfacet
  facet normal 0 -0 1
    outer loop
      vertex 8.95473 35.2199 3
      vertex 10.0676 36.2865 3
      vertex 8.8268 35.2155 3
    endloop
  endfacet
  facet normal 0 0 1
    outer loop
      vertex 7.63464 36.0659 3
      vertex 8.64957 37.748 3
      vertex 8.58708 37.74 3
    endloop
  endfacet
  facet normal 0 0 1
    outer loop
      vertex 7.63464 36.0659 3
      vertex 8.58708 37.74 3
      vertex 8.52559 37.7296 3
    endloop
  endfacet
  facet normal 0 0 1
    outer loop
      vertex 7.63464 36.0659 3
      vertex 8.52559 37.7296 3
      vertex 8.4651 37.7168 3
    endloop
  endfacet
  facet normal 0 0 1
    outer loop
      vertex 8.8268 35.2155 3
      vertex 7.63464 36.0659 3
      vertex 8.62239 35.226 3
    endloop
  endfacet
  facet normal 0 0 1
    outer loop
      vertex 7.63464 36.0659 3
      vertex 8.4651 37.7168 3
      vertex 8.40562 37.7018 3
    endloop
  endfacet
  facet normal 0 0 1
    outer loop
      vertex 7.63464 36.0659 3
      vertex 8.40562 37.7018 3
      vertex 8.34715 37.6845 3
    endloop
  endfacet
  facet normal 0 0 1
    outer loop
      vertex 7.63464 36.0659 3
      vertex 8.34715 37.6845 3
      vertex 8.28967 37.6648 3
    endloop
  endfacet
  facet normal 0 0 1
    outer loop
      vertex 8.62239 35.226 3
      vertex 7.63464 36.0659 3
      vertex 8.43599 35.2575 3
    endloop
  endfacet
  facet normal 0 0 1
    outer loop
      vertex 7.63464 36.0659 3
      vertex 8.28967 37.6648 3
      vertex 8.23271 37.6424 3
    endloop
  endfacet
  facet normal 0 0 1
    outer loop
      vertex 7.63464 36.0659 3
      vertex 8.23271 37.6424 3
      vertex 8.17575 37.6168 3
    endloop
  endfacet
  facet normal 0 0 1
    outer loop
      vertex 7.63464 36.0659 3
      vertex 8.17575 37.6168 3
      vertex 8.11879 37.588 3
    endloop
  endfacet
  facet normal -0 -0 1
    outer loop
      vertex 7.69518 35.8874 3
      vertex 8.43599 35.2575 3
      vertex 7.63464 36.0659 3
    endloop
  endfacet
  facet normal 0 0 1
    outer loop
      vertex 7.63464 36.0659 3
      vertex 8.11879 37.588 3
      vertex 8.06183 37.556 3
    endloop
  endfacet
  facet normal 0 0 1
    outer loop
      vertex 7.63464 36.0659 3
      vertex 8.06183 37.556 3
      vertex 8.00487 37.5207 3
    endloop
  endfacet
  facet normal 0 0 1
    outer loop
      vertex 8.43599 35.2575 3
      vertex 7.69518 35.8874 3
      vertex 8.26756 35.31 3
    endloop
  endfacet
  facet normal 0 0 1
    outer loop
      vertex 7.63464 36.0659 3
      vertex 8.00487 37.5207 3
      vertex 7.94791 37.4822 3
    endloop
  endfacet
  facet normal 0 0 1
    outer loop
      vertex 7.63464 36.0659 3
      vertex 7.94791 37.4822 3
      vertex 7.89095 37.4406 3
    endloop
  endfacet
  facet normal -0 -0 1
    outer loop
      vertex 7.77368 35.7299 3
      vertex 8.26756 35.31 3
      vertex 7.69518 35.8874 3
    endloop
  endfacet
  facet normal 0 0 1
    outer loop
      vertex 7.63464 36.0659 3
      vertex 7.89095 37.4406 3
      vertex 7.83398 37.3956 3
    endloop
  endfacet
  facet normal 0 0 1
    outer loop
      vertex 7.63464 36.0659 3
      vertex 7.83398 37.3956 3
      vertex 7.77702 37.3475 3
    endloop
  endfacet
  facet normal 0 0 1
    outer loop
      vertex 8.26756 35.31 3
      vertex 7.77368 35.7299 3
      vertex 8.11711 35.3835 3
    endloop
  endfacet
  facet normal 0 0 1
    outer loop
      vertex 8.11711 35.3835 3
      vertex 7.77368 35.7299 3
      vertex 7.98465 35.4779 3
    endloop
  endfacet
  facet normal 0 0 1
    outer loop
      vertex 7.98465 35.4779 3
      vertex 7.77368 35.7299 3
      vertex 7.87018 35.5934 3
    endloop
  endfacet
  facet normal -0 0 1
    outer loop
      vertex 7.06093 37.3475 3
      vertex 7.63464 36.0659 3
      vertex 7.77702 37.3475 3
    endloop
  endfacet
  facet normal 0 0 1
    outer loop
      vertex 7.63464 36.0659 3
      vertex 7.06093 37.3475 3
      vertex 6.89413 35.9804 3
    endloop
  endfacet
  facet normal 0 0 1
    outer loop
      vertex 3.54263 35.1927 3
      vertex 2.04236 34.6988 3
      vertex 3.52539 34.9443 3
    endloop
  endfacet
  facet normal -0 0 1
    outer loop
      vertex -2.2755 38.1811 3
      vertex -0.374435 36.961 3
      vertex -1.86771 39.1011 3
    endloop
  endfacet
  facet normal 0 0 1
    outer loop
      vertex -6.23497 37.5672 3
      vertex -6.97748 36.9307 3
      vertex -6.92885 36.8341 3
    endloop
  endfacet
  facet normal -0 0 1
    outer loop
      vertex -7.03764 38.5517 3
      vertex -6.1814 38.4696 3
      vertex -7.01111 38.6561 3
    endloop
  endfacet
  facet normal 0 0 1
    outer loop
      vertex -6.1814 38.4696 3
      vertex -7.03764 38.5517 3
      vertex -6.21117 38.1871 3
    endloop
  endfacet
  facet normal -0 0 1
    outer loop
      vertex -7.07178 38.4525 3
      vertex -6.21117 38.1871 3
      vertex -7.03764 38.5517 3
    endloop
  endfacet
  facet normal -0 0 1
    outer loop
      vertex -7.11349 38.3584 3
      vertex -6.21117 38.1871 3
      vertex -7.07178 38.4525 3
    endloop
  endfacet
  facet normal -0 0 1
    outer loop
      vertex -7.16281 38.2693 3
      vertex -6.21117 38.1871 3
      vertex -7.11349 38.3584 3
    endloop
  endfacet
  facet normal 0 0 1
    outer loop
      vertex -6.21117 38.1871 3
      vertex -7.16281 38.2693 3
      vertex -6.22902 37.8863 3
    endloop
  endfacet
  facet normal 0 0 1
    outer loop
      vertex -6.22902 37.8863 3
      vertex -7.03494 37.0227 3
      vertex -6.97748 36.9307 3
    endloop
  endfacet
  facet normal -0 0 1
    outer loop
      vertex -7.2197 38.1853 3
      vertex -6.22902 37.8863 3
      vertex -7.16281 38.2693 3
    endloop
  endfacet
  facet normal 0 0 1
    outer loop
      vertex -6.22902 37.8863 3
      vertex -7.10126 37.1101 3
      vertex -7.03494 37.0227 3
    endloop
  endfacet
  facet normal -0 0 1
    outer loop
      vertex -7.28416 38.1063 3
      vertex -6.22902 37.8863 3
      vertex -7.2197 38.1853 3
    endloop
  endfacet
  facet normal 0 0 1
    outer loop
      vertex -6.22902 37.8863 3
      vertex -7.17641 37.1929 3
      vertex -7.10126 37.1101 3
    endloop
  endfacet
  facet normal 0 -0 1
    outer loop
      vertex -7.25949 37.2697 3
      vertex -6.22902 37.8863 3
      vertex -7.28416 38.1063 3
    endloop
  endfacet
  facet normal 0 0 1
    outer loop
      vertex -6.22902 37.8863 3
      vertex -7.25949 37.2697 3
      vertex -7.17641 37.1929 3
    endloop
  endfacet
  facet normal -0 0 1
    outer loop
      vertex -7.35588 38.0327 3
      vertex -7.25949 37.2697 3
      vertex -7.28416 38.1063 3
    endloop
  endfacet
  facet normal 0 0 1
    outer loop
      vertex -7.25949 37.2697 3
      vertex -7.35588 38.0327 3
      vertex -7.34959 37.3394 3
    endloop
  endfacet
  facet normal -0 0 1
    outer loop
      vertex -7.43446 37.9645 3
      vertex -7.34959 37.3394 3
      vertex -7.35588 38.0327 3
    endloop
  endfacet
  facet normal 0 0 1
    outer loop
      vertex -7.43446 37.9645 3
      vertex -7.44673 37.4017 3
      vertex -7.34959 37.3394 3
    endloop
  endfacet
  facet normal -0 0 1
    outer loop
      vertex -7.51993 37.9017 3
      vertex -7.44673 37.4017 3
      vertex -7.43446 37.9645 3
    endloop
  endfacet
  facet normal 0 0 1
    outer loop
      vertex -7.51993 37.9017 3
      vertex -7.5509 37.4569 3
      vertex -7.44673 37.4017 3
    endloop
  endfacet
  facet normal -0 0 1
    outer loop
      vertex -7.61229 37.8445 3
      vertex -7.5509 37.4569 3
      vertex -7.51993 37.9017 3
    endloop
  endfacet
  facet normal 0 0 1
    outer loop
      vertex -7.61229 37.8445 3
      vertex -7.66211 37.5048 3
      vertex -7.5509 37.4569 3
    endloop
  endfacet
  facet normal -0 0 1
    outer loop
      vertex -7.71152 37.7928 3
      vertex -7.66211 37.5048 3
      vertex -7.61229 37.8445 3
    endloop
  endfacet
  facet normal 0 0 1
    outer loop
      vertex -7.71152 37.7928 3
      vertex -7.78035 37.5455 3
      vertex -7.66211 37.5048 3
    endloop
  endfacet
  facet normal -0 0 1
    outer loop
      vertex -7.81764 37.7465 3
      vertex -7.78035 37.5455 3
      vertex -7.71152 37.7928 3
    endloop
  endfacet
  facet normal 0 0 1
    outer loop
      vertex -7.81764 37.7465 3
      vertex -7.90562 37.5789 3
      vertex -7.78035 37.5455 3
    endloop
  endfacet
  facet normal -0 0 1
    outer loop
      vertex -7.93063 37.7056 3
      vertex -7.90562 37.5789 3
      vertex -7.81764 37.7465 3
    endloop
  endfacet
  facet normal 0 0 1
    outer loop
      vertex -7.93063 37.7056 3
      vertex -8.03793 37.6052 3
      vertex -7.90562 37.5789 3
    endloop
  endfacet
  facet normal -0 0 1
    outer loop
      vertex -8.05051 37.6703 3
      vertex -8.03793 37.6052 3
      vertex -7.93063 37.7056 3
    endloop
  endfacet
  facet normal 0 0 1
    outer loop
      vertex -8.17726 37.6242 3
      vertex -8.05051 37.6703 3
      vertex -8.17726 37.6404 3
    endloop
  endfacet
  facet normal 0 0 1
    outer loop
      vertex -8.05051 37.6703 3
      vertex -8.17726 37.6242 3
      vertex -8.03793 37.6052 3
    endloop
  endfacet
  facet normal 0 0 1
    outer loop
      vertex 9.74353 70.6861 3
      vertex -9.74353 70.6861 3
      vertex 10.1917 70.1917 3
    endloop
  endfacet
  facet normal 0 0 1
    outer loop
      vertex -10.1917 70.1917 3
      vertex 10.1917 70.1917 3
      vertex -9.74353 70.6861 3
    endloop
  endfacet
  facet normal 0 0 1
    outer loop
      vertex 10.1917 70.1917 3
      vertex -10.1917 70.1917 3
      vertex 10.6861 69.7435 3
    endloop
  endfacet
  facet normal 0 0 1
    outer loop
      vertex -10.6861 69.7435 3
      vertex 10.6861 69.7435 3
      vertex -10.1917 70.1917 3
    endloop
  endfacet
  facet normal 0 0 1
    outer loop
      vertex 10.6861 69.7435 3
      vertex -10.6861 69.7435 3
      vertex -3.80501 40.4803 3
    endloop
  endfacet
  facet normal -0 0 1
    outer loop
      vertex -11.2221 69.346 3
      vertex -3.80501 40.4803 3
      vertex -10.6861 69.7435 3
    endloop
  endfacet
  facet normal 0 0 1
    outer loop
      vertex -3.80501 40.4803 3
      vertex -11.2221 69.346 3
      vertex -4.01047 40.5079 3
    endloop
  endfacet
  facet normal 0 0 1
    outer loop
      vertex -4.01047 40.5079 3
      vertex -11.2221 69.346 3
      vertex -4.22905 40.5171 3
    endloop
  endfacet
  facet normal -0 0 1
    outer loop
      vertex -11.7945 69.0029 3
      vertex -4.22905 40.5171 3
      vertex -11.2221 69.346 3
    endloop
  endfacet
  facet normal 0 0 1
    outer loop
      vertex -4.22905 40.5171 3
      vertex -11.7945 69.0029 3
      vertex -4.45361 40.508 3
    endloop
  endfacet
  facet normal 0 0 1
    outer loop
      vertex -4.45361 40.508 3
      vertex -8.2634 40.4725 3
      vertex -8.10493 40.4379 3
    endloop
  endfacet
  facet normal 0 0 1
    outer loop
      vertex -4.45361 40.508 3
      vertex -8.43135 40.4973 3
      vertex -8.2634 40.4725 3
    endloop
  endfacet
  facet normal -0 0 1
    outer loop
      vertex -12.3978 68.7176 3
      vertex -4.45361 40.508 3
      vertex -11.7945 69.0029 3
    endloop
  endfacet
  facet normal 0 0 1
    outer loop
      vertex -4.45361 40.508 3
      vertex -12.3978 68.7176 3
      vertex -8.43135 40.4973 3
    endloop
  endfacet
  facet normal 0 0 1
    outer loop
      vertex -8.43135 40.4973 3
      vertex -12.3978 68.7176 3
      vertex -8.6088 40.5121 3
    endloop
  endfacet
  facet normal -0 0 1
    outer loop
      vertex -13.0261 68.4928 3
      vertex -8.6088 40.5121 3
      vertex -12.3978 68.7176 3
    endloop
  endfacet
  facet normal 0 0 1
    outer loop
      vertex -8.6088 40.5121 3
      vertex -13.0261 68.4928 3
      vertex -8.79575 40.5171 3
    endloop
  endfacet
  facet normal 0 0 1
    outer loop
      vertex -8.79575 40.5171 3
      vertex -13.0261 68.4928 3
      vertex -8.96761 40.5122 3
    endloop
  endfacet
  facet normal -0 0 1
    outer loop
      vertex -13.6734 68.3307 3
      vertex -8.96761 40.5122 3
      vertex -13.0261 68.4928 3
    endloop
  endfacet
  facet normal 0 0 1
    outer loop
      vertex -8.96761 40.5122 3
      vertex -13.6734 68.3307 3
      vertex -9.13239 40.4976 3
    endloop
  endfacet
  facet normal 0 0 1
    outer loop
      vertex -9.13239 40.4976 3
      vertex -13.6734 68.3307 3
      vertex -9.29008 40.4732 3
    endloop
  endfacet
  facet normal -0 0 1
    outer loop
      vertex -14.3335 68.2327 3
      vertex -9.29008 40.4732 3
      vertex -13.6734 68.3307 3
    endloop
  endfacet
  facet normal 0 0 1
    outer loop
      vertex -9.29008 40.4732 3
      vertex -14.3335 68.2327 3
      vertex -9.44069 40.4391 3
    endloop
  endfacet
  facet normal 0 0 1
    outer loop
      vertex -9.44069 40.4391 3
      vertex -14.3335 68.2327 3
      vertex -9.58423 40.3952 3
    endloop
  endfacet
  facet normal -0 0 1
    outer loop
      vertex -15 68.2 3
      vertex -9.58423 40.3952 3
      vertex -14.3335 68.2327 3
    endloop
  endfacet
  facet normal 0 0 1
    outer loop
      vertex -9.58423 40.3952 3
      vertex -15 68.2 3
      vertex -9.72069 40.3416 3
    endloop
  endfacet
  facet normal 0 0 1
    outer loop
      vertex -15.6665 68.2327 3
      vertex -9.72069 40.3416 3
      vertex -15 68.2 3
    endloop
  endfacet
  facet normal 0 0 1
    outer loop
      vertex -9.72069 40.3416 3
      vertex -15.6665 68.2327 3
      vertex -9.85005 40.2783 3
    endloop
  endfacet
  facet normal 0 0 1
    outer loop
      vertex -9.85005 40.2783 3
      vertex -15.6665 68.2327 3
      vertex -9.97234 40.2052 3
    endloop
  endfacet
  facet normal 0 0 1
    outer loop
      vertex -16.3266 68.3307 3
      vertex -9.97234 40.2052 3
      vertex -15.6665 68.2327 3
    endloop
  endfacet
  facet normal 0 0 1
    outer loop
      vertex -9.97234 40.2052 3
      vertex -16.3266 68.3307 3
      vertex -10.0876 40.1224 3
    endloop
  endfacet
  facet normal 0 0 1
    outer loop
      vertex -8.31245 38.05 3
      vertex -7.72972 38.9221 3
      vertex -7.73306 39.0219 3
    endloop
  endfacet
  facet normal 0 0 1
    outer loop
      vertex -8.47769 39.8853 3
      vertex -7.73306 39.0219 3
      vertex -7.74309 39.1169 3
    endloop
  endfacet
  facet normal 0 0 1
    outer loop
      vertex -7.72972 38.9221 3
      vertex -8.31245 38.05 3
      vertex -7.73383 38.8215 3
    endloop
  endfacet
  facet normal 0 0 1
    outer loop
      vertex -8.47769 39.8853 3
      vertex -7.74309 39.1169 3
      vertex -7.7598 39.2071 3
    endloop
  endfacet
  facet normal 0 -0 1
    outer loop
      vertex -8.22208 38.0922 3
      vertex -7.73383 38.8215 3
      vertex -8.31245 38.05 3
    endloop
  endfacet
  facet normal 0 0 1
    outer loop
      vertex -8.38193 39.8623 3
      vertex -7.7598 39.2071 3
      vertex -7.78317 39.2926 3
    endloop
  endfacet
  facet normal 0 -0 1
    outer loop
      vertex -8.13837 38.1408 3
      vertex -7.74611 38.7259 3
      vertex -8.22208 38.0922 3
    endloop
  endfacet
  facet normal 0 0 1
    outer loop
      vertex -8.38193 39.8623 3
      vertex -7.78317 39.2926 3
      vertex -7.81325 39.3733 3
    endloop
  endfacet
  facet normal 0 0 1
    outer loop
      vertex -7.74611 38.7259 3
      vertex -8.13837 38.1408 3
      vertex -7.76657 38.6353 3
    endloop
  endfacet
  facet normal 0 0 1
    outer loop
      vertex -8.29265 39.8326 3
      vertex -7.81325 39.3733 3
      vertex -7.84999 39.4492 3
    endloop
  endfacet
  facet normal 0 0 1
    outer loop
      vertex -7.76657 38.6353 3
      vertex -8.06134 38.1958 3
      vertex -7.79523 38.5496 3
    endloop
  endfacet
  facet normal 0 0 1
    outer loop
      vertex -8.29265 39.8326 3
      vertex -7.84999 39.4492 3
      vertex -7.89342 39.5204 3
    endloop
  endfacet
  facet normal 0 0 1
    outer loop
      vertex -7.83208 38.4689 3
      vertex -7.99174 38.2567 3
      vertex -7.87712 38.3932 3
    endloop
  endfacet
  facet normal 0 0 1
    outer loop
      vertex -8.29265 39.8326 3
      vertex -7.89342 39.5204 3
      vertex -7.94354 39.5868 3
    endloop
  endfacet
  facet normal 0 0 1
    outer loop
      vertex -7.87712 38.3932 3
      vertex -7.99174 38.2567 3
      vertex -7.93034 38.3224 3
    endloop
  endfacet
  facet normal 0 0 1
    outer loop
      vertex -8.29265 39.8326 3
      vertex -7.94354 39.5868 3
      vertex -8.00032 39.6484 3
    endloop
  endfacet
  facet normal 0 0 1
    outer loop
      vertex -7.7598 39.2071 3
      vertex -8.38193 39.8623 3
      vertex -8.47769 39.8853 3
    endloop
  endfacet
  facet normal 0 0 1
    outer loop
      vertex -8.20985 39.7964 3
      vertex -8.00032 39.6484 3
      vertex -8.06369 39.7043 3
    endloop
  endfacet
  facet normal 0 0 1
    outer loop
      vertex -8.20985 39.7964 3
      vertex -8.06369 39.7043 3
      vertex -8.13353 39.7537 3
    endloop
  endfacet
  facet normal 0 0 1
    outer loop
      vertex -8.00032 39.6484 3
      vertex -8.20985 39.7964 3
      vertex -8.29265 39.8326 3
    endloop
  endfacet
  facet normal 0 0 1
    outer loop
      vertex -7.81325 39.3733 3
      vertex -8.29265 39.8326 3
      vertex -8.38193 39.8623 3
    endloop
  endfacet
  facet normal 0 0 1
    outer loop
      vertex -7.83208 38.4689 3
      vertex -8.06134 38.1958 3
      vertex -7.99174 38.2567 3
    endloop
  endfacet
  facet normal 0 0 1
    outer loop
      vertex -7.79523 38.5496 3
      vertex -8.06134 38.1958 3
      vertex -7.83208 38.4689 3
    endloop
  endfacet
  facet normal 0 -0 1
    outer loop
      vertex -8.06134 38.1958 3
      vertex -7.76657 38.6353 3
      vertex -8.13837 38.1408 3
    endloop
  endfacet
  facet normal 0 0 1
    outer loop
      vertex -7.73306 39.0219 3
      vertex -8.47769 39.8853 3
      vertex -8.57993 39.9017 3
    endloop
  endfacet
  facet normal 0 0 1
    outer loop
      vertex -7.73383 38.8215 3
      vertex -8.22208 38.0922 3
      vertex -7.74611 38.7259 3
    endloop
  endfacet
  facet normal 0 0 1
    outer loop
      vertex -7.73306 39.0219 3
      vertex -8.57993 39.9017 3
      vertex -8.31245 38.05 3
    endloop
  endfacet
  facet normal 0 0 1
    outer loop
      vertex -8.31245 38.05 3
      vertex -8.57993 39.9017 3
      vertex -8.40952 38.0144 3
    endloop
  endfacet
  facet normal 0 0 1
    outer loop
      vertex -8.40952 38.0144 3
      vertex -8.57993 39.9017 3
      vertex -8.51326 37.9852 3
    endloop
  endfacet
  facet normal 0 0 1
    outer loop
      vertex -8.68864 39.9116 3
      vertex -8.51326 37.9852 3
      vertex -8.57993 39.9017 3
    endloop
  endfacet
  facet normal 0 0 1
    outer loop
      vertex -8.51326 37.9852 3
      vertex -8.68864 39.9116 3
      vertex -8.62369 37.9626 3
    endloop
  endfacet
  facet normal 0 0 1
    outer loop
      vertex -8.80385 39.9149 3
      vertex -8.62369 37.9626 3
      vertex -8.68864 39.9116 3
    endloop
  endfacet
  facet normal 0 0 1
    outer loop
      vertex -8.62369 37.9626 3
      vertex -8.80385 39.9149 3
      vertex -8.7408 37.9464 3
    endloop
  endfacet
  facet normal -0 0 1
    outer loop
      vertex -8.90916 39.9118 3
      vertex -8.7408 37.9464 3
      vertex -8.80385 39.9149 3
    endloop
  endfacet
  facet normal -0 0 1
    outer loop
      vertex -9.0099 39.9026 3
      vertex -8.7408 37.9464 3
      vertex -8.90916 39.9118 3
    endloop
  endfacet
  facet normal 0 0 1
    outer loop
      vertex -8.7408 37.9464 3
      vertex -9.0099 39.9026 3
      vertex -8.86459 37.9366 3
    endloop
  endfacet
  facet normal -0 0 1
    outer loop
      vertex -9.10608 39.8873 3
      vertex -8.86459 37.9366 3
      vertex -9.0099 39.9026 3
    endloop
  endfacet
  facet normal -0 0 1
    outer loop
      vertex -9.19768 39.8659 3
      vertex -8.86459 37.9366 3
      vertex -9.10608 39.8873 3
    endloop
  endfacet
  facet normal -0 0 1
    outer loop
      vertex -9.2847 39.8383 3
      vertex -8.86459 37.9366 3
      vertex -9.19768 39.8659 3
    endloop
  endfacet
  facet normal 0 0 1
    outer loop
      vertex -8.86459 37.9366 3
      vertex -9.2847 39.8383 3
      vertex -8.99507 37.9334 3
    endloop
  endfacet
  facet normal -0 0 1
    outer loop
      vertex -9.36716 39.8046 3
      vertex -8.99507 37.9334 3
      vertex -9.2847 39.8383 3
    endloop
  endfacet
  facet normal -0 0 1
    outer loop
      vertex -9.93497 38.9668 3
      vertex -8.99507 37.9334 3
      vertex -9.36716 39.8046 3
    endloop
  endfacet
  facet normal 0 0 1
    outer loop
      vertex -8.99507 37.9334 3
      vertex -9.93497 38.9668 3
      vertex -9.39383 37.9334 3
    endloop
  endfacet
  facet normal 0 0 1
    outer loop
      vertex -9.93497 38.9668 3
      vertex -9.36716 39.8046 3
      vertex -9.44504 39.7647 3
    endloop
  endfacet
  facet normal 0 0 1
    outer loop
      vertex -8.02321 37.0913 3
      vertex -7.57919 36.3059 3
      vertex -7.58363 36.4073 3
    endloop
  endfacet
  facet normal 0 0 1
    outer loop
      vertex -7.57919 36.3059 3
      vertex -8.11505 37.1399 3
      vertex -7.58308 36.1898 3
    endloop
  endfacet
  facet normal 0 0 1
    outer loop
      vertex -7.93925 37.0362 3
      vertex -7.58363 36.4073 3
      vertex -7.59697 36.5037 3
    endloop
  endfacet
  facet normal 0 0 1
    outer loop
      vertex -8.21478 37.182 3
      vertex -7.58308 36.1898 3
      vertex -8.11505 37.1399 3
    endloop
  endfacet
  facet normal 0 0 1
    outer loop
      vertex -7.86368 36.9754 3
      vertex -7.59697 36.5037 3
      vertex -7.6192 36.595 3
    endloop
  endfacet
  facet normal 0 0 1
    outer loop
      vertex -7.57919 36.3059 3
      vertex -8.02321 37.0913 3
      vertex -8.11505 37.1399 3
    endloop
  endfacet
  facet normal 0 0 1
    outer loop
      vertex -7.86368 36.9754 3
      vertex -7.6192 36.595 3
      vertex -7.65031 36.6812 3
    endloop
  endfacet
  facet normal 0 0 1
    outer loop
      vertex -7.58308 36.1898 3
      vertex -8.21478 37.182 3
      vertex -7.59476 36.0803 3
    endloop
  endfacet
  facet normal 0 0 1
    outer loop
      vertex -7.86368 36.9754 3
      vertex -7.65031 36.6812 3
      vertex -7.69032 36.7624 3
    endloop
  endfacet
  facet normal 0 0 1
    outer loop
      vertex -7.58363 36.4073 3
      vertex -7.93925 37.0362 3
      vertex -8.02321 37.0913 3
    endloop
  endfacet
  facet normal 0 0 1
    outer loop
      vertex -7.86368 36.9754 3
      vertex -7.69032 36.7624 3
      vertex -7.73921 36.8385 3
    endloop
  endfacet
  facet normal 0 0 1
    outer loop
      vertex -7.59697 36.5037 3
      vertex -7.86368 36.9754 3
      vertex -7.93925 37.0362 3
    endloop
  endfacet
  facet normal 0 0 1
    outer loop
      vertex -7.86368 36.9754 3
      vertex -7.73921 36.8385 3
      vertex -7.797 36.9095 3
    endloop
  endfacet
  facet normal 0 0 1
    outer loop
      vertex -8.31834 35.2775 3
      vertex -7.59476 36.0803 3
      vertex -8.21478 37.182 3
    endloop
  endfacet
  facet normal 0 -0 1
    outer loop
      vertex -8.22183 35.3078 3
      vertex -7.59476 36.0803 3
      vertex -8.31834 35.2775 3
    endloop
  endfacet
  facet normal 0 -0 1
    outer loop
      vertex -8.1312 35.3448 3
      vertex -7.61423 35.9773 3
      vertex -8.22183 35.3078 3
    endloop
  endfacet
  facet normal 0 0 1
    outer loop
      vertex -7.64148 35.8808 3
      vertex -8.04643 35.3885 3
      vertex -7.67651 35.7908 3
    endloop
  endfacet
  facet normal 0 0 1
    outer loop
      vertex -7.76996 35.6304 3
      vertex -7.89455 35.4962 3
      vertex -7.82835 35.5601 3
    endloop
  endfacet
  facet normal 0 0 1
    outer loop
      vertex -7.76996 35.6304 3
      vertex -7.96756 35.439 3
      vertex -7.89455 35.4962 3
    endloop
  endfacet
  facet normal 0 0 1
    outer loop
      vertex -7.71935 35.7074 3
      vertex -7.96756 35.439 3
      vertex -7.76996 35.6304 3
    endloop
  endfacet
  facet normal 0 0 1
    outer loop
      vertex -7.67651 35.7908 3
      vertex -7.96756 35.439 3
      vertex -7.71935 35.7074 3
    endloop
  endfacet
  facet normal 0 -0 1
    outer loop
      vertex -7.96756 35.439 3
      vertex -7.67651 35.7908 3
      vertex -8.04643 35.3885 3
    endloop
  endfacet
  facet normal 0 0 1
    outer loop
      vertex -7.61423 35.9773 3
      vertex -8.1312 35.3448 3
      vertex -7.64148 35.8808 3
    endloop
  endfacet
  facet normal 0 -0 1
    outer loop
      vertex -8.04643 35.3885 3
      vertex -7.64148 35.8808 3
      vertex -8.1312 35.3448 3
    endloop
  endfacet
  facet normal 0 0 1
    outer loop
      vertex -7.59476 36.0803 3
      vertex -8.22183 35.3078 3
      vertex -7.61423 35.9773 3
    endloop
  endfacet
  facet normal 0 0 1
    outer loop
      vertex -8.3224 37.2177 3
      vertex -8.31834 35.2775 3
      vertex -8.21478 37.182 3
    endloop
  endfacet
  facet normal 0 0 1
    outer loop
      vertex -8.3224 37.2177 3
      vertex -8.42073 35.2539 3
      vertex -8.31834 35.2775 3
    endloop
  endfacet
  facet normal 0 0 1
    outer loop
      vertex -8.43791 37.2468 3
      vertex -8.42073 35.2539 3
      vertex -8.3224 37.2177 3
    endloop
  endfacet
  facet normal 0 0 1
    outer loop
      vertex -8.43791 37.2468 3
      vertex -8.52901 35.2371 3
      vertex -8.42073 35.2539 3
    endloop
  endfacet
  facet normal 0 0 1
    outer loop
      vertex -8.56129 37.2695 3
      vertex -8.52901 35.2371 3
      vertex -8.43791 37.2468 3
    endloop
  endfacet
  facet normal 0 0 1
    outer loop
      vertex -8.56129 37.2695 3
      vertex -8.64314 35.227 3
      vertex -8.52901 35.2371 3
    endloop
  endfacet
  facet normal 0 0 1
    outer loop
      vertex -8.76317 35.2236 3
      vertex -8.56129 37.2695 3
      vertex -8.69258 37.2857 3
    endloop
  endfacet
  facet normal 0 0 1
    outer loop
      vertex -8.56129 37.2695 3
      vertex -8.76317 35.2236 3
      vertex -8.64314 35.227 3
    endloop
  endfacet
  facet normal 0 0 1
    outer loop
      vertex -8.83176 37.2954 3
      vertex -8.76317 35.2236 3
      vertex -8.69258 37.2857 3
    endloop
  endfacet
  facet normal 0 0 1
    outer loop
      vertex -8.99638 35.2362 3
      vertex -8.83176 37.2954 3
      vertex -8.97881 37.2987 3
    endloop
  endfacet
  facet normal 0 0 1
    outer loop
      vertex -8.83176 37.2954 3
      vertex -8.99638 35.2362 3
      vertex -8.76317 35.2236 3
    endloop
  endfacet
  facet normal 0 0 1
    outer loop
      vertex -8.97881 37.2987 3
      vertex -9.20601 35.2739 3
      vertex -8.99638 35.2362 3
    endloop
  endfacet
  facet normal 0 0 1
    outer loop
      vertex -8.97881 37.2987 3
      vertex -9.39201 35.3367 3
      vertex -9.20601 35.2739 3
    endloop
  endfacet
  facet normal 0 0 1
    outer loop
      vertex -10.0123 36.2408 3
      vertex -8.97881 37.2987 3
      vertex -9.39383 37.2987 3
    endloop
  endfacet
  facet normal 0 0 1
    outer loop
      vertex -10.6714 39.0238 3
      vertex -9.39383 37.9334 3
      vertex -9.93497 38.9668 3
    endloop
  endfacet
  facet normal 0 0 1
    outer loop
      vertex -9.90091 39.1575 3
      vertex -9.44504 39.7647 3
      vertex -9.51834 39.7188 3
    endloop
  endfacet
  facet normal 0 0 1
    outer loop
      vertex -9.39383 37.9334 3
      vertex -10.6714 39.0238 3
      vertex -9.39383 37.2987 3
    endloop
  endfacet
  facet normal 0 0 1
    outer loop
      vertex -9.90091 39.1575 3
      vertex -9.51834 39.7188 3
      vertex -9.58708 39.6667 3
    endloop
  endfacet
  facet normal 0 0 1
    outer loop
      vertex -9.90091 39.1575 3
      vertex -9.58708 39.6667 3
      vertex -9.65045 39.609 3
    endloop
  endfacet
  facet normal 0 0 1
    outer loop
      vertex -8.97881 37.2987 3
      vertex -10.0123 36.2408 3
      vertex -9.9679 36.0273 3
    endloop
  endfacet
  facet normal 0 0 1
    outer loop
      vertex -9.90091 39.1575 3
      vertex -9.65045 39.609 3
      vertex -9.70764 39.5463 3
    endloop
  endfacet
  facet normal 0 0 1
    outer loop
      vertex -9.90091 39.1575 3
      vertex -9.70764 39.5463 3
      vertex -9.75865 39.4786 3
    endloop
  endfacet
  facet normal 0 0 1
    outer loop
      vertex -9.90091 39.1575 3
      vertex -9.75865 39.4786 3
      vertex -9.80348 39.4059 3
    endloop
  endfacet
  facet normal 0 0 1
    outer loop
      vertex -8.97881 37.2987 3
      vertex -9.9679 36.0273 3
      vertex -9.39201 35.3367 3
    endloop
  endfacet
  facet normal 0 0 1
    outer loop
      vertex -9.8746 39.2453 3
      vertex -9.80348 39.4059 3
      vertex -9.84213 39.3281 3
    endloop
  endfacet
  facet normal 0 0 1
    outer loop
      vertex -9.90091 39.1575 3
      vertex -9.80348 39.4059 3
      vertex -9.8746 39.2453 3
    endloop
  endfacet
  facet normal -0 -0 1
    outer loop
      vertex -9.89993 35.839 3
      vertex -9.39201 35.3367 3
      vertex -9.9679 36.0273 3
    endloop
  endfacet
  facet normal 0 0 1
    outer loop
      vertex -9.44504 39.7647 3
      vertex -9.90091 39.1575 3
      vertex -9.92102 39.0647 3
    endloop
  endfacet
  facet normal 0 0 1
    outer loop
      vertex -9.44504 39.7647 3
      vertex -9.92102 39.0647 3
      vertex -9.93497 38.9668 3
    endloop
  endfacet
  facet normal 0 0 1
    outer loop
      vertex -9.39201 35.3367 3
      vertex -9.89993 35.839 3
      vertex -9.5544 35.4246 3
    endloop
  endfacet
  facet normal 0 0 1
    outer loop
      vertex -9.5544 35.4246 3
      vertex -9.89993 35.839 3
      vertex -9.69319 35.5376 3
    endloop
  endfacet
  facet normal 0 0 1
    outer loop
      vertex -9.69319 35.5376 3
      vertex -9.89993 35.839 3
      vertex -9.80836 35.6757 3
    endloop
  endfacet
  facet normal 0 0 1
    outer loop
      vertex -10.7691 36.1716 3
      vertex -9.39383 37.2987 3
      vertex -10.6714 39.0238 3
    endloop
  endfacet
  facet normal 0 0 1
    outer loop
      vertex -9.39383 37.2987 3
      vertex -10.7691 36.1716 3
      vertex -10.0123 36.2408 3
    endloop
  endfacet
  facet normal 0 0 1
    outer loop
      vertex -16.9739 68.4928 3
      vertex -10.0876 40.1224 3
      vertex -16.3266 68.3307 3
    endloop
  endfacet
  facet normal 0 0 1
    outer loop
      vertex -10.0876 40.1224 3
      vertex -16.9739 68.4928 3
      vertex -10.194 40.0309 3
    endloop
  endfacet
  facet normal 0 0 1
    outer loop
      vertex 21.5072 73.0261 3
      vertex 27.5 75 3
      vertex 21.6693 73.6734 3
    endloop
  endfacet
  facet normal 0 0 1
    outer loop
      vertex 27.5 0 3
      vertex 21.7673 0.666516 3
      vertex 21.8 0 3
    endloop
  endfacet
  facet normal 0 0 1
    outer loop
      vertex 21.2824 72.3978 3
      vertex 27.5 75 3
      vertex 21.5072 73.0261 3
    endloop
  endfacet
  facet normal 0 0 1
    outer loop
      vertex 27.5 0 3
      vertex 21.6693 1.32661 3
      vertex 21.7673 0.666516 3
    endloop
  endfacet
  facet normal 0 0 1
    outer loop
      vertex 20.9971 71.7945 3
      vertex 27.5 75 3
      vertex 21.2824 72.3978 3
    endloop
  endfacet
  facet normal 0 0 1
    outer loop
      vertex 27.5 0 3
      vertex 21.5072 1.97394 3
      vertex 21.6693 1.32661 3
    endloop
  endfacet
  facet normal 0 0 1
    outer loop
      vertex 20.654 71.2221 3
      vertex 27.5 75 3
      vertex 20.9971 71.7945 3
    endloop
  endfacet
  facet normal 0 0 1
    outer loop
      vertex 27.5 0 3
      vertex 21.2824 2.60225 3
      vertex 21.5072 1.97394 3
    endloop
  endfacet
  facet normal 0 0 1
    outer loop
      vertex 20.2565 70.6861 3
      vertex 27.5 75 3
      vertex 20.654 71.2221 3
    endloop
  endfacet
  facet normal 0 0 1
    outer loop
      vertex 27.5 0 3
      vertex 20.9971 3.2055 3
      vertex 21.2824 2.60225 3
    endloop
  endfacet
  facet normal 0 -0 1
    outer loop
      vertex 10.8449 36.5663 3
      vertex 27.5 75 3
      vertex 10.8387 36.7398 3
    endloop
  endfacet
  facet normal 0 0 1
    outer loop
      vertex 27.5 0 3
      vertex 20.654 3.77788 3
      vertex 20.9971 3.2055 3
    endloop
  endfacet
  facet normal 0 0 1
    outer loop
      vertex 19.8083 70.1917 3
      vertex 27.5 75 3
      vertex 20.2565 70.6861 3
    endloop
  endfacet
  facet normal -0 0 1
    outer loop
      vertex 10.8382 36.3695 3
      vertex 27.5 0 3
      vertex 10.8449 36.5663 3
    endloop
  endfacet
  facet normal 0 0 1
    outer loop
      vertex 19.3139 69.7435 3
      vertex 27.5 75 3
      vertex 19.8083 70.1917 3
    endloop
  endfacet
  facet normal -0 0 1
    outer loop
      vertex 10.8183 36.1821 3
      vertex 27.5 0 3
      vertex 10.8382 36.3695 3
    endloop
  endfacet
  facet normal 0 0 1
    outer loop
      vertex 27.5 75 3
      vertex 19.3139 69.7435 3
      vertex 10.5112 40.4316 3
    endloop
  endfacet
  facet normal 0 0 1
    outer loop
      vertex 27.5 0 3
      vertex 20.2565 4.31387 3
      vertex 20.654 3.77788 3
    endloop
  endfacet
  facet normal 0 0 1
    outer loop
      vertex 10.5112 40.4316 3
      vertex 19.3139 69.7435 3
      vertex 18.7779 69.346 3
    endloop
  endfacet
  facet normal -0 0 1
    outer loop
      vertex 10.785 36.0044 3
      vertex 27.5 0 3
      vertex 10.8183 36.1821 3
    endloop
  endfacet
  facet normal 0 0 1
    outer loop
      vertex 10.5112 40.4316 3
      vertex 18.7779 69.346 3
      vertex 18.2055 69.0029 3
    endloop
  endfacet
  facet normal 0 0 1
    outer loop
      vertex 27.5 0 3
      vertex 19.8083 4.80833 3
      vertex 20.2565 4.31387 3
    endloop
  endfacet
  facet normal 0 0 1
    outer loop
      vertex 10.5112 40.4316 3
      vertex 18.2055 69.0029 3
      vertex 17.6022 68.7176 3
    endloop
  endfacet
  facet normal -0 0 1
    outer loop
      vertex 10.7384 35.8362 3
      vertex 27.5 0 3
      vertex 10.785 36.0044 3
    endloop
  endfacet
  facet normal 0 0 1
    outer loop
      vertex 10.5112 40.4316 3
      vertex 17.6022 68.7176 3
      vertex 16.9739 68.4928 3
    endloop
  endfacet
  facet normal 0 0 1
    outer loop
      vertex 27.5 0 3
      vertex 19.3139 5.25647 3
      vertex 19.8083 4.80833 3
    endloop
  endfacet
  facet normal 0 0 1
    outer loop
      vertex 10.5112 40.4316 3
      vertex 16.9739 68.4928 3
      vertex 16.3266 68.3307 3
    endloop
  endfacet
  facet normal 0 0 1
    outer loop
      vertex 27.5 0 3
      vertex 10.7384 35.8362 3
      vertex 19.3139 5.25647 3
    endloop
  endfacet
  facet normal 0 0 1
    outer loop
      vertex 10.5112 40.4316 3
      vertex 16.3266 68.3307 3
      vertex 15.6665 68.2327 3
    endloop
  endfacet
  facet normal -0 0 1
    outer loop
      vertex 10.6785 35.6775 3
      vertex 19.3139 5.25647 3
      vertex 10.7384 35.8362 3
    endloop
  endfacet
  facet normal 0 0 1
    outer loop
      vertex 10.5112 40.4316 3
      vertex 15.6665 68.2327 3
      vertex 15 68.2 3
    endloop
  endfacet
  facet normal 0 0 1
    outer loop
      vertex 19.3139 5.25647 3
      vertex 10.6785 35.6775 3
      vertex 18.7779 5.65399 3
    endloop
  endfacet
  facet normal 0 0 1
    outer loop
      vertex 10.5112 40.4316 3
      vertex 15 68.2 3
      vertex 14.3335 68.2327 3
    endloop
  endfacet
  facet normal -0 0 1
    outer loop
      vertex 10.6053 35.5284 3
      vertex 18.7779 5.65399 3
      vertex 10.6785 35.6775 3
    endloop
  endfacet
  facet normal 0 0 1
    outer loop
      vertex 10.5112 40.4316 3
      vertex 14.3335 68.2327 3
      vertex 13.6734 68.3307 3
    endloop
  endfacet
  facet normal 0 0 1
    outer loop
      vertex 18.7779 5.65399 3
      vertex 10.6053 35.5284 3
      vertex 18.2055 5.99706 3
    endloop
  endfacet
  facet normal 0 0 1
    outer loop
      vertex 10.5112 40.4316 3
      vertex 13.6734 68.3307 3
      vertex 13.0261 68.4928 3
    endloop
  endfacet
  facet normal -0 0 1
    outer loop
      vertex 10.5187 35.3887 3
      vertex 18.2055 5.99706 3
      vertex 10.6053 35.5284 3
    endloop
  endfacet
  facet normal 0 0 1
    outer loop
      vertex 7.25215 40.4316 3
      vertex 13.0261 68.4928 3
      vertex 12.3978 68.7176 3
    endloop
  endfacet
  facet normal 0 0 1
    outer loop
      vertex 18.2055 5.99706 3
      vertex 10.5187 35.3887 3
      vertex 17.6022 6.28238 3
    endloop
  endfacet
  facet normal 0 0 1
    outer loop
      vertex 6.24976 40.4316 3
      vertex 12.3978 68.7176 3
      vertex 11.7945 69.0029 3
    endloop
  endfacet
  facet normal -0 0 1
    outer loop
      vertex 10.4189 35.2587 3
      vertex 17.6022 6.28238 3
      vertex 10.5187 35.3887 3
    endloop
  endfacet
  facet normal 0 0 1
    outer loop
      vertex 2.46172 40.4316 3
      vertex 11.7945 69.0029 3
      vertex 11.2221 69.346 3
    endloop
  endfacet
  facet normal 0 0 1
    outer loop
      vertex 17.6022 6.28238 3
      vertex 10.4189 35.2587 3
      vertex 16.9739 6.50719 3
    endloop
  endfacet
  facet normal -0 0 1
    outer loop
      vertex 10.3057 35.1382 3
      vertex 16.9739 6.50719 3
      vertex 10.4189 35.2587 3
    endloop
  endfacet
  facet normal 0 0 1
    outer loop
      vertex 27.5 75 3
      vertex 10.8449 36.5663 3
      vertex 27.5 0 3
    endloop
  endfacet
  facet normal 0 0 1
    outer loop
      vertex 27.5 75 3
      vertex 10.5112 40.4316 3
      vertex 10.8201 36.9059 3
    endloop
  endfacet
  facet normal 0 0 1
    outer loop
      vertex 27.5 75 3
      vertex 10.8201 36.9059 3
      vertex 10.8387 36.7398 3
    endloop
  endfacet
  facet normal 0 0 1
    outer loop
      vertex 10.8201 36.9059 3
      vertex 10.5112 40.4316 3
      vertex 10.7891 37.0645 3
    endloop
  endfacet
  facet normal -0 0 1
    outer loop
      vertex 10.5112 39.8091 3
      vertex 10.7891 37.0645 3
      vertex 10.5112 40.4316 3
    endloop
  endfacet
  facet normal 0 0 1
    outer loop
      vertex 2.46172 40.4316 3
      vertex 11.2221 69.346 3
      vertex 10.6861 69.7435 3
    endloop
  endfacet
  facet normal 0 0 1
    outer loop
      vertex 10.7891 37.0645 3
      vertex 10.5112 39.8091 3
      vertex 10.7456 37.2157 3
    endloop
  endfacet
  facet normal 0 0 1
    outer loop
      vertex 10.7456 37.2157 3
      vertex 10.5112 39.8091 3
      vertex 10.6898 37.3595 3
    endloop
  endfacet
  facet normal 0 0 1
    outer loop
      vertex 10.6898 37.3595 3
      vertex 10.5112 39.8091 3
      vertex 10.6216 37.4958 3
    endloop
  endfacet
  facet normal 0 0 1
    outer loop
      vertex -9.74353 70.6861 3
      vertex 9.74353 70.6861 3
      vertex -9.34601 71.2221 3
    endloop
  endfacet
  facet normal 0 0 1
    outer loop
      vertex -8.71762 72.3978 3
      vertex 8.71762 72.3978 3
      vertex -8.49281 73.0261 3
    endloop
  endfacet
  facet normal 0 0 1
    outer loop
      vertex 8.49281 73.0261 3
      vertex -8.49281 73.0261 3
      vertex 8.71762 72.3978 3
    endloop
  endfacet
  facet normal 0 0 1
    outer loop
      vertex -8.49281 73.0261 3
      vertex 8.49281 73.0261 3
      vertex -8.33066 73.6734 3
    endloop
  endfacet
  facet normal 0 0 1
    outer loop
      vertex 8.33066 73.6734 3
      vertex -8.33066 73.6734 3
      vertex 8.49281 73.0261 3
    endloop
  endfacet
  facet normal 0 0 1
    outer loop
      vertex -8.33066 73.6734 3
      vertex 8.33066 73.6734 3
      vertex -8.23274 74.3335 3
    endloop
  endfacet
  facet normal 0 0 1
    outer loop
      vertex 8.23274 74.3335 3
      vertex -8.23274 74.3335 3
      vertex 8.33066 73.6734 3
    endloop
  endfacet
  facet normal 0 0 1
    outer loop
      vertex -8.23274 74.3335 3
      vertex 8.23274 74.3335 3
      vertex -8.2 75 3
    endloop
  endfacet
  facet normal 0 0 1
    outer loop
      vertex 13.0261 68.4928 3
      vertex 7.25215 40.4316 3
      vertex 10.5112 40.4316 3
    endloop
  endfacet
  facet normal -0 0 1
    outer loop
      vertex -8.2 75 3
      vertex 8.23274 74.3335 3
      vertex 8.2 75 3
    endloop
  endfacet
  facet normal 0 0 1
    outer loop
      vertex 21.8 75 3
      vertex 27.5 75 3
      vertex 27.4398 76.2252 3
    endloop
  endfacet
  facet normal 0 0 1
    outer loop
      vertex 21.7673 74.3335 3
      vertex 27.5 75 3
      vertex 21.8 75 3
    endloop
  endfacet
  facet normal 0 0 1
    outer loop
      vertex 21.7673 75.6665 3
      vertex 27.4398 76.2252 3
      vertex 27.2598 77.4386 3
    endloop
  endfacet
  facet normal 0 0 1
    outer loop
      vertex 21.6693 73.6734 3
      vertex 27.5 75 3
      vertex 21.7673 74.3335 3
    endloop
  endfacet
  facet normal 0 0 1
    outer loop
      vertex 21.6693 76.3266 3
      vertex 27.2598 77.4386 3
      vertex 26.9618 78.6286 3
    endloop
  endfacet
  facet normal 0 0 1
    outer loop
      vertex 27.5 0 3
      vertex 21.8 0 3
      vertex 27.4398 -1.22521 3
    endloop
  endfacet
  facet normal 0 0 1
    outer loop
      vertex 21.5072 76.9739 3
      vertex 26.9618 78.6286 3
      vertex 26.5485 79.7835 3
    endloop
  endfacet
  facet normal -0 0 1
    outer loop
      vertex 21.7673 -0.666516 3
      vertex 27.4398 -1.22521 3
      vertex 21.8 0 3
    endloop
  endfacet
  facet normal 0 0 1
    outer loop
      vertex 21.2824 77.6022 3
      vertex 26.5485 79.7835 3
      vertex 26.024 80.8925 3
    endloop
  endfacet
  facet normal 0 0 1
    outer loop
      vertex 27.4398 -1.22521 3
      vertex 21.7673 -0.666516 3
      vertex 27.2598 -2.43863 3
    endloop
  endfacet
  facet normal 0 0 1
    outer loop
      vertex 20.9971 78.2055 3
      vertex 26.024 80.8925 3
      vertex 25.3934 81.9446 3
    endloop
  endfacet
  facet normal -0 0 1
    outer loop
      vertex 21.6693 -1.32661 3
      vertex 27.2598 -2.43863 3
      vertex 21.7673 -0.666516 3
    endloop
  endfacet
  facet normal 0 0 1
    outer loop
      vertex 20.654 78.7779 3
      vertex 25.3934 81.9446 3
      vertex 24.6626 82.9299 3
    endloop
  endfacet
  facet normal 0 0 1
    outer loop
      vertex 27.2598 -2.43863 3
      vertex 21.6693 -1.32661 3
      vertex 26.9618 -3.62856 3
    endloop
  endfacet
  facet normal 0 0 1
    outer loop
      vertex 20.2565 79.3139 3
      vertex 24.6626 82.9299 3
      vertex 23.8388 83.8388 3
    endloop
  endfacet
  facet normal -0 0 1
    outer loop
      vertex 21.5072 -1.97394 3
      vertex 26.9618 -3.62856 3
      vertex 21.6693 -1.32661 3
    endloop
  endfacet
  facet normal 0 0 1
    outer loop
      vertex 19.8083 79.8083 3
      vertex 23.8388 83.8388 3
      vertex 22.9299 84.6626 3
    endloop
  endfacet
  facet normal 0 0 1
    outer loop
      vertex 26.9618 -3.62856 3
      vertex 21.5072 -1.97394 3
      vertex 26.5485 -4.78354 3
    endloop
  endfacet
  facet normal 0 0 1
    outer loop
      vertex 19.3139 80.2565 3
      vertex 22.9299 84.6626 3
      vertex 21.9446 85.3934 3
    endloop
  endfacet
  facet normal -0 0 1
    outer loop
      vertex 21.2824 -2.60225 3
      vertex 26.5485 -4.78354 3
      vertex 21.5072 -1.97394 3
    endloop
  endfacet
  facet normal 0 0 1
    outer loop
      vertex 26.5485 -4.78354 3
      vertex 21.2824 -2.60225 3
      vertex 26.024 -5.89246 3
    endloop
  endfacet
  facet normal 0 0 1
    outer loop
      vertex 27.4398 76.2252 3
      vertex 21.7673 75.6665 3
      vertex 21.8 75 3
    endloop
  endfacet
  facet normal 0 0 1
    outer loop
      vertex 27.2598 77.4386 3
      vertex 21.6693 76.3266 3
      vertex 21.7673 75.6665 3
    endloop
  endfacet
  facet normal 0 0 1
    outer loop
      vertex 26.9618 78.6286 3
      vertex 21.5072 76.9739 3
      vertex 21.6693 76.3266 3
    endloop
  endfacet
  facet normal 0 0 1
    outer loop
      vertex 26.5485 79.7835 3
      vertex 21.2824 77.6022 3
      vertex 21.5072 76.9739 3
    endloop
  endfacet
  facet normal 0 0 1
    outer loop
      vertex 26.024 80.8925 3
      vertex 20.9971 78.2055 3
      vertex 21.2824 77.6022 3
    endloop
  endfacet
  facet normal 0 0 1
    outer loop
      vertex 18.7779 80.654 3
      vertex 21.9446 85.3934 3
      vertex 20.8925 86.024 3
    endloop
  endfacet
  facet normal 0 0 1
    outer loop
      vertex 25.3934 81.9446 3
      vertex 20.654 78.7779 3
      vertex 20.9971 78.2055 3
    endloop
  endfacet
  facet normal 0 0 1
    outer loop
      vertex 24.6626 82.9299 3
      vertex 20.2565 79.3139 3
      vertex 20.654 78.7779 3
    endloop
  endfacet
  facet normal 0 0 1
    outer loop
      vertex 23.8388 83.8388 3
      vertex 19.8083 79.8083 3
      vertex 20.2565 79.3139 3
    endloop
  endfacet
  facet normal 0 0 1
    outer loop
      vertex 18.2055 80.9971 3
      vertex 20.8925 86.024 3
      vertex 19.7835 86.5485 3
    endloop
  endfacet
  facet normal 0 0 1
    outer loop
      vertex 22.9299 84.6626 3
      vertex 19.3139 80.2565 3
      vertex 19.8083 79.8083 3
    endloop
  endfacet
  facet normal 0 0 1
    outer loop
      vertex 21.9446 85.3934 3
      vertex 18.7779 80.654 3
      vertex 19.3139 80.2565 3
    endloop
  endfacet
  facet normal 0 0 1
    outer loop
      vertex 17.6022 81.2824 3
      vertex 19.7835 86.5485 3
      vertex 18.6286 86.9618 3
    endloop
  endfacet
  facet normal 0 0 1
    outer loop
      vertex 20.8925 86.024 3
      vertex 18.2055 80.9971 3
      vertex 18.7779 80.654 3
    endloop
  endfacet
  facet normal 0 0 1
    outer loop
      vertex 19.7835 86.5485 3
      vertex 17.6022 81.2824 3
      vertex 18.2055 80.9971 3
    endloop
  endfacet
  facet normal 0 0 1
    outer loop
      vertex 16.9739 81.5072 3
      vertex 18.6286 86.9618 3
      vertex 17.4386 87.2598 3
    endloop
  endfacet
  facet normal 0 0 1
    outer loop
      vertex 18.6286 86.9618 3
      vertex 16.9739 81.5072 3
      vertex 17.6022 81.2824 3
    endloop
  endfacet
  facet normal 0 0 1
    outer loop
      vertex 17.4386 87.2598 3
      vertex 16.3266 81.6693 3
      vertex 16.9739 81.5072 3
    endloop
  endfacet
  facet normal 0 0 1
    outer loop
      vertex 16.2252 87.4398 3
      vertex 16.3266 81.6693 3
      vertex 17.4386 87.2598 3
    endloop
  endfacet
  facet normal 0 0 1
    outer loop
      vertex 16.2252 87.4398 3
      vertex 15.6665 81.7673 3
      vertex 16.3266 81.6693 3
    endloop
  endfacet
  facet normal 0 0 1
    outer loop
      vertex 15 87.5 3
      vertex 15.6665 81.7673 3
      vertex 16.2252 87.4398 3
    endloop
  endfacet
  facet normal 0 0 1
    outer loop
      vertex 15 87.5 3
      vertex 15 81.8 3
      vertex 15.6665 81.7673 3
    endloop
  endfacet
  facet normal 0 0 1
    outer loop
      vertex 15 87.5 3
      vertex 14.3335 81.7673 3
      vertex 15 81.8 3
    endloop
  endfacet
  facet normal 0 0 1
    outer loop
      vertex 15 87.5 3
      vertex 13.6734 81.6693 3
      vertex 14.3335 81.7673 3
    endloop
  endfacet
  facet normal 0 0 1
    outer loop
      vertex 15 87.5 3
      vertex 13.0261 81.5072 3
      vertex 13.6734 81.6693 3
    endloop
  endfacet
  facet normal 0 0 1
    outer loop
      vertex 15 87.5 3
      vertex 12.3978 81.2824 3
      vertex 13.0261 81.5072 3
    endloop
  endfacet
  facet normal 0 0 1
    outer loop
      vertex 15 87.5 3
      vertex 11.7945 80.9971 3
      vertex 12.3978 81.2824 3
    endloop
  endfacet
  facet normal 0 0 1
    outer loop
      vertex 15 87.5 3
      vertex 11.2221 80.654 3
      vertex 11.7945 80.9971 3
    endloop
  endfacet
  facet normal 0 0 1
    outer loop
      vertex 15 87.5 3
      vertex 10.6861 80.2565 3
      vertex 11.2221 80.654 3
    endloop
  endfacet
  facet normal 0 0 1
    outer loop
      vertex 15 87.5 3
      vertex 10.1917 79.8083 3
      vertex 10.6861 80.2565 3
    endloop
  endfacet
  facet normal 0 0 1
    outer loop
      vertex -10.1917 79.8083 3
      vertex 10.1917 79.8083 3
      vertex 15 87.5 3
    endloop
  endfacet
  facet normal 0 0 1
    outer loop
      vertex 10.1917 79.8083 3
      vertex -10.1917 79.8083 3
      vertex 9.74353 79.3139 3
    endloop
  endfacet
  facet normal 0 0 1
    outer loop
      vertex 12.3978 68.7176 3
      vertex 6.24976 40.4316 3
      vertex 7.25215 40.4316 3
    endloop
  endfacet
  facet normal 0 0 1
    outer loop
      vertex 6.24976 39.8376 3
      vertex 7.25215 40.4316 3
      vertex 6.24976 40.4316 3
    endloop
  endfacet
  facet normal 0 0 1
    outer loop
      vertex 7.25215 40.4316 3
      vertex 6.24976 39.8376 3
      vertex 7.06093 37.3475 3
    endloop
  endfacet
  facet normal 0 0 1
    outer loop
      vertex -8.2 75 3
      vertex 8.2 75 3
      vertex 8.23274 75.6665 3
    endloop
  endfacet
  facet normal 0 0 1
    outer loop
      vertex 11.7945 69.0029 3
      vertex 2.46172 40.4316 3
      vertex 6.24976 40.4316 3
    endloop
  endfacet
  facet normal 0 0 1
    outer loop
      vertex -8.23274 75.6665 3
      vertex 8.23274 75.6665 3
      vertex 8.33066 76.3266 3
    endloop
  endfacet
  facet normal 0 0 1
    outer loop
      vertex 1.13095 39.1011 3
      vertex 2.46172 39.8091 3
      vertex 2.46172 40.4316 3
    endloop
  endfacet
  facet normal 0 0 1
    outer loop
      vertex 3.5714 35.444 3
      vertex 2.04236 34.6988 3
      vertex 3.54263 35.1927 3
    endloop
  endfacet
  facet normal 0 0 1
    outer loop
      vertex 8.71762 72.3978 3
      vertex -8.71762 72.3978 3
      vertex 9.00293 71.7945 3
    endloop
  endfacet
  facet normal 0 -0 1
    outer loop
      vertex -3.26727 40.2872 3
      vertex 2.46172 40.4316 3
      vertex -3.43341 40.37 3
    endloop
  endfacet
  facet normal 0 -0 1
    outer loop
      vertex -3.11426 40.1861 3
      vertex 2.46172 40.4316 3
      vertex -3.26727 40.2872 3
    endloop
  endfacet
  facet normal 0 0 1
    outer loop
      vertex 1.13095 39.1011 3
      vertex -1.05801 39.1011 3
      vertex 0.0405121 37.3882 3
    endloop
  endfacet
  facet normal 0 0 1
    outer loop
      vertex -8.33066 76.3266 3
      vertex 8.33066 76.3266 3
      vertex 8.49281 76.9739 3
    endloop
  endfacet
  facet normal 0 -0 1
    outer loop
      vertex -2.97433 40.0666 3
      vertex 2.46172 40.4316 3
      vertex -3.11426 40.1861 3
    endloop
  endfacet
  facet normal 0 0 1
    outer loop
      vertex -0.374435 36.961 3
      vertex -2.25169 37.5672 3
      vertex -2.25795 37.2565 3
    endloop
  endfacet
  facet normal 0 0 1
    outer loop
      vertex -0.374435 36.961 3
      vertex -2.25764 37.883 3
      vertex -2.25169 37.5672 3
    endloop
  endfacet
  facet normal -0 -0 1
    outer loop
      vertex -2.84753 39.9287 3
      vertex -1.05801 39.1011 3
      vertex -2.97433 40.0666 3
    endloop
  endfacet
  facet normal 0 0 1
    outer loop
      vertex -0.374435 36.961 3
      vertex -2.2755 38.1811 3
      vertex -2.25764 37.883 3
    endloop
  endfacet
  facet normal 0 0 1
    outer loop
      vertex -1.86771 39.1011 3
      vertex -2.30527 38.4615 3
      vertex -2.2755 38.1811 3
    endloop
  endfacet
  facet normal 0 0 1
    outer loop
      vertex -1.86771 39.1011 3
      vertex -2.34694 38.7242 3
      vertex -2.30527 38.4615 3
    endloop
  endfacet
  facet normal 0 0 1
    outer loop
      vertex -1.86771 39.1011 3
      vertex -2.40051 38.9692 3
      vertex -2.34694 38.7242 3
    endloop
  endfacet
  facet normal 0 0 1
    outer loop
      vertex -1.86771 39.1011 3
      vertex -2.46599 39.1965 3
      vertex -2.40051 38.9692 3
    endloop
  endfacet
  facet normal 0 0 1
    outer loop
      vertex -1.86771 39.1011 3
      vertex -2.54337 39.4062 3
      vertex -2.46599 39.1965 3
    endloop
  endfacet
  facet normal 0 0 1
    outer loop
      vertex -1.86771 39.1011 3
      vertex -2.63266 39.5982 3
      vertex -2.54337 39.4062 3
    endloop
  endfacet
  facet normal 0 0 1
    outer loop
      vertex -1.86771 39.1011 3
      vertex -2.73386 39.7725 3
      vertex -2.63266 39.5982 3
    endloop
  endfacet
  facet normal 0 0 1
    outer loop
      vertex -1.05801 39.1011 3
      vertex -2.73386 39.7725 3
      vertex -1.86771 39.1011 3
    endloop
  endfacet
  facet normal -0 -0 1
    outer loop
      vertex -2.73386 39.7725 3
      vertex -1.05801 39.1011 3
      vertex -2.84753 39.9287 3
    endloop
  endfacet
  facet normal 0 0 1
    outer loop
      vertex 2.46172 40.4316 3
      vertex -1.05801 39.1011 3
      vertex 1.13095 39.1011 3
    endloop
  endfacet
  facet normal 0 -0 1
    outer loop
      vertex -1.05801 39.1011 3
      vertex 2.46172 40.4316 3
      vertex -2.97433 40.0666 3
    endloop
  endfacet
  facet normal 0 0 1
    outer loop
      vertex 2.46172 39.8091 3
      vertex 1.13095 39.1011 3
      vertex 1.94875 39.1011 3
    endloop
  endfacet
  facet normal 0 0 1
    outer loop
      vertex 2.46172 40.4316 3
      vertex -3.61266 40.4343 3
      vertex -3.43341 40.37 3
    endloop
  endfacet
  facet normal 0 0 1
    outer loop
      vertex 10.6861 69.7435 3
      vertex -3.80501 40.4803 3
      vertex 2.46172 40.4316 3
    endloop
  endfacet
  facet normal 0 0 1
    outer loop
      vertex 2.46172 40.4316 3
      vertex -3.80501 40.4803 3
      vertex -3.61266 40.4343 3
    endloop
  endfacet
  facet normal 0 0 1
    outer loop
      vertex -9.34601 71.2221 3
      vertex 9.34601 71.2221 3
      vertex -9.00293 71.7945 3
    endloop
  endfacet
  facet normal 0 0 1
    outer loop
      vertex -9.00293 71.7945 3
      vertex 9.00293 71.7945 3
      vertex -8.71762 72.3978 3
    endloop
  endfacet
  facet normal 0 0 1
    outer loop
      vertex 9.00293 71.7945 3
      vertex -9.00293 71.7945 3
      vertex 9.34601 71.2221 3
    endloop
  endfacet
  facet normal 0 0 1
    outer loop
      vertex -8.49281 76.9739 3
      vertex 8.49281 76.9739 3
      vertex 8.71762 77.6022 3
    endloop
  endfacet
  facet normal 0 0 1
    outer loop
      vertex 9.34601 71.2221 3
      vertex -9.34601 71.2221 3
      vertex 9.74353 70.6861 3
    endloop
  endfacet
  facet normal 0 0 1
    outer loop
      vertex -4.45361 40.508 3
      vertex -8.10493 40.4379 3
      vertex -4.66435 40.4807 3
    endloop
  endfacet
  facet normal 0 0 1
    outer loop
      vertex -4.66435 40.4807 3
      vertex -8.10493 40.4379 3
      vertex -4.8613 40.4352 3
    endloop
  endfacet
  facet normal 0 -0 1
    outer loop
      vertex -7.95596 40.3934 3
      vertex -4.8613 40.4352 3
      vertex -8.10493 40.4379 3
    endloop
  endfacet
  facet normal 0 0 1
    outer loop
      vertex -4.8613 40.4352 3
      vertex -7.95596 40.3934 3
      vertex -5.04442 40.3716 3
    endloop
  endfacet
  facet normal 0 -0 1
    outer loop
      vertex -7.8165 40.3389 3
      vertex -5.04442 40.3716 3
      vertex -7.95596 40.3934 3
    endloop
  endfacet
  facet normal 0 0 1
    outer loop
      vertex -5.04442 40.3716 3
      vertex -7.8165 40.3389 3
      vertex -5.21371 40.2898 3
    endloop
  endfacet
  facet normal 0 -0 1
    outer loop
      vertex -7.68652 40.2746 3
      vertex -5.21371 40.2898 3
      vertex -7.8165 40.3389 3
    endloop
  endfacet
  facet normal 0 0 1
    outer loop
      vertex -5.21371 40.2898 3
      vertex -7.56604 40.2004 3
      vertex -5.36922 40.1898 3
    endloop
  endfacet
  facet normal 0 0 1
    outer loop
      vertex -6.97748 36.9307 3
      vertex -6.23497 37.5672 3
      vertex -6.22902 37.8863 3
    endloop
  endfacet
  facet normal 0 0 1
    outer loop
      vertex -6.13972 38.7338 3
      vertex -6.99214 38.7654 3
      vertex -6.1814 38.4696 3
    endloop
  endfacet
  facet normal -0 0 1
    outer loop
      vertex -6.99214 38.7654 3
      vertex -6.13972 38.7338 3
      vertex -6.98076 38.8799 3
    endloop
  endfacet
  facet normal -0 0 1
    outer loop
      vertex -6.98076 38.8799 3
      vertex -6.13972 38.7338 3
      vertex -6.97697 38.9994 3
    endloop
  endfacet
  facet normal 0 0 1
    outer loop
      vertex -6.97697 38.9994 3
      vertex -6.13972 38.7338 3
      vertex -6.08615 38.9797 3
    endloop
  endfacet
  facet normal 0 0 1
    outer loop
      vertex -6.23497 37.5672 3
      vertex -6.82275 36.4013 3
      vertex -6.81833 36.2815 3
    endloop
  endfacet
  facet normal 0 0 1
    outer loop
      vertex -6.23497 37.5672 3
      vertex -6.83601 36.5164 3
      vertex -6.82275 36.4013 3
    endloop
  endfacet
  facet normal -0 0 1
    outer loop
      vertex -6.98286 39.1547 3
      vertex -6.08615 38.9797 3
      vertex -6.02068 39.2074 3
    endloop
  endfacet
  facet normal 0 0 1
    outer loop
      vertex -6.23497 37.5672 3
      vertex -6.85811 36.6269 3
      vertex -6.83601 36.5164 3
    endloop
  endfacet
  facet normal 0 0 1
    outer loop
      vertex -6.23497 37.5672 3
      vertex -6.88905 36.7328 3
      vertex -6.85811 36.6269 3
    endloop
  endfacet
  facet normal 0 0 1
    outer loop
      vertex -6.23497 37.5672 3
      vertex -6.92885 36.8341 3
      vertex -6.88905 36.7328 3
    endloop
  endfacet
  facet normal 0 0 1
    outer loop
      vertex -7.03009 39.4418 3
      vertex -6.02068 39.2074 3
      vertex -5.9433 39.4167 3
    endloop
  endfacet
  facet normal -0 0 1
    outer loop
      vertex -7.01111 38.6561 3
      vertex -6.1814 38.4696 3
      vertex -6.99214 38.7654 3
    endloop
  endfacet
  facet normal 0 0 1
    outer loop
      vertex -5.36922 40.1898 3
      vertex -7.45505 40.1163 3
      vertex -5.51089 40.0716 3
    endloop
  endfacet
  facet normal 0 0 1
    outer loop
      vertex -6.08615 38.9797 3
      vertex -6.98286 39.1547 3
      vertex -6.97697 38.9994 3
    endloop
  endfacet
  facet normal 0 0 1
    outer loop
      vertex -6.02068 39.2074 3
      vertex -7.00058 39.3021 3
      vertex -6.98286 39.1547 3
    endloop
  endfacet
  facet normal 0 0 1
    outer loop
      vertex -6.02068 39.2074 3
      vertex -7.03009 39.4418 3
      vertex -7.00058 39.3021 3
    endloop
  endfacet
  facet normal 0 0 1
    outer loop
      vertex -5.9433 39.4167 3
      vertex -7.0714 39.5737 3
      vertex -7.03009 39.4418 3
    endloop
  endfacet
  facet normal 0 0 1
    outer loop
      vertex -5.854 39.6078 3
      vertex -7.0714 39.5737 3
      vertex -5.9433 39.4167 3
    endloop
  endfacet
  facet normal 0 -0 1
    outer loop
      vertex -7.0714 39.5737 3
      vertex -5.854 39.6078 3
      vertex -7.12453 39.6978 3
    endloop
  endfacet
  facet normal 0 0 1
    outer loop
      vertex -5.75281 39.7806 3
      vertex -7.12453 39.6978 3
      vertex -5.854 39.6078 3
    endloop
  endfacet
  facet normal 0 -0 1
    outer loop
      vertex -7.12453 39.6978 3
      vertex -5.75281 39.7806 3
      vertex -7.18945 39.8141 3
    endloop
  endfacet
  facet normal -0 -0 1
    outer loop
      vertex -7.18945 39.8141 3
      vertex -5.75281 39.7806 3
      vertex -7.26617 39.9226 3
    endloop
  endfacet
  facet normal 0 0 1
    outer loop
      vertex -5.63876 39.9352 3
      vertex -7.26617 39.9226 3
      vertex -5.75281 39.7806 3
    endloop
  endfacet
  facet normal 0 -0 1
    outer loop
      vertex -7.26617 39.9226 3
      vertex -5.63876 39.9352 3
      vertex -7.35471 40.0233 3
    endloop
  endfacet
  facet normal 0 0 1
    outer loop
      vertex -5.51089 40.0716 3
      vertex -7.35471 40.0233 3
      vertex -5.63876 39.9352 3
    endloop
  endfacet
  facet normal 0 -0 1
    outer loop
      vertex -7.35471 40.0233 3
      vertex -5.51089 40.0716 3
      vertex -7.45505 40.1163 3
    endloop
  endfacet
  facet normal 0 -0 1
    outer loop
      vertex -7.45505 40.1163 3
      vertex -5.36922 40.1898 3
      vertex -7.56604 40.2004 3
    endloop
  endfacet
  facet normal 0 -0 1
    outer loop
      vertex -7.56604 40.2004 3
      vertex -5.21371 40.2898 3
      vertex -7.68652 40.2746 3
    endloop
  endfacet
  facet normal 0 0 1
    outer loop
      vertex -8.71762 77.6022 3
      vertex 8.71762 77.6022 3
      vertex 9.00293 78.2055 3
    endloop
  endfacet
  facet normal 0 0 1
    outer loop
      vertex -9.00293 78.2055 3
      vertex 9.00293 78.2055 3
      vertex 9.34601 78.7779 3
    endloop
  endfacet
  facet normal 0 -0 1
    outer loop
      vertex -9.74353 79.3139 3
      vertex 9.74353 79.3139 3
      vertex -10.1917 79.8083 3
    endloop
  endfacet
  facet normal 0 0 1
    outer loop
      vertex 8.23274 75.6665 3
      vertex -8.23274 75.6665 3
      vertex -8.2 75 3
    endloop
  endfacet
  facet normal 0 0 1
    outer loop
      vertex 8.33066 76.3266 3
      vertex -8.33066 76.3266 3
      vertex -8.23274 75.6665 3
    endloop
  endfacet
  facet normal 0 0 1
    outer loop
      vertex 8.49281 76.9739 3
      vertex -8.49281 76.9739 3
      vertex -8.33066 76.3266 3
    endloop
  endfacet
  facet normal 0 0 1
    outer loop
      vertex 8.71762 77.6022 3
      vertex -8.71762 77.6022 3
      vertex -8.49281 76.9739 3
    endloop
  endfacet
  facet normal 0 0 1
    outer loop
      vertex 9.00293 78.2055 3
      vertex -9.00293 78.2055 3
      vertex -8.71762 77.6022 3
    endloop
  endfacet
  facet normal 0 0 1
    outer loop
      vertex 9.34601 78.7779 3
      vertex -9.34601 78.7779 3
      vertex -9.00293 78.2055 3
    endloop
  endfacet
  facet normal 0 0 1
    outer loop
      vertex 9.34601 78.7779 3
      vertex -9.74353 79.3139 3
      vertex -9.34601 78.7779 3
    endloop
  endfacet
  facet normal 0 0 1
    outer loop
      vertex 9.74353 79.3139 3
      vertex -9.74353 79.3139 3
      vertex 9.34601 78.7779 3
    endloop
  endfacet
  facet normal 0 0 1
    outer loop
      vertex 15 87.5 3
      vertex -10.6861 80.2565 3
      vertex -10.1917 79.8083 3
    endloop
  endfacet
  facet normal -0 0 1
    outer loop
      vertex -15 87.5 3
      vertex -10.6861 80.2565 3
      vertex 15 87.5 3
    endloop
  endfacet
  facet normal 0 0 1
    outer loop
      vertex -10.6861 80.2565 3
      vertex -15 87.5 3
      vertex -11.2221 80.654 3
    endloop
  endfacet
  facet normal 0 0 1
    outer loop
      vertex -11.2221 80.654 3
      vertex -15 87.5 3
      vertex -11.7945 80.9971 3
    endloop
  endfacet
  facet normal 0 0 1
    outer loop
      vertex -11.7945 80.9971 3
      vertex -15 87.5 3
      vertex -12.3978 81.2824 3
    endloop
  endfacet
  facet normal 0 0 1
    outer loop
      vertex -12.3978 81.2824 3
      vertex -15 87.5 3
      vertex -13.0261 81.5072 3
    endloop
  endfacet
  facet normal 0 0 1
    outer loop
      vertex -13.0261 81.5072 3
      vertex -15 87.5 3
      vertex -13.6734 81.6693 3
    endloop
  endfacet
  facet normal 0 0 1
    outer loop
      vertex -13.6734 81.6693 3
      vertex -15 87.5 3
      vertex -14.3335 81.7673 3
    endloop
  endfacet
  facet normal 0 0 1
    outer loop
      vertex -15 87.5 3
      vertex -15 81.8 3
      vertex -14.3335 81.7673 3
    endloop
  endfacet
  facet normal 0 0 1
    outer loop
      vertex -15 87.5 3
      vertex -15.6665 81.7673 3
      vertex -15 81.8 3
    endloop
  endfacet
  facet normal -0 0 1
    outer loop
      vertex -16.2252 87.4398 3
      vertex -15.6665 81.7673 3
      vertex -15 87.5 3
    endloop
  endfacet
  facet normal 0 0 1
    outer loop
      vertex -16.2252 87.4398 3
      vertex -16.3266 81.6693 3
      vertex -15.6665 81.7673 3
    endloop
  endfacet
  facet normal -0 0 1
    outer loop
      vertex -17.4386 87.2598 3
      vertex -16.3266 81.6693 3
      vertex -16.2252 87.4398 3
    endloop
  endfacet
  facet normal 0 0 1
    outer loop
      vertex -16.3266 81.6693 3
      vertex -17.4386 87.2598 3
      vertex -16.9739 81.5072 3
    endloop
  endfacet
  facet normal -0 0 1
    outer loop
      vertex -18.6286 86.9618 3
      vertex -16.9739 81.5072 3
      vertex -17.4386 87.2598 3
    endloop
  endfacet
  facet normal 0 0 1
    outer loop
      vertex -16.9739 81.5072 3
      vertex -18.6286 86.9618 3
      vertex -17.6022 81.2824 3
    endloop
  endfacet
  facet normal -0 0 1
    outer loop
      vertex -19.7835 86.5485 3
      vertex -17.6022 81.2824 3
      vertex -18.6286 86.9618 3
    endloop
  endfacet
  facet normal 0 0 1
    outer loop
      vertex -17.6022 81.2824 3
      vertex -19.7835 86.5485 3
      vertex -18.2055 80.9971 3
    endloop
  endfacet
  facet normal -0 0 1
    outer loop
      vertex -20.8925 86.024 3
      vertex -18.2055 80.9971 3
      vertex -19.7835 86.5485 3
    endloop
  endfacet
  facet normal 0 0 1
    outer loop
      vertex -18.2055 80.9971 3
      vertex -20.8925 86.024 3
      vertex -18.7779 80.654 3
    endloop
  endfacet
  facet normal -0 0 1
    outer loop
      vertex -21.9446 85.3934 3
      vertex -18.7779 80.654 3
      vertex -20.8925 86.024 3
    endloop
  endfacet
  facet normal 0 0 1
    outer loop
      vertex -18.7779 80.654 3
      vertex -21.9446 85.3934 3
      vertex -19.3139 80.2565 3
    endloop
  endfacet
  facet normal -0 0 1
    outer loop
      vertex -22.9299 84.6626 3
      vertex -19.3139 80.2565 3
      vertex -21.9446 85.3934 3
    endloop
  endfacet
  facet normal 0 0 1
    outer loop
      vertex -19.3139 80.2565 3
      vertex -22.9299 84.6626 3
      vertex -19.8083 79.8083 3
    endloop
  endfacet
  facet normal -0 0 1
    outer loop
      vertex -23.8388 83.8388 3
      vertex -19.8083 79.8083 3
      vertex -22.9299 84.6626 3
    endloop
  endfacet
  facet normal 0 0 1
    outer loop
      vertex -19.8083 79.8083 3
      vertex -23.8388 83.8388 3
      vertex -20.2565 79.3139 3
    endloop
  endfacet
  facet normal -0 0 1
    outer loop
      vertex -24.6626 82.9299 3
      vertex -20.2565 79.3139 3
      vertex -23.8388 83.8388 3
    endloop
  endfacet
  facet normal 0 0 1
    outer loop
      vertex -20.2565 79.3139 3
      vertex -24.6626 82.9299 3
      vertex -20.654 78.7779 3
    endloop
  endfacet
  facet normal -0 0 1
    outer loop
      vertex -25.3934 81.9446 3
      vertex -20.654 78.7779 3
      vertex -24.6626 82.9299 3
    endloop
  endfacet
  facet normal 0 0 1
    outer loop
      vertex -20.9971 78.2055 3
      vertex -26.024 80.8925 3
      vertex -21.2824 77.6022 3
    endloop
  endfacet
  facet normal -0 0 1
    outer loop
      vertex -26.024 80.8925 3
      vertex -20.9971 78.2055 3
      vertex -25.3934 81.9446 3
    endloop
  endfacet
  facet normal 0 0 1
    outer loop
      vertex -20.654 78.7779 3
      vertex -25.3934 81.9446 3
      vertex -20.9971 78.2055 3
    endloop
  endfacet
  facet normal -0 0 1
    outer loop
      vertex 20.9971 -3.2055 3
      vertex 26.024 -5.89246 3
      vertex 21.2824 -2.60225 3
    endloop
  endfacet
  facet normal 0 0 1
    outer loop
      vertex 26.024 -5.89246 3
      vertex 20.9971 -3.2055 3
      vertex 25.3934 -6.94463 3
    endloop
  endfacet
  facet normal -0 0 1
    outer loop
      vertex 20.654 -3.77788 3
      vertex 25.3934 -6.94463 3
      vertex 20.9971 -3.2055 3
    endloop
  endfacet
  facet normal 0 0 1
    outer loop
      vertex 25.3934 -6.94463 3
      vertex 20.654 -3.77788 3
      vertex 24.6626 -7.92992 3
    endloop
  endfacet
  facet normal -0 0 1
    outer loop
      vertex 20.2565 -4.31387 3
      vertex 24.6626 -7.92992 3
      vertex 20.654 -3.77788 3
    endloop
  endfacet
  facet normal 0 0 1
    outer loop
      vertex 24.6626 -7.92992 3
      vertex 20.2565 -4.31387 3
      vertex 23.8388 -8.83883 3
    endloop
  endfacet
  facet normal -0 0 1
    outer loop
      vertex 19.8083 -4.80833 3
      vertex 23.8388 -8.83883 3
      vertex 20.2565 -4.31387 3
    endloop
  endfacet
  facet normal 0 0 1
    outer loop
      vertex 23.8388 -8.83883 3
      vertex 19.8083 -4.80833 3
      vertex 22.9299 -9.66263 3
    endloop
  endfacet
  facet normal -0 0 1
    outer loop
      vertex 19.3139 -5.25647 3
      vertex 22.9299 -9.66263 3
      vertex 19.8083 -4.80833 3
    endloop
  endfacet
  facet normal 0 0 1
    outer loop
      vertex 22.9299 -9.66263 3
      vertex 19.3139 -5.25647 3
      vertex 21.9446 -10.3934 3
    endloop
  endfacet
  facet normal -0 0 1
    outer loop
      vertex 18.7779 -5.65399 3
      vertex 21.9446 -10.3934 3
      vertex 19.3139 -5.25647 3
    endloop
  endfacet
  facet normal 0 0 1
    outer loop
      vertex 21.9446 -10.3934 3
      vertex 18.7779 -5.65399 3
      vertex 20.8925 -11.024 3
    endloop
  endfacet
  facet normal -0 0 1
    outer loop
      vertex 18.2055 -5.99706 3
      vertex 20.8925 -11.024 3
      vertex 18.7779 -5.65399 3
    endloop
  endfacet
  facet normal 0 0 1
    outer loop
      vertex 20.8925 -11.024 3
      vertex 18.2055 -5.99706 3
      vertex 19.7835 -11.5485 3
    endloop
  endfacet
  facet normal -0 0 1
    outer loop
      vertex 17.6022 -6.28238 3
      vertex 19.7835 -11.5485 3
      vertex 18.2055 -5.99706 3
    endloop
  endfacet
  facet normal 0 0 1
    outer loop
      vertex 19.7835 -11.5485 3
      vertex 17.6022 -6.28238 3
      vertex 18.6286 -11.9618 3
    endloop
  endfacet
  facet normal -0 0 1
    outer loop
      vertex 16.9739 -6.50719 3
      vertex 18.6286 -11.9618 3
      vertex 17.6022 -6.28238 3
    endloop
  endfacet
  facet normal 0 0 1
    outer loop
      vertex 18.6286 -11.9618 3
      vertex 16.9739 -6.50719 3
      vertex 17.4386 -12.2598 3
    endloop
  endfacet
  facet normal -0 0 1
    outer loop
      vertex 16.3266 -6.66934 3
      vertex 17.4386 -12.2598 3
      vertex 16.9739 -6.50719 3
    endloop
  endfacet
  facet normal 0 0 1
    outer loop
      vertex 16.3266 -6.66934 3
      vertex 16.2252 -12.4398 3
      vertex 17.4386 -12.2598 3
    endloop
  endfacet
  facet normal -0 0 1
    outer loop
      vertex 15.6665 -6.76726 3
      vertex 16.2252 -12.4398 3
      vertex 16.3266 -6.66934 3
    endloop
  endfacet
  facet normal -0 0 1
    outer loop
      vertex 15 -6.8 3
      vertex 16.2252 -12.4398 3
      vertex 15.6665 -6.76726 3
    endloop
  endfacet
  facet normal 0 0 1
    outer loop
      vertex 15 -6.8 3
      vertex 15 -12.5 3
      vertex 16.2252 -12.4398 3
    endloop
  endfacet
  facet normal 0 0 1
    outer loop
      vertex 14.3335 -6.76726 3
      vertex 15 -12.5 3
      vertex 15 -6.8 3
    endloop
  endfacet
  facet normal 0 0 1
    outer loop
      vertex 13.6734 -6.66934 3
      vertex 15 -12.5 3
      vertex 14.3335 -6.76726 3
    endloop
  endfacet
  facet normal 0 0 1
    outer loop
      vertex 13.0261 -6.50719 3
      vertex 15 -12.5 3
      vertex 13.6734 -6.66934 3
    endloop
  endfacet
  facet normal 0 0 1
    outer loop
      vertex 12.3978 -6.28238 3
      vertex 15 -12.5 3
      vertex 13.0261 -6.50719 3
    endloop
  endfacet
  facet normal 0 0 1
    outer loop
      vertex 11.7945 -5.99706 3
      vertex 15 -12.5 3
      vertex 12.3978 -6.28238 3
    endloop
  endfacet
  facet normal 0 0 1
    outer loop
      vertex 11.2221 -5.65399 3
      vertex 15 -12.5 3
      vertex 11.7945 -5.99706 3
    endloop
  endfacet
  facet normal 0 0 1
    outer loop
      vertex 10.6861 -5.25647 3
      vertex 15 -12.5 3
      vertex 11.2221 -5.65399 3
    endloop
  endfacet
  facet normal 0 0 1
    outer loop
      vertex 10.1917 -4.80833 3
      vertex 15 -12.5 3
      vertex 10.6861 -5.25647 3
    endloop
  endfacet
  facet normal 0 0 1
    outer loop
      vertex -10.1917 -4.80833 3
      vertex 10.1917 -4.80833 3
      vertex 9.74353 -4.31387 3
    endloop
  endfacet
  facet normal 0 0 1
    outer loop
      vertex -9.74353 -4.31387 3
      vertex 9.74353 -4.31387 3
      vertex 9.34601 -3.77788 3
    endloop
  endfacet
  facet normal 0 0 1
    outer loop
      vertex -8.23274 0.666516 3
      vertex 10.1917 4.80833 3
      vertex -4.03972 34.6267 3
    endloop
  endfacet
  facet normal 0 0 1
    outer loop
      vertex 4.28452 34.6988 3
      vertex 8.01532 34.7254 3
      vertex 7.8792 34.7729 3
    endloop
  endfacet
  facet normal 0 0 1
    outer loop
      vertex 4.28452 34.6988 3
      vertex 7.8792 34.7729 3
      vertex 7.7507 34.8291 3
    endloop
  endfacet
  facet normal 0 0 1
    outer loop
      vertex 4.28452 34.6988 3
      vertex 7.7507 34.8291 3
      vertex 7.62985 34.8939 3
    endloop
  endfacet
  facet normal 0 0 1
    outer loop
      vertex 4.28452 34.6988 3
      vertex 7.62985 34.8939 3
      vertex 7.51663 34.9673 3
    endloop
  endfacet
  facet normal 0 0 1
    outer loop
      vertex 4.28452 34.6988 3
      vertex 7.51663 34.9673 3
      vertex 7.4117 35.049 3
    endloop
  endfacet
  facet normal 0 0 1
    outer loop
      vertex 4.28452 34.6988 3
      vertex 7.4117 35.049 3
      vertex 7.31572 35.1383 3
    endloop
  endfacet
  facet normal 0 0 1
    outer loop
      vertex 4.28452 34.6988 3
      vertex 7.31572 35.1383 3
      vertex 7.22867 35.2354 3
    endloop
  endfacet
  facet normal 0 0 1
    outer loop
      vertex 4.28452 34.6988 3
      vertex 7.22867 35.2354 3
      vertex 7.15056 35.3402 3
    endloop
  endfacet
  facet normal 0 0 1
    outer loop
      vertex 4.28452 34.6988 3
      vertex 7.15056 35.3402 3
      vertex 7.08139 35.4528 3
    endloop
  endfacet
  facet normal 0 0 1
    outer loop
      vertex 4.28674 34.8744 3
      vertex 7.08139 35.4528 3
      vertex 7.02116 35.5731 3
    endloop
  endfacet
  facet normal 0 0 1
    outer loop
      vertex 4.30463 35.2218 3
      vertex 7.02116 35.5731 3
      vertex 6.96988 35.7011 3
    endloop
  endfacet
  facet normal 0 0 1
    outer loop
      vertex 4.34041 35.564 3
      vertex 6.96988 35.7011 3
      vertex 6.92754 35.8369 3
    endloop
  endfacet
  facet normal -0 0 1
    outer loop
      vertex 4.39406 35.9009 3
      vertex 6.92754 35.8369 3
      vertex 6.89413 35.9804 3
    endloop
  endfacet
  facet normal -0 0 1
    outer loop
      vertex 6.06082 39.5464 3
      vertex 7.06093 37.3475 3
      vertex 6.24976 39.8376 3
    endloop
  endfacet
  facet normal -0 0 1
    outer loop
      vertex 5.88466 39.2695 3
      vertex 7.06093 37.3475 3
      vertex 6.06082 39.5464 3
    endloop
  endfacet
  facet normal -0 0 1
    outer loop
      vertex 5.72125 39.0071 3
      vertex 7.06093 37.3475 3
      vertex 5.88466 39.2695 3
    endloop
  endfacet
  facet normal 0 0 1
    outer loop
      vertex -8.23274 0.666516 3
      vertex 9.74353 4.31387 3
      vertex 10.1917 4.80833 3
    endloop
  endfacet
  facet normal -0 0 1
    outer loop
      vertex 5.5706 38.759 3
      vertex 7.06093 37.3475 3
      vertex 5.72125 39.0071 3
    endloop
  endfacet
  facet normal -0 0 1
    outer loop
      vertex 5.43272 38.5253 3
      vertex 7.06093 37.3475 3
      vertex 5.5706 38.759 3
    endloop
  endfacet
  facet normal -0 0 1
    outer loop
      vertex 5.30759 38.3059 3
      vertex 7.06093 37.3475 3
      vertex 5.43272 38.5253 3
    endloop
  endfacet
  facet normal -0 0 1
    outer loop
      vertex 5.19522 38.1009 3
      vertex 7.06093 37.3475 3
      vertex 5.30759 38.3059 3
    endloop
  endfacet
  facet normal -0 0 1
    outer loop
      vertex 5.09563 37.9103 3
      vertex 7.06093 37.3475 3
      vertex 5.19522 38.1009 3
    endloop
  endfacet
  facet normal -0 0 1
    outer loop
      vertex 5.00877 37.734 3
      vertex 7.06093 37.3475 3
      vertex 5.09563 37.9103 3
    endloop
  endfacet
  facet normal -0 0 1
    outer loop
      vertex 4.93054 37.5652 3
      vertex 7.06093 37.3475 3
      vertex 5.00877 37.734 3
    endloop
  endfacet
  facet normal -0 0 1
    outer loop
      vertex 4.85678 37.3969 3
      vertex 7.06093 37.3475 3
      vertex 4.93054 37.5652 3
    endloop
  endfacet
  facet normal 0 0 1
    outer loop
      vertex 4.78749 37.2291 3
      vertex 7.06093 37.3475 3
      vertex 4.85678 37.3969 3
    endloop
  endfacet
  facet normal 0 0 1
    outer loop
      vertex 7.06093 37.3475 3
      vertex 4.78749 37.2291 3
      vertex 6.89413 35.9804 3
    endloop
  endfacet
  facet normal -0 0 1
    outer loop
      vertex 4.72267 37.0617 3
      vertex 6.89413 35.9804 3
      vertex 4.78749 37.2291 3
    endloop
  endfacet
  facet normal -0 0 1
    outer loop
      vertex 4.66231 36.8949 3
      vertex 6.89413 35.9804 3
      vertex 4.72267 37.0617 3
    endloop
  endfacet
  facet normal -0 0 1
    outer loop
      vertex 4.60643 36.7286 3
      vertex 6.89413 35.9804 3
      vertex 4.66231 36.8949 3
    endloop
  endfacet
  facet normal -0 0 1
    outer loop
      vertex 4.55501 36.5628 3
      vertex 6.89413 35.9804 3
      vertex 4.60643 36.7286 3
    endloop
  endfacet
  facet normal -0 0 1
    outer loop
      vertex 4.50807 36.3975 3
      vertex 6.89413 35.9804 3
      vertex 4.55501 36.5628 3
    endloop
  endfacet
  facet normal -0 0 1
    outer loop
      vertex 4.46559 36.2327 3
      vertex 6.89413 35.9804 3
      vertex 4.50807 36.3975 3
    endloop
  endfacet
  facet normal -0 0 1
    outer loop
      vertex 4.42758 36.0674 3
      vertex 6.89413 35.9804 3
      vertex 4.46559 36.2327 3
    endloop
  endfacet
  facet normal 0 0 1
    outer loop
      vertex 4.39406 35.9009 3
      vertex 6.89413 35.9804 3
      vertex 4.42758 36.0674 3
    endloop
  endfacet
  facet normal 0 0 1
    outer loop
      vertex 6.92754 35.8369 3
      vertex 4.39406 35.9009 3
      vertex 4.36499 35.7331 3
    endloop
  endfacet
  facet normal 0 0 1
    outer loop
      vertex 6.92754 35.8369 3
      vertex 4.36499 35.7331 3
      vertex 4.34041 35.564 3
    endloop
  endfacet
  facet normal 0 0 1
    outer loop
      vertex 6.96988 35.7011 3
      vertex 4.34041 35.564 3
      vertex 4.32028 35.3935 3
    endloop
  endfacet
  facet normal 0 0 1
    outer loop
      vertex 6.96988 35.7011 3
      vertex 4.32028 35.3935 3
      vertex 4.30463 35.2218 3
    endloop
  endfacet
  facet normal 0 0 1
    outer loop
      vertex 7.02116 35.5731 3
      vertex 4.30463 35.2218 3
      vertex 4.29346 35.0488 3
    endloop
  endfacet
  facet normal 0 0 1
    outer loop
      vertex 7.02116 35.5731 3
      vertex 4.29346 35.0488 3
      vertex 4.28674 34.8744 3
    endloop
  endfacet
  facet normal 0 0 1
    outer loop
      vertex 7.08139 35.4528 3
      vertex 4.28674 34.8744 3
      vertex 4.28452 34.6988 3
    endloop
  endfacet
  facet normal 0 0 1
    outer loop
      vertex -8.23274 0.666516 3
      vertex 9.00293 3.2055 3
      vertex 9.34601 3.77788 3
    endloop
  endfacet
  facet normal 0 0 1
    outer loop
      vertex -8.23274 0.666516 3
      vertex 8.49281 1.97394 3
      vertex 8.71762 2.60225 3
    endloop
  endfacet
  facet normal 0 0 1
    outer loop
      vertex 3.52539 34.9443 3
      vertex 2.04236 34.6988 3
      vertex 3.51964 34.6988 3
    endloop
  endfacet
  facet normal 0 0 1
    outer loop
      vertex -8.23274 0.666516 3
      vertex 8.33066 1.32661 3
      vertex 8.49281 1.97394 3
    endloop
  endfacet
  facet normal 0 0 1
    outer loop
      vertex 8.23274 0.666516 3
      vertex -8.2 0 3
      vertex 8.2 0 3
    endloop
  endfacet
  facet normal 0 0 1
    outer loop
      vertex 8.2 0 3
      vertex -8.2 0 3
      vertex 8.23274 -0.666516 3
    endloop
  endfacet
  facet normal 0 0 1
    outer loop
      vertex -1.15161 34.6988 3
      vertex 1.22455 34.6988 3
      vertex 0.0405121 36.5053 3
    endloop
  endfacet
  facet normal 0 0 1
    outer loop
      vertex -8.23274 0.666516 3
      vertex 8.23274 0.666516 3
      vertex 8.33066 1.32661 3
    endloop
  endfacet
  facet normal 0 0 1
    outer loop
      vertex -8.23274 -0.666516 3
      vertex 8.23274 -0.666516 3
      vertex -8.2 0 3
    endloop
  endfacet
  facet normal 0 0 1
    outer loop
      vertex -8.23274 0.666516 3
      vertex 8.71762 2.60225 3
      vertex 9.00293 3.2055 3
    endloop
  endfacet
  facet normal -0 0 1
    outer loop
      vertex -2.2767 36.9624 3
      vertex -0.374435 36.961 3
      vertex -2.25795 37.2565 3
    endloop
  endfacet
  facet normal 0 0 1
    outer loop
      vertex -2.30798 36.6852 3
      vertex -0.374435 36.961 3
      vertex -2.2767 36.9624 3
    endloop
  endfacet
  facet normal 0 0 1
    outer loop
      vertex -2.35176 36.4248 3
      vertex -0.374435 36.961 3
      vertex -2.30798 36.6852 3
    endloop
  endfacet
  facet normal 0 0 1
    outer loop
      vertex -2.40804 36.1811 3
      vertex -0.374435 36.961 3
      vertex -2.35176 36.4248 3
    endloop
  endfacet
  facet normal 0 0 1
    outer loop
      vertex -0.374435 36.961 3
      vertex -2.40804 36.1811 3
      vertex -1.94092 34.6988 3
    endloop
  endfacet
  facet normal -0 0 1
    outer loop
      vertex -2.47684 35.9542 3
      vertex -1.94092 34.6988 3
      vertex -2.40804 36.1811 3
    endloop
  endfacet
  facet normal -0 0 1
    outer loop
      vertex -2.55814 35.7441 3
      vertex -1.94092 34.6988 3
      vertex -2.47684 35.9542 3
    endloop
  endfacet
  facet normal -0 0 1
    outer loop
      vertex -2.65195 35.5507 3
      vertex -1.94092 34.6988 3
      vertex -2.55814 35.7441 3
    endloop
  endfacet
  facet normal -0 0 1
    outer loop
      vertex -2.75827 35.3742 3
      vertex -1.94092 34.6988 3
      vertex -2.65195 35.5507 3
    endloop
  endfacet
  facet normal -0 0 1
    outer loop
      vertex -2.87679 35.2153 3
      vertex -1.94092 34.6988 3
      vertex -2.75827 35.3742 3
    endloop
  endfacet
  facet normal -0 0 1
    outer loop
      vertex -3.0072 35.0752 3
      vertex -1.94092 34.6988 3
      vertex -2.87679 35.2153 3
    endloop
  endfacet
  facet normal -0 0 1
    outer loop
      vertex -3.14952 34.9538 3
      vertex -1.94092 34.6988 3
      vertex -3.0072 35.0752 3
    endloop
  endfacet
  facet normal -0 0 1
    outer loop
      vertex -3.30376 34.851 3
      vertex -1.94092 34.6988 3
      vertex -3.14952 34.9538 3
    endloop
  endfacet
  facet normal -0 0 1
    outer loop
      vertex -3.46988 34.7669 3
      vertex -1.94092 34.6988 3
      vertex -3.30376 34.851 3
    endloop
  endfacet
  facet normal -0 0 1
    outer loop
      vertex -3.64792 34.7015 3
      vertex -1.94092 34.6988 3
      vertex -3.46988 34.7669 3
    endloop
  endfacet
  facet normal 0 0 1
    outer loop
      vertex -3.83788 34.6548 3
      vertex -1.94092 34.6988 3
      vertex -3.64792 34.7015 3
    endloop
  endfacet
  facet normal 0 0 1
    outer loop
      vertex -4.03972 34.6267 3
      vertex -1.94092 34.6988 3
      vertex -3.83788 34.6548 3
    endloop
  endfacet
  facet normal 0 0 1
    outer loop
      vertex -8.23274 0.666516 3
      vertex 9.34601 3.77788 3
      vertex 9.74353 4.31387 3
    endloop
  endfacet
  facet normal 0 0 1
    outer loop
      vertex -8.23274 0.666516 3
      vertex -4.03972 34.6267 3
      vertex -4.25346 34.6174 3
    endloop
  endfacet
  facet normal 0 0 1
    outer loop
      vertex -8.23274 0.666516 3
      vertex -4.25346 34.6174 3
      vertex -4.46712 34.6267 3
    endloop
  endfacet
  facet normal 0 0 1
    outer loop
      vertex -8.36855 34.6389 3
      vertex -4.66859 34.6546 3
      vertex -8.18721 34.6658 3
    endloop
  endfacet
  facet normal 0 0 1
    outer loop
      vertex 8.23274 -0.666516 3
      vertex -8.23274 -0.666516 3
      vertex 8.33066 -1.32661 3
    endloop
  endfacet
  facet normal 0 0 1
    outer loop
      vertex -8.01653 34.7034 3
      vertex -4.66859 34.6546 3
      vertex -4.85793 34.701 3
    endloop
  endfacet
  facet normal -0 0 1
    outer loop
      vertex -7.85649 34.7518 3
      vertex -4.85793 34.701 3
      vertex -5.0351 34.7661 3
    endloop
  endfacet
  facet normal -0 0 1
    outer loop
      vertex -7.70711 34.8109 3
      vertex -5.0351 34.7661 3
      vertex -5.2001 34.8497 3
    endloop
  endfacet
  facet normal 0 0 1
    outer loop
      vertex -7.44029 34.9614 3
      vertex -5.2001 34.8497 3
      vertex -5.35297 34.9519 3
    endloop
  endfacet
  facet normal -0 0 1
    outer loop
      vertex -7.32286 35.0528 3
      vertex -5.35297 34.9519 3
      vertex -5.49367 35.0727 3
    endloop
  endfacet
  facet normal -0 0 1
    outer loop
      vertex -7.21698 35.1539 3
      vertex -5.49367 35.0727 3
      vertex -5.62221 35.2121 3
    endloop
  endfacet
  facet normal -0 0 1
    outer loop
      vertex -7.12355 35.2639 3
      vertex -5.62221 35.2121 3
      vertex -5.73859 35.3701 3
    endloop
  endfacet
  facet normal -0 0 1
    outer loop
      vertex -7.04257 35.3828 3
      vertex -5.73859 35.3701 3
      vertex -5.84277 35.5459 3
    endloop
  endfacet
  facet normal -0 0 1
    outer loop
      vertex -6.91798 35.647 3
      vertex -5.84277 35.5459 3
      vertex -5.93469 35.7388 3
    endloop
  endfacet
  facet normal 0 0 1
    outer loop
      vertex -6.81833 36.2815 3
      vertex -6.22884 37.2548 3
      vertex -6.23497 37.5672 3
    endloop
  endfacet
  facet normal 0 0 1
    outer loop
      vertex -6.81833 36.2815 3
      vertex -6.21046 36.9594 3
      vertex -6.22884 37.2548 3
    endloop
  endfacet
  facet normal 0 0 1
    outer loop
      vertex -6.81833 36.2815 3
      vertex -6.17982 36.6811 3
      vertex -6.21046 36.9594 3
    endloop
  endfacet
  facet normal 0 0 1
    outer loop
      vertex -6.81833 36.2815 3
      vertex -6.13692 36.4199 3
      vertex -6.17982 36.6811 3
    endloop
  endfacet
  facet normal -0 0 1
    outer loop
      vertex -6.81833 36.2815 3
      vertex -6.08177 36.1758 3
      vertex -6.13692 36.4199 3
    endloop
  endfacet
  facet normal 0 0 1
    outer loop
      vertex -6.82455 36.1096 3
      vertex -6.08177 36.1758 3
      vertex -6.81833 36.2815 3
    endloop
  endfacet
  facet normal 0 0 1
    outer loop
      vertex -6.84325 35.9466 3
      vertex -6.08177 36.1758 3
      vertex -6.82455 36.1096 3
    endloop
  endfacet
  facet normal 0 0 1
    outer loop
      vertex -6.08177 36.1758 3
      vertex -6.84325 35.9466 3
      vertex -6.01436 35.9488 3
    endloop
  endfacet
  facet normal 0 0 1
    outer loop
      vertex -6.87439 35.7924 3
      vertex -6.01436 35.9488 3
      vertex -6.84325 35.9466 3
    endloop
  endfacet
  facet normal 0 0 1
    outer loop
      vertex -6.01436 35.9488 3
      vertex -6.87439 35.7924 3
      vertex -5.93469 35.7388 3
    endloop
  endfacet
  facet normal 0 0 1
    outer loop
      vertex -6.91798 35.647 3
      vertex -5.93469 35.7388 3
      vertex -6.87439 35.7924 3
    endloop
  endfacet
  facet normal 0 0 1
    outer loop
      vertex -5.84277 35.5459 3
      vertex -6.91798 35.647 3
      vertex -6.97404 35.5105 3
    endloop
  endfacet
  facet normal 0 0 1
    outer loop
      vertex -5.84277 35.5459 3
      vertex -6.97404 35.5105 3
      vertex -7.04257 35.3828 3
    endloop
  endfacet
  facet normal 0 0 1
    outer loop
      vertex -5.73859 35.3701 3
      vertex -7.04257 35.3828 3
      vertex -7.12355 35.2639 3
    endloop
  endfacet
  facet normal 0 0 1
    outer loop
      vertex -5.62221 35.2121 3
      vertex -7.12355 35.2639 3
      vertex -7.21698 35.1539 3
    endloop
  endfacet
  facet normal 0 0 1
    outer loop
      vertex -5.49367 35.0727 3
      vertex -7.21698 35.1539 3
      vertex -7.32286 35.0528 3
    endloop
  endfacet
  facet normal 0 0 1
    outer loop
      vertex -5.35297 34.9519 3
      vertex -7.32286 35.0528 3
      vertex -7.44029 34.9614 3
    endloop
  endfacet
  facet normal 0 0 1
    outer loop
      vertex -5.2001 34.8497 3
      vertex -7.44029 34.9614 3
      vertex -7.56837 34.8808 3
    endloop
  endfacet
  facet normal 0 0 1
    outer loop
      vertex -5.2001 34.8497 3
      vertex -7.56837 34.8808 3
      vertex -7.70711 34.8109 3
    endloop
  endfacet
  facet normal 0 0 1
    outer loop
      vertex -5.0351 34.7661 3
      vertex -7.70711 34.8109 3
      vertex -7.85649 34.7518 3
    endloop
  endfacet
  facet normal 0 0 1
    outer loop
      vertex -4.85793 34.701 3
      vertex -7.85649 34.7518 3
      vertex -8.01653 34.7034 3
    endloop
  endfacet
  facet normal 0 0 1
    outer loop
      vertex -4.66859 34.6546 3
      vertex -8.01653 34.7034 3
      vertex -8.18721 34.6658 3
    endloop
  endfacet
  facet normal 0 0 1
    outer loop
      vertex -4.66859 34.6546 3
      vertex -8.36855 34.6389 3
      vertex -4.46712 34.6267 3
    endloop
  endfacet
  facet normal 0 0 1
    outer loop
      vertex -8.33066 -1.32661 3
      vertex 8.33066 -1.32661 3
      vertex -8.23274 -0.666516 3
    endloop
  endfacet
  facet normal 0 0 1
    outer loop
      vertex 8.33066 -1.32661 3
      vertex -8.33066 -1.32661 3
      vertex 8.49281 -1.97394 3
    endloop
  endfacet
  facet normal 0 0 1
    outer loop
      vertex -8.49281 -1.97394 3
      vertex 8.49281 -1.97394 3
      vertex -8.33066 -1.32661 3
    endloop
  endfacet
  facet normal 0 0 1
    outer loop
      vertex 8.49281 -1.97394 3
      vertex -8.49281 -1.97394 3
      vertex 8.71762 -2.60225 3
    endloop
  endfacet
  facet normal 0 0 1
    outer loop
      vertex -8.71762 -2.60225 3
      vertex 8.71762 -2.60225 3
      vertex -8.49281 -1.97394 3
    endloop
  endfacet
  facet normal 0 0 1
    outer loop
      vertex 8.71762 -2.60225 3
      vertex -8.71762 -2.60225 3
      vertex 9.00293 -3.2055 3
    endloop
  endfacet
  facet normal 0 0 1
    outer loop
      vertex -9.00293 -3.2055 3
      vertex 9.00293 -3.2055 3
      vertex -8.71762 -2.60225 3
    endloop
  endfacet
  facet normal 0 0 1
    outer loop
      vertex 9.00293 -3.2055 3
      vertex -9.00293 -3.2055 3
      vertex 9.34601 -3.77788 3
    endloop
  endfacet
  facet normal 0 0 1
    outer loop
      vertex -9.34601 -3.77788 3
      vertex 9.34601 -3.77788 3
      vertex -9.00293 -3.2055 3
    endloop
  endfacet
  facet normal 0 0 1
    outer loop
      vertex -9.74353 -4.31387 3
      vertex 9.34601 -3.77788 3
      vertex -9.34601 -3.77788 3
    endloop
  endfacet
  facet normal 0 0 1
    outer loop
      vertex 9.74353 -4.31387 3
      vertex -9.74353 -4.31387 3
      vertex -10.1917 -4.80833 3
    endloop
  endfacet
  facet normal 0 0 1
    outer loop
      vertex 10.1917 -4.80833 3
      vertex -10.1917 -4.80833 3
      vertex 15 -12.5 3
    endloop
  endfacet
  facet normal -0 0 1
    outer loop
      vertex -10.6861 -5.25647 3
      vertex 15 -12.5 3
      vertex -10.1917 -4.80833 3
    endloop
  endfacet
  facet normal 0 0 1
    outer loop
      vertex -15 -12.5 3
      vertex -10.6861 -5.25647 3
      vertex -11.2221 -5.65399 3
    endloop
  endfacet
  facet normal 0 0 1
    outer loop
      vertex -15 -12.5 3
      vertex -11.2221 -5.65399 3
      vertex -11.7945 -5.99706 3
    endloop
  endfacet
  facet normal 0 0 1
    outer loop
      vertex -15 -12.5 3
      vertex -11.7945 -5.99706 3
      vertex -12.3978 -6.28238 3
    endloop
  endfacet
  facet normal 0 0 1
    outer loop
      vertex -15 -12.5 3
      vertex -12.3978 -6.28238 3
      vertex -13.0261 -6.50719 3
    endloop
  endfacet
  facet normal 0 0 1
    outer loop
      vertex -15 -12.5 3
      vertex -13.0261 -6.50719 3
      vertex -13.6734 -6.66934 3
    endloop
  endfacet
  facet normal 0 0 1
    outer loop
      vertex -15 -12.5 3
      vertex -13.6734 -6.66934 3
      vertex -14.3335 -6.76726 3
    endloop
  endfacet
  facet normal 0 0 1
    outer loop
      vertex -15 -12.5 3
      vertex -14.3335 -6.76726 3
      vertex -15 -6.8 3
    endloop
  endfacet
  facet normal 0 0 1
    outer loop
      vertex -10.6861 -5.25647 3
      vertex -15 -12.5 3
      vertex 15 -12.5 3
    endloop
  endfacet
  facet normal 0 0 1
    outer loop
      vertex -15.6665 -6.76726 3
      vertex -15 -12.5 3
      vertex -15 -6.8 3
    endloop
  endfacet
  facet normal 0 0 1
    outer loop
      vertex -15.6665 -6.76726 3
      vertex -16.2252 -12.4398 3
      vertex -15 -12.5 3
    endloop
  endfacet
  facet normal 0 0 1
    outer loop
      vertex -16.3266 -6.66934 3
      vertex -16.2252 -12.4398 3
      vertex -15.6665 -6.76726 3
    endloop
  endfacet
  facet normal 0 0 1
    outer loop
      vertex -17.4386 -12.2598 3
      vertex -16.3266 -6.66934 3
      vertex -16.9739 -6.50719 3
    endloop
  endfacet
  facet normal 0 0 1
    outer loop
      vertex -16.3266 -6.66934 3
      vertex -17.4386 -12.2598 3
      vertex -16.2252 -12.4398 3
    endloop
  endfacet
  facet normal 0 0 1
    outer loop
      vertex -18.6286 -11.9618 3
      vertex -16.9739 -6.50719 3
      vertex -17.6022 -6.28238 3
    endloop
  endfacet
  facet normal 0 0 1
    outer loop
      vertex -19.7835 -11.5485 3
      vertex -17.6022 -6.28238 3
      vertex -18.2055 -5.99706 3
    endloop
  endfacet
  facet normal 0 0 1
    outer loop
      vertex -16.9739 -6.50719 3
      vertex -18.6286 -11.9618 3
      vertex -17.4386 -12.2598 3
    endloop
  endfacet
  facet normal 0 0 1
    outer loop
      vertex -20.8925 -11.024 3
      vertex -18.2055 -5.99706 3
      vertex -18.7779 -5.65399 3
    endloop
  endfacet
  facet normal 0 0 1
    outer loop
      vertex -21.9446 -10.3934 3
      vertex -18.7779 -5.65399 3
      vertex -19.3139 -5.25647 3
    endloop
  endfacet
  facet normal 0 0 1
    outer loop
      vertex -17.6022 -6.28238 3
      vertex -19.7835 -11.5485 3
      vertex -18.6286 -11.9618 3
    endloop
  endfacet
  facet normal 0 0 1
    outer loop
      vertex -22.9299 -9.66263 3
      vertex -19.3139 -5.25647 3
      vertex -19.8083 -4.80833 3
    endloop
  endfacet
  facet normal 0 0 1
    outer loop
      vertex -23.8388 -8.83883 3
      vertex -19.8083 -4.80833 3
      vertex -20.2565 -4.31387 3
    endloop
  endfacet
  facet normal 0 0 1
    outer loop
      vertex -24.6626 -7.92992 3
      vertex -20.2565 -4.31387 3
      vertex -20.654 -3.77788 3
    endloop
  endfacet
  facet normal 0 0 1
    outer loop
      vertex -18.2055 -5.99706 3
      vertex -20.8925 -11.024 3
      vertex -19.7835 -11.5485 3
    endloop
  endfacet
  facet normal 0 0 1
    outer loop
      vertex -25.3934 -6.94463 3
      vertex -20.654 -3.77788 3
      vertex -20.9971 -3.2055 3
    endloop
  endfacet
  facet normal 0 0 1
    outer loop
      vertex -26.024 -5.89246 3
      vertex -20.9971 -3.2055 3
      vertex -21.2824 -2.60225 3
    endloop
  endfacet
  facet normal 0 0 1
    outer loop
      vertex -26.5485 -4.78354 3
      vertex -21.2824 -2.60225 3
      vertex -21.5072 -1.97394 3
    endloop
  endfacet
  facet normal 0 0 1
    outer loop
      vertex -26.9618 -3.62856 3
      vertex -21.5072 -1.97394 3
      vertex -21.6693 -1.32661 3
    endloop
  endfacet
  facet normal 0 0 1
    outer loop
      vertex -27.2598 -2.43863 3
      vertex -21.6693 -1.32661 3
      vertex -21.7673 -0.666516 3
    endloop
  endfacet
  facet normal 0 0 1
    outer loop
      vertex -18.7779 -5.65399 3
      vertex -21.9446 -10.3934 3
      vertex -20.8925 -11.024 3
    endloop
  endfacet
  facet normal 0 0 1
    outer loop
      vertex -27.4398 -1.22521 3
      vertex -21.7673 -0.666516 3
      vertex -21.8 0 3
    endloop
  endfacet
  facet normal 0 0 1
    outer loop
      vertex -21.6693 1.32661 3
      vertex -27.5 0 3
      vertex -21.7673 0.666516 3
    endloop
  endfacet
  facet normal -0 0 1
    outer loop
      vertex -26.5485 79.7835 3
      vertex -21.2824 77.6022 3
      vertex -26.024 80.8925 3
    endloop
  endfacet
  facet normal 0 0 1
    outer loop
      vertex -21.7673 0.666516 3
      vertex -27.5 0 3
      vertex -21.8 0 3
    endloop
  endfacet
  facet normal 0 0 1
    outer loop
      vertex -21.2824 77.6022 3
      vertex -26.5485 79.7835 3
      vertex -21.5072 76.9739 3
    endloop
  endfacet
  facet normal 0 -0 1
    outer loop
      vertex -27.4398 -1.22521 3
      vertex -21.8 0 3
      vertex -27.5 0 3
    endloop
  endfacet
  facet normal -0 0 1
    outer loop
      vertex -26.9618 78.6286 3
      vertex -21.5072 76.9739 3
      vertex -26.5485 79.7835 3
    endloop
  endfacet
  facet normal 0 0 1
    outer loop
      vertex -19.3139 -5.25647 3
      vertex -22.9299 -9.66263 3
      vertex -21.9446 -10.3934 3
    endloop
  endfacet
  facet normal 0 0 1
    outer loop
      vertex -21.5072 76.9739 3
      vertex -26.9618 78.6286 3
      vertex -21.6693 76.3266 3
    endloop
  endfacet
  facet normal 0 0 1
    outer loop
      vertex -19.8083 -4.80833 3
      vertex -23.8388 -8.83883 3
      vertex -22.9299 -9.66263 3
    endloop
  endfacet
  facet normal -0 0 1
    outer loop
      vertex -27.2598 77.4386 3
      vertex -21.6693 76.3266 3
      vertex -26.9618 78.6286 3
    endloop
  endfacet
  facet normal 0 0 1
    outer loop
      vertex -20.2565 -4.31387 3
      vertex -24.6626 -7.92992 3
      vertex -23.8388 -8.83883 3
    endloop
  endfacet
  facet normal 0 0 1
    outer loop
      vertex -21.6693 76.3266 3
      vertex -27.2598 77.4386 3
      vertex -21.7673 75.6665 3
    endloop
  endfacet
  facet normal 0 0 1
    outer loop
      vertex -20.654 -3.77788 3
      vertex -25.3934 -6.94463 3
      vertex -24.6626 -7.92992 3
    endloop
  endfacet
  facet normal -0 0 1
    outer loop
      vertex -27.4398 76.2252 3
      vertex -21.7673 75.6665 3
      vertex -27.2598 77.4386 3
    endloop
  endfacet
  facet normal 0 0 1
    outer loop
      vertex -20.9971 -3.2055 3
      vertex -26.024 -5.89246 3
      vertex -25.3934 -6.94463 3
    endloop
  endfacet
  facet normal 0 0 1
    outer loop
      vertex -21.7673 75.6665 3
      vertex -27.4398 76.2252 3
      vertex -21.8 75 3
    endloop
  endfacet
  facet normal 0 0 1
    outer loop
      vertex -21.2824 -2.60225 3
      vertex -26.5485 -4.78354 3
      vertex -26.024 -5.89246 3
    endloop
  endfacet
  facet normal 0 0 1
    outer loop
      vertex -21.8 75 3
      vertex -27.4398 76.2252 3
      vertex -27.5 75 3
    endloop
  endfacet
  facet normal 0 0 1
    outer loop
      vertex -21.5072 -1.97394 3
      vertex -26.9618 -3.62856 3
      vertex -26.5485 -4.78354 3
    endloop
  endfacet
  facet normal 0 0 1
    outer loop
      vertex -21.6693 -1.32661 3
      vertex -27.2598 -2.43863 3
      vertex -26.9618 -3.62856 3
    endloop
  endfacet
  facet normal 0 0 1
    outer loop
      vertex -21.7673 -0.666516 3
      vertex -27.4398 -1.22521 3
      vertex -27.2598 -2.43863 3
    endloop
  endfacet
  facet normal -0 0 1
    outer loop
      vertex 10.1808 35.0289 3
      vertex 16.9739 6.50719 3
      vertex 10.3057 35.1382 3
    endloop
  endfacet
  facet normal 0 0 1
    outer loop
      vertex 16.9739 6.50719 3
      vertex 10.1808 35.0289 3
      vertex 16.3266 6.66934 3
    endloop
  endfacet
  facet normal -0 0 1
    outer loop
      vertex 10.0455 34.9324 3
      vertex 16.3266 6.66934 3
      vertex 10.1808 35.0289 3
    endloop
  endfacet
  facet normal 0 0 1
    outer loop
      vertex 16.3266 6.66934 3
      vertex 10.0455 34.9324 3
      vertex 15.6665 6.76726 3
    endloop
  endfacet
  facet normal -0 0 1
    outer loop
      vertex 9.89999 34.8489 3
      vertex 15.6665 6.76726 3
      vertex 10.0455 34.9324 3
    endloop
  endfacet
  facet normal 0 0 1
    outer loop
      vertex 15.6665 6.76726 3
      vertex 9.89999 34.8489 3
      vertex 15 6.8 3
    endloop
  endfacet
  facet normal -0 0 1
    outer loop
      vertex 9.74416 34.7781 3
      vertex 15 6.8 3
      vertex 9.89999 34.8489 3
    endloop
  endfacet
  facet normal -0 0 1
    outer loop
      vertex 9.578 34.7203 3
      vertex 15 6.8 3
      vertex 9.74416 34.7781 3
    endloop
  endfacet
  facet normal 0 0 1
    outer loop
      vertex 15 6.8 3
      vertex 9.578 34.7203 3
      vertex 14.3335 6.76726 3
    endloop
  endfacet
  facet normal -0 0 1
    outer loop
      vertex 9.40157 34.6753 3
      vertex 14.3335 6.76726 3
      vertex 9.578 34.7203 3
    endloop
  endfacet
  facet normal 0 0 1
    outer loop
      vertex 14.3335 6.76726 3
      vertex 9.40157 34.6753 3
      vertex 13.6734 6.66934 3
    endloop
  endfacet
  facet normal -0 0 1
    outer loop
      vertex 9.21483 34.6431 3
      vertex 13.6734 6.66934 3
      vertex 9.40157 34.6753 3
    endloop
  endfacet
  facet normal -0 0 1
    outer loop
      vertex 9.01781 34.6238 3
      vertex 13.6734 6.66934 3
      vertex 9.21483 34.6431 3
    endloop
  endfacet
  facet normal 0 0 1
    outer loop
      vertex 13.6734 6.66934 3
      vertex 9.01781 34.6238 3
      vertex 13.0261 6.50719 3
    endloop
  endfacet
  facet normal -0 0 1
    outer loop
      vertex 8.81047 34.6174 3
      vertex 13.0261 6.50719 3
      vertex 9.01781 34.6238 3
    endloop
  endfacet
  facet normal 0 0 1
    outer loop
      vertex 8.63617 34.6217 3
      vertex 13.0261 6.50719 3
      vertex 8.81047 34.6174 3
    endloop
  endfacet
  facet normal 0 0 1
    outer loop
      vertex 13.0261 6.50719 3
      vertex 8.63617 34.6217 3
      vertex 12.3978 6.28238 3
    endloop
  endfacet
  facet normal 0 0 1
    outer loop
      vertex 8.4695 34.6347 3
      vertex 12.3978 6.28238 3
      vertex 8.63617 34.6217 3
    endloop
  endfacet
  facet normal 0 0 1
    outer loop
      vertex 8.31047 34.6563 3
      vertex 12.3978 6.28238 3
      vertex 8.4695 34.6347 3
    endloop
  endfacet
  facet normal 0 0 1
    outer loop
      vertex 4.28452 34.6988 3
      vertex 12.3978 6.28238 3
      vertex 8.31047 34.6563 3
    endloop
  endfacet
  facet normal 0 0 1
    outer loop
      vertex 12.3978 6.28238 3
      vertex 4.28452 34.6988 3
      vertex 11.7945 5.99706 3
    endloop
  endfacet
  facet normal 0 0 1
    outer loop
      vertex 4.28452 34.6988 3
      vertex 8.31047 34.6563 3
      vertex 8.15907 34.6865 3
    endloop
  endfacet
  facet normal -0 0 1
    outer loop
      vertex 4.28452 34.6988 3
      vertex 8.15907 34.6865 3
      vertex 8.01532 34.7254 3
    endloop
  endfacet
  facet normal -0 0 1
    outer loop
      vertex 3.51964 34.6988 3
      vertex 11.7945 5.99706 3
      vertex 4.28452 34.6988 3
    endloop
  endfacet
  facet normal 0 0 1
    outer loop
      vertex 11.7945 5.99706 3
      vertex 3.51964 34.6988 3
      vertex 11.2221 5.65399 3
    endloop
  endfacet
  facet normal -0 0 1
    outer loop
      vertex 2.04236 34.6988 3
      vertex 11.2221 5.65399 3
      vertex 3.51964 34.6988 3
    endloop
  endfacet
  facet normal -0 0 1
    outer loop
      vertex 1.22455 34.6988 3
      vertex 11.2221 5.65399 3
      vertex 2.04236 34.6988 3
    endloop
  endfacet
  facet normal 0 0 1
    outer loop
      vertex 11.2221 5.65399 3
      vertex 1.22455 34.6988 3
      vertex 10.6861 5.25647 3
    endloop
  endfacet
  facet normal -0 0 1
    outer loop
      vertex -1.15161 34.6988 3
      vertex 10.6861 5.25647 3
      vertex 1.22455 34.6988 3
    endloop
  endfacet
  facet normal 0 0 1
    outer loop
      vertex 10.6861 5.25647 3
      vertex -1.15161 34.6988 3
      vertex 10.1917 4.80833 3
    endloop
  endfacet
  facet normal -0 0 1
    outer loop
      vertex -1.94092 34.6988 3
      vertex 10.1917 4.80833 3
      vertex -1.15161 34.6988 3
    endloop
  endfacet
  facet normal -0 0 1
    outer loop
      vertex -4.03972 34.6267 3
      vertex 10.1917 4.80833 3
      vertex -1.94092 34.6988 3
    endloop
  endfacet
  facet normal 0 0 1
    outer loop
      vertex 10.6216 37.4958 3
      vertex 10.5112 39.8091 3
      vertex 10.5409 37.6247 3
    endloop
  endfacet
  facet normal 0 0 1
    outer loop
      vertex 10.5112 39.8091 3
      vertex 10.4479 37.7461 3
      vertex 10.5409 37.6247 3
    endloop
  endfacet
  facet normal 0 0 1
    outer loop
      vertex 10.5112 39.8091 3
      vertex 10.3424 37.8601 3
      vertex 10.4479 37.7461 3
    endloop
  endfacet
  facet normal 0 0 1
    outer loop
      vertex 10.5112 39.8091 3
      vertex 10.2265 37.9643 3
      vertex 10.3424 37.8601 3
    endloop
  endfacet
  facet normal 0 0 1
    outer loop
      vertex 10.5112 39.8091 3
      vertex 10.1021 38.0562 3
      vertex 10.2265 37.9643 3
    endloop
  endfacet
  facet normal 0 0 1
    outer loop
      vertex 10.5112 39.8091 3
      vertex 9.96919 38.1359 3
      vertex 10.1021 38.0562 3
    endloop
  endfacet
  facet normal 0 0 1
    outer loop
      vertex 10.5112 39.8091 3
      vertex 9.82782 38.2033 3
      vertex 9.96919 38.1359 3
    endloop
  endfacet
  facet normal 0 0 1
    outer loop
      vertex 10.5112 39.8091 3
      vertex 9.67795 38.2585 3
      vertex 9.82782 38.2033 3
    endloop
  endfacet
  facet normal 0 0 1
    outer loop
      vertex 10.5112 39.8091 3
      vertex 9.51959 38.3014 3
      vertex 9.67795 38.2585 3
    endloop
  endfacet
  facet normal 0 0 1
    outer loop
      vertex 10.5112 39.8091 3
      vertex 9.35275 38.332 3
      vertex 9.51959 38.3014 3
    endloop
  endfacet
  facet normal 0 0 1
    outer loop
      vertex 10.5112 39.8091 3
      vertex 9.17741 38.3504 3
      vertex 9.35275 38.332 3
    endloop
  endfacet
  facet normal -0 0 1
    outer loop
      vertex 7.91942 39.8091 3
      vertex 9.17741 38.3504 3
      vertex 10.5112 39.8091 3
    endloop
  endfacet
  facet normal 0 0 1
    outer loop
      vertex 9.17741 38.3504 3
      vertex 7.91942 39.8091 3
      vertex 8.99359 38.3565 3
    endloop
  endfacet
  facet normal 0 0 1
    outer loop
      vertex 8.99359 38.3565 3
      vertex 7.91942 39.8091 3
      vertex 8.83913 38.352 3
    endloop
  endfacet
  facet normal 0 0 1
    outer loop
      vertex 8.83913 38.352 3
      vertex 7.91942 39.8091 3
      vertex 8.6904 38.3384 3
    endloop
  endfacet
  facet normal 0 0 1
    outer loop
      vertex 8.6904 38.3384 3
      vertex 7.91942 39.8091 3
      vertex 8.54739 38.3158 3
    endloop
  endfacet
  facet normal 0 0 1
    outer loop
      vertex 8.54739 38.3158 3
      vertex 7.91942 39.8091 3
      vertex 8.41011 38.2842 3
    endloop
  endfacet
  facet normal 0 0 1
    outer loop
      vertex 8.41011 38.2842 3
      vertex 7.91942 39.8091 3
      vertex 8.27855 38.2435 3
    endloop
  endfacet
  facet normal 0 0 1
    outer loop
      vertex 8.27855 38.2435 3
      vertex 7.91942 39.8091 3
      vertex 8.15271 38.1938 3
    endloop
  endfacet
  facet normal 0 0 1
    outer loop
      vertex 8.15271 38.1938 3
      vertex 7.91942 39.8091 3
      vertex 8.03259 38.135 3
    endloop
  endfacet
  facet normal 0 0 1
    outer loop
      vertex 7.91942 39.8091 3
      vertex 7.91821 38.0672 3
      vertex 8.03259 38.135 3
    endloop
  endfacet
  facet normal 0 -0 1
    outer loop
      vertex 7.91821 38.0672 3
      vertex 7.91942 39.8091 3
      vertex 7.80956 37.9903 3
    endloop
  endfacet
  facet normal 0 0 1
    outer loop
      vertex -5.49445 37.5672 3
      vertex -2.99623 37.5672 3
      vertex -2.99977 37.8345 3
    endloop
  endfacet
  facet normal -0 0 1
    outer loop
      vertex -5.49081 37.8379 3
      vertex -2.99977 37.8345 3
      vertex -3.01039 38.085 3
    endloop
  endfacet
  facet normal 0 0 1
    outer loop
      vertex -2.99623 37.5672 3
      vertex -5.49445 37.5672 3
      vertex -2.99995 37.3091 3
    endloop
  endfacet
  facet normal -0 0 1
    outer loop
      vertex -5.47989 38.091 3
      vertex -3.01039 38.085 3
      vertex -3.02811 38.3186 3
    endloop
  endfacet
  facet normal 0 -0 1
    outer loop
      vertex -5.49075 37.3041 3
      vertex -2.99995 37.3091 3
      vertex -5.49445 37.5672 3
    endloop
  endfacet
  facet normal -0 0 1
    outer loop
      vertex -5.46169 38.3267 3
      vertex -3.02811 38.3186 3
      vertex -3.05289 38.5353 3
    endloop
  endfacet
  facet normal 0 0 1
    outer loop
      vertex -2.99995 37.3091 3
      vertex -5.49075 37.3041 3
      vertex -3.01109 37.0661 3
    endloop
  endfacet
  facet normal -0 0 1
    outer loop
      vertex -5.43619 38.5449 3
      vertex -3.05289 38.5353 3
      vertex -3.08476 38.7351 3
    endloop
  endfacet
  facet normal 0 -0 1
    outer loop
      vertex -5.47969 37.0571 3
      vertex -3.01109 37.0661 3
      vertex -5.49075 37.3041 3
    endloop
  endfacet
  facet normal -0 0 1
    outer loop
      vertex -5.40341 38.7456 3
      vertex -3.08476 38.7351 3
      vertex -3.12372 38.918 3
    endloop
  endfacet
  facet normal 0 0 1
    outer loop
      vertex -3.01109 37.0661 3
      vertex -5.47969 37.0571 3
      vertex -3.02968 36.8385 3
    endloop
  endfacet
  facet normal -0 0 1
    outer loop
      vertex -5.36336 38.9289 3
      vertex -3.12372 38.918 3
      vertex -3.16977 39.0841 3
    endloop
  endfacet
  facet normal 0 -0 1
    outer loop
      vertex -5.46123 36.8263 3
      vertex -3.02968 36.8385 3
      vertex -5.47969 37.0571 3
    endloop
  endfacet
  facet normal -0 0 1
    outer loop
      vertex -5.31602 39.0946 3
      vertex -3.16977 39.0841 3
      vertex -3.22289 39.2333 3
    endloop
  endfacet
  facet normal 0 0 1
    outer loop
      vertex -3.02968 36.8385 3
      vertex -5.46123 36.8263 3
      vertex -3.05571 36.6261 3
    endloop
  endfacet
  facet normal 0 0 1
    outer loop
      vertex -4.22905 39.923 3
      vertex -3.22289 39.2333 3
      vertex -3.2831 39.3656 3
    endloop
  endfacet
  facet normal 0 -0 1
    outer loop
      vertex -5.43538 36.6116 3
      vertex -3.05571 36.6261 3
      vertex -5.46123 36.8263 3
    endloop
  endfacet
  facet normal 0 0 1
    outer loop
      vertex -4.08717 39.9161 3
      vertex -3.2831 39.3656 3
      vertex -3.35144 39.4826 3
    endloop
  endfacet
  facet normal 0 0 1
    outer loop
      vertex -3.05571 36.6261 3
      vertex -5.43538 36.6116 3
      vertex -3.08916 36.429 3
    endloop
  endfacet
  facet normal 0 0 1
    outer loop
      vertex -3.9545 39.8955 3
      vertex -3.35144 39.4826 3
      vertex -3.42897 39.5858 3
    endloop
  endfacet
  facet normal 0 -0 1
    outer loop
      vertex -5.40216 36.4132 3
      vertex -3.08916 36.429 3
      vertex -5.43538 36.6116 3
    endloop
  endfacet
  facet normal 0 0 1
    outer loop
      vertex -3.9545 39.8955 3
      vertex -3.42897 39.5858 3
      vertex -3.51569 39.6753 3
    endloop
  endfacet
  facet normal 0 0 1
    outer loop
      vertex -3.08916 36.429 3
      vertex -5.40216 36.4132 3
      vertex -3.13005 36.2471 3
    endloop
  endfacet
  facet normal 0 0 1
    outer loop
      vertex -3.9545 39.8955 3
      vertex -3.51569 39.6753 3
      vertex -3.6116 39.751 3
    endloop
  endfacet
  facet normal 0 -0 1
    outer loop
      vertex -5.36154 36.2309 3
      vertex -3.13005 36.2471 3
      vertex -5.40216 36.4132 3
    endloop
  endfacet
  facet normal 0 0 1
    outer loop
      vertex -3.9545 39.8955 3
      vertex -3.6116 39.751 3
      vertex -3.71672 39.8129 3
    endloop
  endfacet
  facet normal 0 0 1
    outer loop
      vertex -3.13005 36.2471 3
      vertex -5.36154 36.2309 3
      vertex -3.17836 36.0806 3
    endloop
  endfacet
  facet normal 0 0 1
    outer loop
      vertex -3.9545 39.8955 3
      vertex -3.71672 39.8129 3
      vertex -3.83101 39.8611 3
    endloop
  endfacet
  facet normal 0 -0 1
    outer loop
      vertex -5.31355 36.0647 3
      vertex -3.17836 36.0806 3
      vertex -5.36154 36.2309 3
    endloop
  endfacet
  facet normal 0 0 1
    outer loop
      vertex -3.35144 39.4826 3
      vertex -3.9545 39.8955 3
      vertex -4.08717 39.9161 3
    endloop
  endfacet
  facet normal 0 0 1
    outer loop
      vertex -3.17836 36.0806 3
      vertex -5.31355 36.0647 3
      vertex -3.23412 35.9292 3
    endloop
  endfacet
  facet normal 0 0 1
    outer loop
      vertex -3.2831 39.3656 3
      vertex -4.08717 39.9161 3
      vertex -4.22905 39.923 3
    endloop
  endfacet
  facet normal 0 -0 1
    outer loop
      vertex -5.25818 35.9148 3
      vertex -3.23412 35.9292 3
      vertex -5.31355 36.0647 3
    endloop
  endfacet
  facet normal 0 0 1
    outer loop
      vertex -3.22289 39.2333 3
      vertex -4.22905 39.923 3
      vertex -5.2614 39.2429 3
    endloop
  endfacet
  facet normal 0 0 1
    outer loop
      vertex -3.23412 35.9292 3
      vertex -5.25818 35.9148 3
      vertex -3.29732 35.7932 3
    endloop
  endfacet
  facet normal 0 0 1
    outer loop
      vertex -5.2614 39.2429 3
      vertex -4.22905 39.923 3
      vertex -4.37445 39.9162 3
    endloop
  endfacet
  facet normal 0 -0 1
    outer loop
      vertex -5.1954 35.781 3
      vertex -3.29732 35.7932 3
      vertex -5.25818 35.9148 3
    endloop
  endfacet
  facet normal 0 0 1
    outer loop
      vertex -5.19949 39.3737 3
      vertex -4.37445 39.9162 3
      vertex -4.51045 39.8959 3
    endloop
  endfacet
  facet normal 0 -0 1
    outer loop
      vertex -4.24538 35.2155 3
      vertex -3.29732 35.7932 3
      vertex -5.1954 35.781 3
    endloop
  endfacet
  facet normal 0 0 1
    outer loop
      vertex -5.19949 39.3737 3
      vertex -4.51045 39.8959 3
      vertex -4.63707 39.862 3
    endloop
  endfacet
  facet normal 0 -0 1
    outer loop
      vertex -4.10587 35.2226 3
      vertex -3.36848 35.672 3
      vertex -4.24538 35.2155 3
    endloop
  endfacet
  facet normal 0 0 1
    outer loop
      vertex -5.19949 39.3737 3
      vertex -4.63707 39.862 3
      vertex -4.75429 39.8145 3
    endloop
  endfacet
  facet normal 0 -0 1
    outer loop
      vertex -3.9749 35.244 3
      vertex -3.44821 35.565 3
      vertex -4.10587 35.2226 3
    endloop
  endfacet
  facet normal 0 0 1
    outer loop
      vertex -3.44821 35.565 3
      vertex -3.9749 35.244 3
      vertex -3.53647 35.4722 3
    endloop
  endfacet
  facet normal 0 0 1
    outer loop
      vertex -5.19949 39.3737 3
      vertex -4.75429 39.8145 3
      vertex -4.86211 39.7535 3
    endloop
  endfacet
  facet normal 0 0 1
    outer loop
      vertex -3.53647 35.4722 3
      vertex -3.9749 35.244 3
      vertex -3.63327 35.3938 3
    endloop
  endfacet
  facet normal 0 0 1
    outer loop
      vertex -5.19949 39.3737 3
      vertex -4.86211 39.7535 3
      vertex -4.96054 39.6789 3
    endloop
  endfacet
  facet normal 0 0 1
    outer loop
      vertex -3.7386 35.3296 3
      vertex -3.9749 35.244 3
      vertex -3.85248 35.2797 3
    endloop
  endfacet
  facet normal 0 0 1
    outer loop
      vertex -5.19949 39.3737 3
      vertex -4.96054 39.6789 3
      vertex -5.04959 39.5907 3
    endloop
  endfacet
  facet normal 0 0 1
    outer loop
      vertex -3.63327 35.3938 3
      vertex -3.9749 35.244 3
      vertex -3.7386 35.3296 3
    endloop
  endfacet
  facet normal 0 0 1
    outer loop
      vertex -5.19949 39.3737 3
      vertex -5.04959 39.5907 3
      vertex -5.12924 39.489 3
    endloop
  endfacet
  facet normal 0 0 1
    outer loop
      vertex -3.36848 35.672 3
      vertex -4.10587 35.2226 3
      vertex -3.44821 35.565 3
    endloop
  endfacet
  facet normal 0 0 1
    outer loop
      vertex -4.37445 39.9162 3
      vertex -5.19949 39.3737 3
      vertex -5.2614 39.2429 3
    endloop
  endfacet
  facet normal 0 0 1
    outer loop
      vertex -3.29732 35.7932 3
      vertex -4.24538 35.2155 3
      vertex -3.36848 35.672 3
    endloop
  endfacet
  facet normal 0 0 1
    outer loop
      vertex -3.22289 39.2333 3
      vertex -5.2614 39.2429 3
      vertex -5.31602 39.0946 3
    endloop
  endfacet
  facet normal 0 0 1
    outer loop
      vertex -4.24538 35.2155 3
      vertex -5.1954 35.781 3
      vertex -4.3857 35.2225 3
    endloop
  endfacet
  facet normal 0 0 1
    outer loop
      vertex -3.16977 39.0841 3
      vertex -5.31602 39.0946 3
      vertex -5.36336 38.9289 3
    endloop
  endfacet
  facet normal -0 -0 1
    outer loop
      vertex -5.12462 35.6623 3
      vertex -4.3857 35.2225 3
      vertex -5.1954 35.781 3
    endloop
  endfacet
  facet normal 0 0 1
    outer loop
      vertex -3.12372 38.918 3
      vertex -5.36336 38.9289 3
      vertex -5.40341 38.7456 3
    endloop
  endfacet
  facet normal 0 0 1
    outer loop
      vertex -4.51732 35.2434 3
      vertex -5.12462 35.6623 3
      vertex -4.64026 35.2783 3
    endloop
  endfacet
  facet normal 0 0 1
    outer loop
      vertex -3.08476 38.7351 3
      vertex -5.40341 38.7456 3
      vertex -5.43619 38.5449 3
    endloop
  endfacet
  facet normal 0 0 1
    outer loop
      vertex -4.64026 35.2783 3
      vertex -5.12462 35.6623 3
      vertex -4.75452 35.3272 3
    endloop
  endfacet
  facet normal 0 0 1
    outer loop
      vertex -3.05289 38.5353 3
      vertex -5.43619 38.5449 3
      vertex -5.46169 38.3267 3
    endloop
  endfacet
  facet normal 0 0 1
    outer loop
      vertex -4.86008 35.39 3
      vertex -5.12462 35.6623 3
      vertex -4.95694 35.4668 3
    endloop
  endfacet
  facet normal 0 0 1
    outer loop
      vertex -3.02811 38.3186 3
      vertex -5.46169 38.3267 3
      vertex -5.47989 38.091 3
    endloop
  endfacet
  facet normal 0 0 1
    outer loop
      vertex -4.95694 35.4668 3
      vertex -5.12462 35.6623 3
      vertex -5.04512 35.5576 3
    endloop
  endfacet
  facet normal 0 0 1
    outer loop
      vertex -3.01039 38.085 3
      vertex -5.47989 38.091 3
      vertex -5.49081 37.8379 3
    endloop
  endfacet
  facet normal 0 0 1
    outer loop
      vertex -4.75452 35.3272 3
      vertex -5.12462 35.6623 3
      vertex -4.86008 35.39 3
    endloop
  endfacet
  facet normal 0 0 1
    outer loop
      vertex -2.99977 37.8345 3
      vertex -5.49081 37.8379 3
      vertex -5.49445 37.5672 3
    endloop
  endfacet
  facet normal 0 0 1
    outer loop
      vertex -4.3857 35.2225 3
      vertex -5.12462 35.6623 3
      vertex -4.51732 35.2434 3
    endloop
  endfacet
  facet normal 0.671568 -0.740943 0
    outer loop
      vertex 22.9299 -9.66263 0
      vertex 23.8388 -8.83883 3
      vertex 22.9299 -9.66263 3
    endloop
  endfacet
  facet normal 0.671568 -0.740943 0
    outer loop
      vertex 23.8388 -8.83883 3
      vertex 22.9299 -9.66263 0
      vertex 23.8388 -8.83883 0
    endloop
  endfacet
  facet normal -0.427543 0.903995 0
    outer loop
      vertex -19.7835 86.5485 0
      vertex -20.8925 86.024 3
      vertex -19.7835 86.5485 3
    endloop
  endfacet
  facet normal -0.427543 0.903995 0
    outer loop
      vertex -20.8925 86.024 3
      vertex -19.7835 86.5485 0
      vertex -20.8925 86.024 0
    endloop
  endfacet
  facet normal -0.5141 0.85773 0
    outer loop
      vertex -20.8925 86.024 0
      vertex -21.9446 85.3934 3
      vertex -20.8925 86.024 3
    endloop
  endfacet
  facet normal -0.5141 0.85773 0
    outer loop
      vertex -21.9446 85.3934 3
      vertex -20.8925 86.024 0
      vertex -21.9446 85.3934 0
    endloop
  endfacet
  facet normal -0 0 1
    outer loop
      vertex -7.73306 39.0219 2
      vertex -6.97697 38.9994 2
      vertex -6.98286 39.1547 2
    endloop
  endfacet
  facet normal 0 -0 1
    outer loop
      vertex -7.72972 38.9221 2
      vertex -6.97697 38.9994 2
      vertex -7.73306 39.0219 2
    endloop
  endfacet
  facet normal 0 0 1
    outer loop
      vertex -7.74309 39.1169 2
      vertex -6.98286 39.1547 2
      vertex -7.00058 39.3021 2
    endloop
  endfacet
  facet normal 0 0 1
    outer loop
      vertex -6.97697 38.9994 2
      vertex -7.72972 38.9221 2
      vertex -6.98076 38.8799 2
    endloop
  endfacet
  facet normal 0 0 1
    outer loop
      vertex -7.7598 39.2071 2
      vertex -7.00058 39.3021 2
      vertex -7.03009 39.4418 2
    endloop
  endfacet
  facet normal 0 0 1
    outer loop
      vertex -6.98076 38.8799 2
      vertex -7.72972 38.9221 2
      vertex -6.99214 38.7654 2
    endloop
  endfacet
  facet normal 0 0 1
    outer loop
      vertex -7.78317 39.2926 2
      vertex -7.03009 39.4418 2
      vertex -7.0714 39.5737 2
    endloop
  endfacet
  facet normal -0 0 1
    outer loop
      vertex -7.73383 38.8215 2
      vertex -6.99214 38.7654 2
      vertex -7.72972 38.9221 2
    endloop
  endfacet
  facet normal 0 0 1
    outer loop
      vertex -6.99214 38.7654 2
      vertex -7.73383 38.8215 2
      vertex -7.01111 38.6561 2
    endloop
  endfacet
  facet normal 0 0 1
    outer loop
      vertex -7.81325 39.3733 2
      vertex -7.0714 39.5737 2
      vertex -7.12453 39.6978 2
    endloop
  endfacet
  facet normal -0 0 1
    outer loop
      vertex -7.74611 38.7259 2
      vertex -7.01111 38.6561 2
      vertex -7.73383 38.8215 2
    endloop
  endfacet
  facet normal 0 0 1
    outer loop
      vertex -7.81325 39.3733 2
      vertex -7.12453 39.6978 2
      vertex -7.18945 39.8141 2
    endloop
  endfacet
  facet normal 0 0 1
    outer loop
      vertex -7.01111 38.6561 2
      vertex -7.74611 38.7259 2
      vertex -7.03764 38.5517 2
    endloop
  endfacet
  facet normal 0 0 1
    outer loop
      vertex -7.84999 39.4492 2
      vertex -7.18945 39.8141 2
      vertex -7.26617 39.9226 2
    endloop
  endfacet
  facet normal 0 0 1
    outer loop
      vertex -7.03764 38.5517 2
      vertex -7.74611 38.7259 2
      vertex -7.07178 38.4525 2
    endloop
  endfacet
  facet normal 0 0 1
    outer loop
      vertex -7.89342 39.5204 2
      vertex -7.26617 39.9226 2
      vertex -7.35471 40.0233 2
    endloop
  endfacet
  facet normal -0 0 1
    outer loop
      vertex -7.76657 38.6353 2
      vertex -7.07178 38.4525 2
      vertex -7.74611 38.7259 2
    endloop
  endfacet
  facet normal 0 0 1
    outer loop
      vertex -7.11349 38.3584 2
      vertex -7.76657 38.6353 2
      vertex -7.16281 38.2693 2
    endloop
  endfacet
  facet normal 0 0 1
    outer loop
      vertex -7.94354 39.5868 2
      vertex -7.35471 40.0233 2
      vertex -7.45505 40.1163 2
    endloop
  endfacet
  facet normal -0 0 1
    outer loop
      vertex -7.79523 38.5496 2
      vertex -7.16281 38.2693 2
      vertex -7.76657 38.6353 2
    endloop
  endfacet
  facet normal 0 0 1
    outer loop
      vertex -8.00032 39.6484 2
      vertex -7.45505 40.1163 2
      vertex -7.56604 40.2004 2
    endloop
  endfacet
  facet normal 0 0 1
    outer loop
      vertex -7.16281 38.2693 2
      vertex -7.79523 38.5496 2
      vertex -7.2197 38.1853 2
    endloop
  endfacet
  facet normal 0 0 1
    outer loop
      vertex -8.06369 39.7043 2
      vertex -7.56604 40.2004 2
      vertex -7.68652 40.2746 2
    endloop
  endfacet
  facet normal -0 0 1
    outer loop
      vertex -7.83208 38.4689 2
      vertex -7.2197 38.1853 2
      vertex -7.79523 38.5496 2
    endloop
  endfacet
  facet normal 0 0 1
    outer loop
      vertex -7.2197 38.1853 2
      vertex -7.83208 38.4689 2
      vertex -7.28416 38.1063 2
    endloop
  endfacet
  facet normal 0 0 1
    outer loop
      vertex -7.07178 38.4525 2
      vertex -7.76657 38.6353 2
      vertex -7.11349 38.3584 2
    endloop
  endfacet
  facet normal 0 0 1
    outer loop
      vertex -6.98286 39.1547 2
      vertex -7.74309 39.1169 2
      vertex -7.73306 39.0219 2
    endloop
  endfacet
  facet normal 0 0 1
    outer loop
      vertex -7.00058 39.3021 2
      vertex -7.7598 39.2071 2
      vertex -7.74309 39.1169 2
    endloop
  endfacet
  facet normal 0 0 1
    outer loop
      vertex -7.03009 39.4418 2
      vertex -7.78317 39.2926 2
      vertex -7.7598 39.2071 2
    endloop
  endfacet
  facet normal 0 0 1
    outer loop
      vertex -7.0714 39.5737 2
      vertex -7.81325 39.3733 2
      vertex -7.78317 39.2926 2
    endloop
  endfacet
  facet normal 0 0 1
    outer loop
      vertex -8.06369 39.7043 2
      vertex -7.68652 40.2746 2
      vertex -7.8165 40.3389 2
    endloop
  endfacet
  facet normal 0 0 1
    outer loop
      vertex -7.18945 39.8141 2
      vertex -7.84999 39.4492 2
      vertex -7.81325 39.3733 2
    endloop
  endfacet
  facet normal 0 0 1
    outer loop
      vertex -7.26617 39.9226 2
      vertex -7.89342 39.5204 2
      vertex -7.84999 39.4492 2
    endloop
  endfacet
  facet normal 0 0 1
    outer loop
      vertex -7.35471 40.0233 2
      vertex -7.94354 39.5868 2
      vertex -7.89342 39.5204 2
    endloop
  endfacet
  facet normal 0 0 1
    outer loop
      vertex -8.13353 39.7537 2
      vertex -7.8165 40.3389 2
      vertex -7.95596 40.3934 2
    endloop
  endfacet
  facet normal 0 0 1
    outer loop
      vertex -7.45505 40.1163 2
      vertex -8.00032 39.6484 2
      vertex -7.94354 39.5868 2
    endloop
  endfacet
  facet normal 0 0 1
    outer loop
      vertex -7.56604 40.2004 2
      vertex -8.06369 39.7043 2
      vertex -8.00032 39.6484 2
    endloop
  endfacet
  facet normal 0 0 1
    outer loop
      vertex -8.20985 39.7964 2
      vertex -7.95596 40.3934 2
      vertex -8.10493 40.4379 2
    endloop
  endfacet
  facet normal 0 0 1
    outer loop
      vertex -7.8165 40.3389 2
      vertex -8.13353 39.7537 2
      vertex -8.06369 39.7043 2
    endloop
  endfacet
  facet normal 0 0 1
    outer loop
      vertex -7.95596 40.3934 2
      vertex -8.20985 39.7964 2
      vertex -8.13353 39.7537 2
    endloop
  endfacet
  facet normal 0 0 1
    outer loop
      vertex -8.38193 39.8623 2
      vertex -8.10493 40.4379 2
      vertex -8.2634 40.4725 2
    endloop
  endfacet
  facet normal 0 0 1
    outer loop
      vertex -8.10493 40.4379 2
      vertex -8.29265 39.8326 2
      vertex -8.20985 39.7964 2
    endloop
  endfacet
  facet normal 0 0 1
    outer loop
      vertex -8.10493 40.4379 2
      vertex -8.38193 39.8623 2
      vertex -8.29265 39.8326 2
    endloop
  endfacet
  facet normal 0 0 1
    outer loop
      vertex -8.47769 39.8853 2
      vertex -8.2634 40.4725 2
      vertex -8.43135 40.4973 2
    endloop
  endfacet
  facet normal 0 0 1
    outer loop
      vertex -8.2634 40.4725 2
      vertex -8.47769 39.8853 2
      vertex -8.38193 39.8623 2
    endloop
  endfacet
  facet normal 0 0 1
    outer loop
      vertex -8.43135 40.4973 2
      vertex -8.57993 39.9017 2
      vertex -8.47769 39.8853 2
    endloop
  endfacet
  facet normal 0 0 1
    outer loop
      vertex -8.6088 40.5121 2
      vertex -8.57993 39.9017 2
      vertex -8.43135 40.4973 2
    endloop
  endfacet
  facet normal 0 0 1
    outer loop
      vertex -8.6088 40.5121 2
      vertex -8.68864 39.9116 2
      vertex -8.57993 39.9017 2
    endloop
  endfacet
  facet normal 0 0 1
    outer loop
      vertex -8.79575 40.5171 2
      vertex -8.68864 39.9116 2
      vertex -8.6088 40.5121 2
    endloop
  endfacet
  facet normal 0 0 1
    outer loop
      vertex -8.79575 40.5171 2
      vertex -8.80385 39.9149 2
      vertex -8.68864 39.9116 2
    endloop
  endfacet
  facet normal 0 0 1
    outer loop
      vertex -8.79575 40.5171 2
      vertex -8.90916 39.9118 2
      vertex -8.80385 39.9149 2
    endloop
  endfacet
  facet normal -0 0 1
    outer loop
      vertex -8.96761 40.5122 2
      vertex -8.90916 39.9118 2
      vertex -8.79575 40.5171 2
    endloop
  endfacet
  facet normal 0 0 1
    outer loop
      vertex -8.96761 40.5122 2
      vertex -9.0099 39.9026 2
      vertex -8.90916 39.9118 2
    endloop
  endfacet
  facet normal -0 0 1
    outer loop
      vertex -9.13239 40.4976 2
      vertex -9.0099 39.9026 2
      vertex -8.96761 40.5122 2
    endloop
  endfacet
  facet normal 0 0 1
    outer loop
      vertex -9.0099 39.9026 2
      vertex -9.13239 40.4976 2
      vertex -9.10608 39.8873 2
    endloop
  endfacet
  facet normal -0 0 1
    outer loop
      vertex -9.29008 40.4732 2
      vertex -9.10608 39.8873 2
      vertex -9.13239 40.4976 2
    endloop
  endfacet
  facet normal 0 0 1
    outer loop
      vertex -9.10608 39.8873 2
      vertex -9.29008 40.4732 2
      vertex -9.19768 39.8659 2
    endloop
  endfacet
  facet normal -0 0 1
    outer loop
      vertex -9.44069 40.4391 2
      vertex -9.19768 39.8659 2
      vertex -9.29008 40.4732 2
    endloop
  endfacet
  facet normal 0 0 1
    outer loop
      vertex -9.19768 39.8659 2
      vertex -9.44069 40.4391 2
      vertex -9.2847 39.8383 2
    endloop
  endfacet
  facet normal -0 0 1
    outer loop
      vertex -9.58423 40.3952 2
      vertex -9.2847 39.8383 2
      vertex -9.44069 40.4391 2
    endloop
  endfacet
  facet normal 0 0 1
    outer loop
      vertex -9.2847 39.8383 2
      vertex -9.58423 40.3952 2
      vertex -9.36716 39.8046 2
    endloop
  endfacet
  facet normal -0 0 1
    outer loop
      vertex -9.72069 40.3416 2
      vertex -9.36716 39.8046 2
      vertex -9.58423 40.3952 2
    endloop
  endfacet
  facet normal 0 0 1
    outer loop
      vertex -9.36716 39.8046 2
      vertex -9.72069 40.3416 2
      vertex -9.44504 39.7647 2
    endloop
  endfacet
  facet normal -0 0 1
    outer loop
      vertex -9.85005 40.2783 2
      vertex -9.44504 39.7647 2
      vertex -9.72069 40.3416 2
    endloop
  endfacet
  facet normal 0 0 1
    outer loop
      vertex -9.44504 39.7647 2
      vertex -9.85005 40.2783 2
      vertex -9.51834 39.7188 2
    endloop
  endfacet
  facet normal -0 0 1
    outer loop
      vertex -9.97234 40.2052 2
      vertex -9.51834 39.7188 2
      vertex -9.85005 40.2783 2
    endloop
  endfacet
  facet normal 0 0 1
    outer loop
      vertex -9.51834 39.7188 2
      vertex -9.97234 40.2052 2
      vertex -9.58708 39.6667 2
    endloop
  endfacet
  facet normal -0 0 1
    outer loop
      vertex -10.0876 40.1224 2
      vertex -9.58708 39.6667 2
      vertex -9.97234 40.2052 2
    endloop
  endfacet
  facet normal 0 0 1
    outer loop
      vertex -9.58708 39.6667 2
      vertex -10.0876 40.1224 2
      vertex -9.65045 39.609 2
    endloop
  endfacet
  facet normal -0 0 1
    outer loop
      vertex -10.194 40.0309 2
      vertex -9.65045 39.609 2
      vertex -10.0876 40.1224 2
    endloop
  endfacet
  facet normal 0 0 1
    outer loop
      vertex -9.65045 39.609 2
      vertex -10.194 40.0309 2
      vertex -9.70764 39.5463 2
    endloop
  endfacet
  facet normal -0 0 1
    outer loop
      vertex -10.2901 39.9317 2
      vertex -9.70764 39.5463 2
      vertex -10.194 40.0309 2
    endloop
  endfacet
  facet normal 0 0 1
    outer loop
      vertex -9.70764 39.5463 2
      vertex -10.2901 39.9317 2
      vertex -9.75865 39.4786 2
    endloop
  endfacet
  facet normal -0 0 1
    outer loop
      vertex -10.3757 39.8249 2
      vertex -9.75865 39.4786 2
      vertex -10.2901 39.9317 2
    endloop
  endfacet
  facet normal 0 0 1
    outer loop
      vertex -9.75865 39.4786 2
      vertex -10.3757 39.8249 2
      vertex -9.80348 39.4059 2
    endloop
  endfacet
  facet normal -0 0 1
    outer loop
      vertex -10.451 39.7105 2
      vertex -9.80348 39.4059 2
      vertex -10.3757 39.8249 2
    endloop
  endfacet
  facet normal 0 0 1
    outer loop
      vertex -9.80348 39.4059 2
      vertex -10.451 39.7105 2
      vertex -9.84213 39.3281 2
    endloop
  endfacet
  facet normal -0 0 1
    outer loop
      vertex -10.5159 39.5884 2
      vertex -9.84213 39.3281 2
      vertex -10.451 39.7105 2
    endloop
  endfacet
  facet normal 0 0 1
    outer loop
      vertex -9.84213 39.3281 2
      vertex -10.5159 39.5884 2
      vertex -9.8746 39.2453 2
    endloop
  endfacet
  facet normal -0 0 1
    outer loop
      vertex -10.5704 39.4587 2
      vertex -9.8746 39.2453 2
      vertex -10.5159 39.5884 2
    endloop
  endfacet
  facet normal 0 0 1
    outer loop
      vertex -9.8746 39.2453 2
      vertex -10.5704 39.4587 2
      vertex -9.90091 39.1575 2
    endloop
  endfacet
  facet normal -0 0 1
    outer loop
      vertex -10.6145 39.3214 2
      vertex -9.90091 39.1575 2
      vertex -10.5704 39.4587 2
    endloop
  endfacet
  facet normal 0 0 1
    outer loop
      vertex -9.90091 39.1575 2
      vertex -10.6145 39.3214 2
      vertex -9.92102 39.0647 2
    endloop
  endfacet
  facet normal -0 0 1
    outer loop
      vertex -10.6481 39.1764 2
      vertex -9.92102 39.0647 2
      vertex -10.6145 39.3214 2
    endloop
  endfacet
  facet normal 0 0 1
    outer loop
      vertex -9.92102 39.0647 2
      vertex -10.6481 39.1764 2
      vertex -9.93497 38.9668 2
    endloop
  endfacet
  facet normal 0 0 1
    outer loop
      vertex -9.93497 38.9668 2
      vertex -10.6481 39.1764 2
      vertex -10.6714 39.0238 2
    endloop
  endfacet
  facet normal 0 0 1
    outer loop
      vertex -7.28416 38.1063 2
      vertex -7.83208 38.4689 2
      vertex -7.35588 38.0327 2
    endloop
  endfacet
  facet normal -0 0 1
    outer loop
      vertex -7.87712 38.3932 2
      vertex -7.35588 38.0327 2
      vertex -7.83208 38.4689 2
    endloop
  endfacet
  facet normal 0 0 1
    outer loop
      vertex -7.35588 38.0327 2
      vertex -7.87712 38.3932 2
      vertex -7.43446 37.9645 2
    endloop
  endfacet
  facet normal 0 0 1
    outer loop
      vertex -7.43446 37.9645 2
      vertex -7.87712 38.3932 2
      vertex -7.51993 37.9017 2
    endloop
  endfacet
  facet normal -0 0 1
    outer loop
      vertex -7.93034 38.3224 2
      vertex -7.51993 37.9017 2
      vertex -7.87712 38.3932 2
    endloop
  endfacet
  facet normal 0 0 1
    outer loop
      vertex -7.51993 37.9017 2
      vertex -7.93034 38.3224 2
      vertex -7.61229 37.8445 2
    endloop
  endfacet
  facet normal -0 0 1
    outer loop
      vertex -7.99174 38.2567 2
      vertex -7.61229 37.8445 2
      vertex -7.93034 38.3224 2
    endloop
  endfacet
  facet normal 0 0 1
    outer loop
      vertex -7.61229 37.8445 2
      vertex -7.99174 38.2567 2
      vertex -7.71152 37.7928 2
    endloop
  endfacet
  facet normal -0 0 1
    outer loop
      vertex -8.06134 38.1958 2
      vertex -7.71152 37.7928 2
      vertex -7.99174 38.2567 2
    endloop
  endfacet
  facet normal 0 0 1
    outer loop
      vertex -7.71152 37.7928 2
      vertex -8.06134 38.1958 2
      vertex -7.81764 37.7465 2
    endloop
  endfacet
  facet normal -0 0 1
    outer loop
      vertex -8.13837 38.1408 2
      vertex -7.81764 37.7465 2
      vertex -8.06134 38.1958 2
    endloop
  endfacet
  facet normal 0 0 1
    outer loop
      vertex -7.81764 37.7465 2
      vertex -8.13837 38.1408 2
      vertex -7.93063 37.7056 2
    endloop
  endfacet
  facet normal 0 0 1
    outer loop
      vertex -7.93063 37.7056 2
      vertex -8.13837 38.1408 2
      vertex -8.05051 37.6703 2
    endloop
  endfacet
  facet normal -0 0 1
    outer loop
      vertex -8.22208 38.0922 2
      vertex -8.05051 37.6703 2
      vertex -8.13837 38.1408 2
    endloop
  endfacet
  facet normal 0 0 1
    outer loop
      vertex -8.62369 37.9626 2
      vertex -8.17726 37.6242 2
      vertex -8.17726 37.6404 2
    endloop
  endfacet
  facet normal 0 0 1
    outer loop
      vertex -8.05051 37.6703 2
      vertex -8.22208 38.0922 2
      vertex -8.17726 37.6404 2
    endloop
  endfacet
  facet normal -0 0 1
    outer loop
      vertex -8.31245 38.05 2
      vertex -8.17726 37.6404 2
      vertex -8.22208 38.0922 2
    endloop
  endfacet
  facet normal -0 0 1
    outer loop
      vertex -8.40952 38.0144 2
      vertex -8.17726 37.6404 2
      vertex -8.31245 38.05 2
    endloop
  endfacet
  facet normal 0 0 1
    outer loop
      vertex -8.17726 37.6242 2
      vertex -8.3224 37.2177 2
      vertex -8.21478 37.182 2
    endloop
  endfacet
  facet normal -0 0 1
    outer loop
      vertex -8.51326 37.9852 2
      vertex -8.17726 37.6404 2
      vertex -8.40952 38.0144 2
    endloop
  endfacet
  facet normal 0 0 1
    outer loop
      vertex -8.17726 37.6242 2
      vertex -8.43791 37.2468 2
      vertex -8.3224 37.2177 2
    endloop
  endfacet
  facet normal -0 0 1
    outer loop
      vertex -8.62369 37.9626 2
      vertex -8.17726 37.6404 2
      vertex -8.51326 37.9852 2
    endloop
  endfacet
  facet normal 0 0 1
    outer loop
      vertex -8.17726 37.6242 2
      vertex -8.56129 37.2695 2
      vertex -8.43791 37.2468 2
    endloop
  endfacet
  facet normal 0 0 1
    outer loop
      vertex -8.17726 37.6242 2
      vertex -8.62369 37.9626 2
      vertex -8.56129 37.2695 2
    endloop
  endfacet
  facet normal 0 0 1
    outer loop
      vertex -8.62369 37.9626 2
      vertex -8.69258 37.2857 2
      vertex -8.56129 37.2695 2
    endloop
  endfacet
  facet normal -0 0 1
    outer loop
      vertex -8.7408 37.9464 2
      vertex -8.69258 37.2857 2
      vertex -8.62369 37.9626 2
    endloop
  endfacet
  facet normal 0 0 1
    outer loop
      vertex -8.7408 37.9464 2
      vertex -8.83176 37.2954 2
      vertex -8.69258 37.2857 2
    endloop
  endfacet
  facet normal -0 0 1
    outer loop
      vertex -8.86459 37.9366 2
      vertex -8.83176 37.2954 2
      vertex -8.7408 37.9464 2
    endloop
  endfacet
  facet normal 0 0 1
    outer loop
      vertex -8.86459 37.9366 2
      vertex -8.97881 37.2987 2
      vertex -8.83176 37.2954 2
    endloop
  endfacet
  facet normal -0 0 1
    outer loop
      vertex -8.99507 37.9334 2
      vertex -8.97881 37.2987 2
      vertex -8.86459 37.9366 2
    endloop
  endfacet
  facet normal 0 0 1
    outer loop
      vertex -9.39383 37.2987 2
      vertex -8.99507 37.9334 2
      vertex -9.39383 37.9334 2
    endloop
  endfacet
  facet normal 0 0 1
    outer loop
      vertex -8.99507 37.9334 2
      vertex -9.39383 37.2987 2
      vertex -8.97881 37.2987 2
    endloop
  endfacet
  facet normal -0 0 1
    outer loop
      vertex -7.57919 36.3059 2
      vertex -6.81833 36.2815 2
      vertex -6.82275 36.4013 2
    endloop
  endfacet
  facet normal -0 0 1
    outer loop
      vertex -7.58363 36.4073 2
      vertex -6.82275 36.4013 2
      vertex -6.83601 36.5164 2
    endloop
  endfacet
  facet normal 0 0 1
    outer loop
      vertex -7.58308 36.1898 2
      vertex -6.81833 36.2815 2
      vertex -7.57919 36.3059 2
    endloop
  endfacet
  facet normal 0 0 1
    outer loop
      vertex -7.58363 36.4073 2
      vertex -6.83601 36.5164 2
      vertex -6.85811 36.6269 2
    endloop
  endfacet
  facet normal 0 0 1
    outer loop
      vertex -6.81833 36.2815 2
      vertex -7.58308 36.1898 2
      vertex -6.82455 36.1096 2
    endloop
  endfacet
  facet normal 0 0 1
    outer loop
      vertex -7.59697 36.5037 2
      vertex -6.85811 36.6269 2
      vertex -6.88905 36.7328 2
    endloop
  endfacet
  facet normal 0 0 1
    outer loop
      vertex -7.59476 36.0803 2
      vertex -6.82455 36.1096 2
      vertex -7.58308 36.1898 2
    endloop
  endfacet
  facet normal 0 0 1
    outer loop
      vertex -7.6192 36.595 2
      vertex -6.88905 36.7328 2
      vertex -6.92885 36.8341 2
    endloop
  endfacet
  facet normal 0 0 1
    outer loop
      vertex -6.82455 36.1096 2
      vertex -7.59476 36.0803 2
      vertex -6.84325 35.9466 2
    endloop
  endfacet
  facet normal 0 0 1
    outer loop
      vertex -7.6192 36.595 2
      vertex -6.92885 36.8341 2
      vertex -6.97748 36.9307 2
    endloop
  endfacet
  facet normal 0 0 1
    outer loop
      vertex -7.65031 36.6812 2
      vertex -6.97748 36.9307 2
      vertex -7.03494 37.0227 2
    endloop
  endfacet
  facet normal -0 0 1
    outer loop
      vertex -7.61423 35.9773 2
      vertex -6.84325 35.9466 2
      vertex -7.59476 36.0803 2
    endloop
  endfacet
  facet normal 0 0 1
    outer loop
      vertex -7.65031 36.6812 2
      vertex -7.03494 37.0227 2
      vertex -7.10126 37.1101 2
    endloop
  endfacet
  facet normal 0 0 1
    outer loop
      vertex -6.84325 35.9466 2
      vertex -7.61423 35.9773 2
      vertex -6.87439 35.7924 2
    endloop
  endfacet
  facet normal 0 0 1
    outer loop
      vertex -7.69032 36.7624 2
      vertex -7.10126 37.1101 2
      vertex -7.17641 37.1929 2
    endloop
  endfacet
  facet normal 0 0 1
    outer loop
      vertex -6.87439 35.7924 2
      vertex -7.61423 35.9773 2
      vertex -6.91798 35.647 2
    endloop
  endfacet
  facet normal 0 0 1
    outer loop
      vertex -7.73921 36.8385 2
      vertex -7.17641 37.1929 2
      vertex -7.25949 37.2697 2
    endloop
  endfacet
  facet normal -0 0 1
    outer loop
      vertex -7.64148 35.8808 2
      vertex -6.91798 35.647 2
      vertex -7.61423 35.9773 2
    endloop
  endfacet
  facet normal 0 0 1
    outer loop
      vertex -7.73921 36.8385 2
      vertex -7.25949 37.2697 2
      vertex -7.34959 37.3394 2
    endloop
  endfacet
  facet normal 0 0 1
    outer loop
      vertex -6.91798 35.647 2
      vertex -7.64148 35.8808 2
      vertex -6.97404 35.5105 2
    endloop
  endfacet
  facet normal 0 0 1
    outer loop
      vertex -7.797 36.9095 2
      vertex -7.34959 37.3394 2
      vertex -7.44673 37.4017 2
    endloop
  endfacet
  facet normal 0 0 1
    outer loop
      vertex -7.86368 36.9754 2
      vertex -7.44673 37.4017 2
      vertex -7.5509 37.4569 2
    endloop
  endfacet
  facet normal -0 0 1
    outer loop
      vertex -7.67651 35.7908 2
      vertex -6.97404 35.5105 2
      vertex -7.64148 35.8808 2
    endloop
  endfacet
  facet normal 0 0 1
    outer loop
      vertex -6.97404 35.5105 2
      vertex -7.67651 35.7908 2
      vertex -7.04257 35.3828 2
    endloop
  endfacet
  facet normal 0 0 1
    outer loop
      vertex -6.82275 36.4013 2
      vertex -7.58363 36.4073 2
      vertex -7.57919 36.3059 2
    endloop
  endfacet
  facet normal 0 0 1
    outer loop
      vertex -6.85811 36.6269 2
      vertex -7.59697 36.5037 2
      vertex -7.58363 36.4073 2
    endloop
  endfacet
  facet normal 0 0 1
    outer loop
      vertex -6.88905 36.7328 2
      vertex -7.6192 36.595 2
      vertex -7.59697 36.5037 2
    endloop
  endfacet
  facet normal 0 0 1
    outer loop
      vertex -6.97748 36.9307 2
      vertex -7.65031 36.6812 2
      vertex -7.6192 36.595 2
    endloop
  endfacet
  facet normal 0 0 1
    outer loop
      vertex -7.86368 36.9754 2
      vertex -7.5509 37.4569 2
      vertex -7.66211 37.5048 2
    endloop
  endfacet
  facet normal 0 0 1
    outer loop
      vertex -7.10126 37.1101 2
      vertex -7.69032 36.7624 2
      vertex -7.65031 36.6812 2
    endloop
  endfacet
  facet normal 0 0 1
    outer loop
      vertex -7.17641 37.1929 2
      vertex -7.73921 36.8385 2
      vertex -7.69032 36.7624 2
    endloop
  endfacet
  facet normal 0 0 1
    outer loop
      vertex -7.93925 37.0362 2
      vertex -7.66211 37.5048 2
      vertex -7.78035 37.5455 2
    endloop
  endfacet
  facet normal 0 0 1
    outer loop
      vertex -7.34959 37.3394 2
      vertex -7.797 36.9095 2
      vertex -7.73921 36.8385 2
    endloop
  endfacet
  facet normal 0 0 1
    outer loop
      vertex -7.44673 37.4017 2
      vertex -7.86368 36.9754 2
      vertex -7.797 36.9095 2
    endloop
  endfacet
  facet normal 0 0 1
    outer loop
      vertex -8.02321 37.0913 2
      vertex -7.78035 37.5455 2
      vertex -7.90562 37.5789 2
    endloop
  endfacet
  facet normal 0 0 1
    outer loop
      vertex -7.66211 37.5048 2
      vertex -7.93925 37.0362 2
      vertex -7.86368 36.9754 2
    endloop
  endfacet
  facet normal 0 0 1
    outer loop
      vertex -7.78035 37.5455 2
      vertex -8.02321 37.0913 2
      vertex -7.93925 37.0362 2
    endloop
  endfacet
  facet normal 0 0 1
    outer loop
      vertex -8.11505 37.1399 2
      vertex -7.90562 37.5789 2
      vertex -8.03793 37.6052 2
    endloop
  endfacet
  facet normal 0 0 1
    outer loop
      vertex -7.90562 37.5789 2
      vertex -8.11505 37.1399 2
      vertex -8.02321 37.0913 2
    endloop
  endfacet
  facet normal 0 0 1
    outer loop
      vertex -8.21478 37.182 2
      vertex -8.03793 37.6052 2
      vertex -8.17726 37.6242 2
    endloop
  endfacet
  facet normal 0 0 1
    outer loop
      vertex -8.03793 37.6052 2
      vertex -8.21478 37.182 2
      vertex -8.11505 37.1399 2
    endloop
  endfacet
  facet normal -0 0 1
    outer loop
      vertex -7.71935 35.7074 2
      vertex -7.04257 35.3828 2
      vertex -7.67651 35.7908 2
    endloop
  endfacet
  facet normal 0 0 1
    outer loop
      vertex -7.04257 35.3828 2
      vertex -7.71935 35.7074 2
      vertex -7.12355 35.2639 2
    endloop
  endfacet
  facet normal -0 0 1
    outer loop
      vertex -7.76996 35.6304 2
      vertex -7.12355 35.2639 2
      vertex -7.71935 35.7074 2
    endloop
  endfacet
  facet normal 0 0 1
    outer loop
      vertex -7.12355 35.2639 2
      vertex -7.76996 35.6304 2
      vertex -7.21698 35.1539 2
    endloop
  endfacet
  facet normal 0 0 1
    outer loop
      vertex -7.21698 35.1539 2
      vertex -7.76996 35.6304 2
      vertex -7.32286 35.0528 2
    endloop
  endfacet
  facet normal -0 0 1
    outer loop
      vertex -7.82835 35.5601 2
      vertex -7.32286 35.0528 2
      vertex -7.76996 35.6304 2
    endloop
  endfacet
  facet normal 0 0 1
    outer loop
      vertex -7.32286 35.0528 2
      vertex -7.82835 35.5601 2
      vertex -7.44029 34.9614 2
    endloop
  endfacet
  facet normal -0 0 1
    outer loop
      vertex -7.89455 35.4962 2
      vertex -7.44029 34.9614 2
      vertex -7.82835 35.5601 2
    endloop
  endfacet
  facet normal 0 0 1
    outer loop
      vertex -7.44029 34.9614 2
      vertex -7.89455 35.4962 2
      vertex -7.56837 34.8808 2
    endloop
  endfacet
  facet normal -0 0 1
    outer loop
      vertex -7.96756 35.439 2
      vertex -7.56837 34.8808 2
      vertex -7.89455 35.4962 2
    endloop
  endfacet
  facet normal 0 0 1
    outer loop
      vertex -7.56837 34.8808 2
      vertex -7.96756 35.439 2
      vertex -7.70711 34.8109 2
    endloop
  endfacet
  facet normal -0 0 1
    outer loop
      vertex -8.04643 35.3885 2
      vertex -7.70711 34.8109 2
      vertex -7.96756 35.439 2
    endloop
  endfacet
  facet normal 0 0 1
    outer loop
      vertex -7.70711 34.8109 2
      vertex -8.04643 35.3885 2
      vertex -7.85649 34.7518 2
    endloop
  endfacet
  facet normal -0 0 1
    outer loop
      vertex -8.1312 35.3448 2
      vertex -7.85649 34.7518 2
      vertex -8.04643 35.3885 2
    endloop
  endfacet
  facet normal 0 0 1
    outer loop
      vertex -7.85649 34.7518 2
      vertex -8.1312 35.3448 2
      vertex -8.01653 34.7034 2
    endloop
  endfacet
  facet normal -0 0 1
    outer loop
      vertex -8.22183 35.3078 2
      vertex -8.01653 34.7034 2
      vertex -8.1312 35.3448 2
    endloop
  endfacet
  facet normal 0 0 1
    outer loop
      vertex -8.01653 34.7034 2
      vertex -8.22183 35.3078 2
      vertex -8.18721 34.6658 2
    endloop
  endfacet
  facet normal -0 0 1
    outer loop
      vertex -8.31834 35.2775 2
      vertex -8.18721 34.6658 2
      vertex -8.22183 35.3078 2
    endloop
  endfacet
  facet normal -0 0 1
    outer loop
      vertex -8.42073 35.2539 2
      vertex -8.18721 34.6658 2
      vertex -8.31834 35.2775 2
    endloop
  endfacet
  facet normal 0 0 1
    outer loop
      vertex -8.18721 34.6658 2
      vertex -8.42073 35.2539 2
      vertex -8.36855 34.6389 2
    endloop
  endfacet
  facet normal -0 0 1
    outer loop
      vertex -8.52901 35.2371 2
      vertex -8.36855 34.6389 2
      vertex -8.42073 35.2539 2
    endloop
  endfacet
  facet normal 0 0 1
    outer loop
      vertex -8.52901 35.2371 2
      vertex -8.56053 34.6228 2
      vertex -8.36855 34.6389 2
    endloop
  endfacet
  facet normal -0 0 1
    outer loop
      vertex -8.64314 35.227 2
      vertex -8.56053 34.6228 2
      vertex -8.52901 35.2371 2
    endloop
  endfacet
  facet normal 0 0 1
    outer loop
      vertex -8.76317 34.6174 2
      vertex -8.64314 35.227 2
      vertex -8.76317 35.2236 2
    endloop
  endfacet
  facet normal 0 0 1
    outer loop
      vertex -8.64314 35.227 2
      vertex -8.76317 34.6174 2
      vertex -8.56053 34.6228 2
    endloop
  endfacet
  facet normal 0 0 1
    outer loop
      vertex -8.76317 35.2236 2
      vertex -8.95232 34.6222 2
      vertex -8.76317 34.6174 2
    endloop
  endfacet
  facet normal 0 0 1
    outer loop
      vertex -8.99638 35.2362 2
      vertex -8.95232 34.6222 2
      vertex -8.76317 35.2236 2
    endloop
  endfacet
  facet normal 0 0 1
    outer loop
      vertex -8.99638 35.2362 2
      vertex -9.13277 34.6368 2
      vertex -8.95232 34.6222 2
    endloop
  endfacet
  facet normal 0 0 1
    outer loop
      vertex -9.20601 35.2739 2
      vertex -9.13277 34.6368 2
      vertex -8.99638 35.2362 2
    endloop
  endfacet
  facet normal 0 0 1
    outer loop
      vertex -9.20601 35.2739 2
      vertex -9.30453 34.661 2
      vertex -9.13277 34.6368 2
    endloop
  endfacet
  facet normal 0 0 1
    outer loop
      vertex -9.46762 34.695 2
      vertex -9.20601 35.2739 2
      vertex -9.39201 35.3367 2
    endloop
  endfacet
  facet normal 0 0 1
    outer loop
      vertex -9.20601 35.2739 2
      vertex -9.46762 34.695 2
      vertex -9.30453 34.661 2
    endloop
  endfacet
  facet normal 0 0 1
    outer loop
      vertex -9.7677 34.7919 2
      vertex -9.39201 35.3367 2
      vertex -9.5544 35.4246 2
    endloop
  endfacet
  facet normal 0 0 1
    outer loop
      vertex -9.39201 35.3367 2
      vertex -9.62201 34.7386 2
      vertex -9.46762 34.695 2
    endloop
  endfacet
  facet normal 0 0 1
    outer loop
      vertex -10.033 34.9276 2
      vertex -9.5544 35.4246 2
      vertex -9.69319 35.5376 2
    endloop
  endfacet
  facet normal 0 0 1
    outer loop
      vertex -9.39201 35.3367 2
      vertex -9.7677 34.7919 2
      vertex -9.62201 34.7386 2
    endloop
  endfacet
  facet normal 0 0 1
    outer loop
      vertex -10.2627 35.1019 2
      vertex -9.69319 35.5376 2
      vertex -9.80836 35.6757 2
    endloop
  endfacet
  facet normal 0 0 1
    outer loop
      vertex -10.4517 35.3136 2
      vertex -9.80836 35.6757 2
      vertex -9.89993 35.839 2
    endloop
  endfacet
  facet normal 0 0 1
    outer loop
      vertex -9.5544 35.4246 2
      vertex -9.90471 34.8549 2
      vertex -9.7677 34.7919 2
    endloop
  endfacet
  facet normal 0 0 1
    outer loop
      vertex -10.6572 35.7008 2
      vertex -9.89993 35.839 2
      vertex -9.9679 36.0273 2
    endloop
  endfacet
  facet normal 0 0 1
    outer loop
      vertex -10.7422 36.0054 2
      vertex -9.9679 36.0273 2
      vertex -10.0123 36.2408 2
    endloop
  endfacet
  facet normal 0 0 1
    outer loop
      vertex -9.5544 35.4246 2
      vertex -10.033 34.9276 2
      vertex -9.90471 34.8549 2
    endloop
  endfacet
  facet normal 0 0 1
    outer loop
      vertex -9.69319 35.5376 2
      vertex -10.1526 35.01 2
      vertex -10.033 34.9276 2
    endloop
  endfacet
  facet normal 0 0 1
    outer loop
      vertex -9.69319 35.5376 2
      vertex -10.2627 35.1019 2
      vertex -10.1526 35.01 2
    endloop
  endfacet
  facet normal 0 0 1
    outer loop
      vertex -9.80836 35.6757 2
      vertex -10.3624 35.2031 2
      vertex -10.2627 35.1019 2
    endloop
  endfacet
  facet normal 0 0 1
    outer loop
      vertex -9.80836 35.6757 2
      vertex -10.4517 35.3136 2
      vertex -10.3624 35.2031 2
    endloop
  endfacet
  facet normal 0 0 1
    outer loop
      vertex -9.89993 35.839 2
      vertex -10.5306 35.4334 2
      vertex -10.4517 35.3136 2
    endloop
  endfacet
  facet normal 0 0 1
    outer loop
      vertex -9.89993 35.839 2
      vertex -10.5991 35.5625 2
      vertex -10.5306 35.4334 2
    endloop
  endfacet
  facet normal 0 0 1
    outer loop
      vertex -9.89993 35.839 2
      vertex -10.6572 35.7008 2
      vertex -10.5991 35.5625 2
    endloop
  endfacet
  facet normal 0 0 1
    outer loop
      vertex -9.9679 36.0273 2
      vertex -10.7049 35.8485 2
      vertex -10.6572 35.7008 2
    endloop
  endfacet
  facet normal 0 0 1
    outer loop
      vertex -9.9679 36.0273 2
      vertex -10.7422 36.0054 2
      vertex -10.7049 35.8485 2
    endloop
  endfacet
  facet normal 0 -0 1
    outer loop
      vertex -10.7422 36.0054 2
      vertex -10.0123 36.2408 2
      vertex -10.7691 36.1716 2
    endloop
  endfacet
  facet normal 0 0 1
    outer loop
      vertex -2.25169 37.5672 2
      vertex -2.99977 37.8345 2
      vertex -2.99623 37.5672 2
    endloop
  endfacet
  facet normal 0 0 1
    outer loop
      vertex -2.84753 39.9287 2
      vertex -3.01039 38.085 2
      vertex -2.99977 37.8345 2
    endloop
  endfacet
  facet normal 0 0 1
    outer loop
      vertex -2.84753 39.9287 2
      vertex -3.02811 38.3186 2
      vertex -3.01039 38.085 2
    endloop
  endfacet
  facet normal 0 0 1
    outer loop
      vertex -2.84753 39.9287 2
      vertex -3.05289 38.5353 2
      vertex -3.02811 38.3186 2
    endloop
  endfacet
  facet normal 0 0 1
    outer loop
      vertex -2.84753 39.9287 2
      vertex -3.08476 38.7351 2
      vertex -3.05289 38.5353 2
    endloop
  endfacet
  facet normal 0 0 1
    outer loop
      vertex -3.51569 39.6753 2
      vertex -2.97433 40.0666 2
      vertex -3.11426 40.1861 2
    endloop
  endfacet
  facet normal 0 0 1
    outer loop
      vertex -2.84753 39.9287 2
      vertex -3.12372 38.918 2
      vertex -3.08476 38.7351 2
    endloop
  endfacet
  facet normal 0 0 1
    outer loop
      vertex -2.84753 39.9287 2
      vertex -3.16977 39.0841 2
      vertex -3.12372 38.918 2
    endloop
  endfacet
  facet normal 0 0 1
    outer loop
      vertex -2.84753 39.9287 2
      vertex -3.22289 39.2333 2
      vertex -3.16977 39.0841 2
    endloop
  endfacet
  facet normal 0 0 1
    outer loop
      vertex -3.6116 39.751 2
      vertex -3.11426 40.1861 2
      vertex -3.26727 40.2872 2
    endloop
  endfacet
  facet normal 0 0 1
    outer loop
      vertex -2.84753 39.9287 2
      vertex -3.2831 39.3656 2
      vertex -3.22289 39.2333 2
    endloop
  endfacet
  facet normal 0 0 1
    outer loop
      vertex -2.84753 39.9287 2
      vertex -3.35144 39.4826 2
      vertex -3.2831 39.3656 2
    endloop
  endfacet
  facet normal 0 0 1
    outer loop
      vertex -2.84753 39.9287 2
      vertex -3.42897 39.5858 2
      vertex -3.35144 39.4826 2
    endloop
  endfacet
  facet normal 0 0 1
    outer loop
      vertex -3.6116 39.751 2
      vertex -3.26727 40.2872 2
      vertex -3.43341 40.37 2
    endloop
  endfacet
  facet normal 0 0 1
    outer loop
      vertex -2.97433 40.0666 2
      vertex -3.51569 39.6753 2
      vertex -3.42897 39.5858 2
    endloop
  endfacet
  facet normal 0 0 1
    outer loop
      vertex -3.11426 40.1861 2
      vertex -3.6116 39.751 2
      vertex -3.51569 39.6753 2
    endloop
  endfacet
  facet normal 0 0 1
    outer loop
      vertex -3.71672 39.8129 2
      vertex -3.43341 40.37 2
      vertex -3.61266 40.4343 2
    endloop
  endfacet
  facet normal 0 0 1
    outer loop
      vertex -3.43341 40.37 2
      vertex -3.71672 39.8129 2
      vertex -3.6116 39.751 2
    endloop
  endfacet
  facet normal 0 0 1
    outer loop
      vertex -3.83101 39.8611 2
      vertex -3.61266 40.4343 2
      vertex -3.80501 40.4803 2
    endloop
  endfacet
  facet normal 0 0 1
    outer loop
      vertex -3.61266 40.4343 2
      vertex -3.83101 39.8611 2
      vertex -3.71672 39.8129 2
    endloop
  endfacet
  facet normal 0 0 1
    outer loop
      vertex -3.80501 40.4803 2
      vertex -3.9545 39.8955 2
      vertex -3.83101 39.8611 2
    endloop
  endfacet
  facet normal 0 0 1
    outer loop
      vertex -4.01047 40.5079 2
      vertex -3.9545 39.8955 2
      vertex -3.80501 40.4803 2
    endloop
  endfacet
  facet normal 0 0 1
    outer loop
      vertex -4.01047 40.5079 2
      vertex -4.08717 39.9161 2
      vertex -3.9545 39.8955 2
    endloop
  endfacet
  facet normal 0 0 1
    outer loop
      vertex -4.22905 40.5171 2
      vertex -4.08717 39.9161 2
      vertex -4.01047 40.5079 2
    endloop
  endfacet
  facet normal 0 0 1
    outer loop
      vertex -4.22905 40.5171 2
      vertex -4.22905 39.923 2
      vertex -4.08717 39.9161 2
    endloop
  endfacet
  facet normal 0 0 1
    outer loop
      vertex -4.22905 40.5171 2
      vertex -4.37445 39.9162 2
      vertex -4.22905 39.923 2
    endloop
  endfacet
  facet normal -0 0 1
    outer loop
      vertex -4.45361 40.508 2
      vertex -4.37445 39.9162 2
      vertex -4.22905 40.5171 2
    endloop
  endfacet
  facet normal 0 0 1
    outer loop
      vertex -4.45361 40.508 2
      vertex -4.51045 39.8959 2
      vertex -4.37445 39.9162 2
    endloop
  endfacet
  facet normal -0 0 1
    outer loop
      vertex -4.66435 40.4807 2
      vertex -4.51045 39.8959 2
      vertex -4.45361 40.508 2
    endloop
  endfacet
  facet normal 0 0 1
    outer loop
      vertex -4.51045 39.8959 2
      vertex -4.66435 40.4807 2
      vertex -4.63707 39.862 2
    endloop
  endfacet
  facet normal -0 0 1
    outer loop
      vertex -4.8613 40.4352 2
      vertex -4.63707 39.862 2
      vertex -4.66435 40.4807 2
    endloop
  endfacet
  facet normal 0 0 1
    outer loop
      vertex -4.63707 39.862 2
      vertex -4.8613 40.4352 2
      vertex -4.75429 39.8145 2
    endloop
  endfacet
  facet normal -0 0 1
    outer loop
      vertex -5.04442 40.3716 2
      vertex -4.75429 39.8145 2
      vertex -4.8613 40.4352 2
    endloop
  endfacet
  facet normal 0 0 1
    outer loop
      vertex -4.75429 39.8145 2
      vertex -5.04442 40.3716 2
      vertex -4.86211 39.7535 2
    endloop
  endfacet
  facet normal -0 0 1
    outer loop
      vertex -5.21371 40.2898 2
      vertex -4.86211 39.7535 2
      vertex -5.04442 40.3716 2
    endloop
  endfacet
  facet normal 0 0 1
    outer loop
      vertex -4.86211 39.7535 2
      vertex -5.21371 40.2898 2
      vertex -4.96054 39.6789 2
    endloop
  endfacet
  facet normal -0 0 1
    outer loop
      vertex -5.36922 40.1898 2
      vertex -4.96054 39.6789 2
      vertex -5.21371 40.2898 2
    endloop
  endfacet
  facet normal -0 0 1
    outer loop
      vertex -5.51089 40.0716 2
      vertex -4.96054 39.6789 2
      vertex -5.36922 40.1898 2
    endloop
  endfacet
  facet normal 0 0 1
    outer loop
      vertex -4.96054 39.6789 2
      vertex -5.51089 40.0716 2
      vertex -5.04959 39.5907 2
    endloop
  endfacet
  facet normal -0 0 1
    outer loop
      vertex -5.63876 39.9352 2
      vertex -5.04959 39.5907 2
      vertex -5.51089 40.0716 2
    endloop
  endfacet
  facet normal 0 0 1
    outer loop
      vertex -5.04959 39.5907 2
      vertex -5.63876 39.9352 2
      vertex -5.12924 39.489 2
    endloop
  endfacet
  facet normal -0 0 1
    outer loop
      vertex -5.75281 39.7806 2
      vertex -5.12924 39.489 2
      vertex -5.63876 39.9352 2
    endloop
  endfacet
  facet normal 0 0 1
    outer loop
      vertex -5.12924 39.489 2
      vertex -5.75281 39.7806 2
      vertex -5.19949 39.3737 2
    endloop
  endfacet
  facet normal -0 0 1
    outer loop
      vertex -5.854 39.6078 2
      vertex -5.19949 39.3737 2
      vertex -5.75281 39.7806 2
    endloop
  endfacet
  facet normal 0 0 1
    outer loop
      vertex -5.19949 39.3737 2
      vertex -5.854 39.6078 2
      vertex -5.2614 39.2429 2
    endloop
  endfacet
  facet normal -0 0 1
    outer loop
      vertex -5.9433 39.4167 2
      vertex -5.2614 39.2429 2
      vertex -5.854 39.6078 2
    endloop
  endfacet
  facet normal 0 0 1
    outer loop
      vertex -5.2614 39.2429 2
      vertex -5.9433 39.4167 2
      vertex -5.31602 39.0946 2
    endloop
  endfacet
  facet normal 0 0 1
    outer loop
      vertex -5.36336 38.9289 2
      vertex -6.08615 38.9797 2
      vertex -5.40341 38.7456 2
    endloop
  endfacet
  facet normal -0 0 1
    outer loop
      vertex -6.08615 38.9797 2
      vertex -5.36336 38.9289 2
      vertex -6.02068 39.2074 2
    endloop
  endfacet
  facet normal -0 0 1
    outer loop
      vertex -6.02068 39.2074 2
      vertex -5.31602 39.0946 2
      vertex -5.9433 39.4167 2
    endloop
  endfacet
  facet normal -0 0 1
    outer loop
      vertex -2.99977 37.8345 2
      vertex -2.25169 37.5672 2
      vertex -2.25764 37.883 2
    endloop
  endfacet
  facet normal 0 0 1
    outer loop
      vertex -2.99977 37.8345 2
      vertex -2.25764 37.883 2
      vertex -2.2755 38.1811 2
    endloop
  endfacet
  facet normal 0 0 1
    outer loop
      vertex -2.99995 37.3091 2
      vertex -2.25169 37.5672 2
      vertex -2.99623 37.5672 2
    endloop
  endfacet
  facet normal 0 0 1
    outer loop
      vertex -2.99977 37.8345 2
      vertex -2.2755 38.1811 2
      vertex -2.30527 38.4615 2
    endloop
  endfacet
  facet normal 0 0 1
    outer loop
      vertex -2.25169 37.5672 2
      vertex -2.99995 37.3091 2
      vertex -2.25795 37.2565 2
    endloop
  endfacet
  facet normal 0 0 1
    outer loop
      vertex -2.99977 37.8345 2
      vertex -2.30527 38.4615 2
      vertex -2.34694 38.7242 2
    endloop
  endfacet
  facet normal 0 0 1
    outer loop
      vertex -3.01109 37.0661 2
      vertex -2.25795 37.2565 2
      vertex -2.99995 37.3091 2
    endloop
  endfacet
  facet normal 0 0 1
    outer loop
      vertex -2.99977 37.8345 2
      vertex -2.34694 38.7242 2
      vertex -2.40051 38.9692 2
    endloop
  endfacet
  facet normal 0 0 1
    outer loop
      vertex -2.25795 37.2565 2
      vertex -3.01109 37.0661 2
      vertex -2.2767 36.9624 2
    endloop
  endfacet
  facet normal 0 0 1
    outer loop
      vertex -2.99977 37.8345 2
      vertex -2.40051 38.9692 2
      vertex -2.46599 39.1965 2
    endloop
  endfacet
  facet normal 0 0 1
    outer loop
      vertex -3.02968 36.8385 2
      vertex -2.2767 36.9624 2
      vertex -3.01109 37.0661 2
    endloop
  endfacet
  facet normal 0 0 1
    outer loop
      vertex -2.99977 37.8345 2
      vertex -2.46599 39.1965 2
      vertex -2.54337 39.4062 2
    endloop
  endfacet
  facet normal 0 0 1
    outer loop
      vertex -2.2767 36.9624 2
      vertex -3.02968 36.8385 2
      vertex -2.30798 36.6852 2
    endloop
  endfacet
  facet normal 0 0 1
    outer loop
      vertex -2.99977 37.8345 2
      vertex -2.54337 39.4062 2
      vertex -2.63266 39.5982 2
    endloop
  endfacet
  facet normal 0 0 1
    outer loop
      vertex -3.05571 36.6261 2
      vertex -2.30798 36.6852 2
      vertex -3.02968 36.8385 2
    endloop
  endfacet
  facet normal 0 0 1
    outer loop
      vertex -2.99977 37.8345 2
      vertex -2.63266 39.5982 2
      vertex -2.73386 39.7725 2
    endloop
  endfacet
  facet normal 0 0 1
    outer loop
      vertex -2.30798 36.6852 2
      vertex -3.05571 36.6261 2
      vertex -2.35176 36.4248 2
    endloop
  endfacet
  facet normal 0 0 1
    outer loop
      vertex -2.99977 37.8345 2
      vertex -2.73386 39.7725 2
      vertex -2.84753 39.9287 2
    endloop
  endfacet
  facet normal -0 0 1
    outer loop
      vertex -3.08916 36.429 2
      vertex -2.35176 36.4248 2
      vertex -3.05571 36.6261 2
    endloop
  endfacet
  facet normal 0 0 1
    outer loop
      vertex -3.42897 39.5858 2
      vertex -2.84753 39.9287 2
      vertex -2.97433 40.0666 2
    endloop
  endfacet
  facet normal 0 0 1
    outer loop
      vertex -2.35176 36.4248 2
      vertex -3.08916 36.429 2
      vertex -2.40804 36.1811 2
    endloop
  endfacet
  facet normal -0 0 1
    outer loop
      vertex -3.13005 36.2471 2
      vertex -2.40804 36.1811 2
      vertex -3.08916 36.429 2
    endloop
  endfacet
  facet normal 0 0 1
    outer loop
      vertex -2.40804 36.1811 2
      vertex -3.13005 36.2471 2
      vertex -2.47684 35.9542 2
    endloop
  endfacet
  facet normal -0 0 1
    outer loop
      vertex -3.17836 36.0806 2
      vertex -2.47684 35.9542 2
      vertex -3.13005 36.2471 2
    endloop
  endfacet
  facet normal 0 0 1
    outer loop
      vertex -2.47684 35.9542 2
      vertex -3.17836 36.0806 2
      vertex -2.55814 35.7441 2
    endloop
  endfacet
  facet normal -0 0 1
    outer loop
      vertex -3.23412 35.9292 2
      vertex -2.55814 35.7441 2
      vertex -3.17836 36.0806 2
    endloop
  endfacet
  facet normal 0 0 1
    outer loop
      vertex -2.55814 35.7441 2
      vertex -3.23412 35.9292 2
      vertex -2.65195 35.5507 2
    endloop
  endfacet
  facet normal -0 0 1
    outer loop
      vertex -3.29732 35.7932 2
      vertex -2.65195 35.5507 2
      vertex -3.23412 35.9292 2
    endloop
  endfacet
  facet normal 0 0 1
    outer loop
      vertex -2.65195 35.5507 2
      vertex -3.29732 35.7932 2
      vertex -2.75827 35.3742 2
    endloop
  endfacet
  facet normal -0 0 1
    outer loop
      vertex -3.36848 35.672 2
      vertex -2.75827 35.3742 2
      vertex -3.29732 35.7932 2
    endloop
  endfacet
  facet normal 0 0 1
    outer loop
      vertex -2.75827 35.3742 2
      vertex -3.36848 35.672 2
      vertex -2.87679 35.2153 2
    endloop
  endfacet
  facet normal -0 0 1
    outer loop
      vertex -3.44821 35.565 2
      vertex -2.87679 35.2153 2
      vertex -3.36848 35.672 2
    endloop
  endfacet
  facet normal 0 0 1
    outer loop
      vertex -2.87679 35.2153 2
      vertex -3.44821 35.565 2
      vertex -3.0072 35.0752 2
    endloop
  endfacet
  facet normal -0 0 1
    outer loop
      vertex -3.53647 35.4722 2
      vertex -3.0072 35.0752 2
      vertex -3.44821 35.565 2
    endloop
  endfacet
  facet normal 0 0 1
    outer loop
      vertex -3.0072 35.0752 2
      vertex -3.53647 35.4722 2
      vertex -3.14952 34.9538 2
    endloop
  endfacet
  facet normal -0 0 1
    outer loop
      vertex -3.63327 35.3938 2
      vertex -3.14952 34.9538 2
      vertex -3.53647 35.4722 2
    endloop
  endfacet
  facet normal 0 0 1
    outer loop
      vertex -3.14952 34.9538 2
      vertex -3.63327 35.3938 2
      vertex -3.30376 34.851 2
    endloop
  endfacet
  facet normal -0 0 1
    outer loop
      vertex -3.7386 35.3296 2
      vertex -3.30376 34.851 2
      vertex -3.63327 35.3938 2
    endloop
  endfacet
  facet normal 0 0 1
    outer loop
      vertex -3.30376 34.851 2
      vertex -3.7386 35.3296 2
      vertex -3.46988 34.7669 2
    endloop
  endfacet
  facet normal 0 0 1
    outer loop
      vertex -3.46988 34.7669 2
      vertex -3.7386 35.3296 2
      vertex -3.64792 34.7015 2
    endloop
  endfacet
  facet normal -0 0 1
    outer loop
      vertex -3.85248 35.2797 2
      vertex -3.64792 34.7015 2
      vertex -3.7386 35.3296 2
    endloop
  endfacet
  facet normal 0 0 1
    outer loop
      vertex -3.64792 34.7015 2
      vertex -3.85248 35.2797 2
      vertex -3.83788 34.6548 2
    endloop
  endfacet
  facet normal -0 0 1
    outer loop
      vertex -3.9749 35.244 2
      vertex -3.83788 34.6548 2
      vertex -3.85248 35.2797 2
    endloop
  endfacet
  facet normal 0 0 1
    outer loop
      vertex -3.9749 35.244 2
      vertex -4.03972 34.6267 2
      vertex -3.83788 34.6548 2
    endloop
  endfacet
  facet normal -0 0 1
    outer loop
      vertex -4.10587 35.2226 2
      vertex -4.03972 34.6267 2
      vertex -3.9749 35.244 2
    endloop
  endfacet
  facet normal -0 0 1
    outer loop
      vertex -4.24538 35.2155 2
      vertex -4.03972 34.6267 2
      vertex -4.10587 35.2226 2
    endloop
  endfacet
  facet normal 0 0 1
    outer loop
      vertex -4.24538 35.2155 2
      vertex -4.25346 34.6174 2
      vertex -4.03972 34.6267 2
    endloop
  endfacet
  facet normal 0 0 1
    outer loop
      vertex -4.3857 35.2225 2
      vertex -4.25346 34.6174 2
      vertex -4.24538 35.2155 2
    endloop
  endfacet
  facet normal 0 0 1
    outer loop
      vertex -4.3857 35.2225 2
      vertex -4.46712 34.6267 2
      vertex -4.25346 34.6174 2
    endloop
  endfacet
  facet normal 0 0 1
    outer loop
      vertex -4.51732 35.2434 2
      vertex -4.46712 34.6267 2
      vertex -4.3857 35.2225 2
    endloop
  endfacet
  facet normal 0 0 1
    outer loop
      vertex -4.66859 34.6546 2
      vertex -4.51732 35.2434 2
      vertex -4.64026 35.2783 2
    endloop
  endfacet
  facet normal 0 0 1
    outer loop
      vertex -4.51732 35.2434 2
      vertex -4.66859 34.6546 2
      vertex -4.46712 34.6267 2
    endloop
  endfacet
  facet normal 0 0 1
    outer loop
      vertex -4.85793 34.701 2
      vertex -4.64026 35.2783 2
      vertex -4.75452 35.3272 2
    endloop
  endfacet
  facet normal 0 0 1
    outer loop
      vertex -4.64026 35.2783 2
      vertex -4.85793 34.701 2
      vertex -4.66859 34.6546 2
    endloop
  endfacet
  facet normal 0 0 1
    outer loop
      vertex -5.0351 34.7661 2
      vertex -4.75452 35.3272 2
      vertex -4.86008 35.39 2
    endloop
  endfacet
  facet normal 0 0 1
    outer loop
      vertex -5.35297 34.9519 2
      vertex -4.86008 35.39 2
      vertex -4.95694 35.4668 2
    endloop
  endfacet
  facet normal 0 0 1
    outer loop
      vertex -4.75452 35.3272 2
      vertex -5.0351 34.7661 2
      vertex -4.85793 34.701 2
    endloop
  endfacet
  facet normal 0 0 1
    outer loop
      vertex -5.49367 35.0727 2
      vertex -4.95694 35.4668 2
      vertex -5.04512 35.5576 2
    endloop
  endfacet
  facet normal 0 0 1
    outer loop
      vertex -5.62221 35.2121 2
      vertex -5.04512 35.5576 2
      vertex -5.12462 35.6623 2
    endloop
  endfacet
  facet normal 0 0 1
    outer loop
      vertex -5.73859 35.3701 2
      vertex -5.12462 35.6623 2
      vertex -5.1954 35.781 2
    endloop
  endfacet
  facet normal 0 0 1
    outer loop
      vertex -4.86008 35.39 2
      vertex -5.2001 34.8497 2
      vertex -5.0351 34.7661 2
    endloop
  endfacet
  facet normal 0 0 1
    outer loop
      vertex -5.84277 35.5459 2
      vertex -5.1954 35.781 2
      vertex -5.25818 35.9148 2
    endloop
  endfacet
  facet normal 0 0 1
    outer loop
      vertex -5.93469 35.7388 2
      vertex -5.25818 35.9148 2
      vertex -5.31355 36.0647 2
    endloop
  endfacet
  facet normal 0 0 1
    outer loop
      vertex -4.86008 35.39 2
      vertex -5.35297 34.9519 2
      vertex -5.2001 34.8497 2
    endloop
  endfacet
  facet normal 0 0 1
    outer loop
      vertex -6.01436 35.9488 2
      vertex -5.31355 36.0647 2
      vertex -5.36154 36.2309 2
    endloop
  endfacet
  facet normal 0 0 1
    outer loop
      vertex -6.08177 36.1758 2
      vertex -5.36154 36.2309 2
      vertex -5.40216 36.4132 2
    endloop
  endfacet
  facet normal -0 0 1
    outer loop
      vertex -6.13692 36.4199 2
      vertex -5.40216 36.4132 2
      vertex -5.43538 36.6116 2
    endloop
  endfacet
  facet normal -0 0 1
    outer loop
      vertex -6.17982 36.6811 2
      vertex -5.43538 36.6116 2
      vertex -5.46123 36.8263 2
    endloop
  endfacet
  facet normal -0 0 1
    outer loop
      vertex -6.21046 36.9594 2
      vertex -5.46123 36.8263 2
      vertex -5.47969 37.0571 2
    endloop
  endfacet
  facet normal 0 0 1
    outer loop
      vertex -4.95694 35.4668 2
      vertex -5.49367 35.0727 2
      vertex -5.35297 34.9519 2
    endloop
  endfacet
  facet normal -0 0 1
    outer loop
      vertex -6.22884 37.2548 2
      vertex -5.47969 37.0571 2
      vertex -5.49075 37.3041 2
    endloop
  endfacet
  facet normal -0 0 1
    outer loop
      vertex -6.23497 37.5672 2
      vertex -5.49075 37.3041 2
      vertex -5.49445 37.5672 2
    endloop
  endfacet
  facet normal 0 0 1
    outer loop
      vertex -5.40341 38.7456 2
      vertex -6.13972 38.7338 2
      vertex -5.43619 38.5449 2
    endloop
  endfacet
  facet normal 0 0 1
    outer loop
      vertex -5.49075 37.3041 2
      vertex -6.23497 37.5672 2
      vertex -6.22884 37.2548 2
    endloop
  endfacet
  facet normal 0 0 1
    outer loop
      vertex -5.31602 39.0946 2
      vertex -6.02068 39.2074 2
      vertex -5.36336 38.9289 2
    endloop
  endfacet
  facet normal 0 0 1
    outer loop
      vertex -5.47969 37.0571 2
      vertex -6.22884 37.2548 2
      vertex -6.21046 36.9594 2
    endloop
  endfacet
  facet normal 0 0 1
    outer loop
      vertex -6.13972 38.7338 2
      vertex -5.40341 38.7456 2
      vertex -6.08615 38.9797 2
    endloop
  endfacet
  facet normal 0 0 1
    outer loop
      vertex -5.46123 36.8263 2
      vertex -6.21046 36.9594 2
      vertex -6.17982 36.6811 2
    endloop
  endfacet
  facet normal 0 0 1
    outer loop
      vertex -6.1814 38.4696 2
      vertex -5.43619 38.5449 2
      vertex -6.13972 38.7338 2
    endloop
  endfacet
  facet normal 0 0 1
    outer loop
      vertex -5.43538 36.6116 2
      vertex -6.17982 36.6811 2
      vertex -6.13692 36.4199 2
    endloop
  endfacet
  facet normal 0 0 1
    outer loop
      vertex -5.43619 38.5449 2
      vertex -6.1814 38.4696 2
      vertex -5.46169 38.3267 2
    endloop
  endfacet
  facet normal 0 0 1
    outer loop
      vertex -5.40216 36.4132 2
      vertex -6.13692 36.4199 2
      vertex -6.08177 36.1758 2
    endloop
  endfacet
  facet normal 0 0 1
    outer loop
      vertex -6.21117 38.1871 2
      vertex -5.46169 38.3267 2
      vertex -6.1814 38.4696 2
    endloop
  endfacet
  facet normal 0 0 1
    outer loop
      vertex -5.36154 36.2309 2
      vertex -6.08177 36.1758 2
      vertex -6.01436 35.9488 2
    endloop
  endfacet
  facet normal 0 0 1
    outer loop
      vertex -5.46169 38.3267 2
      vertex -6.21117 38.1871 2
      vertex -5.47989 38.091 2
    endloop
  endfacet
  facet normal 0 0 1
    outer loop
      vertex -5.25818 35.9148 2
      vertex -5.93469 35.7388 2
      vertex -5.84277 35.5459 2
    endloop
  endfacet
  facet normal 0 0 1
    outer loop
      vertex -6.22902 37.8863 2
      vertex -5.47989 38.091 2
      vertex -6.21117 38.1871 2
    endloop
  endfacet
  facet normal 0 0 1
    outer loop
      vertex -5.12462 35.6623 2
      vertex -5.73859 35.3701 2
      vertex -5.62221 35.2121 2
    endloop
  endfacet
  facet normal 0 0 1
    outer loop
      vertex -5.47989 38.091 2
      vertex -6.22902 37.8863 2
      vertex -5.49081 37.8379 2
    endloop
  endfacet
  facet normal 0 0 1
    outer loop
      vertex -5.04512 35.5576 2
      vertex -5.62221 35.2121 2
      vertex -5.49367 35.0727 2
    endloop
  endfacet
  facet normal 0 0 1
    outer loop
      vertex -6.23497 37.5672 2
      vertex -5.49081 37.8379 2
      vertex -6.22902 37.8863 2
    endloop
  endfacet
  facet normal 0 0 1
    outer loop
      vertex -5.1954 35.781 2
      vertex -5.84277 35.5459 2
      vertex -5.73859 35.3701 2
    endloop
  endfacet
  facet normal 0 0 1
    outer loop
      vertex -5.49081 37.8379 2
      vertex -6.23497 37.5672 2
      vertex -5.49445 37.5672 2
    endloop
  endfacet
  facet normal 0 0 1
    outer loop
      vertex -5.31355 36.0647 2
      vertex -6.01436 35.9488 2
      vertex -5.93469 35.7388 2
    endloop
  endfacet
  facet normal 0 0 1
    outer loop
      vertex 5.54175 39.8091 2
      vertex 6.24976 39.8376 2
      vertex 6.24976 40.4316 2
    endloop
  endfacet
  facet normal 0 0 1
    outer loop
      vertex 6.24976 39.8376 2
      vertex 5.54175 39.8091 2
      vertex 6.06082 39.5464 2
    endloop
  endfacet
  facet normal 0 0 1
    outer loop
      vertex 6.06082 39.5464 2
      vertex 5.54175 39.8091 2
      vertex 5.88466 39.2695 2
    endloop
  endfacet
  facet normal -0 0 1
    outer loop
      vertex 5.30716 39.4619 2
      vertex 5.88466 39.2695 2
      vertex 5.54175 39.8091 2
    endloop
  endfacet
  facet normal 0 0 1
    outer loop
      vertex 5.88466 39.2695 2
      vertex 5.30716 39.4619 2
      vertex 5.72125 39.0071 2
    endloop
  endfacet
  facet normal -0 0 1
    outer loop
      vertex 2.46172 40.4316 2
      vertex 5.54175 39.8091 2
      vertex 6.24976 40.4316 2
    endloop
  endfacet
  facet normal 0 0 1
    outer loop
      vertex 5.54175 39.8091 2
      vertex 2.46172 40.4316 2
      vertex 2.46172 39.8091 2
    endloop
  endfacet
  facet normal -0 0 1
    outer loop
      vertex 5.08798 39.1238 2
      vertex 5.72125 39.0071 2
      vertex 5.30716 39.4619 2
    endloop
  endfacet
  facet normal 0 0 1
    outer loop
      vertex 5.72125 39.0071 2
      vertex 5.08798 39.1238 2
      vertex 5.5706 38.759 2
    endloop
  endfacet
  facet normal -0 0 1
    outer loop
      vertex 4.88422 38.7948 2
      vertex 5.5706 38.759 2
      vertex 5.08798 39.1238 2
    endloop
  endfacet
  facet normal 0 0 1
    outer loop
      vertex 5.5706 38.759 2
      vertex 4.88422 38.7948 2
      vertex 5.43272 38.5253 2
    endloop
  endfacet
  facet normal 0 0 1
    outer loop
      vertex 5.43272 38.5253 2
      vertex 4.88422 38.7948 2
      vertex 5.30759 38.3059 2
    endloop
  endfacet
  facet normal -0 0 1
    outer loop
      vertex 4.69588 38.4749 2
      vertex 5.30759 38.3059 2
      vertex 4.88422 38.7948 2
    endloop
  endfacet
  facet normal 0 0 1
    outer loop
      vertex 5.30759 38.3059 2
      vertex 4.69588 38.4749 2
      vertex 5.19522 38.1009 2
    endloop
  endfacet
  facet normal -0 0 1
    outer loop
      vertex 4.52296 38.1641 2
      vertex 5.19522 38.1009 2
      vertex 4.69588 38.4749 2
    endloop
  endfacet
  facet normal 0 0 1
    outer loop
      vertex 5.19522 38.1009 2
      vertex 4.52296 38.1641 2
      vertex 5.09563 37.9103 2
    endloop
  endfacet
  facet normal 0 0 1
    outer loop
      vertex 5.09563 37.9103 2
      vertex 4.52296 38.1641 2
      vertex 5.00877 37.734 2
    endloop
  endfacet
  facet normal -0 0 1
    outer loop
      vertex 4.36546 37.8624 2
      vertex 5.00877 37.734 2
      vertex 4.52296 38.1641 2
    endloop
  endfacet
  facet normal 0 0 1
    outer loop
      vertex 5.00877 37.734 2
      vertex 4.36546 37.8624 2
      vertex 4.93054 37.5652 2
    endloop
  endfacet
  facet normal 0 0 1
    outer loop
      vertex 4.93054 37.5652 2
      vertex 4.36546 37.8624 2
      vertex 4.85678 37.3969 2
    endloop
  endfacet
  facet normal -0 0 1
    outer loop
      vertex 4.22337 37.5698 2
      vertex 4.85678 37.3969 2
      vertex 4.36546 37.8624 2
    endloop
  endfacet
  facet normal 0 0 1
    outer loop
      vertex 4.85678 37.3969 2
      vertex 4.22337 37.5698 2
      vertex 4.78749 37.2291 2
    endloop
  endfacet
  facet normal -0 0 1
    outer loop
      vertex 4.09671 37.2863 2
      vertex 4.78749 37.2291 2
      vertex 4.22337 37.5698 2
    endloop
  endfacet
  facet normal 0 0 1
    outer loop
      vertex 4.78749 37.2291 2
      vertex 4.09671 37.2863 2
      vertex 4.72267 37.0617 2
    endloop
  endfacet
  facet normal 0 0 1
    outer loop
      vertex 4.72267 37.0617 2
      vertex 4.09671 37.2863 2
      vertex 4.66231 36.8949 2
    endloop
  endfacet
  facet normal -0 0 1
    outer loop
      vertex 3.98547 37.0118 2
      vertex 4.66231 36.8949 2
      vertex 4.09671 37.2863 2
    endloop
  endfacet
  facet normal 0 0 1
    outer loop
      vertex 4.66231 36.8949 2
      vertex 3.98547 37.0118 2
      vertex 4.60643 36.7286 2
    endloop
  endfacet
  facet normal -0 0 1
    outer loop
      vertex 3.88771 36.7434 2
      vertex 4.60643 36.7286 2
      vertex 3.98547 37.0118 2
    endloop
  endfacet
  facet normal 0 0 1
    outer loop
      vertex 4.60643 36.7286 2
      vertex 3.88771 36.7434 2
      vertex 4.55501 36.5628 2
    endloop
  endfacet
  facet normal 0 0 1
    outer loop
      vertex 4.55501 36.5628 2
      vertex 3.88771 36.7434 2
      vertex 4.50807 36.3975 2
    endloop
  endfacet
  facet normal -0 0 1
    outer loop
      vertex 3.80144 36.4778 2
      vertex 4.50807 36.3975 2
      vertex 3.88771 36.7434 2
    endloop
  endfacet
  facet normal 0 0 1
    outer loop
      vertex 4.50807 36.3975 2
      vertex 3.80144 36.4778 2
      vertex 4.46559 36.2327 2
    endloop
  endfacet
  facet normal 0 0 1
    outer loop
      vertex 3.72667 36.215 2
      vertex 4.46559 36.2327 2
      vertex 3.80144 36.4778 2
    endloop
  endfacet
  facet normal 0 0 1
    outer loop
      vertex 4.46559 36.2327 2
      vertex 3.72667 36.215 2
      vertex 4.42758 36.0674 2
    endloop
  endfacet
  facet normal 0 0 1
    outer loop
      vertex 4.42758 36.0674 2
      vertex 3.72667 36.215 2
      vertex 4.39406 35.9009 2
    endloop
  endfacet
  facet normal -0 0 1
    outer loop
      vertex 3.66341 35.9552 2
      vertex 4.39406 35.9009 2
      vertex 3.72667 36.215 2
    endloop
  endfacet
  facet normal 0 0 1
    outer loop
      vertex 4.39406 35.9009 2
      vertex 3.66341 35.9552 2
      vertex 4.36499 35.7331 2
    endloop
  endfacet
  facet normal 0 0 1
    outer loop
      vertex 3.61165 35.6982 2
      vertex 4.36499 35.7331 2
      vertex 3.66341 35.9552 2
    endloop
  endfacet
  facet normal 0 0 1
    outer loop
      vertex 4.36499 35.7331 2
      vertex 3.61165 35.6982 2
      vertex 4.34041 35.564 2
    endloop
  endfacet
  facet normal 0 0 1
    outer loop
      vertex 4.34041 35.564 2
      vertex 3.61165 35.6982 2
      vertex 4.32028 35.3935 2
    endloop
  endfacet
  facet normal -0 0 1
    outer loop
      vertex 3.5714 35.444 2
      vertex 4.32028 35.3935 2
      vertex 3.61165 35.6982 2
    endloop
  endfacet
  facet normal 0 0 1
    outer loop
      vertex 4.32028 35.3935 2
      vertex 3.5714 35.444 2
      vertex 4.30463 35.2218 2
    endloop
  endfacet
  facet normal 0 0 1
    outer loop
      vertex 3.54263 35.1927 2
      vertex 4.30463 35.2218 2
      vertex 3.5714 35.444 2
    endloop
  endfacet
  facet normal 0 0 1
    outer loop
      vertex 4.30463 35.2218 2
      vertex 3.54263 35.1927 2
      vertex 4.29346 35.0488 2
    endloop
  endfacet
  facet normal 0 0 1
    outer loop
      vertex 3.52539 34.9443 2
      vertex 4.29346 35.0488 2
      vertex 3.54263 35.1927 2
    endloop
  endfacet
  facet normal 0 0 1
    outer loop
      vertex 4.29346 35.0488 2
      vertex 3.52539 34.9443 2
      vertex 4.28674 34.8744 2
    endloop
  endfacet
  facet normal 0 0 1
    outer loop
      vertex 3.51964 34.6988 2
      vertex 4.28674 34.8744 2
      vertex 3.52539 34.9443 2
    endloop
  endfacet
  facet normal 0 0 1
    outer loop
      vertex 4.28674 34.8744 2
      vertex 3.51964 34.6988 2
      vertex 4.28452 34.6988 2
    endloop
  endfacet
  facet normal 0 0 1
    outer loop
      vertex 10.5112 40.4316 2
      vertex 7.91942 39.8091 2
      vertex 10.5112 39.8091 2
    endloop
  endfacet
  facet normal -0 0 1
    outer loop
      vertex 7.25215 40.4316 2
      vertex 7.91942 39.8091 2
      vertex 10.5112 40.4316 2
    endloop
  endfacet
  facet normal 0 0 1
    outer loop
      vertex 7.25215 40.4316 2
      vertex 7.80956 37.9903 2
      vertex 7.91942 39.8091 2
    endloop
  endfacet
  facet normal 0 0 1
    outer loop
      vertex 7.06093 37.3475 2
      vertex 7.80956 37.9903 2
      vertex 7.25215 40.4316 2
    endloop
  endfacet
  facet normal 0 0 1
    outer loop
      vertex 7.80956 37.9903 2
      vertex 7.06093 37.3475 2
      vertex 7.77702 37.3475 2
    endloop
  endfacet
  facet normal 0 0 1
    outer loop
      vertex 10.8449 36.5663 2
      vertex 10.0799 36.6678 2
      vertex 10.084 36.5501 2
    endloop
  endfacet
  facet normal 0 0 1
    outer loop
      vertex 10.2265 37.9643 2
      vertex 10.0675 36.7803 2
      vertex 10.0799 36.6678 2
    endloop
  endfacet
  facet normal 0 0 1
    outer loop
      vertex 10.2265 37.9643 2
      vertex 10.0467 36.8878 2
      vertex 10.0675 36.7803 2
    endloop
  endfacet
  facet normal 0 0 1
    outer loop
      vertex 10.2265 37.9643 2
      vertex 10.0177 36.9901 2
      vertex 10.0467 36.8878 2
    endloop
  endfacet
  facet normal 0 0 1
    outer loop
      vertex 10.2265 37.9643 2
      vertex 9.98042 37.0873 2
      vertex 10.0177 36.9901 2
    endloop
  endfacet
  facet normal 0 0 1
    outer loop
      vertex 9.67085 37.4948 2
      vertex 10.1021 38.0562 2
      vertex 9.96919 38.1359 2
    endloop
  endfacet
  facet normal 0 0 1
    outer loop
      vertex 10.2265 37.9643 2
      vertex 9.93483 37.1793 2
      vertex 9.98042 37.0873 2
    endloop
  endfacet
  facet normal 0 0 1
    outer loop
      vertex 10.2265 37.9643 2
      vertex 9.88095 37.2663 2
      vertex 9.93483 37.1793 2
    endloop
  endfacet
  facet normal 0 0 1
    outer loop
      vertex 9.5876 37.5566 2
      vertex 9.96919 38.1359 2
      vertex 9.82782 38.2033 2
    endloop
  endfacet
  facet normal 0 0 1
    outer loop
      vertex 10.2265 37.9643 2
      vertex 9.81879 37.3481 2
      vertex 9.88095 37.2663 2
    endloop
  endfacet
  facet normal 0 0 1
    outer loop
      vertex 10.2265 37.9643 2
      vertex 9.74834 37.4248 2
      vertex 9.81879 37.3481 2
    endloop
  endfacet
  facet normal 0 0 1
    outer loop
      vertex 9.49857 37.6102 2
      vertex 9.82782 38.2033 2
      vertex 9.67795 38.2585 2
    endloop
  endfacet
  facet normal 0 0 1
    outer loop
      vertex 10.1021 38.0562 2
      vertex 9.67085 37.4948 2
      vertex 9.74834 37.4248 2
    endloop
  endfacet
  facet normal 0 0 1
    outer loop
      vertex 9.96919 38.1359 2
      vertex 9.5876 37.5566 2
      vertex 9.67085 37.4948 2
    endloop
  endfacet
  facet normal 0 0 1
    outer loop
      vertex 9.40376 37.6555 2
      vertex 9.67795 38.2585 2
      vertex 9.51959 38.3014 2
    endloop
  endfacet
  facet normal 0 0 1
    outer loop
      vertex 9.82782 38.2033 2
      vertex 9.49857 37.6102 2
      vertex 9.5876 37.5566 2
    endloop
  endfacet
  facet normal 0 0 1
    outer loop
      vertex 9.67795 38.2585 2
      vertex 9.40376 37.6555 2
      vertex 9.49857 37.6102 2
    endloop
  endfacet
  facet normal 0 0 1
    outer loop
      vertex 9.30318 37.6925 2
      vertex 9.51959 38.3014 2
      vertex 9.35275 38.332 2
    endloop
  endfacet
  facet normal 0 0 1
    outer loop
      vertex 9.51959 38.3014 2
      vertex 9.30318 37.6925 2
      vertex 9.40376 37.6555 2
    endloop
  endfacet
  facet normal 0 0 1
    outer loop
      vertex 9.35275 38.332 2
      vertex 9.19681 37.7214 2
      vertex 9.30318 37.6925 2
    endloop
  endfacet
  facet normal 0 0 1
    outer loop
      vertex 9.17741 38.3504 2
      vertex 9.19681 37.7214 2
      vertex 9.35275 38.332 2
    endloop
  endfacet
  facet normal 0 0 1
    outer loop
      vertex 9.17741 38.3504 2
      vertex 9.08467 37.742 2
      vertex 9.19681 37.7214 2
    endloop
  endfacet
  facet normal 0 0 1
    outer loop
      vertex 8.99359 38.3565 2
      vertex 9.08467 37.742 2
      vertex 9.17741 38.3504 2
    endloop
  endfacet
  facet normal 0 0 1
    outer loop
      vertex 8.99359 38.3565 2
      vertex 8.96675 37.7543 2
      vertex 9.08467 37.742 2
    endloop
  endfacet
  facet normal -0 0 1
    outer loop
      vertex 8.83913 38.352 2
      vertex 8.96675 37.7543 2
      vertex 8.99359 38.3565 2
    endloop
  endfacet
  facet normal 0 0 1
    outer loop
      vertex 8.96675 37.7543 2
      vertex 8.83913 38.352 2
      vertex 8.84305 37.7584 2
    endloop
  endfacet
  facet normal 0 0 1
    outer loop
      vertex 8.83913 38.352 2
      vertex 8.77756 37.7573 2
      vertex 8.84305 37.7584 2
    endloop
  endfacet
  facet normal -0 0 1
    outer loop
      vertex 8.6904 38.3384 2
      vertex 8.77756 37.7573 2
      vertex 8.83913 38.352 2
    endloop
  endfacet
  facet normal 0 0 1
    outer loop
      vertex 8.77756 37.7573 2
      vertex 8.6904 38.3384 2
      vertex 8.71306 37.7538 2
    endloop
  endfacet
  facet normal -0 0 1
    outer loop
      vertex 8.54739 38.3158 2
      vertex 8.71306 37.7538 2
      vertex 8.6904 38.3384 2
    endloop
  endfacet
  facet normal 0 0 1
    outer loop
      vertex 8.71306 37.7538 2
      vertex 8.54739 38.3158 2
      vertex 8.64957 37.748 2
    endloop
  endfacet
  facet normal 0 0 1
    outer loop
      vertex 8.64957 37.748 2
      vertex 8.54739 38.3158 2
      vertex 8.58708 37.74 2
    endloop
  endfacet
  facet normal -0 0 1
    outer loop
      vertex 8.41011 38.2842 2
      vertex 8.58708 37.74 2
      vertex 8.54739 38.3158 2
    endloop
  endfacet
  facet normal 0 0 1
    outer loop
      vertex 8.58708 37.74 2
      vertex 8.41011 38.2842 2
      vertex 8.52559 37.7296 2
    endloop
  endfacet
  facet normal 0 0 1
    outer loop
      vertex 8.52559 37.7296 2
      vertex 8.41011 38.2842 2
      vertex 8.4651 37.7168 2
    endloop
  endfacet
  facet normal -0 0 1
    outer loop
      vertex 8.27855 38.2435 2
      vertex 8.4651 37.7168 2
      vertex 8.41011 38.2842 2
    endloop
  endfacet
  facet normal 0 0 1
    outer loop
      vertex 8.4651 37.7168 2
      vertex 8.27855 38.2435 2
      vertex 8.40562 37.7018 2
    endloop
  endfacet
  facet normal -0 0 1
    outer loop
      vertex 8.15271 38.1938 2
      vertex 8.40562 37.7018 2
      vertex 8.27855 38.2435 2
    endloop
  endfacet
  facet normal 0 0 1
    outer loop
      vertex 8.40562 37.7018 2
      vertex 8.15271 38.1938 2
      vertex 8.34715 37.6845 2
    endloop
  endfacet
  facet normal 0 0 1
    outer loop
      vertex 8.34715 37.6845 2
      vertex 8.15271 38.1938 2
      vertex 8.28967 37.6648 2
    endloop
  endfacet
  facet normal -0 0 1
    outer loop
      vertex 8.03259 38.135 2
      vertex 8.28967 37.6648 2
      vertex 8.15271 38.1938 2
    endloop
  endfacet
  facet normal 0 0 1
    outer loop
      vertex 8.28967 37.6648 2
      vertex 8.03259 38.135 2
      vertex 8.23271 37.6424 2
    endloop
  endfacet
  facet normal -0 0 1
    outer loop
      vertex 7.91821 38.0672 2
      vertex 8.23271 37.6424 2
      vertex 8.03259 38.135 2
    endloop
  endfacet
  facet normal 0 0 1
    outer loop
      vertex 8.23271 37.6424 2
      vertex 7.91821 38.0672 2
      vertex 8.17575 37.6168 2
    endloop
  endfacet
  facet normal 0 0 1
    outer loop
      vertex 8.17575 37.6168 2
      vertex 7.91821 38.0672 2
      vertex 8.11879 37.588 2
    endloop
  endfacet
  facet normal -0 0 1
    outer loop
      vertex 7.80956 37.9903 2
      vertex 8.11879 37.588 2
      vertex 7.91821 38.0672 2
    endloop
  endfacet
  facet normal 0 0 1
    outer loop
      vertex 8.11879 37.588 2
      vertex 7.80956 37.9903 2
      vertex 8.06183 37.556 2
    endloop
  endfacet
  facet normal 0 0 1
    outer loop
      vertex 8.06183 37.556 2
      vertex 7.80956 37.9903 2
      vertex 8.00487 37.5207 2
    endloop
  endfacet
  facet normal 0 0 1
    outer loop
      vertex 8.00487 37.5207 2
      vertex 7.80956 37.9903 2
      vertex 7.94791 37.4822 2
    endloop
  endfacet
  facet normal 0 0 1
    outer loop
      vertex 7.94791 37.4822 2
      vertex 7.80956 37.9903 2
      vertex 7.89095 37.4406 2
    endloop
  endfacet
  facet normal 0 0 1
    outer loop
      vertex 7.89095 37.4406 2
      vertex 7.80956 37.9903 2
      vertex 7.83398 37.3956 2
    endloop
  endfacet
  facet normal 0 0 1
    outer loop
      vertex 7.83398 37.3956 2
      vertex 7.80956 37.9903 2
      vertex 7.77702 37.3475 2
    endloop
  endfacet
  facet normal -0 0 1
    outer loop
      vertex 10.0799 36.6678 2
      vertex 10.8449 36.5663 2
      vertex 10.8387 36.7398 2
    endloop
  endfacet
  facet normal 0 0 1
    outer loop
      vertex 10.0799 36.6678 2
      vertex 10.8387 36.7398 2
      vertex 10.8201 36.9059 2
    endloop
  endfacet
  facet normal 0 0 1
    outer loop
      vertex 10.8449 36.5663 2
      vertex 10.084 36.5501 2
      vertex 10.8382 36.3695 2
    endloop
  endfacet
  facet normal 0 0 1
    outer loop
      vertex 10.0799 36.6678 2
      vertex 10.8201 36.9059 2
      vertex 10.7891 37.0645 2
    endloop
  endfacet
  facet normal -0 0 1
    outer loop
      vertex 10.0799 36.415 2
      vertex 10.8382 36.3695 2
      vertex 10.084 36.5501 2
    endloop
  endfacet
  facet normal 0 0 1
    outer loop
      vertex 10.0799 36.6678 2
      vertex 10.7891 37.0645 2
      vertex 10.7456 37.2157 2
    endloop
  endfacet
  facet normal 0 0 1
    outer loop
      vertex 10.8382 36.3695 2
      vertex 10.0799 36.415 2
      vertex 10.8183 36.1821 2
    endloop
  endfacet
  facet normal 0 0 1
    outer loop
      vertex 10.0799 36.6678 2
      vertex 10.7456 37.2157 2
      vertex 10.6898 37.3595 2
    endloop
  endfacet
  facet normal -0 0 1
    outer loop
      vertex 10.0676 36.2865 2
      vertex 10.8183 36.1821 2
      vertex 10.0799 36.415 2
    endloop
  endfacet
  facet normal 0 0 1
    outer loop
      vertex 10.0799 36.6678 2
      vertex 10.6898 37.3595 2
      vertex 10.6216 37.4958 2
    endloop
  endfacet
  facet normal 0 0 1
    outer loop
      vertex 10.8183 36.1821 2
      vertex 10.0676 36.2865 2
      vertex 10.785 36.0044 2
    endloop
  endfacet
  facet normal 0 0 1
    outer loop
      vertex 10.0799 36.6678 2
      vertex 10.6216 37.4958 2
      vertex 10.5409 37.6247 2
    endloop
  endfacet
  facet normal -0 0 1
    outer loop
      vertex 10.047 36.1646 2
      vertex 10.785 36.0044 2
      vertex 10.0676 36.2865 2
    endloop
  endfacet
  facet normal 0 0 1
    outer loop
      vertex 10.0799 36.6678 2
      vertex 10.5409 37.6247 2
      vertex 10.4479 37.7461 2
    endloop
  endfacet
  facet normal 0 0 1
    outer loop
      vertex 10.785 36.0044 2
      vertex 10.047 36.1646 2
      vertex 10.7384 35.8362 2
    endloop
  endfacet
  facet normal 0 0 1
    outer loop
      vertex 10.0799 36.6678 2
      vertex 10.4479 37.7461 2
      vertex 10.3424 37.8601 2
    endloop
  endfacet
  facet normal -0 0 1
    outer loop
      vertex 10.0181 36.0493 2
      vertex 10.7384 35.8362 2
      vertex 10.047 36.1646 2
    endloop
  endfacet
  facet normal 0 0 1
    outer loop
      vertex 10.0799 36.6678 2
      vertex 10.3424 37.8601 2
      vertex 10.2265 37.9643 2
    endloop
  endfacet
  facet normal 0 0 1
    outer loop
      vertex 10.7384 35.8362 2
      vertex 10.0181 36.0493 2
      vertex 10.6785 35.6775 2
    endloop
  endfacet
  facet normal 0 0 1
    outer loop
      vertex 9.74834 37.4248 2
      vertex 10.2265 37.9643 2
      vertex 10.1021 38.0562 2
    endloop
  endfacet
  facet normal -0 0 1
    outer loop
      vertex 9.98105 35.9406 2
      vertex 10.6785 35.6775 2
      vertex 10.0181 36.0493 2
    endloop
  endfacet
  facet normal 0 0 1
    outer loop
      vertex 10.6785 35.6775 2
      vertex 9.98105 35.9406 2
      vertex 10.6053 35.5284 2
    endloop
  endfacet
  facet normal -0 0 1
    outer loop
      vertex 9.93573 35.8384 2
      vertex 10.6053 35.5284 2
      vertex 9.98105 35.9406 2
    endloop
  endfacet
  facet normal 0 0 1
    outer loop
      vertex 10.6053 35.5284 2
      vertex 9.93573 35.8384 2
      vertex 10.5187 35.3887 2
    endloop
  endfacet
  facet normal -0 0 1
    outer loop
      vertex 9.88219 35.7429 2
      vertex 10.5187 35.3887 2
      vertex 9.93573 35.8384 2
    endloop
  endfacet
  facet normal 0 0 1
    outer loop
      vertex 10.5187 35.3887 2
      vertex 9.88219 35.7429 2
      vertex 10.4189 35.2587 2
    endloop
  endfacet
  facet normal -0 0 1
    outer loop
      vertex 9.8204 35.6539 2
      vertex 10.4189 35.2587 2
      vertex 9.88219 35.7429 2
    endloop
  endfacet
  facet normal 0 0 1
    outer loop
      vertex 10.4189 35.2587 2
      vertex 9.8204 35.6539 2
      vertex 10.3057 35.1382 2
    endloop
  endfacet
  facet normal -0 0 1
    outer loop
      vertex 9.75037 35.5715 2
      vertex 10.3057 35.1382 2
      vertex 9.8204 35.6539 2
    endloop
  endfacet
  facet normal 0 0 1
    outer loop
      vertex 10.3057 35.1382 2
      vertex 9.75037 35.5715 2
      vertex 10.1808 35.0289 2
    endloop
  endfacet
  facet normal -0 0 1
    outer loop
      vertex 9.67307 35.4967 2
      vertex 10.1808 35.0289 2
      vertex 9.75037 35.5715 2
    endloop
  endfacet
  facet normal 0 0 1
    outer loop
      vertex 10.1808 35.0289 2
      vertex 9.67307 35.4967 2
      vertex 10.0455 34.9324 2
    endloop
  endfacet
  facet normal -0 0 1
    outer loop
      vertex 9.58942 35.4308 2
      vertex 10.0455 34.9324 2
      vertex 9.67307 35.4967 2
    endloop
  endfacet
  facet normal 0 0 1
    outer loop
      vertex 10.0455 34.9324 2
      vertex 9.58942 35.4308 2
      vertex 9.89999 34.8489 2
    endloop
  endfacet
  facet normal -0 0 1
    outer loop
      vertex 9.49945 35.3737 2
      vertex 9.89999 34.8489 2
      vertex 9.58942 35.4308 2
    endloop
  endfacet
  facet normal 0 0 1
    outer loop
      vertex 9.89999 34.8489 2
      vertex 9.49945 35.3737 2
      vertex 9.74416 34.7781 2
    endloop
  endfacet
  facet normal -0 0 1
    outer loop
      vertex 9.40317 35.3253 2
      vertex 9.74416 34.7781 2
      vertex 9.49945 35.3737 2
    endloop
  endfacet
  facet normal 0 0 1
    outer loop
      vertex 9.74416 34.7781 2
      vertex 9.40317 35.3253 2
      vertex 9.578 34.7203 2
    endloop
  endfacet
  facet normal -0 0 1
    outer loop
      vertex 9.30055 35.2858 2
      vertex 9.578 34.7203 2
      vertex 9.40317 35.3253 2
    endloop
  endfacet
  facet normal 0 0 1
    outer loop
      vertex 9.578 34.7203 2
      vertex 9.30055 35.2858 2
      vertex 9.40157 34.6753 2
    endloop
  endfacet
  facet normal -0 0 1
    outer loop
      vertex 9.1916 35.255 2
      vertex 9.40157 34.6753 2
      vertex 9.30055 35.2858 2
    endloop
  endfacet
  facet normal 0 0 1
    outer loop
      vertex 9.40157 34.6753 2
      vertex 9.1916 35.255 2
      vertex 9.21483 34.6431 2
    endloop
  endfacet
  facet normal -0 0 1
    outer loop
      vertex 9.07632 35.2331 2
      vertex 9.21483 34.6431 2
      vertex 9.1916 35.255 2
    endloop
  endfacet
  facet normal 0 0 1
    outer loop
      vertex 9.07632 35.2331 2
      vertex 9.01781 34.6238 2
      vertex 9.21483 34.6431 2
    endloop
  endfacet
  facet normal -0 0 1
    outer loop
      vertex 8.95473 35.2199 2
      vertex 9.01781 34.6238 2
      vertex 9.07632 35.2331 2
    endloop
  endfacet
  facet normal 0 0 1
    outer loop
      vertex 8.81047 34.6174 2
      vertex 8.95473 35.2199 2
      vertex 8.8268 35.2155 2
    endloop
  endfacet
  facet normal 0 0 1
    outer loop
      vertex 8.95473 35.2199 2
      vertex 8.81047 34.6174 2
      vertex 9.01781 34.6238 2
    endloop
  endfacet
  facet normal 0 0 1
    outer loop
      vertex 8.8268 35.2155 2
      vertex 8.63617 34.6217 2
      vertex 8.81047 34.6174 2
    endloop
  endfacet
  facet normal 0 0 1
    outer loop
      vertex 8.62239 35.226 2
      vertex 8.63617 34.6217 2
      vertex 8.8268 35.2155 2
    endloop
  endfacet
  facet normal 0 0 1
    outer loop
      vertex 8.62239 35.226 2
      vertex 8.4695 34.6347 2
      vertex 8.63617 34.6217 2
    endloop
  endfacet
  facet normal 0 0 1
    outer loop
      vertex 8.43599 35.2575 2
      vertex 8.4695 34.6347 2
      vertex 8.62239 35.226 2
    endloop
  endfacet
  facet normal 0 0 1
    outer loop
      vertex 8.43599 35.2575 2
      vertex 8.31047 34.6563 2
      vertex 8.4695 34.6347 2
    endloop
  endfacet
  facet normal 0 0 1
    outer loop
      vertex 8.15907 34.6865 2
      vertex 8.43599 35.2575 2
      vertex 8.26756 35.31 2
    endloop
  endfacet
  facet normal 0 0 1
    outer loop
      vertex 8.43599 35.2575 2
      vertex 8.15907 34.6865 2
      vertex 8.31047 34.6563 2
    endloop
  endfacet
  facet normal 0 0 1
    outer loop
      vertex 7.8792 34.7729 2
      vertex 8.26756 35.31 2
      vertex 8.11711 35.3835 2
    endloop
  endfacet
  facet normal 0 0 1
    outer loop
      vertex 8.26756 35.31 2
      vertex 8.01532 34.7254 2
      vertex 8.15907 34.6865 2
    endloop
  endfacet
  facet normal 0 0 1
    outer loop
      vertex 7.7507 34.8291 2
      vertex 8.11711 35.3835 2
      vertex 7.98465 35.4779 2
    endloop
  endfacet
  facet normal 0 0 1
    outer loop
      vertex 8.26756 35.31 2
      vertex 7.8792 34.7729 2
      vertex 8.01532 34.7254 2
    endloop
  endfacet
  facet normal 0 0 1
    outer loop
      vertex 7.51663 34.9673 2
      vertex 7.98465 35.4779 2
      vertex 7.87018 35.5934 2
    endloop
  endfacet
  facet normal 0 0 1
    outer loop
      vertex 7.22867 35.2354 2
      vertex 7.87018 35.5934 2
      vertex 7.77368 35.7299 2
    endloop
  endfacet
  facet normal 0 0 1
    outer loop
      vertex 8.11711 35.3835 2
      vertex 7.7507 34.8291 2
      vertex 7.8792 34.7729 2
    endloop
  endfacet
  facet normal 0 0 1
    outer loop
      vertex 7.08139 35.4528 2
      vertex 7.77368 35.7299 2
      vertex 7.69518 35.8874 2
    endloop
  endfacet
  facet normal 0 0 1
    outer loop
      vertex 6.96988 35.7011 2
      vertex 7.69518 35.8874 2
      vertex 7.63464 36.0659 2
    endloop
  endfacet
  facet normal 0 0 1
    outer loop
      vertex 7.98465 35.4779 2
      vertex 7.62985 34.8939 2
      vertex 7.7507 34.8291 2
    endloop
  endfacet
  facet normal 0 0 1
    outer loop
      vertex 7.98465 35.4779 2
      vertex 7.51663 34.9673 2
      vertex 7.62985 34.8939 2
    endloop
  endfacet
  facet normal 0 0 1
    outer loop
      vertex 7.87018 35.5934 2
      vertex 7.4117 35.049 2
      vertex 7.51663 34.9673 2
    endloop
  endfacet
  facet normal 0 0 1
    outer loop
      vertex 7.87018 35.5934 2
      vertex 7.31572 35.1383 2
      vertex 7.4117 35.049 2
    endloop
  endfacet
  facet normal 0 0 1
    outer loop
      vertex 7.87018 35.5934 2
      vertex 7.22867 35.2354 2
      vertex 7.31572 35.1383 2
    endloop
  endfacet
  facet normal 0 0 1
    outer loop
      vertex 7.77368 35.7299 2
      vertex 7.15056 35.3402 2
      vertex 7.22867 35.2354 2
    endloop
  endfacet
  facet normal 0 0 1
    outer loop
      vertex 7.77368 35.7299 2
      vertex 7.08139 35.4528 2
      vertex 7.15056 35.3402 2
    endloop
  endfacet
  facet normal 0 0 1
    outer loop
      vertex 7.69518 35.8874 2
      vertex 7.02116 35.5731 2
      vertex 7.08139 35.4528 2
    endloop
  endfacet
  facet normal 0 0 1
    outer loop
      vertex 7.69518 35.8874 2
      vertex 6.96988 35.7011 2
      vertex 7.02116 35.5731 2
    endloop
  endfacet
  facet normal 0 0 1
    outer loop
      vertex 7.63464 36.0659 2
      vertex 6.92754 35.8369 2
      vertex 6.96988 35.7011 2
    endloop
  endfacet
  facet normal 0 -0 1
    outer loop
      vertex 6.92754 35.8369 2
      vertex 7.63464 36.0659 2
      vertex 6.89413 35.9804 2
    endloop
  endfacet
  facet normal -0 0 1
    outer loop
      vertex 1.13095 39.1011 2
      vertex 0.455536 36.9691 2
      vertex 1.94875 39.1011 2
    endloop
  endfacet
  facet normal 0 -0 1
    outer loop
      vertex 0.455536 36.9691 2
      vertex 1.13095 39.1011 2
      vertex 0.0405121 37.3882 2
    endloop
  endfacet
  facet normal 0 0 1
    outer loop
      vertex 0.455536 36.9691 2
      vertex 1.22455 34.6988 2
      vertex 2.04236 34.6988 2
    endloop
  endfacet
  facet normal 0 0 1
    outer loop
      vertex -0.374435 36.961 2
      vertex 0.455536 36.9691 2
      vertex 0.0405121 37.3882 2
    endloop
  endfacet
  facet normal 0 0 1
    outer loop
      vertex 0.455536 36.9691 2
      vertex 0.0405121 36.5053 2
      vertex 1.22455 34.6988 2
    endloop
  endfacet
  facet normal 0 0 1
    outer loop
      vertex 0.455536 36.9691 2
      vertex -0.374435 36.961 2
      vertex 0.0405121 36.5053 2
    endloop
  endfacet
  facet normal 0 0 1
    outer loop
      vertex -1.05801 39.1011 2
      vertex -0.374435 36.961 2
      vertex 0.0405121 37.3882 2
    endloop
  endfacet
  facet normal 0 0 1
    outer loop
      vertex -0.374435 36.961 2
      vertex -1.05801 39.1011 2
      vertex -1.86771 39.1011 2
    endloop
  endfacet
  facet normal 0 0 1
    outer loop
      vertex -0.374435 36.961 2
      vertex -1.15161 34.6988 2
      vertex 0.0405121 36.5053 2
    endloop
  endfacet
  facet normal 0 -0 1
    outer loop
      vertex -1.15161 34.6988 2
      vertex -0.374435 36.961 2
      vertex -1.94092 34.6988 2
    endloop
  endfacet
  facet normal -0.0835695 0.996502 0
    outer loop
      vertex -8.36855 34.6389 2
      vertex -8.56053 34.6228 3
      vertex -8.36855 34.6389 3
    endloop
  endfacet
  facet normal -0.0835695 0.996502 0
    outer loop
      vertex -8.56053 34.6228 3
      vertex -8.36855 34.6389 2
      vertex -8.56053 34.6228 2
    endloop
  endfacet
  facet normal -0.146734 0.989176 0
    outer loop
      vertex -8.18721 34.6658 2
      vertex -8.36855 34.6389 3
      vertex -8.18721 34.6658 3
    endloop
  endfacet
  facet normal -0.146734 0.989176 0
    outer loop
      vertex -8.36855 34.6389 3
      vertex -8.18721 34.6658 2
      vertex -8.36855 34.6389 2
    endloop
  endfacet
  facet normal -0.215137 0.976584 0
    outer loop
      vertex -8.01653 34.7034 2
      vertex -8.18721 34.6658 3
      vertex -8.01653 34.7034 3
    endloop
  endfacet
  facet normal -0.215137 0.976584 0
    outer loop
      vertex -8.18721 34.6658 3
      vertex -8.01653 34.7034 2
      vertex -8.18721 34.6658 2
    endloop
  endfacet
  facet normal -0.289476 0.957185 0
    outer loop
      vertex -7.85649 34.7518 2
      vertex -8.01653 34.7034 3
      vertex -7.85649 34.7518 3
    endloop
  endfacet
  facet normal -0.289476 0.957185 0
    outer loop
      vertex -8.01653 34.7034 3
      vertex -7.85649 34.7518 2
      vertex -8.01653 34.7034 2
    endloop
  endfacet
  facet normal -0.367889 0.92987 0
    outer loop
      vertex -7.70711 34.8109 2
      vertex -7.85649 34.7518 3
      vertex -7.70711 34.8109 3
    endloop
  endfacet
  facet normal -0.367889 0.92987 0
    outer loop
      vertex -7.85649 34.7518 3
      vertex -7.70711 34.8109 2
      vertex -7.85649 34.7518 2
    endloop
  endfacet
  facet normal -0.449941 0.893058 0
    outer loop
      vertex -7.56837 34.8808 2
      vertex -7.70711 34.8109 3
      vertex -7.56837 34.8808 3
    endloop
  endfacet
  facet normal -0.449941 0.893058 0
    outer loop
      vertex -7.70711 34.8109 3
      vertex -7.56837 34.8808 2
      vertex -7.70711 34.8109 2
    endloop
  endfacet
  facet normal -0.53261 0.846361 0
    outer loop
      vertex -7.44029 34.9614 2
      vertex -7.56837 34.8808 3
      vertex -7.44029 34.9614 3
    endloop
  endfacet
  facet normal -0.53261 0.846361 0
    outer loop
      vertex -7.56837 34.8808 3
      vertex -7.44029 34.9614 2
      vertex -7.56837 34.8808 2
    endloop
  endfacet
  facet normal -0.614215 0.789139 0
    outer loop
      vertex -7.32286 35.0528 2
      vertex -7.44029 34.9614 3
      vertex -7.32286 35.0528 3
    endloop
  endfacet
  facet normal -0.614215 0.789139 0
    outer loop
      vertex -7.44029 34.9614 3
      vertex -7.32286 35.0528 2
      vertex -7.44029 34.9614 2
    endloop
  endfacet
  facet normal -0.690593 0.723244 0
    outer loop
      vertex -7.21698 35.1539 2
      vertex -7.32286 35.0528 3
      vertex -7.21698 35.1539 3
    endloop
  endfacet
  facet normal -0.690593 0.723244 0
    outer loop
      vertex -7.32286 35.0528 3
      vertex -7.21698 35.1539 2
      vertex -7.32286 35.0528 2
    endloop
  endfacet
  facet normal -0.762179 0.647367 0
    outer loop
      vertex -7.21698 35.1539 2
      vertex -7.12355 35.2639 3
      vertex -7.12355 35.2639 2
    endloop
  endfacet
  facet normal -0.762179 0.647367 0
    outer loop
      vertex -7.12355 35.2639 3
      vertex -7.21698 35.1539 2
      vertex -7.21698 35.1539 3
    endloop
  endfacet
  facet normal -0.826513 0.562918 0
    outer loop
      vertex -7.12355 35.2639 2
      vertex -7.04257 35.3828 3
      vertex -7.04257 35.3828 2
    endloop
  endfacet
  facet normal -0.826513 0.562918 0
    outer loop
      vertex -7.04257 35.3828 3
      vertex -7.12355 35.2639 2
      vertex -7.12355 35.2639 3
    endloop
  endfacet
  facet normal -0.881137 0.472861 0
    outer loop
      vertex -7.04257 35.3828 2
      vertex -6.97404 35.5105 3
      vertex -6.97404 35.5105 2
    endloop
  endfacet
  facet normal -0.881137 0.472861 0
    outer loop
      vertex -6.97404 35.5105 3
      vertex -7.04257 35.3828 2
      vertex -7.04257 35.3828 3
    endloop
  endfacet
  facet normal -0.925026 0.379904 0
    outer loop
      vertex -6.97404 35.5105 2
      vertex -6.91798 35.647 3
      vertex -6.91798 35.647 2
    endloop
  endfacet
  facet normal -0.925026 0.379904 0
    outer loop
      vertex -6.91798 35.647 3
      vertex -6.97404 35.5105 2
      vertex -6.97404 35.5105 3
    endloop
  endfacet
  facet normal -0.957881 0.287167 0
    outer loop
      vertex -6.91798 35.647 2
      vertex -6.87439 35.7924 3
      vertex -6.87439 35.7924 2
    endloop
  endfacet
  facet normal -0.957881 0.287167 0
    outer loop
      vertex -6.87439 35.7924 3
      vertex -6.91798 35.647 2
      vertex -6.91798 35.647 3
    endloop
  endfacet
  facet normal -0.980212 0.197949 0
    outer loop
      vertex -6.87439 35.7924 2
      vertex -6.84325 35.9466 3
      vertex -6.84325 35.9466 2
    endloop
  endfacet
  facet normal -0.980212 0.197949 0
    outer loop
      vertex -6.84325 35.9466 3
      vertex -6.87439 35.7924 2
      vertex -6.87439 35.7924 3
    endloop
  endfacet
  facet normal -0.993483 0.113976 0
    outer loop
      vertex -6.84325 35.9466 2
      vertex -6.82455 36.1096 3
      vertex -6.82455 36.1096 2
    endloop
  endfacet
  facet normal -0.993483 0.113976 0
    outer loop
      vertex -6.82455 36.1096 3
      vertex -6.84325 35.9466 2
      vertex -6.84325 35.9466 3
    endloop
  endfacet
  facet normal -0.999346 0.0361602 0
    outer loop
      vertex -6.82455 36.1096 2
      vertex -6.81833 36.2815 3
      vertex -6.81833 36.2815 2
    endloop
  endfacet
  facet normal -0.999346 0.0361602 0
    outer loop
      vertex -6.81833 36.2815 3
      vertex -6.82455 36.1096 2
      vertex -6.82455 36.1096 3
    endloop
  endfacet
  facet normal -0.99932 -0.0368697 0
    outer loop
      vertex -6.81833 36.2815 2
      vertex -6.82275 36.4013 3
      vertex -6.82275 36.4013 2
    endloop
  endfacet
  facet normal -0.99932 -0.0368697 0
    outer loop
      vertex -6.82275 36.4013 3
      vertex -6.81833 36.2815 2
      vertex -6.81833 36.2815 3
    endloop
  endfacet
  facet normal -0.993429 -0.114447 0
    outer loop
      vertex -6.82275 36.4013 2
      vertex -6.83601 36.5164 3
      vertex -6.83601 36.5164 2
    endloop
  endfacet
  facet normal -0.993429 -0.114447 0
    outer loop
      vertex -6.83601 36.5164 3
      vertex -6.82275 36.4013 2
      vertex -6.82275 36.4013 3
    endloop
  endfacet
  facet normal -0.980581 -0.196116 0
    outer loop
      vertex -6.83601 36.5164 2
      vertex -6.85811 36.6269 3
      vertex -6.85811 36.6269 2
    endloop
  endfacet
  facet normal -0.980581 -0.196116 0
    outer loop
      vertex -6.85811 36.6269 3
      vertex -6.83601 36.5164 2
      vertex -6.83601 36.5164 3
    endloop
  endfacet
  facet normal -0.959872 -0.280439 0
    outer loop
      vertex -6.85811 36.6269 2
      vertex -6.88905 36.7328 3
      vertex -6.88905 36.7328 2
    endloop
  endfacet
  facet normal -0.959872 -0.280439 0
    outer loop
      vertex -6.88905 36.7328 3
      vertex -6.85811 36.6269 2
      vertex -6.85811 36.6269 3
    endloop
  endfacet
  facet normal -0.93074 -0.365681 0
    outer loop
      vertex -6.88905 36.7328 2
      vertex -6.92885 36.8341 3
      vertex -6.92885 36.8341 2
    endloop
  endfacet
  facet normal -0.93074 -0.365681 0
    outer loop
      vertex -6.92885 36.8341 3
      vertex -6.88905 36.7328 2
      vertex -6.88905 36.7328 3
    endloop
  endfacet
  facet normal -0.893203 -0.449653 0
    outer loop
      vertex -6.92885 36.8341 2
      vertex -6.97748 36.9307 3
      vertex -6.97748 36.9307 2
    endloop
  endfacet
  facet normal -0.893203 -0.449653 0
    outer loop
      vertex -6.97748 36.9307 3
      vertex -6.92885 36.8341 2
      vertex -6.92885 36.8341 3
    endloop
  endfacet
  facet normal -0.848164 -0.529734 0
    outer loop
      vertex -6.97748 36.9307 2
      vertex -7.03494 37.0227 3
      vertex -7.03494 37.0227 2
    endloop
  endfacet
  facet normal -0.848164 -0.529734 0
    outer loop
      vertex -7.03494 37.0227 3
      vertex -6.97748 36.9307 2
      vertex -6.97748 36.9307 3
    endloop
  endfacet
  facet normal -0.796619 -0.604482 0
    outer loop
      vertex -7.03494 37.0227 2
      vertex -7.10126 37.1101 3
      vertex -7.10126 37.1101 2
    endloop
  endfacet
  facet normal -0.796619 -0.604482 0
    outer loop
      vertex -7.10126 37.1101 3
      vertex -7.03494 37.0227 2
      vertex -7.03494 37.0227 3
    endloop
  endfacet
  facet normal -0.740486 -0.672072 0
    outer loop
      vertex -7.10126 37.1101 2
      vertex -7.17641 37.1929 3
      vertex -7.17641 37.1929 2
    endloop
  endfacet
  facet normal -0.740486 -0.672072 0
    outer loop
      vertex -7.17641 37.1929 3
      vertex -7.10126 37.1101 2
      vertex -7.10126 37.1101 3
    endloop
  endfacet
  facet normal -0.678809 -0.734315 0
    outer loop
      vertex -7.25949 37.2697 2
      vertex -7.17641 37.1929 3
      vertex -7.25949 37.2697 3
    endloop
  endfacet
  facet normal -0.678809 -0.734315 -0
    outer loop
      vertex -7.17641 37.1929 3
      vertex -7.25949 37.2697 2
      vertex -7.17641 37.1929 2
    endloop
  endfacet
  facet normal -0.611872 -0.790957 0
    outer loop
      vertex -7.34959 37.3394 2
      vertex -7.25949 37.2697 3
      vertex -7.34959 37.3394 3
    endloop
  endfacet
  facet normal -0.611872 -0.790957 -0
    outer loop
      vertex -7.25949 37.2697 3
      vertex -7.34959 37.3394 2
      vertex -7.25949 37.2697 2
    endloop
  endfacet
  facet normal -0.539855 -0.841758 0
    outer loop
      vertex -7.44673 37.4017 2
      vertex -7.34959 37.3394 3
      vertex -7.44673 37.4017 3
    endloop
  endfacet
  facet normal -0.539855 -0.841758 -0
    outer loop
      vertex -7.34959 37.3394 3
      vertex -7.44673 37.4017 2
      vertex -7.34959 37.3394 2
    endloop
  endfacet
  facet normal -0.468227 -0.883608 0
    outer loop
      vertex -7.5509 37.4569 2
      vertex -7.44673 37.4017 3
      vertex -7.5509 37.4569 3
    endloop
  endfacet
  facet normal -0.468227 -0.883608 -0
    outer loop
      vertex -7.44673 37.4017 3
      vertex -7.5509 37.4569 2
      vertex -7.44673 37.4017 2
    endloop
  endfacet
  facet normal -0.395583 -0.91843 0
    outer loop
      vertex -7.66211 37.5048 2
      vertex -7.5509 37.4569 3
      vertex -7.66211 37.5048 3
    endloop
  endfacet
  facet normal -0.395583 -0.91843 -0
    outer loop
      vertex -7.5509 37.4569 3
      vertex -7.66211 37.5048 2
      vertex -7.5509 37.4569 2
    endloop
  endfacet
  facet normal -0.325473 -0.945551 0
    outer loop
      vertex -7.78035 37.5455 2
      vertex -7.66211 37.5048 3
      vertex -7.78035 37.5455 3
    endloop
  endfacet
  facet normal -0.325473 -0.945551 -0
    outer loop
      vertex -7.66211 37.5048 3
      vertex -7.78035 37.5455 2
      vertex -7.66211 37.5048 2
    endloop
  endfacet
  facet normal -0.257624 -0.966245 0
    outer loop
      vertex -7.90562 37.5789 2
      vertex -7.78035 37.5455 3
      vertex -7.90562 37.5789 3
    endloop
  endfacet
  facet normal -0.257624 -0.966245 -0
    outer loop
      vertex -7.78035 37.5455 3
      vertex -7.90562 37.5789 2
      vertex -7.78035 37.5455 2
    endloop
  endfacet
  facet normal -0.194961 -0.980811 0
    outer loop
      vertex -8.03793 37.6052 2
      vertex -7.90562 37.5789 3
      vertex -8.03793 37.6052 3
    endloop
  endfacet
  facet normal -0.194961 -0.980811 -0
    outer loop
      vertex -7.90562 37.5789 3
      vertex -8.03793 37.6052 2
      vertex -7.90562 37.5789 2
    endloop
  endfacet
  facet normal -0.135116 -0.99083 0
    outer loop
      vertex -8.17726 37.6242 2
      vertex -8.03793 37.6052 3
      vertex -8.17726 37.6242 3
    endloop
  endfacet
  facet normal -0.135116 -0.99083 -0
    outer loop
      vertex -8.03793 37.6052 3
      vertex -8.17726 37.6242 2
      vertex -8.03793 37.6052 2
    endloop
  endfacet
  facet normal -1 0 0
    outer loop
      vertex -8.17726 37.6242 2
      vertex -8.17726 37.6404 3
      vertex -8.17726 37.6404 2
    endloop
  endfacet
  facet normal -1 -0 0
    outer loop
      vertex -8.17726 37.6404 3
      vertex -8.17726 37.6242 2
      vertex -8.17726 37.6242 3
    endloop
  endfacet
  facet normal -0.229596 0.973286 0
    outer loop
      vertex -8.05051 37.6703 2
      vertex -8.17726 37.6404 3
      vertex -8.05051 37.6703 3
    endloop
  endfacet
  facet normal -0.229596 0.973286 0
    outer loop
      vertex -8.17726 37.6404 3
      vertex -8.05051 37.6703 2
      vertex -8.17726 37.6404 2
    endloop
  endfacet
  facet normal -0.28247 0.959276 0
    outer loop
      vertex -7.93063 37.7056 2
      vertex -8.05051 37.6703 3
      vertex -7.93063 37.7056 3
    endloop
  endfacet
  facet normal -0.28247 0.959276 0
    outer loop
      vertex -8.05051 37.6703 3
      vertex -7.93063 37.7056 2
      vertex -8.05051 37.6703 2
    endloop
  endfacet
  facet normal -0.340366 0.940293 0
    outer loop
      vertex -7.81764 37.7465 2
      vertex -7.93063 37.7056 3
      vertex -7.81764 37.7465 3
    endloop
  endfacet
  facet normal -0.340366 0.940293 0
    outer loop
      vertex -7.93063 37.7056 3
      vertex -7.81764 37.7465 2
      vertex -7.93063 37.7056 2
    endloop
  endfacet
  facet normal -0.399894 0.916561 0
    outer loop
      vertex -7.71152 37.7928 2
      vertex -7.81764 37.7465 3
      vertex -7.71152 37.7928 3
    endloop
  endfacet
  facet normal -0.399894 0.916561 0
    outer loop
      vertex -7.81764 37.7465 3
      vertex -7.71152 37.7928 2
      vertex -7.81764 37.7465 2
    endloop
  endfacet
  facet normal -0.462059 0.886849 0
    outer loop
      vertex -7.61229 37.8445 2
      vertex -7.71152 37.7928 3
      vertex -7.61229 37.8445 3
    endloop
  endfacet
  facet normal -0.462059 0.886849 0
    outer loop
      vertex -7.71152 37.7928 3
      vertex -7.61229 37.8445 2
      vertex -7.71152 37.7928 2
    endloop
  endfacet
  facet normal -0.526519 0.850163 0
    outer loop
      vertex -7.51993 37.9017 2
      vertex -7.61229 37.8445 3
      vertex -7.51993 37.9017 3
    endloop
  endfacet
  facet normal -0.526519 0.850163 0
    outer loop
      vertex -7.61229 37.8445 3
      vertex -7.51993 37.9017 2
      vertex -7.61229 37.8445 2
    endloop
  endfacet
  facet normal -0.592111 0.805856 0
    outer loop
      vertex -7.43446 37.9645 2
      vertex -7.51993 37.9017 3
      vertex -7.43446 37.9645 3
    endloop
  endfacet
  facet normal -0.592111 0.805856 0
    outer loop
      vertex -7.51993 37.9017 3
      vertex -7.43446 37.9645 2
      vertex -7.51993 37.9017 2
    endloop
  endfacet
  facet normal -0.655465 0.755226 0
    outer loop
      vertex -7.35588 38.0327 2
      vertex -7.43446 37.9645 3
      vertex -7.35588 38.0327 3
    endloop
  endfacet
  facet normal -0.655465 0.755226 0
    outer loop
      vertex -7.43446 37.9645 3
      vertex -7.35588 38.0327 2
      vertex -7.43446 37.9645 2
    endloop
  endfacet
  facet normal -0.716195 0.697901 0
    outer loop
      vertex -7.35588 38.0327 2
      vertex -7.28416 38.1063 3
      vertex -7.28416 38.1063 2
    endloop
  endfacet
  facet normal -0.716195 0.697901 0
    outer loop
      vertex -7.28416 38.1063 3
      vertex -7.35588 38.0327 2
      vertex -7.35588 38.0327 3
    endloop
  endfacet
  facet normal -0.774804 0.632201 0
    outer loop
      vertex -7.28416 38.1063 2
      vertex -7.2197 38.1853 3
      vertex -7.2197 38.1853 2
    endloop
  endfacet
  facet normal -0.774804 0.632201 0
    outer loop
      vertex -7.2197 38.1853 3
      vertex -7.28416 38.1063 2
      vertex -7.28416 38.1063 3
    endloop
  endfacet
  facet normal -0.827979 0.560759 0
    outer loop
      vertex -7.2197 38.1853 2
      vertex -7.16281 38.2693 3
      vertex -7.16281 38.2693 2
    endloop
  endfacet
  facet normal -0.827979 0.560759 0
    outer loop
      vertex -7.16281 38.2693 3
      vertex -7.2197 38.1853 2
      vertex -7.2197 38.1853 3
    endloop
  endfacet
  facet normal -0.874907 0.484292 0
    outer loop
      vertex -7.16281 38.2693 2
      vertex -7.11349 38.3584 3
      vertex -7.11349 38.3584 2
    endloop
  endfacet
  facet normal -0.874907 0.484292 0
    outer loop
      vertex -7.11349 38.3584 3
      vertex -7.16281 38.2693 2
      vertex -7.16281 38.2693 3
    endloop
  endfacet
  facet normal -0.914216 0.405228 0
    outer loop
      vertex -7.11349 38.3584 2
      vertex -7.07178 38.4525 3
      vertex -7.07178 38.4525 2
    endloop
  endfacet
  facet normal -0.914216 0.405228 0
    outer loop
      vertex -7.07178 38.4525 3
      vertex -7.11349 38.3584 2
      vertex -7.11349 38.3584 3
    endloop
  endfacet
  facet normal -0.945569 0.325421 0
    outer loop
      vertex -7.07178 38.4525 2
      vertex -7.03764 38.5517 3
      vertex -7.03764 38.5517 2
    endloop
  endfacet
  facet normal -0.945569 0.325421 0
    outer loop
      vertex -7.03764 38.5517 3
      vertex -7.07178 38.4525 2
      vertex -7.07178 38.4525 3
    endloop
  endfacet
  facet normal -0.969196 0.246291 0
    outer loop
      vertex -7.03764 38.5517 2
      vertex -7.01111 38.6561 3
      vertex -7.01111 38.6561 2
    endloop
  endfacet
  facet normal -0.969196 0.246291 0
    outer loop
      vertex -7.01111 38.6561 3
      vertex -7.03764 38.5517 2
      vertex -7.03764 38.5517 3
    endloop
  endfacet
  facet normal -0.985271 0.171003 0
    outer loop
      vertex -7.01111 38.6561 2
      vertex -6.99214 38.7654 3
      vertex -6.99214 38.7654 2
    endloop
  endfacet
  facet normal -0.985271 0.171003 0
    outer loop
      vertex -6.99214 38.7654 3
      vertex -7.01111 38.6561 2
      vertex -7.01111 38.6561 3
    endloop
  endfacet
  facet normal -0.995097 0.0989014 0
    outer loop
      vertex -6.99214 38.7654 2
      vertex -6.98076 38.8799 3
      vertex -6.98076 38.8799 2
    endloop
  endfacet
  facet normal -0.995097 0.0989014 0
    outer loop
      vertex -6.98076 38.8799 3
      vertex -6.99214 38.7654 2
      vertex -6.99214 38.7654 3
    endloop
  endfacet
  facet normal -0.999497 0.0316995 0
    outer loop
      vertex -6.98076 38.8799 2
      vertex -6.97697 38.9994 3
      vertex -6.97697 38.9994 2
    endloop
  endfacet
  facet normal -0.999497 0.0316995 0
    outer loop
      vertex -6.97697 38.9994 3
      vertex -6.98076 38.8799 2
      vertex -6.98076 38.8799 3
    endloop
  endfacet
  facet normal -0.999282 -0.0378993 0
    outer loop
      vertex -6.97697 38.9994 2
      vertex -6.98286 39.1547 3
      vertex -6.98286 39.1547 2
    endloop
  endfacet
  facet normal -0.999282 -0.0378993 0
    outer loop
      vertex -6.98286 39.1547 3
      vertex -6.97697 38.9994 2
      vertex -6.97697 38.9994 3
    endloop
  endfacet
  facet normal -0.992851 -0.119358 0
    outer loop
      vertex -6.98286 39.1547 2
      vertex -7.00058 39.3021 3
      vertex -7.00058 39.3021 2
    endloop
  endfacet
  facet normal -0.992851 -0.119358 0
    outer loop
      vertex -7.00058 39.3021 3
      vertex -6.98286 39.1547 2
      vertex -6.98286 39.1547 3
    endloop
  endfacet
  facet normal -0.978409 -0.206678 0
    outer loop
      vertex -7.00058 39.3021 2
      vertex -7.03009 39.4418 3
      vertex -7.03009 39.4418 2
    endloop
  endfacet
  facet normal -0.978409 -0.206678 0
    outer loop
      vertex -7.03009 39.4418 3
      vertex -7.00058 39.3021 2
      vertex -7.00058 39.3021 3
    endloop
  endfacet
  facet normal -0.954292 -0.298876 0
    outer loop
      vertex -7.03009 39.4418 2
      vertex -7.0714 39.5737 3
      vertex -7.0714 39.5737 2
    endloop
  endfacet
  facet normal -0.954292 -0.298876 0
    outer loop
      vertex -7.0714 39.5737 3
      vertex -7.03009 39.4418 2
      vertex -7.03009 39.4418 3
    endloop
  endfacet
  facet normal -0.919294 -0.393571 0
    outer loop
      vertex -7.0714 39.5737 2
      vertex -7.12453 39.6978 3
      vertex -7.12453 39.6978 2
    endloop
  endfacet
  facet normal -0.919294 -0.393571 0
    outer loop
      vertex -7.12453 39.6978 3
      vertex -7.0714 39.5737 2
      vertex -7.0714 39.5737 3
    endloop
  endfacet
  facet normal -0.873171 -0.487414 0
    outer loop
      vertex -7.12453 39.6978 2
      vertex -7.18945 39.8141 3
      vertex -7.18945 39.8141 2
    endloop
  endfacet
  facet normal -0.873171 -0.487414 0
    outer loop
      vertex -7.18945 39.8141 3
      vertex -7.12453 39.6978 2
      vertex -7.12453 39.6978 3
    endloop
  endfacet
  facet normal -0.8165 -0.577345 0
    outer loop
      vertex -7.18945 39.8141 2
      vertex -7.26617 39.9226 3
      vertex -7.26617 39.9226 2
    endloop
  endfacet
  facet normal -0.8165 -0.577345 0
    outer loop
      vertex -7.26617 39.9226 3
      vertex -7.18945 39.8141 2
      vertex -7.18945 39.8141 3
    endloop
  endfacet
  facet normal -0.750995 -0.660308 0
    outer loop
      vertex -7.26617 39.9226 2
      vertex -7.35471 40.0233 3
      vertex -7.35471 40.0233 2
    endloop
  endfacet
  facet normal -0.750995 -0.660308 0
    outer loop
      vertex -7.35471 40.0233 3
      vertex -7.26617 39.9226 2
      vertex -7.26617 39.9226 3
    endloop
  endfacet
  facet normal -0.679772 -0.733423 0
    outer loop
      vertex -7.45505 40.1163 2
      vertex -7.35471 40.0233 3
      vertex -7.45505 40.1163 3
    endloop
  endfacet
  facet normal -0.679772 -0.733423 -0
    outer loop
      vertex -7.35471 40.0233 3
      vertex -7.45505 40.1163 2
      vertex -7.35471 40.0233 2
    endloop
  endfacet
  facet normal -0.603934 -0.797035 0
    outer loop
      vertex -7.56604 40.2004 2
      vertex -7.45505 40.1163 3
      vertex -7.56604 40.2004 3
    endloop
  endfacet
  facet normal -0.603934 -0.797035 -0
    outer loop
      vertex -7.45505 40.1163 3
      vertex -7.56604 40.2004 2
      vertex -7.45505 40.1163 2
    endloop
  endfacet
  facet normal -0.524397 -0.851474 0
    outer loop
      vertex -7.68652 40.2746 2
      vertex -7.56604 40.2004 3
      vertex -7.68652 40.2746 3
    endloop
  endfacet
  facet normal -0.524397 -0.851474 -0
    outer loop
      vertex -7.56604 40.2004 3
      vertex -7.68652 40.2746 2
      vertex -7.56604 40.2004 2
    endloop
  endfacet
  facet normal -0.443403 -0.896322 0
    outer loop
      vertex -7.8165 40.3389 2
      vertex -7.68652 40.2746 3
      vertex -7.8165 40.3389 3
    endloop
  endfacet
  facet normal -0.443403 -0.896322 -0
    outer loop
      vertex -7.68652 40.2746 3
      vertex -7.8165 40.3389 2
      vertex -7.68652 40.2746 2
    endloop
  endfacet
  facet normal -0.363986 -0.931404 0
    outer loop
      vertex -7.95596 40.3934 2
      vertex -7.8165 40.3389 3
      vertex -7.95596 40.3934 3
    endloop
  endfacet
  facet normal -0.363986 -0.931404 -0
    outer loop
      vertex -7.8165 40.3389 3
      vertex -7.95596 40.3934 2
      vertex -7.8165 40.3389 2
    endloop
  endfacet
  facet normal -0.286221 -0.958164 0
    outer loop
      vertex -8.10493 40.4379 2
      vertex -7.95596 40.3934 3
      vertex -8.10493 40.4379 3
    endloop
  endfacet
  facet normal -0.286221 -0.958164 -0
    outer loop
      vertex -7.95596 40.3934 3
      vertex -8.10493 40.4379 2
      vertex -7.95596 40.3934 2
    endloop
  endfacet
  facet normal -0.213313 -0.976984 0
    outer loop
      vertex -8.2634 40.4725 2
      vertex -8.10493 40.4379 3
      vertex -8.2634 40.4725 3
    endloop
  endfacet
  facet normal -0.213313 -0.976984 -0
    outer loop
      vertex -8.10493 40.4379 3
      vertex -8.2634 40.4725 2
      vertex -8.10493 40.4379 2
    endloop
  endfacet
  facet normal -0.146079 -0.989273 0
    outer loop
      vertex -8.43135 40.4973 2
      vertex -8.2634 40.4725 3
      vertex -8.43135 40.4973 3
    endloop
  endfacet
  facet normal -0.146079 -0.989273 -0
    outer loop
      vertex -8.2634 40.4725 3
      vertex -8.43135 40.4973 2
      vertex -8.2634 40.4725 2
    endloop
  endfacet
  facet normal -0.0831152 -0.99654 0
    outer loop
      vertex -8.6088 40.5121 2
      vertex -8.43135 40.4973 3
      vertex -8.6088 40.5121 3
    endloop
  endfacet
  facet normal -0.0831152 -0.99654 -0
    outer loop
      vertex -8.43135 40.4973 3
      vertex -8.6088 40.5121 2
      vertex -8.43135 40.4973 2
    endloop
  endfacet
  facet normal -0.0267356 -0.999643 0
    outer loop
      vertex -8.79575 40.5171 2
      vertex -8.6088 40.5121 3
      vertex -8.79575 40.5171 3
    endloop
  endfacet
  facet normal -0.0267356 -0.999643 -0
    outer loop
      vertex -8.6088 40.5121 3
      vertex -8.79575 40.5171 2
      vertex -8.6088 40.5121 2
    endloop
  endfacet
  facet normal 0.0285 -0.999594 0
    outer loop
      vertex -8.96761 40.5122 2
      vertex -8.79575 40.5171 3
      vertex -8.96761 40.5122 3
    endloop
  endfacet
  facet normal 0.0285 -0.999594 0
    outer loop
      vertex -8.79575 40.5171 3
      vertex -8.96761 40.5122 2
      vertex -8.79575 40.5171 2
    endloop
  endfacet
  facet normal 0.0882572 -0.996098 0
    outer loop
      vertex -9.13239 40.4976 2
      vertex -8.96761 40.5122 3
      vertex -9.13239 40.4976 3
    endloop
  endfacet
  facet normal 0.0882572 -0.996098 0
    outer loop
      vertex -8.96761 40.5122 3
      vertex -9.13239 40.4976 2
      vertex -8.96761 40.5122 2
    endloop
  endfacet
  facet normal 0.152914 -0.988239 0
    outer loop
      vertex -9.29008 40.4732 2
      vertex -9.13239 40.4976 3
      vertex -9.29008 40.4732 3
    endloop
  endfacet
  facet normal 0.152914 -0.988239 0
    outer loop
      vertex -9.13239 40.4976 3
      vertex -9.29008 40.4732 2
      vertex -9.13239 40.4976 2
    endloop
  endfacet
  facet normal 0.220823 -0.975314 0
    outer loop
      vertex -9.44069 40.4391 2
      vertex -9.29008 40.4732 3
      vertex -9.44069 40.4391 3
    endloop
  endfacet
  facet normal 0.220823 -0.975314 0
    outer loop
      vertex -9.29008 40.4732 3
      vertex -9.44069 40.4391 2
      vertex -9.29008 40.4732 2
    endloop
  endfacet
  facet normal 0.292466 -0.956276 0
    outer loop
      vertex -9.58423 40.3952 2
      vertex -9.44069 40.4391 3
      vertex -9.58423 40.3952 3
    endloop
  endfacet
  facet normal 0.292466 -0.956276 0
    outer loop
      vertex -9.44069 40.4391 3
      vertex -9.58423 40.3952 2
      vertex -9.44069 40.4391 2
    endloop
  endfacet
  facet normal 0.365598 -0.930773 0
    outer loop
      vertex -9.72069 40.3416 2
      vertex -9.58423 40.3952 3
      vertex -9.72069 40.3416 3
    endloop
  endfacet
  facet normal 0.365598 -0.930773 0
    outer loop
      vertex -9.58423 40.3952 3
      vertex -9.72069 40.3416 2
      vertex -9.58423 40.3952 2
    endloop
  endfacet
  facet normal 0.439531 -0.898227 0
    outer loop
      vertex -9.85005 40.2783 2
      vertex -9.72069 40.3416 3
      vertex -9.85005 40.2783 3
    endloop
  endfacet
  facet normal 0.439531 -0.898227 0
    outer loop
      vertex -9.72069 40.3416 3
      vertex -9.85005 40.2783 2
      vertex -9.72069 40.3416 2
    endloop
  endfacet
  facet normal 0.513081 -0.85834 0
    outer loop
      vertex -9.97234 40.2052 2
      vertex -9.85005 40.2783 3
      vertex -9.97234 40.2052 3
    endloop
  endfacet
  facet normal 0.513081 -0.85834 0
    outer loop
      vertex -9.85005 40.2783 3
      vertex -9.97234 40.2052 2
      vertex -9.85005 40.2783 2
    endloop
  endfacet
  facet normal 0.583436 -0.812159 0
    outer loop
      vertex -10.0876 40.1224 2
      vertex -9.97234 40.2052 3
      vertex -10.0876 40.1224 3
    endloop
  endfacet
  facet normal 0.583436 -0.812159 0
    outer loop
      vertex -9.97234 40.2052 3
      vertex -10.0876 40.1224 2
      vertex -9.97234 40.2052 2
    endloop
  endfacet
  facet normal 0.652023 -0.758199 0
    outer loop
      vertex -10.194 40.0309 2
      vertex -10.0876 40.1224 3
      vertex -10.194 40.0309 3
    endloop
  endfacet
  facet normal 0.652023 -0.758199 0
    outer loop
      vertex -10.0876 40.1224 3
      vertex -10.194 40.0309 2
      vertex -10.0876 40.1224 2
    endloop
  endfacet
  facet normal 0.71824 -0.695795 0
    outer loop
      vertex -10.2901 39.9317 3
      vertex -10.194 40.0309 2
      vertex -10.194 40.0309 3
    endloop
  endfacet
  facet normal 0.71824 -0.695795 0
    outer loop
      vertex -10.194 40.0309 2
      vertex -10.2901 39.9317 3
      vertex -10.2901 39.9317 2
    endloop
  endfacet
  facet normal 0.780298 -0.625408 0
    outer loop
      vertex -10.3757 39.8249 3
      vertex -10.2901 39.9317 2
      vertex -10.2901 39.9317 3
    endloop
  endfacet
  facet normal 0.780298 -0.625408 0
    outer loop
      vertex -10.2901 39.9317 2
      vertex -10.3757 39.8249 3
      vertex -10.3757 39.8249 2
    endloop
  endfacet
  facet normal 0.835294 -0.549804 0
    outer loop
      vertex -10.451 39.7105 3
      vertex -10.3757 39.8249 2
      vertex -10.3757 39.8249 3
    endloop
  endfacet
  facet normal 0.835294 -0.549804 0
    outer loop
      vertex -10.3757 39.8249 2
      vertex -10.451 39.7105 3
      vertex -10.451 39.7105 2
    endloop
  endfacet
  facet normal 0.883013 -0.469349 0
    outer loop
      vertex -10.5159 39.5884 3
      vertex -10.451 39.7105 2
      vertex -10.451 39.7105 3
    endloop
  endfacet
  facet normal 0.883013 -0.469349 0
    outer loop
      vertex -10.451 39.7105 2
      vertex -10.5159 39.5884 3
      vertex -10.5159 39.5884 2
    endloop
  endfacet
  facet normal 0.921916 -0.38739 0
    outer loop
      vertex -10.5704 39.4587 3
      vertex -10.5159 39.5884 2
      vertex -10.5159 39.5884 3
    endloop
  endfacet
  facet normal 0.921916 -0.38739 0
    outer loop
      vertex -10.5159 39.5884 2
      vertex -10.5704 39.4587 3
      vertex -10.5704 39.4587 2
    endloop
  endfacet
  facet normal 0.952093 -0.305807 0
    outer loop
      vertex -10.6145 39.3214 3
      vertex -10.5704 39.4587 2
      vertex -10.5704 39.4587 3
    endloop
  endfacet
  facet normal 0.952093 -0.305807 0
    outer loop
      vertex -10.5704 39.4587 2
      vertex -10.6145 39.3214 3
      vertex -10.6145 39.3214 2
    endloop
  endfacet
  facet normal 0.974187 -0.225743 0
    outer loop
      vertex -10.6481 39.1764 3
      vertex -10.6145 39.3214 2
      vertex -10.6145 39.3214 3
    endloop
  endfacet
  facet normal 0.974187 -0.225743 0
    outer loop
      vertex -10.6145 39.3214 2
      vertex -10.6481 39.1764 3
      vertex -10.6481 39.1764 2
    endloop
  endfacet
  facet normal 0.988543 -0.150937 0
    outer loop
      vertex -10.6714 39.0238 3
      vertex -10.6481 39.1764 2
      vertex -10.6481 39.1764 3
    endloop
  endfacet
  facet normal 0.988543 -0.150937 0
    outer loop
      vertex -10.6481 39.1764 2
      vertex -10.6714 39.0238 3
      vertex -10.6714 39.0238 2
    endloop
  endfacet
  facet normal 0.0771696 0.997018 -0
    outer loop
      vertex -9.93497 38.9668 2
      vertex -10.6714 39.0238 3
      vertex -9.93497 38.9668 3
    endloop
  endfacet
  facet normal 0.0771696 0.997018 0
    outer loop
      vertex -10.6714 39.0238 3
      vertex -9.93497 38.9668 2
      vertex -10.6714 39.0238 2
    endloop
  endfacet
  facet normal -0.99 0.141067 0
    outer loop
      vertex -9.93497 38.9668 2
      vertex -9.92102 39.0647 3
      vertex -9.92102 39.0647 2
    endloop
  endfacet
  facet normal -0.99 0.141067 0
    outer loop
      vertex -9.92102 39.0647 3
      vertex -9.93497 38.9668 2
      vertex -9.93497 38.9668 3
    endloop
  endfacet
  facet normal -0.977316 0.211787 0
    outer loop
      vertex -9.92102 39.0647 2
      vertex -9.90091 39.1575 3
      vertex -9.90091 39.1575 2
    endloop
  endfacet
  facet normal -0.977316 0.211787 0
    outer loop
      vertex -9.90091 39.1575 3
      vertex -9.92102 39.0647 2
      vertex -9.92102 39.0647 3
    endloop
  endfacet
  facet normal -0.957916 0.287048 0
    outer loop
      vertex -9.90091 39.1575 2
      vertex -9.8746 39.2453 3
      vertex -9.8746 39.2453 2
    endloop
  endfacet
  facet normal -0.957916 0.287048 0
    outer loop
      vertex -9.8746 39.2453 3
      vertex -9.90091 39.1575 2
      vertex -9.90091 39.1575 3
    endloop
  endfacet
  facet normal -0.930975 0.365082 0
    outer loop
      vertex -9.8746 39.2453 2
      vertex -9.84213 39.3281 3
      vertex -9.84213 39.3281 2
    endloop
  endfacet
  facet normal -0.930975 0.365082 0
    outer loop
      vertex -9.84213 39.3281 3
      vertex -9.8746 39.2453 2
      vertex -9.8746 39.2453 3
    endloop
  endfacet
  facet normal -0.895575 0.44491 0
    outer loop
      vertex -9.84213 39.3281 2
      vertex -9.80348 39.4059 3
      vertex -9.80348 39.4059 2
    endloop
  endfacet
  facet normal -0.895575 0.44491 0
    outer loop
      vertex -9.80348 39.4059 3
      vertex -9.84213 39.3281 2
      vertex -9.84213 39.3281 3
    endloop
  endfacet
  facet normal -0.85118 0.524875 0
    outer loop
      vertex -9.80348 39.4059 2
      vertex -9.75865 39.4786 3
      vertex -9.75865 39.4786 2
    endloop
  endfacet
  facet normal -0.85118 0.524875 0
    outer loop
      vertex -9.75865 39.4786 3
      vertex -9.80348 39.4059 2
      vertex -9.80348 39.4059 3
    endloop
  endfacet
  facet normal -0.798667 0.601773 0
    outer loop
      vertex -9.75865 39.4786 2
      vertex -9.70764 39.5463 3
      vertex -9.70764 39.5463 2
    endloop
  endfacet
  facet normal -0.798667 0.601773 0
    outer loop
      vertex -9.70764 39.5463 3
      vertex -9.75865 39.4786 2
      vertex -9.75865 39.4786 3
    endloop
  endfacet
  facet normal -0.738825 0.673898 0
    outer loop
      vertex -9.70764 39.5463 2
      vertex -9.65045 39.609 3
      vertex -9.65045 39.609 2
    endloop
  endfacet
  facet normal -0.738825 0.673898 0
    outer loop
      vertex -9.65045 39.609 3
      vertex -9.70764 39.5463 2
      vertex -9.70764 39.5463 3
    endloop
  endfacet
  facet normal -0.673253 0.739412 0
    outer loop
      vertex -9.58708 39.6667 2
      vertex -9.65045 39.609 3
      vertex -9.58708 39.6667 3
    endloop
  endfacet
  facet normal -0.673253 0.739412 0
    outer loop
      vertex -9.65045 39.609 3
      vertex -9.58708 39.6667 2
      vertex -9.65045 39.609 2
    endloop
  endfacet
  facet normal -0.604036 0.796957 0
    outer loop
      vertex -9.51834 39.7188 2
      vertex -9.58708 39.6667 3
      vertex -9.51834 39.7188 3
    endloop
  endfacet
  facet normal -0.604036 0.796957 0
    outer loop
      vertex -9.58708 39.6667 3
      vertex -9.51834 39.7188 2
      vertex -9.58708 39.6667 2
    endloop
  endfacet
  facet normal -0.530726 0.847543 0
    outer loop
      vertex -9.44504 39.7647 2
      vertex -9.51834 39.7188 3
      vertex -9.44504 39.7647 3
    endloop
  endfacet
  facet normal -0.530726 0.847543 0
    outer loop
      vertex -9.51834 39.7188 3
      vertex -9.44504 39.7647 2
      vertex -9.51834 39.7188 2
    endloop
  endfacet
  facet normal -0.455969 0.889996 0
    outer loop
      vertex -9.36716 39.8046 2
      vertex -9.44504 39.7647 3
      vertex -9.36716 39.8046 3
    endloop
  endfacet
  facet normal -0.455969 0.889996 0
    outer loop
      vertex -9.44504 39.7647 3
      vertex -9.36716 39.8046 2
      vertex -9.44504 39.7647 2
    endloop
  endfacet
  facet normal -0.378309 0.925679 0
    outer loop
      vertex -9.2847 39.8383 2
      vertex -9.36716 39.8046 3
      vertex -9.2847 39.8383 3
    endloop
  endfacet
  facet normal -0.378309 0.925679 0
    outer loop
      vertex -9.36716 39.8046 3
      vertex -9.2847 39.8383 2
      vertex -9.36716 39.8046 2
    endloop
  endfacet
  facet normal -0.302326 0.953204 0
    outer loop
      vertex -9.19768 39.8659 2
      vertex -9.2847 39.8383 3
      vertex -9.19768 39.8659 3
    endloop
  endfacet
  facet normal -0.302326 0.953204 0
    outer loop
      vertex -9.2847 39.8383 3
      vertex -9.19768 39.8659 2
      vertex -9.2847 39.8383 2
    endloop
  endfacet
  facet normal -0.227498 0.973778 0
    outer loop
      vertex -9.10608 39.8873 2
      vertex -9.19768 39.8659 3
      vertex -9.10608 39.8873 3
    endloop
  endfacet
  facet normal -0.227498 0.973778 0
    outer loop
      vertex -9.19768 39.8659 3
      vertex -9.10608 39.8873 2
      vertex -9.19768 39.8659 2
    endloop
  endfacet
  facet normal -0.157101 0.987582 0
    outer loop
      vertex -9.0099 39.9026 2
      vertex -9.10608 39.8873 3
      vertex -9.0099 39.9026 3
    endloop
  endfacet
  facet normal -0.157101 0.987582 0
    outer loop
      vertex -9.10608 39.8873 3
      vertex -9.0099 39.9026 2
      vertex -9.10608 39.8873 2
    endloop
  endfacet
  facet normal -0.0909457 0.995856 0
    outer loop
      vertex -8.90916 39.9118 2
      vertex -9.0099 39.9026 3
      vertex -8.90916 39.9118 3
    endloop
  endfacet
  facet normal -0.0909457 0.995856 0
    outer loop
      vertex -9.0099 39.9026 3
      vertex -8.90916 39.9118 2
      vertex -9.0099 39.9026 2
    endloop
  endfacet
  facet normal -0.0294242 0.999567 0
    outer loop
      vertex -8.80385 39.9149 2
      vertex -8.90916 39.9118 3
      vertex -8.80385 39.9149 3
    endloop
  endfacet
  facet normal -0.0294242 0.999567 0
    outer loop
      vertex -8.90916 39.9118 3
      vertex -8.80385 39.9149 2
      vertex -8.90916 39.9118 2
    endloop
  endfacet
  facet normal 0.0286316 0.99959 -0
    outer loop
      vertex -8.68864 39.9116 2
      vertex -8.80385 39.9149 3
      vertex -8.68864 39.9116 3
    endloop
  endfacet
  facet normal 0.0286316 0.99959 0
    outer loop
      vertex -8.80385 39.9149 3
      vertex -8.68864 39.9116 2
      vertex -8.80385 39.9149 2
    endloop
  endfacet
  facet normal 0.0906927 0.995879 -0
    outer loop
      vertex -8.57993 39.9017 2
      vertex -8.68864 39.9116 3
      vertex -8.57993 39.9017 3
    endloop
  endfacet
  facet normal 0.0906927 0.995879 0
    outer loop
      vertex -8.68864 39.9116 3
      vertex -8.57993 39.9017 2
      vertex -8.68864 39.9116 2
    endloop
  endfacet
  facet normal 0.158382 0.987378 -0
    outer loop
      vertex -8.47769 39.8853 2
      vertex -8.57993 39.9017 3
      vertex -8.47769 39.8853 3
    endloop
  endfacet
  facet normal 0.158382 0.987378 0
    outer loop
      vertex -8.57993 39.9017 3
      vertex -8.47769 39.8853 2
      vertex -8.57993 39.9017 2
    endloop
  endfacet
  facet normal 0.233542 0.972347 -0
    outer loop
      vertex -8.38193 39.8623 2
      vertex -8.47769 39.8853 3
      vertex -8.38193 39.8623 3
    endloop
  endfacet
  facet normal 0.233542 0.972347 0
    outer loop
      vertex -8.47769 39.8853 3
      vertex -8.38193 39.8623 2
      vertex -8.47769 39.8853 2
    endloop
  endfacet
  facet normal 0.315654 0.948874 -0
    outer loop
      vertex -8.29265 39.8326 2
      vertex -8.38193 39.8623 3
      vertex -8.29265 39.8326 3
    endloop
  endfacet
  facet normal 0.315654 0.948874 0
    outer loop
      vertex -8.38193 39.8623 3
      vertex -8.29265 39.8326 2
      vertex -8.38193 39.8623 2
    endloop
  endfacet
  facet normal 0.400587 0.916259 -0
    outer loop
      vertex -8.20985 39.7964 2
      vertex -8.29265 39.8326 3
      vertex -8.20985 39.7964 3
    endloop
  endfacet
  facet normal 0.400587 0.916259 0
    outer loop
      vertex -8.29265 39.8326 3
      vertex -8.20985 39.7964 2
      vertex -8.29265 39.8326 2
    endloop
  endfacet
  facet normal 0.488262 0.872697 -0
    outer loop
      vertex -8.13353 39.7537 2
      vertex -8.20985 39.7964 3
      vertex -8.13353 39.7537 3
    endloop
  endfacet
  facet normal 0.488262 0.872697 0
    outer loop
      vertex -8.20985 39.7964 3
      vertex -8.13353 39.7537 2
      vertex -8.20985 39.7964 2
    endloop
  endfacet
  facet normal 0.577472 0.81641 -0
    outer loop
      vertex -8.06369 39.7043 2
      vertex -8.13353 39.7537 3
      vertex -8.06369 39.7043 3
    endloop
  endfacet
  facet normal 0.577472 0.81641 0
    outer loop
      vertex -8.13353 39.7537 3
      vertex -8.06369 39.7043 2
      vertex -8.13353 39.7537 2
    endloop
  endfacet
  facet normal 0.661524 0.749924 -0
    outer loop
      vertex -8.00032 39.6484 2
      vertex -8.06369 39.7043 3
      vertex -8.00032 39.6484 3
    endloop
  endfacet
  facet normal 0.661524 0.749924 0
    outer loop
      vertex -8.06369 39.7043 3
      vertex -8.00032 39.6484 2
      vertex -8.06369 39.7043 2
    endloop
  endfacet
  facet normal 0.735288 0.677754 0
    outer loop
      vertex -7.94354 39.5868 3
      vertex -8.00032 39.6484 2
      vertex -8.00032 39.6484 3
    endloop
  endfacet
  facet normal 0.735288 0.677754 0
    outer loop
      vertex -8.00032 39.6484 2
      vertex -7.94354 39.5868 3
      vertex -7.94354 39.5868 2
    endloop
  endfacet
  facet normal 0.79815 0.602459 0
    outer loop
      vertex -7.89342 39.5204 3
      vertex -7.94354 39.5868 2
      vertex -7.94354 39.5868 3
    endloop
  endfacet
  facet normal 0.79815 0.602459 0
    outer loop
      vertex -7.94354 39.5868 2
      vertex -7.89342 39.5204 3
      vertex -7.89342 39.5204 2
    endloop
  endfacet
  facet normal 0.853714 0.520742 0
    outer loop
      vertex -7.84999 39.4492 3
      vertex -7.89342 39.5204 2
      vertex -7.89342 39.5204 3
    endloop
  endfacet
  facet normal 0.853714 0.520742 0
    outer loop
      vertex -7.89342 39.5204 2
      vertex -7.84999 39.4492 3
      vertex -7.84999 39.4492 2
    endloop
  endfacet
  facet normal 0.900093 0.435697 0
    outer loop
      vertex -7.81325 39.3733 3
      vertex -7.84999 39.4492 2
      vertex -7.84999 39.4492 3
    endloop
  endfacet
  facet normal 0.900093 0.435697 0
    outer loop
      vertex -7.84999 39.4492 2
      vertex -7.81325 39.3733 3
      vertex -7.81325 39.3733 2
    endloop
  endfacet
  facet normal 0.937024 0.349265 0
    outer loop
      vertex -7.78317 39.2926 3
      vertex -7.81325 39.3733 2
      vertex -7.81325 39.3733 3
    endloop
  endfacet
  facet normal 0.937024 0.349265 0
    outer loop
      vertex -7.81325 39.3733 2
      vertex -7.78317 39.2926 3
      vertex -7.78317 39.2926 2
    endloop
  endfacet
  facet normal 0.964615 0.263662 0
    outer loop
      vertex -7.7598 39.2071 3
      vertex -7.78317 39.2926 2
      vertex -7.78317 39.2926 3
    endloop
  endfacet
  facet normal 0.964615 0.263662 0
    outer loop
      vertex -7.78317 39.2926 2
      vertex -7.7598 39.2071 3
      vertex -7.7598 39.2071 2
    endloop
  endfacet
  facet normal 0.98327 0.182156 0
    outer loop
      vertex -7.74309 39.1169 3
      vertex -7.7598 39.2071 2
      vertex -7.7598 39.2071 3
    endloop
  endfacet
  facet normal 0.98327 0.182156 0
    outer loop
      vertex -7.7598 39.2071 2
      vertex -7.74309 39.1169 3
      vertex -7.74309 39.1169 2
    endloop
  endfacet
  facet normal 0.994473 0.104995 0
    outer loop
      vertex -7.73306 39.0219 3
      vertex -7.74309 39.1169 2
      vertex -7.74309 39.1169 3
    endloop
  endfacet
  facet normal 0.994473 0.104995 0
    outer loop
      vertex -7.74309 39.1169 2
      vertex -7.73306 39.0219 3
      vertex -7.73306 39.0219 2
    endloop
  endfacet
  facet normal 0.99944 0.0334482 0
    outer loop
      vertex -7.72972 38.9221 3
      vertex -7.73306 39.0219 2
      vertex -7.73306 39.0219 3
    endloop
  endfacet
  facet normal 0.99944 0.0334482 0
    outer loop
      vertex -7.73306 39.0219 2
      vertex -7.72972 38.9221 3
      vertex -7.72972 38.9221 2
    endloop
  endfacet
  facet normal 0.999166 -0.0408208 0
    outer loop
      vertex -7.73383 38.8215 3
      vertex -7.72972 38.9221 2
      vertex -7.72972 38.9221 3
    endloop
  endfacet
  facet normal 0.999166 -0.0408208 0
    outer loop
      vertex -7.72972 38.9221 2
      vertex -7.73383 38.8215 3
      vertex -7.73383 38.8215 2
    endloop
  endfacet
  facet normal 0.991851 -0.127405 0
    outer loop
      vertex -7.74611 38.7259 3
      vertex -7.73383 38.8215 2
      vertex -7.73383 38.8215 3
    endloop
  endfacet
  facet normal 0.991851 -0.127405 0
    outer loop
      vertex -7.73383 38.8215 2
      vertex -7.74611 38.7259 3
      vertex -7.74611 38.7259 2
    endloop
  endfacet
  facet normal 0.975437 -0.220281 0
    outer loop
      vertex -7.76657 38.6353 3
      vertex -7.74611 38.7259 2
      vertex -7.74611 38.7259 3
    endloop
  endfacet
  facet normal 0.975437 -0.220281 0
    outer loop
      vertex -7.74611 38.7259 2
      vertex -7.76657 38.6353 3
      vertex -7.76657 38.6353 2
    endloop
  endfacet
  facet normal 0.948373 -0.317157 0
    outer loop
      vertex -7.79523 38.5496 3
      vertex -7.76657 38.6353 2
      vertex -7.76657 38.6353 3
    endloop
  endfacet
  facet normal 0.948373 -0.317157 0
    outer loop
      vertex -7.76657 38.6353 2
      vertex -7.79523 38.5496 3
      vertex -7.79523 38.5496 2
    endloop
  endfacet
  facet normal 0.909651 -0.415373 0
    outer loop
      vertex -7.83208 38.4689 3
      vertex -7.79523 38.5496 2
      vertex -7.79523 38.5496 3
    endloop
  endfacet
  facet normal 0.909651 -0.415373 0
    outer loop
      vertex -7.79523 38.5496 2
      vertex -7.83208 38.4689 3
      vertex -7.83208 38.4689 2
    endloop
  endfacet
  facet normal 0.85939 -0.51132 0
    outer loop
      vertex -7.87712 38.3932 3
      vertex -7.83208 38.4689 2
      vertex -7.83208 38.4689 3
    endloop
  endfacet
  facet normal 0.85939 -0.51132 0
    outer loop
      vertex -7.83208 38.4689 2
      vertex -7.87712 38.3932 3
      vertex -7.87712 38.3932 2
    endloop
  endfacet
  facet normal 0.799349 -0.600867 0
    outer loop
      vertex -7.93034 38.3224 3
      vertex -7.87712 38.3932 2
      vertex -7.87712 38.3932 3
    endloop
  endfacet
  facet normal 0.799349 -0.600867 0
    outer loop
      vertex -7.87712 38.3932 2
      vertex -7.93034 38.3224 3
      vertex -7.93034 38.3224 2
    endloop
  endfacet
  facet normal 0.730611 -0.682794 0
    outer loop
      vertex -7.99174 38.2567 3
      vertex -7.93034 38.3224 2
      vertex -7.93034 38.3224 3
    endloop
  endfacet
  facet normal 0.730611 -0.682794 0
    outer loop
      vertex -7.93034 38.3224 2
      vertex -7.99174 38.2567 3
      vertex -7.99174 38.2567 2
    endloop
  endfacet
  facet normal 0.658505 -0.752577 0
    outer loop
      vertex -8.06134 38.1958 2
      vertex -7.99174 38.2567 3
      vertex -8.06134 38.1958 3
    endloop
  endfacet
  facet normal 0.658505 -0.752577 0
    outer loop
      vertex -7.99174 38.2567 3
      vertex -8.06134 38.1958 2
      vertex -7.99174 38.2567 2
    endloop
  endfacet
  facet normal 0.581088 -0.813841 0
    outer loop
      vertex -8.13837 38.1408 2
      vertex -8.06134 38.1958 3
      vertex -8.13837 38.1408 3
    endloop
  endfacet
  facet normal 0.581088 -0.813841 0
    outer loop
      vertex -8.06134 38.1958 3
      vertex -8.13837 38.1408 2
      vertex -8.06134 38.1958 2
    endloop
  endfacet
  facet normal 0.502091 -0.864815 0
    outer loop
      vertex -8.22208 38.0922 2
      vertex -8.13837 38.1408 3
      vertex -8.22208 38.0922 3
    endloop
  endfacet
  facet normal 0.502091 -0.864815 0
    outer loop
      vertex -8.13837 38.1408 3
      vertex -8.22208 38.0922 2
      vertex -8.13837 38.1408 2
    endloop
  endfacet
  facet normal 0.42311 -0.906078 0
    outer loop
      vertex -8.31245 38.05 2
      vertex -8.22208 38.0922 3
      vertex -8.31245 38.05 3
    endloop
  endfacet
  facet normal 0.42311 -0.906078 0
    outer loop
      vertex -8.22208 38.0922 3
      vertex -8.31245 38.05 2
      vertex -8.22208 38.0922 2
    endloop
  endfacet
  facet normal 0.34432 -0.938852 0
    outer loop
      vertex -8.40952 38.0144 2
      vertex -8.31245 38.05 3
      vertex -8.40952 38.0144 3
    endloop
  endfacet
  facet normal 0.34432 -0.938852 0
    outer loop
      vertex -8.31245 38.05 3
      vertex -8.40952 38.0144 2
      vertex -8.31245 38.05 2
    endloop
  endfacet
  facet normal 0.270944 -0.962595 0
    outer loop
      vertex -8.51326 37.9852 2
      vertex -8.40952 38.0144 3
      vertex -8.51326 37.9852 3
    endloop
  endfacet
  facet normal 0.270944 -0.962595 0
    outer loop
      vertex -8.40952 38.0144 3
      vertex -8.51326 37.9852 2
      vertex -8.40952 38.0144 2
    endloop
  endfacet
  facet normal 0.200499 -0.979694 0
    outer loop
      vertex -8.62369 37.9626 2
      vertex -8.51326 37.9852 3
      vertex -8.62369 37.9626 3
    endloop
  endfacet
  facet normal 0.200499 -0.979694 0
    outer loop
      vertex -8.51326 37.9852 3
      vertex -8.62369 37.9626 2
      vertex -8.51326 37.9852 2
    endloop
  endfacet
  facet normal 0.137027 -0.990567 0
    outer loop
      vertex -8.7408 37.9464 2
      vertex -8.62369 37.9626 3
      vertex -8.7408 37.9464 3
    endloop
  endfacet
  facet normal 0.137027 -0.990567 0
    outer loop
      vertex -8.62369 37.9626 3
      vertex -8.7408 37.9464 2
      vertex -8.62369 37.9626 2
    endloop
  endfacet
  facet normal 0.0789194 -0.996881 0
    outer loop
      vertex -8.86459 37.9366 2
      vertex -8.7408 37.9464 3
      vertex -8.86459 37.9366 3
    endloop
  endfacet
  facet normal 0.0789194 -0.996881 0
    outer loop
      vertex -8.7408 37.9464 3
      vertex -8.86459 37.9366 2
      vertex -8.7408 37.9464 2
    endloop
  endfacet
  facet normal 0.0245175 -0.999699 0
    outer loop
      vertex -8.99507 37.9334 2
      vertex -8.86459 37.9366 3
      vertex -8.99507 37.9334 3
    endloop
  endfacet
  facet normal 0.0245175 -0.999699 0
    outer loop
      vertex -8.86459 37.9366 3
      vertex -8.99507 37.9334 2
      vertex -8.86459 37.9366 2
    endloop
  endfacet
  facet normal 0 -1 0
    outer loop
      vertex -9.39383 37.9334 2
      vertex -8.99507 37.9334 3
      vertex -9.39383 37.9334 3
    endloop
  endfacet
  facet normal 0 -1 -0
    outer loop
      vertex -8.99507 37.9334 3
      vertex -9.39383 37.9334 2
      vertex -8.99507 37.9334 2
    endloop
  endfacet
  facet normal 1 -0 0
    outer loop
      vertex -9.39383 37.2987 3
      vertex -9.39383 37.9334 2
      vertex -9.39383 37.9334 3
    endloop
  endfacet
  facet normal 1 0 0
    outer loop
      vertex -9.39383 37.9334 2
      vertex -9.39383 37.2987 3
      vertex -9.39383 37.2987 2
    endloop
  endfacet
  facet normal 0 1 -0
    outer loop
      vertex -8.97881 37.2987 2
      vertex -9.39383 37.2987 3
      vertex -8.97881 37.2987 3
    endloop
  endfacet
  facet normal 0 1 0
    outer loop
      vertex -9.39383 37.2987 3
      vertex -8.97881 37.2987 2
      vertex -9.39383 37.2987 2
    endloop
  endfacet
  facet normal 0.0224357 0.999748 -0
    outer loop
      vertex -8.83176 37.2954 2
      vertex -8.97881 37.2987 3
      vertex -8.83176 37.2954 3
    endloop
  endfacet
  facet normal 0.0224357 0.999748 0
    outer loop
      vertex -8.97881 37.2987 3
      vertex -8.83176 37.2954 2
      vertex -8.97881 37.2987 2
    endloop
  endfacet
  facet normal 0.0695253 0.99758 -0
    outer loop
      vertex -8.69258 37.2857 2
      vertex -8.83176 37.2954 3
      vertex -8.69258 37.2857 3
    endloop
  endfacet
  facet normal 0.0695253 0.99758 0
    outer loop
      vertex -8.83176 37.2954 3
      vertex -8.69258 37.2857 2
      vertex -8.83176 37.2954 2
    endloop
  endfacet
  facet normal 0.122462 0.992473 -0
    outer loop
      vertex -8.56129 37.2695 2
      vertex -8.69258 37.2857 3
      vertex -8.56129 37.2695 3
    endloop
  endfacet
  facet normal 0.122462 0.992473 0
    outer loop
      vertex -8.69258 37.2857 3
      vertex -8.56129 37.2695 2
      vertex -8.69258 37.2857 2
    endloop
  endfacet
  facet normal 0.180947 0.983493 -0
    outer loop
      vertex -8.43791 37.2468 2
      vertex -8.56129 37.2695 3
      vertex -8.43791 37.2468 3
    endloop
  endfacet
  facet normal 0.180947 0.983493 0
    outer loop
      vertex -8.56129 37.2695 3
      vertex -8.43791 37.2468 2
      vertex -8.56129 37.2695 2
    endloop
  endfacet
  facet normal 0.244293 0.969701 -0
    outer loop
      vertex -8.3224 37.2177 2
      vertex -8.43791 37.2468 3
      vertex -8.3224 37.2177 3
    endloop
  endfacet
  facet normal 0.244293 0.969701 0
    outer loop
      vertex -8.43791 37.2468 3
      vertex -8.3224 37.2177 2
      vertex -8.43791 37.2468 2
    endloop
  endfacet
  facet normal 0.314852 0.949141 -0
    outer loop
      vertex -8.21478 37.182 2
      vertex -8.3224 37.2177 3
      vertex -8.21478 37.182 3
    endloop
  endfacet
  facet normal 0.314852 0.949141 0
    outer loop
      vertex -8.3224 37.2177 3
      vertex -8.21478 37.182 2
      vertex -8.3224 37.2177 2
    endloop
  endfacet
  facet normal 0.388908 0.921277 -0
    outer loop
      vertex -8.11505 37.1399 2
      vertex -8.21478 37.182 3
      vertex -8.11505 37.1399 3
    endloop
  endfacet
  facet normal 0.388908 0.921277 0
    outer loop
      vertex -8.21478 37.182 3
      vertex -8.11505 37.1399 2
      vertex -8.21478 37.182 2
    endloop
  endfacet
  facet normal 0.467729 0.883872 -0
    outer loop
      vertex -8.02321 37.0913 2
      vertex -8.11505 37.1399 3
      vertex -8.02321 37.0913 3
    endloop
  endfacet
  facet normal 0.467729 0.883872 0
    outer loop
      vertex -8.11505 37.1399 3
      vertex -8.02321 37.0913 2
      vertex -8.11505 37.1399 2
    endloop
  endfacet
  facet normal 0.548665 0.836042 -0
    outer loop
      vertex -7.93925 37.0362 2
      vertex -8.02321 37.0913 3
      vertex -7.93925 37.0362 3
    endloop
  endfacet
  facet normal 0.548665 0.836042 0
    outer loop
      vertex -8.02321 37.0913 3
      vertex -7.93925 37.0362 2
      vertex -8.02321 37.0913 2
    endloop
  endfacet
  facet normal 0.626855 0.779136 -0
    outer loop
      vertex -7.86368 36.9754 2
      vertex -7.93925 37.0362 3
      vertex -7.86368 36.9754 3
    endloop
  endfacet
  facet normal 0.626855 0.779136 0
    outer loop
      vertex -7.93925 37.0362 3
      vertex -7.86368 36.9754 2
      vertex -7.93925 37.0362 2
    endloop
  endfacet
  facet normal 0.702935 0.711255 -0
    outer loop
      vertex -7.797 36.9095 2
      vertex -7.86368 36.9754 3
      vertex -7.797 36.9095 3
    endloop
  endfacet
  facet normal 0.702935 0.711255 0
    outer loop
      vertex -7.86368 36.9754 3
      vertex -7.797 36.9095 2
      vertex -7.86368 36.9754 2
    endloop
  endfacet
  facet normal 0.775566 0.631267 0
    outer loop
      vertex -7.73921 36.8385 3
      vertex -7.797 36.9095 2
      vertex -7.797 36.9095 3
    endloop
  endfacet
  facet normal 0.775566 0.631267 0
    outer loop
      vertex -7.797 36.9095 2
      vertex -7.73921 36.8385 3
      vertex -7.73921 36.8385 2
    endloop
  endfacet
  facet normal 0.841336 0.540512 0
    outer loop
      vertex -7.69032 36.7624 3
      vertex -7.73921 36.8385 2
      vertex -7.73921 36.8385 3
    endloop
  endfacet
  facet normal 0.841336 0.540512 0
    outer loop
      vertex -7.73921 36.8385 2
      vertex -7.69032 36.7624 3
      vertex -7.69032 36.7624 2
    endloop
  endfacet
  facet normal 0.897019 0.441992 0
    outer loop
      vertex -7.65031 36.6812 3
      vertex -7.69032 36.7624 2
      vertex -7.69032 36.7624 3
    endloop
  endfacet
  facet normal 0.897019 0.441992 0
    outer loop
      vertex -7.69032 36.7624 2
      vertex -7.65031 36.6812 3
      vertex -7.65031 36.6812 2
    endloop
  endfacet
  facet normal 0.940616 0.339473 0
    outer loop
      vertex -7.6192 36.595 3
      vertex -7.65031 36.6812 2
      vertex -7.65031 36.6812 3
    endloop
  endfacet
  facet normal 0.940616 0.339473 0
    outer loop
      vertex -7.65031 36.6812 2
      vertex -7.6192 36.595 3
      vertex -7.6192 36.595 2
    endloop
  endfacet
  facet normal 0.971614 0.236572 0
    outer loop
      vertex -7.59697 36.5037 3
      vertex -7.6192 36.595 2
      vertex -7.6192 36.595 3
    endloop
  endfacet
  facet normal 0.971614 0.236572 0
    outer loop
      vertex -7.6192 36.595 2
      vertex -7.59697 36.5037 3
      vertex -7.59697 36.5037 2
    endloop
  endfacet
  facet normal 0.990561 0.137076 0
    outer loop
      vertex -7.58363 36.4073 3
      vertex -7.59697 36.5037 2
      vertex -7.59697 36.5037 3
    endloop
  endfacet
  facet normal 0.990561 0.137076 0
    outer loop
      vertex -7.59697 36.5037 2
      vertex -7.58363 36.4073 3
      vertex -7.58363 36.4073 2
    endloop
  endfacet
  facet normal 0.999043 0.0437451 0
    outer loop
      vertex -7.57919 36.3059 3
      vertex -7.58363 36.4073 2
      vertex -7.58363 36.4073 3
    endloop
  endfacet
  facet normal 0.999043 0.0437451 0
    outer loop
      vertex -7.58363 36.4073 2
      vertex -7.57919 36.3059 3
      vertex -7.57919 36.3059 2
    endloop
  endfacet
  facet normal 0.999439 -0.0334868 0
    outer loop
      vertex -7.58308 36.1898 3
      vertex -7.57919 36.3059 2
      vertex -7.57919 36.3059 3
    endloop
  endfacet
  facet normal 0.999439 -0.0334868 0
    outer loop
      vertex -7.57919 36.3059 2
      vertex -7.58308 36.1898 3
      vertex -7.58308 36.1898 2
    endloop
  endfacet
  facet normal 0.994359 -0.106065 0
    outer loop
      vertex -7.59476 36.0803 3
      vertex -7.58308 36.1898 2
      vertex -7.58308 36.1898 3
    endloop
  endfacet
  facet normal 0.994359 -0.106065 0
    outer loop
      vertex -7.58308 36.1898 2
      vertex -7.59476 36.0803 3
      vertex -7.59476 36.0803 2
    endloop
  endfacet
  facet normal 0.982599 -0.18574 0
    outer loop
      vertex -7.61423 35.9773 3
      vertex -7.59476 36.0803 2
      vertex -7.59476 36.0803 3
    endloop
  endfacet
  facet normal 0.982599 -0.18574 0
    outer loop
      vertex -7.59476 36.0803 2
      vertex -7.61423 35.9773 3
      vertex -7.61423 35.9773 2
    endloop
  endfacet
  facet normal 0.962366 -0.271756 0
    outer loop
      vertex -7.64148 35.8808 3
      vertex -7.61423 35.9773 2
      vertex -7.61423 35.9773 3
    endloop
  endfacet
  facet normal 0.962366 -0.271756 0
    outer loop
      vertex -7.61423 35.9773 2
      vertex -7.64148 35.8808 3
      vertex -7.64148 35.8808 2
    endloop
  endfacet
  facet normal 0.9319 -0.362716 0
    outer loop
      vertex -7.67651 35.7908 3
      vertex -7.64148 35.8808 2
      vertex -7.64148 35.8808 3
    endloop
  endfacet
  facet normal 0.9319 -0.362716 0
    outer loop
      vertex -7.64148 35.8808 2
      vertex -7.67651 35.7908 3
      vertex -7.67651 35.7908 2
    endloop
  endfacet
  facet normal 0.889511 -0.456914 0
    outer loop
      vertex -7.71935 35.7074 3
      vertex -7.67651 35.7908 2
      vertex -7.67651 35.7908 3
    endloop
  endfacet
  facet normal 0.889511 -0.456914 0
    outer loop
      vertex -7.67651 35.7908 2
      vertex -7.71935 35.7074 3
      vertex -7.71935 35.7074 2
    endloop
  endfacet
  facet normal 0.835656 -0.549254 0
    outer loop
      vertex -7.76996 35.6304 3
      vertex -7.71935 35.7074 2
      vertex -7.71935 35.7074 3
    endloop
  endfacet
  facet normal 0.835656 -0.549254 0
    outer loop
      vertex -7.71935 35.7074 2
      vertex -7.76996 35.6304 3
      vertex -7.76996 35.6304 2
    endloop
  endfacet
  facet normal 0.769261 -0.638935 0
    outer loop
      vertex -7.82835 35.5601 3
      vertex -7.76996 35.6304 2
      vertex -7.76996 35.6304 3
    endloop
  endfacet
  facet normal 0.769261 -0.638935 0
    outer loop
      vertex -7.76996 35.6304 2
      vertex -7.82835 35.5601 3
      vertex -7.82835 35.5601 2
    endloop
  endfacet
  facet normal 0.694498 -0.719495 0
    outer loop
      vertex -7.89455 35.4962 2
      vertex -7.82835 35.5601 3
      vertex -7.89455 35.4962 3
    endloop
  endfacet
  facet normal 0.694498 -0.719495 0
    outer loop
      vertex -7.82835 35.5601 3
      vertex -7.89455 35.4962 2
      vertex -7.82835 35.5601 2
    endloop
  endfacet
  facet normal 0.616721 -0.787182 0
    outer loop
      vertex -7.96756 35.439 2
      vertex -7.89455 35.4962 3
      vertex -7.96756 35.439 3
    endloop
  endfacet
  facet normal 0.616721 -0.787182 0
    outer loop
      vertex -7.89455 35.4962 3
      vertex -7.96756 35.439 2
      vertex -7.89455 35.4962 2
    endloop
  endfacet
  facet normal 0.539229 -0.842159 0
    outer loop
      vertex -8.04643 35.3885 2
      vertex -7.96756 35.439 3
      vertex -8.04643 35.3885 3
    endloop
  endfacet
  facet normal 0.539229 -0.842159 0
    outer loop
      vertex -7.96756 35.439 3
      vertex -8.04643 35.3885 2
      vertex -7.96756 35.439 2
    endloop
  endfacet
  facet normal 0.45821 -0.888844 0
    outer loop
      vertex -8.1312 35.3448 2
      vertex -8.04643 35.3885 3
      vertex -8.1312 35.3448 3
    endloop
  endfacet
  facet normal 0.45821 -0.888844 0
    outer loop
      vertex -8.04643 35.3885 3
      vertex -8.1312 35.3448 2
      vertex -8.04643 35.3885 2
    endloop
  endfacet
  facet normal 0.377968 -0.925818 0
    outer loop
      vertex -8.22183 35.3078 2
      vertex -8.1312 35.3448 3
      vertex -8.22183 35.3078 3
    endloop
  endfacet
  facet normal 0.377968 -0.925818 0
    outer loop
      vertex -8.1312 35.3448 3
      vertex -8.22183 35.3078 2
      vertex -8.1312 35.3448 2
    endloop
  endfacet
  facet normal 0.299541 -0.954083 0
    outer loop
      vertex -8.31834 35.2775 2
      vertex -8.22183 35.3078 3
      vertex -8.31834 35.2775 3
    endloop
  endfacet
  facet normal 0.299541 -0.954083 0
    outer loop
      vertex -8.22183 35.3078 3
      vertex -8.31834 35.2775 2
      vertex -8.22183 35.3078 2
    endloop
  endfacet
  facet normal 0.224602 -0.974451 0
    outer loop
      vertex -8.42073 35.2539 2
      vertex -8.31834 35.2775 3
      vertex -8.42073 35.2539 3
    endloop
  endfacet
  facet normal 0.224602 -0.974451 0
    outer loop
      vertex -8.31834 35.2775 3
      vertex -8.42073 35.2539 2
      vertex -8.31834 35.2775 2
    endloop
  endfacet
  facet normal 0.153319 -0.988177 0
    outer loop
      vertex -8.52901 35.2371 2
      vertex -8.42073 35.2539 3
      vertex -8.52901 35.2371 3
    endloop
  endfacet
  facet normal 0.153319 -0.988177 0
    outer loop
      vertex -8.42073 35.2539 3
      vertex -8.52901 35.2371 2
      vertex -8.42073 35.2539 2
    endloop
  endfacet
  facet normal 0.0881511 -0.996107 0
    outer loop
      vertex -8.64314 35.227 2
      vertex -8.52901 35.2371 3
      vertex -8.64314 35.227 3
    endloop
  endfacet
  facet normal 0.0881511 -0.996107 0
    outer loop
      vertex -8.52901 35.2371 3
      vertex -8.64314 35.227 2
      vertex -8.52901 35.2371 2
    endloop
  endfacet
  facet normal 0.0283149 -0.999599 0
    outer loop
      vertex -8.76317 35.2236 2
      vertex -8.64314 35.227 3
      vertex -8.76317 35.2236 3
    endloop
  endfacet
  facet normal 0.0283149 -0.999599 0
    outer loop
      vertex -8.64314 35.227 3
      vertex -8.76317 35.2236 2
      vertex -8.64314 35.227 2
    endloop
  endfacet
  facet normal -0.0539499 -0.998544 0
    outer loop
      vertex -8.99638 35.2362 2
      vertex -8.76317 35.2236 3
      vertex -8.99638 35.2362 3
    endloop
  endfacet
  facet normal -0.0539499 -0.998544 -0
    outer loop
      vertex -8.76317 35.2236 3
      vertex -8.99638 35.2362 2
      vertex -8.76317 35.2236 2
    endloop
  endfacet
  facet normal -0.177001 -0.984211 0
    outer loop
      vertex -9.20601 35.2739 2
      vertex -8.99638 35.2362 3
      vertex -9.20601 35.2739 3
    endloop
  endfacet
  facet normal -0.177001 -0.984211 -0
    outer loop
      vertex -8.99638 35.2362 3
      vertex -9.20601 35.2739 2
      vertex -8.99638 35.2362 2
    endloop
  endfacet
  facet normal -0.319893 -0.947454 0
    outer loop
      vertex -9.39201 35.3367 2
      vertex -9.20601 35.2739 3
      vertex -9.39201 35.3367 3
    endloop
  endfacet
  facet normal -0.319893 -0.947454 -0
    outer loop
      vertex -9.20601 35.2739 3
      vertex -9.39201 35.3367 2
      vertex -9.20601 35.2739 2
    endloop
  endfacet
  facet normal -0.476027 -0.879431 0
    outer loop
      vertex -9.5544 35.4246 2
      vertex -9.39201 35.3367 3
      vertex -9.5544 35.4246 3
    endloop
  endfacet
  facet normal -0.476027 -0.879431 -0
    outer loop
      vertex -9.39201 35.3367 3
      vertex -9.5544 35.4246 2
      vertex -9.39201 35.3367 2
    endloop
  endfacet
  facet normal -0.631377 -0.775476 0
    outer loop
      vertex -9.69319 35.5376 2
      vertex -9.5544 35.4246 3
      vertex -9.69319 35.5376 3
    endloop
  endfacet
  facet normal -0.631377 -0.775476 -0
    outer loop
      vertex -9.5544 35.4246 3
      vertex -9.69319 35.5376 2
      vertex -9.5544 35.4246 2
    endloop
  endfacet
  facet normal -0.767984 -0.640469 0
    outer loop
      vertex -9.69319 35.5376 2
      vertex -9.80836 35.6757 3
      vertex -9.80836 35.6757 2
    endloop
  endfacet
  facet normal -0.767984 -0.640469 0
    outer loop
      vertex -9.80836 35.6757 3
      vertex -9.69319 35.5376 2
      vertex -9.69319 35.5376 3
    endloop
  endfacet
  facet normal -0.872228 -0.489099 0
    outer loop
      vertex -9.80836 35.6757 2
      vertex -9.89993 35.839 3
      vertex -9.89993 35.839 2
    endloop
  endfacet
  facet normal -0.872228 -0.489099 0
    outer loop
      vertex -9.89993 35.839 3
      vertex -9.80836 35.6757 2
      vertex -9.80836 35.6757 3
    endloop
  endfacet
  facet normal -0.940597 -0.339524 0
    outer loop
      vertex -9.89993 35.839 2
      vertex -9.9679 36.0273 3
      vertex -9.9679 36.0273 2
    endloop
  endfacet
  facet normal -0.940597 -0.339524 0
    outer loop
      vertex -9.9679 36.0273 3
      vertex -9.89993 35.839 2
      vertex -9.89993 35.839 3
    endloop
  endfacet
  facet normal -0.979053 -0.203606 0
    outer loop
      vertex -9.9679 36.0273 2
      vertex -10.0123 36.2408 3
      vertex -10.0123 36.2408 2
    endloop
  endfacet
  facet normal -0.979053 -0.203606 0
    outer loop
      vertex -10.0123 36.2408 3
      vertex -9.9679 36.0273 2
      vertex -9.9679 36.0273 3
    endloop
  endfacet
  facet normal 0.0910578 -0.995846 0
    outer loop
      vertex -10.7691 36.1716 2
      vertex -10.0123 36.2408 3
      vertex -10.7691 36.1716 3
    endloop
  endfacet
  facet normal 0.0910578 -0.995846 0
    outer loop
      vertex -10.0123 36.2408 3
      vertex -10.7691 36.1716 2
      vertex -10.0123 36.2408 2
    endloop
  endfacet
  facet normal 0.987154 0.159774 0
    outer loop
      vertex -10.7422 36.0054 3
      vertex -10.7691 36.1716 2
      vertex -10.7691 36.1716 3
    endloop
  endfacet
  facet normal 0.987154 0.159774 0
    outer loop
      vertex -10.7691 36.1716 2
      vertex -10.7422 36.0054 3
      vertex -10.7422 36.0054 2
    endloop
  endfacet
  facet normal 0.972886 0.231285 0
    outer loop
      vertex -10.7049 35.8485 3
      vertex -10.7422 36.0054 2
      vertex -10.7422 36.0054 3
    endloop
  endfacet
  facet normal 0.972886 0.231285 0
    outer loop
      vertex -10.7422 36.0054 2
      vertex -10.7049 35.8485 3
      vertex -10.7049 35.8485 2
    endloop
  endfacet
  facet normal 0.951605 0.307323 0
    outer loop
      vertex -10.6572 35.7008 3
      vertex -10.7049 35.8485 2
      vertex -10.7049 35.8485 3
    endloop
  endfacet
  facet normal 0.951605 0.307323 0
    outer loop
      vertex -10.7049 35.8485 2
      vertex -10.6572 35.7008 3
      vertex -10.6572 35.7008 2
    endloop
  endfacet
  facet normal 0.921949 0.387312 0
    outer loop
      vertex -10.5991 35.5625 3
      vertex -10.6572 35.7008 2
      vertex -10.6572 35.7008 3
    endloop
  endfacet
  facet normal 0.921949 0.387312 0
    outer loop
      vertex -10.6572 35.7008 2
      vertex -10.5991 35.5625 3
      vertex -10.5991 35.5625 2
    endloop
  endfacet
  facet normal 0.883355 0.468705 0
    outer loop
      vertex -10.5306 35.4334 3
      vertex -10.5991 35.5625 2
      vertex -10.5991 35.5625 3
    endloop
  endfacet
  facet normal 0.883355 0.468705 0
    outer loop
      vertex -10.5991 35.5625 2
      vertex -10.5306 35.4334 3
      vertex -10.5306 35.4334 2
    endloop
  endfacet
  facet normal 0.835147 0.550026 0
    outer loop
      vertex -10.4517 35.3136 3
      vertex -10.5306 35.4334 2
      vertex -10.5306 35.4334 3
    endloop
  endfacet
  facet normal 0.835147 0.550026 0
    outer loop
      vertex -10.5306 35.4334 2
      vertex -10.4517 35.3136 3
      vertex -10.4517 35.3136 2
    endloop
  endfacet
  facet normal 0.777769 0.62855 0
    outer loop
      vertex -10.3624 35.2031 3
      vertex -10.4517 35.3136 2
      vertex -10.4517 35.3136 3
    endloop
  endfacet
  facet normal 0.777769 0.62855 0
    outer loop
      vertex -10.4517 35.3136 2
      vertex -10.3624 35.2031 3
      vertex -10.3624 35.2031 2
    endloop
  endfacet
  facet normal 0.712366 0.701808 0
    outer loop
      vertex -10.2627 35.1019 3
      vertex -10.3624 35.2031 2
      vertex -10.3624 35.2031 3
    endloop
  endfacet
  facet normal 0.712366 0.701808 0
    outer loop
      vertex -10.3624 35.2031 2
      vertex -10.2627 35.1019 3
      vertex -10.2627 35.1019 2
    endloop
  endfacet
  facet normal 0.640801 0.767707 -0
    outer loop
      vertex -10.1526 35.01 2
      vertex -10.2627 35.1019 3
      vertex -10.1526 35.01 3
    endloop
  endfacet
  facet normal 0.640801 0.767707 0
    outer loop
      vertex -10.2627 35.1019 3
      vertex -10.1526 35.01 2
      vertex -10.2627 35.1019 2
    endloop
  endfacet
  facet normal 0.567347 0.823479 -0
    outer loop
      vertex -10.033 34.9276 2
      vertex -10.1526 35.01 3
      vertex -10.033 34.9276 3
    endloop
  endfacet
  facet normal 0.567347 0.823479 0
    outer loop
      vertex -10.1526 35.01 3
      vertex -10.033 34.9276 2
      vertex -10.1526 35.01 2
    endloop
  endfacet
  facet normal 0.493025 0.870015 -0
    outer loop
      vertex -9.90471 34.8549 2
      vertex -10.033 34.9276 3
      vertex -9.90471 34.8549 3
    endloop
  endfacet
  facet normal 0.493025 0.870015 0
    outer loop
      vertex -10.033 34.9276 3
      vertex -9.90471 34.8549 2
      vertex -10.033 34.9276 2
    endloop
  endfacet
  facet normal 0.417771 0.908552 -0
    outer loop
      vertex -9.7677 34.7919 2
      vertex -9.90471 34.8549 3
      vertex -9.7677 34.7919 3
    endloop
  endfacet
  facet normal 0.417771 0.908552 0
    outer loop
      vertex -9.90471 34.8549 3
      vertex -9.7677 34.7919 2
      vertex -9.90471 34.8549 2
    endloop
  endfacet
  facet normal 0.343575 0.939125 -0
    outer loop
      vertex -9.62201 34.7386 2
      vertex -9.7677 34.7919 3
      vertex -9.62201 34.7386 3
    endloop
  endfacet
  facet normal 0.343575 0.939125 0
    outer loop
      vertex -9.7677 34.7919 3
      vertex -9.62201 34.7386 2
      vertex -9.7677 34.7919 2
    endloop
  endfacet
  facet normal 0.271773 0.962362 -0
    outer loop
      vertex -9.46762 34.695 2
      vertex -9.62201 34.7386 3
      vertex -9.46762 34.695 3
    endloop
  endfacet
  facet normal 0.271773 0.962362 0
    outer loop
      vertex -9.62201 34.7386 3
      vertex -9.46762 34.695 2
      vertex -9.62201 34.7386 2
    endloop
  endfacet
  facet normal 0.204086 0.978953 -0
    outer loop
      vertex -9.30453 34.661 2
      vertex -9.46762 34.695 3
      vertex -9.30453 34.661 3
    endloop
  endfacet
  facet normal 0.204086 0.978953 0
    outer loop
      vertex -9.46762 34.695 3
      vertex -9.30453 34.661 2
      vertex -9.46762 34.695 2
    endloop
  endfacet
  facet normal 0.139516 0.99022 -0
    outer loop
      vertex -9.13277 34.6368 2
      vertex -9.30453 34.661 3
      vertex -9.13277 34.6368 3
    endloop
  endfacet
  facet normal 0.139516 0.99022 0
    outer loop
      vertex -9.30453 34.661 3
      vertex -9.13277 34.6368 2
      vertex -9.30453 34.661 2
    endloop
  endfacet
  facet normal 0.0806453 0.996743 -0
    outer loop
      vertex -8.95232 34.6222 2
      vertex -9.13277 34.6368 3
      vertex -8.95232 34.6222 3
    endloop
  endfacet
  facet normal 0.0806453 0.996743 0
    outer loop
      vertex -9.13277 34.6368 3
      vertex -8.95232 34.6222 2
      vertex -9.13277 34.6368 2
    endloop
  endfacet
  facet normal 0.0253685 0.999678 -0
    outer loop
      vertex -8.76317 34.6174 2
      vertex -8.95232 34.6222 3
      vertex -8.76317 34.6174 3
    endloop
  endfacet
  facet normal 0.0253685 0.999678 0
    outer loop
      vertex -8.95232 34.6222 3
      vertex -8.76317 34.6174 2
      vertex -8.95232 34.6222 2
    endloop
  endfacet
  facet normal -0.0266388 0.999645 0
    outer loop
      vertex -8.56053 34.6228 2
      vertex -8.76317 34.6174 3
      vertex -8.56053 34.6228 3
    endloop
  endfacet
  facet normal -0.0266388 0.999645 0
    outer loop
      vertex -8.76317 34.6174 3
      vertex -8.56053 34.6228 2
      vertex -8.76317 34.6174 2
    endloop
  endfacet
  facet normal -0.137889 0.990448 0
    outer loop
      vertex -3.83788 34.6548 2
      vertex -4.03972 34.6267 3
      vertex -3.83788 34.6548 3
    endloop
  endfacet
  facet normal -0.137889 0.990448 0
    outer loop
      vertex -4.03972 34.6267 3
      vertex -3.83788 34.6548 2
      vertex -4.03972 34.6267 2
    endloop
  endfacet
  facet normal -0.238733 0.971085 0
    outer loop
      vertex -3.64792 34.7015 2
      vertex -3.83788 34.6548 3
      vertex -3.64792 34.7015 3
    endloop
  endfacet
  facet normal -0.238733 0.971085 0
    outer loop
      vertex -3.83788 34.6548 3
      vertex -3.64792 34.7015 2
      vertex -3.83788 34.6548 2
    endloop
  endfacet
  facet normal -0.344806 0.938674 0
    outer loop
      vertex -3.46988 34.7669 2
      vertex -3.64792 34.7015 3
      vertex -3.46988 34.7669 3
    endloop
  endfacet
  facet normal -0.344806 0.938674 0
    outer loop
      vertex -3.64792 34.7015 3
      vertex -3.46988 34.7669 2
      vertex -3.64792 34.7015 2
    endloop
  endfacet
  facet normal -0.451676 0.892182 0
    outer loop
      vertex -3.30376 34.851 2
      vertex -3.46988 34.7669 3
      vertex -3.30376 34.851 3
    endloop
  endfacet
  facet normal -0.451676 0.892182 0
    outer loop
      vertex -3.46988 34.7669 3
      vertex -3.30376 34.851 2
      vertex -3.46988 34.7669 2
    endloop
  endfacet
  facet normal -0.554601 0.832117 0
    outer loop
      vertex -3.14952 34.9538 2
      vertex -3.30376 34.851 3
      vertex -3.14952 34.9538 3
    endloop
  endfacet
  facet normal -0.554601 0.832117 0
    outer loop
      vertex -3.30376 34.851 3
      vertex -3.14952 34.9538 2
      vertex -3.30376 34.851 2
    endloop
  endfacet
  facet normal -0.648976 0.760809 0
    outer loop
      vertex -3.0072 35.0752 2
      vertex -3.14952 34.9538 3
      vertex -3.0072 35.0752 3
    endloop
  endfacet
  facet normal -0.648976 0.760809 0
    outer loop
      vertex -3.14952 34.9538 3
      vertex -3.0072 35.0752 2
      vertex -3.14952 34.9538 2
    endloop
  endfacet
  facet normal -0.731967 0.68134 0
    outer loop
      vertex -3.0072 35.0752 2
      vertex -2.87679 35.2153 3
      vertex -2.87679 35.2153 2
    endloop
  endfacet
  facet normal -0.731967 0.68134 0
    outer loop
      vertex -2.87679 35.2153 3
      vertex -3.0072 35.0752 2
      vertex -3.0072 35.0752 3
    endloop
  endfacet
  facet normal -0.801583 0.597883 0
    outer loop
      vertex -2.87679 35.2153 2
      vertex -2.75827 35.3742 3
      vertex -2.75827 35.3742 2
    endloop
  endfacet
  facet normal -0.801583 0.597883 0
    outer loop
      vertex -2.75827 35.3742 3
      vertex -2.87679 35.2153 2
      vertex -2.87679 35.2153 3
    endloop
  endfacet
  facet normal -0.856592 0.515994 0
    outer loop
      vertex -2.75827 35.3742 2
      vertex -2.65195 35.5507 3
      vertex -2.65195 35.5507 2
    endloop
  endfacet
  facet normal -0.856592 0.515994 0
    outer loop
      vertex -2.65195 35.5507 3
      vertex -2.75827 35.3742 2
      vertex -2.75827 35.3742 3
    endloop
  endfacet
  facet normal -0.89974 0.436425 0
    outer loop
      vertex -2.65195 35.5507 2
      vertex -2.55814 35.7441 3
      vertex -2.55814 35.7441 2
    endloop
  endfacet
  facet normal -0.89974 0.436425 0
    outer loop
      vertex -2.55814 35.7441 3
      vertex -2.65195 35.5507 2
      vertex -2.65195 35.5507 3
    endloop
  endfacet
  facet normal -0.932611 0.360882 0
    outer loop
      vertex -2.55814 35.7441 2
      vertex -2.47684 35.9542 3
      vertex -2.47684 35.9542 2
    endloop
  endfacet
  facet normal -0.932611 0.360882 0
    outer loop
      vertex -2.47684 35.9542 3
      vertex -2.55814 35.7441 2
      vertex -2.55814 35.7441 3
    endloop
  endfacet
  facet normal -0.956975 0.290171 0
    outer loop
      vertex -2.47684 35.9542 2
      vertex -2.40804 36.1811 3
      vertex -2.40804 36.1811 2
    endloop
  endfacet
  facet normal -0.956975 0.290171 0
    outer loop
      vertex -2.40804 36.1811 3
      vertex -2.47684 35.9542 2
      vertex -2.47684 35.9542 3
    endloop
  endfacet
  facet normal -0.974355 0.225017 0
    outer loop
      vertex -2.40804 36.1811 2
      vertex -2.35176 36.4248 3
      vertex -2.35176 36.4248 2
    endloop
  endfacet
  facet normal -0.974355 0.225017 0
    outer loop
      vertex -2.35176 36.4248 3
      vertex -2.40804 36.1811 2
      vertex -2.40804 36.1811 3
    endloop
  endfacet
  facet normal -0.98616 0.165799 0
    outer loop
      vertex -2.35176 36.4248 2
      vertex -2.30798 36.6852 3
      vertex -2.30798 36.6852 2
    endloop
  endfacet
  facet normal -0.98616 0.165799 0
    outer loop
      vertex -2.30798 36.6852 3
      vertex -2.35176 36.4248 2
      vertex -2.35176 36.4248 3
    endloop
  endfacet
  facet normal -0.993693 0.112131 0
    outer loop
      vertex -2.30798 36.6852 2
      vertex -2.2767 36.9624 3
      vertex -2.2767 36.9624 2
    endloop
  endfacet
  facet normal -0.993693 0.112131 0
    outer loop
      vertex -2.2767 36.9624 3
      vertex -2.30798 36.6852 2
      vertex -2.30798 36.6852 3
    endloop
  endfacet
  facet normal -0.997974 0.0636247 0
    outer loop
      vertex -2.2767 36.9624 2
      vertex -2.25795 37.2565 3
      vertex -2.25795 37.2565 2
    endloop
  endfacet
  facet normal -0.997974 0.0636247 0
    outer loop
      vertex -2.25795 37.2565 3
      vertex -2.2767 36.9624 2
      vertex -2.2767 36.9624 3
    endloop
  endfacet
  facet normal -0.999797 0.020144 0
    outer loop
      vertex -2.25795 37.2565 2
      vertex -2.25169 37.5672 3
      vertex -2.25169 37.5672 2
    endloop
  endfacet
  facet normal -0.999797 0.020144 0
    outer loop
      vertex -2.25169 37.5672 3
      vertex -2.25795 37.2565 2
      vertex -2.25795 37.2565 3
    endloop
  endfacet
  facet normal -0.999823 -0.0188377 0
    outer loop
      vertex -2.25169 37.5672 2
      vertex -2.25764 37.883 3
      vertex -2.25764 37.883 2
    endloop
  endfacet
  facet normal -0.999823 -0.0188377 0
    outer loop
      vertex -2.25764 37.883 3
      vertex -2.25169 37.5672 2
      vertex -2.25169 37.5672 3
    endloop
  endfacet
  facet normal -0.99821 -0.0598055 0
    outer loop
      vertex -2.25764 37.883 2
      vertex -2.2755 38.1811 3
      vertex -2.2755 38.1811 2
    endloop
  endfacet
  facet normal -0.99821 -0.0598055 0
    outer loop
      vertex -2.2755 38.1811 3
      vertex -2.25764 37.883 2
      vertex -2.25764 37.883 3
    endloop
  endfacet
  facet normal -0.994411 -0.105576 0
    outer loop
      vertex -2.2755 38.1811 2
      vertex -2.30527 38.4615 3
      vertex -2.30527 38.4615 2
    endloop
  endfacet
  facet normal -0.994411 -0.105576 0
    outer loop
      vertex -2.30527 38.4615 3
      vertex -2.2755 38.1811 2
      vertex -2.2755 38.1811 3
    endloop
  endfacet
  facet normal -0.987652 -0.156663 0
    outer loop
      vertex -2.30527 38.4615 2
      vertex -2.34694 38.7242 3
      vertex -2.34694 38.7242 2
    endloop
  endfacet
  facet normal -0.987652 -0.156663 0
    outer loop
      vertex -2.34694 38.7242 3
      vertex -2.30527 38.4615 2
      vertex -2.30527 38.4615 3
    endloop
  endfacet
  facet normal -0.97692 -0.213607 0
    outer loop
      vertex -2.34694 38.7242 2
      vertex -2.40051 38.9692 3
      vertex -2.40051 38.9692 2
    endloop
  endfacet
  facet normal -0.97692 -0.213607 0
    outer loop
      vertex -2.40051 38.9692 3
      vertex -2.34694 38.7242 2
      vertex -2.34694 38.7242 3
    endloop
  endfacet
  facet normal -0.960922 -0.27682 0
    outer loop
      vertex -2.40051 38.9692 2
      vertex -2.46599 39.1965 3
      vertex -2.46599 39.1965 2
    endloop
  endfacet
  facet normal -0.960922 -0.27682 0
    outer loop
      vertex -2.46599 39.1965 3
      vertex -2.40051 38.9692 2
      vertex -2.40051 38.9692 3
    endloop
  endfacet
  facet normal -0.938166 -0.346186 0
    outer loop
      vertex -2.46599 39.1965 2
      vertex -2.54337 39.4062 3
      vertex -2.54337 39.4062 2
    endloop
  endfacet
  facet normal -0.938166 -0.346186 0
    outer loop
      vertex -2.54337 39.4062 3
      vertex -2.46599 39.1965 2
      vertex -2.46599 39.1965 3
    endloop
  endfacet
  facet normal -0.906743 -0.421683 0
    outer loop
      vertex -2.54337 39.4062 2
      vertex -2.63266 39.5982 3
      vertex -2.63266 39.5982 2
    endloop
  endfacet
  facet normal -0.906743 -0.421683 0
    outer loop
      vertex -2.63266 39.5982 3
      vertex -2.54337 39.4062 2
      vertex -2.54337 39.4062 3
    endloop
  endfacet
  facet normal -0.864803 -0.502112 0
    outer loop
      vertex -2.63266 39.5982 2
      vertex -2.73386 39.7725 3
      vertex -2.73386 39.7725 2
    endloop
  endfacet
  facet normal -0.864803 -0.502112 0
    outer loop
      vertex -2.73386 39.7725 3
      vertex -2.63266 39.5982 2
      vertex -2.63266 39.5982 3
    endloop
  endfacet
  facet normal -0.808564 -0.588409 0
    outer loop
      vertex -2.73386 39.7725 2
      vertex -2.84753 39.9287 3
      vertex -2.84753 39.9287 2
    endloop
  endfacet
  facet normal -0.808564 -0.588409 0
    outer loop
      vertex -2.84753 39.9287 3
      vertex -2.73386 39.7725 2
      vertex -2.73386 39.7725 3
    endloop
  endfacet
  facet normal -0.736112 -0.67686 0
    outer loop
      vertex -2.84753 39.9287 2
      vertex -2.97433 40.0666 3
      vertex -2.97433 40.0666 2
    endloop
  endfacet
  facet normal -0.736112 -0.67686 0
    outer loop
      vertex -2.97433 40.0666 3
      vertex -2.84753 39.9287 2
      vertex -2.84753 39.9287 3
    endloop
  endfacet
  facet normal -0.649412 -0.760437 0
    outer loop
      vertex -3.11426 40.1861 2
      vertex -2.97433 40.0666 3
      vertex -3.11426 40.1861 3
    endloop
  endfacet
  facet normal -0.649412 -0.760437 -0
    outer loop
      vertex -2.97433 40.0666 3
      vertex -3.11426 40.1861 2
      vertex -2.97433 40.0666 2
    endloop
  endfacet
  facet normal -0.551273 -0.834325 0
    outer loop
      vertex -3.26727 40.2872 2
      vertex -3.11426 40.1861 3
      vertex -3.26727 40.2872 3
    endloop
  endfacet
  facet normal -0.551273 -0.834325 -0
    outer loop
      vertex -3.11426 40.1861 3
      vertex -3.26727 40.2872 2
      vertex -3.11426 40.1861 2
    endloop
  endfacet
  facet normal -0.44605 -0.895008 0
    outer loop
      vertex -3.43341 40.37 2
      vertex -3.26727 40.2872 3
      vertex -3.43341 40.37 3
    endloop
  endfacet
  facet normal -0.44605 -0.895008 -0
    outer loop
      vertex -3.26727 40.2872 3
      vertex -3.43341 40.37 2
      vertex -3.26727 40.2872 2
    endloop
  endfacet
  facet normal -0.33765 -0.941272 0
    outer loop
      vertex -3.61266 40.4343 2
      vertex -3.43341 40.37 3
      vertex -3.61266 40.4343 3
    endloop
  endfacet
  facet normal -0.33765 -0.941272 -0
    outer loop
      vertex -3.43341 40.37 3
      vertex -3.61266 40.4343 2
      vertex -3.43341 40.37 2
    endloop
  endfacet
  facet normal -0.232589 -0.972575 0
    outer loop
      vertex -3.80501 40.4803 2
      vertex -3.61266 40.4343 3
      vertex -3.80501 40.4803 3
    endloop
  endfacet
  facet normal -0.232589 -0.972575 -0
    outer loop
      vertex -3.61266 40.4343 3
      vertex -3.80501 40.4803 2
      vertex -3.61266 40.4343 2
    endloop
  endfacet
  facet normal -0.133137 -0.991098 0
    outer loop
      vertex -4.01047 40.5079 2
      vertex -3.80501 40.4803 3
      vertex -4.01047 40.5079 3
    endloop
  endfacet
  facet normal -0.133137 -0.991098 -0
    outer loop
      vertex -3.80501 40.4803 3
      vertex -4.01047 40.5079 2
      vertex -3.80501 40.4803 2
    endloop
  endfacet
  facet normal -0.0420526 -0.999115 0
    outer loop
      vertex -4.22905 40.5171 2
      vertex -4.01047 40.5079 3
      vertex -4.22905 40.5171 3
    endloop
  endfacet
  facet normal -0.0420526 -0.999115 -0
    outer loop
      vertex -4.01047 40.5079 3
      vertex -4.22905 40.5171 2
      vertex -4.01047 40.5079 2
    endloop
  endfacet
  facet normal 0.0404905 -0.99918 0
    outer loop
      vertex -4.45361 40.508 2
      vertex -4.22905 40.5171 3
      vertex -4.45361 40.508 3
    endloop
  endfacet
  facet normal 0.0404905 -0.99918 0
    outer loop
      vertex -4.22905 40.5171 3
      vertex -4.45361 40.508 2
      vertex -4.22905 40.5171 2
    endloop
  endfacet
  facet normal 0.12847 -0.991713 0
    outer loop
      vertex -4.66435 40.4807 2
      vertex -4.45361 40.508 3
      vertex -4.66435 40.4807 3
    endloop
  endfacet
  facet normal 0.12847 -0.991713 0
    outer loop
      vertex -4.45361 40.508 3
      vertex -4.66435 40.4807 2
      vertex -4.45361 40.508 2
    endloop
  endfacet
  facet normal 0.225094 -0.974337 0
    outer loop
      vertex -4.8613 40.4352 2
      vertex -4.66435 40.4807 3
      vertex -4.8613 40.4352 3
    endloop
  endfacet
  facet normal 0.225094 -0.974337 0
    outer loop
      vertex -4.66435 40.4807 3
      vertex -4.8613 40.4352 2
      vertex -4.66435 40.4807 2
    endloop
  endfacet
  facet normal 0.328088 -0.944647 0
    outer loop
      vertex -5.04442 40.3716 2
      vertex -4.8613 40.4352 3
      vertex -5.04442 40.3716 3
    endloop
  endfacet
  facet normal 0.328088 -0.944647 0
    outer loop
      vertex -4.8613 40.4352 3
      vertex -5.04442 40.3716 2
      vertex -4.8613 40.4352 2
    endloop
  endfacet
  facet normal 0.435067 -0.900398 0
    outer loop
      vertex -5.21371 40.2898 2
      vertex -5.04442 40.3716 3
      vertex -5.21371 40.2898 3
    endloop
  endfacet
  facet normal 0.435067 -0.900398 0
    outer loop
      vertex -5.04442 40.3716 3
      vertex -5.21371 40.2898 2
      vertex -5.04442 40.3716 2
    endloop
  endfacet
  facet normal 0.54087 -0.841106 0
    outer loop
      vertex -5.36922 40.1898 2
      vertex -5.21371 40.2898 3
      vertex -5.36922 40.1898 3
    endloop
  endfacet
  facet normal 0.54087 -0.841106 0
    outer loop
      vertex -5.21371 40.2898 3
      vertex -5.36922 40.1898 2
      vertex -5.21371 40.2898 2
    endloop
  endfacet
  facet normal 0.640637 -0.767844 0
    outer loop
      vertex -5.51089 40.0716 2
      vertex -5.36922 40.1898 3
      vertex -5.51089 40.0716 3
    endloop
  endfacet
  facet normal 0.640637 -0.767844 0
    outer loop
      vertex -5.36922 40.1898 3
      vertex -5.51089 40.0716 2
      vertex -5.36922 40.1898 2
    endloop
  endfacet
  facet normal 0.729551 -0.683927 0
    outer loop
      vertex -5.63876 39.9352 3
      vertex -5.51089 40.0716 2
      vertex -5.51089 40.0716 3
    endloop
  endfacet
  facet normal 0.729551 -0.683927 0
    outer loop
      vertex -5.51089 40.0716 2
      vertex -5.63876 39.9352 3
      vertex -5.63876 39.9352 2
    endloop
  endfacet
  facet normal 0.804722 -0.593652 0
    outer loop
      vertex -5.75281 39.7806 3
      vertex -5.63876 39.9352 2
      vertex -5.63876 39.9352 3
    endloop
  endfacet
  facet normal 0.804722 -0.593652 0
    outer loop
      vertex -5.63876 39.9352 2
      vertex -5.75281 39.7806 3
      vertex -5.75281 39.7806 2
    endloop
  endfacet
  facet normal 0.86293 -0.505323 0
    outer loop
      vertex -5.854 39.6078 3
      vertex -5.75281 39.7806 2
      vertex -5.75281 39.7806 3
    endloop
  endfacet
  facet normal 0.86293 -0.505323 0
    outer loop
      vertex -5.75281 39.7806 2
      vertex -5.854 39.6078 3
      vertex -5.854 39.6078 2
    endloop
  endfacet
  facet normal 0.905965 -0.423353 0
    outer loop
      vertex -5.9433 39.4167 3
      vertex -5.854 39.6078 2
      vertex -5.854 39.6078 3
    endloop
  endfacet
  facet normal 0.905965 -0.423353 0
    outer loop
      vertex -5.854 39.6078 2
      vertex -5.9433 39.4167 3
      vertex -5.9433 39.4167 2
    endloop
  endfacet
  facet normal 0.937951 -0.346768 0
    outer loop
      vertex -6.02068 39.2074 3
      vertex -5.9433 39.4167 2
      vertex -5.9433 39.4167 3
    endloop
  endfacet
  facet normal 0.937951 -0.346768 0
    outer loop
      vertex -5.9433 39.4167 2
      vertex -6.02068 39.2074 3
      vertex -6.02068 39.2074 2
    endloop
  endfacet
  facet normal 0.961062 -0.276332 0
    outer loop
      vertex -6.08615 38.9797 3
      vertex -6.02068 39.2074 2
      vertex -6.02068 39.2074 3
    endloop
  endfacet
  facet normal 0.961062 -0.276332 0
    outer loop
      vertex -6.02068 39.2074 2
      vertex -6.08615 38.9797 3
      vertex -6.08615 38.9797 2
    endloop
  endfacet
  facet normal 0.977083 -0.21286 0
    outer loop
      vertex -6.13972 38.7338 3
      vertex -6.08615 38.9797 2
      vertex -6.08615 38.9797 3
    endloop
  endfacet
  facet normal 0.977083 -0.21286 0
    outer loop
      vertex -6.08615 38.9797 2
      vertex -6.13972 38.7338 3
      vertex -6.13972 38.7338 2
    endloop
  endfacet
  facet normal 0.987784 -0.155832 0
    outer loop
      vertex -6.1814 38.4696 3
      vertex -6.13972 38.7338 2
      vertex -6.13972 38.7338 3
    endloop
  endfacet
  facet normal 0.987784 -0.155832 0
    outer loop
      vertex -6.13972 38.7338 2
      vertex -6.1814 38.4696 3
      vertex -6.1814 38.4696 2
    endloop
  endfacet
  facet normal 0.994493 -0.1048 0
    outer loop
      vertex -6.21117 38.1871 3
      vertex -6.1814 38.4696 2
      vertex -6.1814 38.4696 3
    endloop
  endfacet
  facet normal 0.994493 -0.1048 0
    outer loop
      vertex -6.1814 38.4696 2
      vertex -6.21117 38.1871 3
      vertex -6.21117 38.1871 2
    endloop
  endfacet
  facet normal 0.998244 -0.0592375 0
    outer loop
      vertex -6.22902 37.8863 3
      vertex -6.21117 38.1871 2
      vertex -6.21117 38.1871 3
    endloop
  endfacet
  facet normal 0.998244 -0.0592375 0
    outer loop
      vertex -6.21117 38.1871 2
      vertex -6.22902 37.8863 3
      vertex -6.22902 37.8863 2
    endloop
  endfacet
  facet normal 0.999826 -0.018643 0
    outer loop
      vertex -6.23497 37.5672 3
      vertex -6.22902 37.8863 2
      vertex -6.22902 37.8863 3
    endloop
  endfacet
  facet normal 0.999826 -0.018643 0
    outer loop
      vertex -6.22902 37.8863 2
      vertex -6.23497 37.5672 3
      vertex -6.23497 37.5672 2
    endloop
  endfacet
  facet normal 0.999808 0.0196185 0
    outer loop
      vertex -6.22884 37.2548 3
      vertex -6.23497 37.5672 2
      vertex -6.23497 37.5672 3
    endloop
  endfacet
  facet normal 0.999808 0.0196185 0
    outer loop
      vertex -6.23497 37.5672 2
      vertex -6.22884 37.2548 3
      vertex -6.22884 37.2548 2
    endloop
  endfacet
  facet normal 0.99807 0.0621006 0
    outer loop
      vertex -6.21046 36.9594 3
      vertex -6.22884 37.2548 2
      vertex -6.22884 37.2548 3
    endloop
  endfacet
  facet normal 0.99807 0.0621006 0
    outer loop
      vertex -6.22884 37.2548 2
      vertex -6.21046 36.9594 3
      vertex -6.21046 36.9594 2
    endloop
  endfacet
  facet normal 0.993994 0.109436 0
    outer loop
      vertex -6.17982 36.6811 3
      vertex -6.21046 36.9594 2
      vertex -6.21046 36.9594 3
    endloop
  endfacet
  facet normal 0.993994 0.109436 0
    outer loop
      vertex -6.21046 36.9594 2
      vertex -6.17982 36.6811 3
      vertex -6.17982 36.6811 2
    endloop
  endfacet
  facet normal 0.986779 0.162071 0
    outer loop
      vertex -6.13692 36.4199 3
      vertex -6.17982 36.6811 2
      vertex -6.17982 36.6811 3
    endloop
  endfacet
  facet normal 0.986779 0.162071 0
    outer loop
      vertex -6.17982 36.6811 2
      vertex -6.13692 36.4199 3
      vertex -6.13692 36.4199 2
    endloop
  endfacet
  facet normal 0.975415 0.220377 0
    outer loop
      vertex -6.08177 36.1758 3
      vertex -6.13692 36.4199 2
      vertex -6.13692 36.4199 3
    endloop
  endfacet
  facet normal 0.975415 0.220377 0
    outer loop
      vertex -6.13692 36.4199 2
      vertex -6.08177 36.1758 3
      vertex -6.08177 36.1758 2
    endloop
  endfacet
  facet normal 0.958625 0.284673 0
    outer loop
      vertex -6.01436 35.9488 3
      vertex -6.08177 36.1758 2
      vertex -6.08177 36.1758 3
    endloop
  endfacet
  facet normal 0.958625 0.284673 0
    outer loop
      vertex -6.08177 36.1758 2
      vertex -6.01436 35.9488 3
      vertex -6.01436 35.9488 2
    endloop
  endfacet
  facet normal 0.934976 0.354712 0
    outer loop
      vertex -5.93469 35.7388 3
      vertex -6.01436 35.9488 2
      vertex -6.01436 35.9488 3
    endloop
  endfacet
  facet normal 0.934976 0.354712 0
    outer loop
      vertex -6.01436 35.9488 2
      vertex -5.93469 35.7388 3
      vertex -5.93469 35.7388 2
    endloop
  endfacet
  facet normal 0.902746 0.430173 0
    outer loop
      vertex -5.84277 35.5459 3
      vertex -5.93469 35.7388 2
      vertex -5.93469 35.7388 3
    endloop
  endfacet
  facet normal 0.902746 0.430173 0
    outer loop
      vertex -5.93469 35.7388 2
      vertex -5.84277 35.5459 3
      vertex -5.84277 35.5459 2
    endloop
  endfacet
  facet normal 0.860287 0.50981 0
    outer loop
      vertex -5.73859 35.3701 3
      vertex -5.84277 35.5459 2
      vertex -5.84277 35.5459 3
    endloop
  endfacet
  facet normal 0.860287 0.50981 0
    outer loop
      vertex -5.84277 35.5459 2
      vertex -5.73859 35.3701 3
      vertex -5.73859 35.3701 2
    endloop
  endfacet
  facet normal 0.805156 0.593063 0
    outer loop
      vertex -5.62221 35.2121 3
      vertex -5.73859 35.3701 2
      vertex -5.73859 35.3701 3
    endloop
  endfacet
  facet normal 0.805156 0.593063 0
    outer loop
      vertex -5.73859 35.3701 2
      vertex -5.62221 35.2121 3
      vertex -5.62221 35.2121 2
    endloop
  endfacet
  facet normal 0.735163 0.67789 0
    outer loop
      vertex -5.49367 35.0727 3
      vertex -5.62221 35.2121 2
      vertex -5.62221 35.2121 3
    endloop
  endfacet
  facet normal 0.735163 0.67789 0
    outer loop
      vertex -5.62221 35.2121 2
      vertex -5.49367 35.0727 3
      vertex -5.49367 35.0727 2
    endloop
  endfacet
  facet normal 0.651413 0.758723 -0
    outer loop
      vertex -5.35297 34.9519 2
      vertex -5.49367 35.0727 3
      vertex -5.35297 34.9519 3
    endloop
  endfacet
  facet normal 0.651413 0.758723 0
    outer loop
      vertex -5.49367 35.0727 3
      vertex -5.35297 34.9519 2
      vertex -5.49367 35.0727 2
    endloop
  endfacet
  facet normal 0.555779 0.83133 -0
    outer loop
      vertex -5.2001 34.8497 2
      vertex -5.35297 34.9519 3
      vertex -5.2001 34.8497 3
    endloop
  endfacet
  facet normal 0.555779 0.83133 0
    outer loop
      vertex -5.35297 34.9519 3
      vertex -5.2001 34.8497 2
      vertex -5.35297 34.9519 2
    endloop
  endfacet
  facet normal 0.451965 0.892036 -0
    outer loop
      vertex -5.0351 34.7661 2
      vertex -5.2001 34.8497 3
      vertex -5.0351 34.7661 3
    endloop
  endfacet
  facet normal 0.451965 0.892036 0
    outer loop
      vertex -5.2001 34.8497 3
      vertex -5.0351 34.7661 2
      vertex -5.2001 34.8497 2
    endloop
  endfacet
  facet normal 0.344897 0.93864 -0
    outer loop
      vertex -4.85793 34.701 2
      vertex -5.0351 34.7661 3
      vertex -4.85793 34.701 3
    endloop
  endfacet
  facet normal 0.344897 0.93864 0
    outer loop
      vertex -5.0351 34.7661 3
      vertex -4.85793 34.701 2
      vertex -5.0351 34.7661 2
    endloop
  endfacet
  facet normal 0.238019 0.971261 -0
    outer loop
      vertex -4.66859 34.6546 2
      vertex -4.85793 34.701 3
      vertex -4.66859 34.6546 3
    endloop
  endfacet
  facet normal 0.238019 0.971261 0
    outer loop
      vertex -4.85793 34.701 3
      vertex -4.66859 34.6546 2
      vertex -4.85793 34.701 2
    endloop
  endfacet
  facet normal 0.137173 0.990547 -0
    outer loop
      vertex -4.46712 34.6267 2
      vertex -4.66859 34.6546 3
      vertex -4.46712 34.6267 3
    endloop
  endfacet
  facet normal 0.137173 0.990547 0
    outer loop
      vertex -4.66859 34.6546 3
      vertex -4.46712 34.6267 2
      vertex -4.66859 34.6546 2
    endloop
  endfacet
  facet normal 0.0434859 0.999054 -0
    outer loop
      vertex -4.25346 34.6174 2
      vertex -4.46712 34.6267 3
      vertex -4.25346 34.6174 3
    endloop
  endfacet
  facet normal 0.0434859 0.999054 0
    outer loop
      vertex -4.46712 34.6267 3
      vertex -4.25346 34.6174 2
      vertex -4.46712 34.6267 2
    endloop
  endfacet
  facet normal -0.0434697 0.999055 0
    outer loop
      vertex -4.03972 34.6267 2
      vertex -4.25346 34.6174 3
      vertex -4.03972 34.6267 3
    endloop
  endfacet
  facet normal -0.0434697 0.999055 0
    outer loop
      vertex -4.25346 34.6174 3
      vertex -4.03972 34.6267 2
      vertex -4.25346 34.6174 2
    endloop
  endfacet
  facet normal -0.156826 -0.987626 0
    outer loop
      vertex -4.51732 35.2434 2
      vertex -4.3857 35.2225 3
      vertex -4.51732 35.2434 3
    endloop
  endfacet
  facet normal -0.156826 -0.987626 -0
    outer loop
      vertex -4.3857 35.2225 3
      vertex -4.51732 35.2434 2
      vertex -4.3857 35.2225 2
    endloop
  endfacet
  facet normal -0.273088 -0.961989 0
    outer loop
      vertex -4.64026 35.2783 2
      vertex -4.51732 35.2434 3
      vertex -4.64026 35.2783 3
    endloop
  endfacet
  facet normal -0.273088 -0.961989 -0
    outer loop
      vertex -4.51732 35.2434 3
      vertex -4.64026 35.2783 2
      vertex -4.51732 35.2434 2
    endloop
  endfacet
  facet normal -0.393453 -0.919345 0
    outer loop
      vertex -4.75452 35.3272 2
      vertex -4.64026 35.2783 3
      vertex -4.75452 35.3272 3
    endloop
  endfacet
  facet normal -0.393453 -0.919345 -0
    outer loop
      vertex -4.64026 35.2783 3
      vertex -4.75452 35.3272 2
      vertex -4.64026 35.2783 2
    endloop
  endfacet
  facet normal -0.511283 -0.859412 0
    outer loop
      vertex -4.86008 35.39 2
      vertex -4.75452 35.3272 3
      vertex -4.86008 35.39 3
    endloop
  endfacet
  facet normal -0.511283 -0.859412 -0
    outer loop
      vertex -4.75452 35.3272 3
      vertex -4.86008 35.39 2
      vertex -4.75452 35.3272 2
    endloop
  endfacet
  facet normal -0.621295 -0.783576 0
    outer loop
      vertex -4.95694 35.4668 2
      vertex -4.86008 35.39 3
      vertex -4.95694 35.4668 3
    endloop
  endfacet
  facet normal -0.621295 -0.783576 -0
    outer loop
      vertex -4.86008 35.39 3
      vertex -4.95694 35.4668 2
      vertex -4.86008 35.39 2
    endloop
  endfacet
  facet normal -0.717381 -0.696681 0
    outer loop
      vertex -4.95694 35.4668 2
      vertex -5.04512 35.5576 3
      vertex -5.04512 35.5576 2
    endloop
  endfacet
  facet normal -0.717381 -0.696681 0
    outer loop
      vertex -5.04512 35.5576 3
      vertex -4.95694 35.4668 2
      vertex -4.95694 35.4668 3
    endloop
  endfacet
  facet normal -0.796426 -0.604736 0
    outer loop
      vertex -5.04512 35.5576 2
      vertex -5.12462 35.6623 3
      vertex -5.12462 35.6623 2
    endloop
  endfacet
  facet normal -0.796426 -0.604736 0
    outer loop
      vertex -5.12462 35.6623 3
      vertex -5.04512 35.5576 2
      vertex -5.04512 35.5576 3
    endloop
  endfacet
  facet normal -0.858894 -0.512153 0
    outer loop
      vertex -5.12462 35.6623 2
      vertex -5.1954 35.781 3
      vertex -5.1954 35.781 2
    endloop
  endfacet
  facet normal -0.858894 -0.512153 0
    outer loop
      vertex -5.1954 35.781 3
      vertex -5.12462 35.6623 2
      vertex -5.12462 35.6623 3
    endloop
  endfacet
  facet normal -0.9053 -0.424774 0
    outer loop
      vertex -5.1954 35.781 2
      vertex -5.25818 35.9148 3
      vertex -5.25818 35.9148 2
    endloop
  endfacet
  facet normal -0.9053 -0.424774 0
    outer loop
      vertex -5.25818 35.9148 3
      vertex -5.1954 35.781 2
      vertex -5.1954 35.781 3
    endloop
  endfacet
  facet normal -0.938051 -0.346497 0
    outer loop
      vertex -5.25818 35.9148 2
      vertex -5.31355 36.0647 3
      vertex -5.31355 36.0647 2
    endloop
  endfacet
  facet normal -0.938051 -0.346497 0
    outer loop
      vertex -5.31355 36.0647 3
      vertex -5.25818 35.9148 2
      vertex -5.25818 35.9148 3
    endloop
  endfacet
  facet normal -0.96075 -0.277415 0
    outer loop
      vertex -5.31355 36.0647 2
      vertex -5.36154 36.2309 3
      vertex -5.36154 36.2309 2
    endloop
  endfacet
  facet normal -0.96075 -0.277415 0
    outer loop
      vertex -5.36154 36.2309 3
      vertex -5.31355 36.0647 2
      vertex -5.31355 36.0647 3
    endloop
  endfacet
  facet normal -0.976063 -0.217486 0
    outer loop
      vertex -5.36154 36.2309 2
      vertex -5.40216 36.4132 3
      vertex -5.40216 36.4132 2
    endloop
  endfacet
  facet normal -0.976063 -0.217486 0
    outer loop
      vertex -5.40216 36.4132 3
      vertex -5.36154 36.2309 2
      vertex -5.36154 36.2309 3
    endloop
  endfacet
  facet normal -0.98627 -0.165141 0
    outer loop
      vertex -5.40216 36.4132 2
      vertex -5.43538 36.6116 3
      vertex -5.43538 36.6116 2
    endloop
  endfacet
  facet normal -0.98627 -0.165141 0
    outer loop
      vertex -5.43538 36.6116 3
      vertex -5.40216 36.4132 2
      vertex -5.40216 36.4132 3
    endloop
  endfacet
  facet normal -0.99283 -0.119537 0
    outer loop
      vertex -5.43538 36.6116 2
      vertex -5.46123 36.8263 3
      vertex -5.46123 36.8263 2
    endloop
  endfacet
  facet normal -0.99283 -0.119537 0
    outer loop
      vertex -5.46123 36.8263 3
      vertex -5.43538 36.6116 2
      vertex -5.43538 36.6116 3
    endloop
  endfacet
  facet normal -0.996817 -0.0797281 0
    outer loop
      vertex -5.46123 36.8263 2
      vertex -5.47969 37.0571 3
      vertex -5.47969 37.0571 2
    endloop
  endfacet
  facet normal -0.996817 -0.0797281 0
    outer loop
      vertex -5.47969 37.0571 3
      vertex -5.46123 36.8263 2
      vertex -5.46123 36.8263 3
    endloop
  endfacet
  facet normal -0.998999 -0.0447325 0
    outer loop
      vertex -5.47969 37.0571 2
      vertex -5.49075 37.3041 3
      vertex -5.49075 37.3041 2
    endloop
  endfacet
  facet normal -0.998999 -0.0447325 0
    outer loop
      vertex -5.49075 37.3041 3
      vertex -5.47969 37.0571 2
      vertex -5.47969 37.0571 3
    endloop
  endfacet
  facet normal -0.999901 -0.0140617 0
    outer loop
      vertex -5.49075 37.3041 2
      vertex -5.49445 37.5672 3
      vertex -5.49445 37.5672 2
    endloop
  endfacet
  facet normal -0.999901 -0.0140617 0
    outer loop
      vertex -5.49445 37.5672 3
      vertex -5.49075 37.3041 2
      vertex -5.49075 37.3041 3
    endloop
  endfacet
  facet normal -0.99991 0.0134454 0
    outer loop
      vertex -5.49445 37.5672 2
      vertex -5.49081 37.8379 3
      vertex -5.49081 37.8379 2
    endloop
  endfacet
  facet normal -0.99991 0.0134454 0
    outer loop
      vertex -5.49081 37.8379 3
      vertex -5.49445 37.5672 2
      vertex -5.49445 37.5672 3
    endloop
  endfacet
  facet normal -0.999071 0.0431049 0
    outer loop
      vertex -5.49081 37.8379 2
      vertex -5.47989 38.091 3
      vertex -5.47989 38.091 2
    endloop
  endfacet
  facet normal -0.999071 0.0431049 0
    outer loop
      vertex -5.47989 38.091 3
      vertex -5.49081 37.8379 2
      vertex -5.49081 37.8379 3
    endloop
  endfacet
  facet normal -0.997032 0.0769876 0
    outer loop
      vertex -5.47989 38.091 2
      vertex -5.46169 38.3267 3
      vertex -5.46169 38.3267 2
    endloop
  endfacet
  facet normal -0.997032 0.0769876 0
    outer loop
      vertex -5.46169 38.3267 3
      vertex -5.47989 38.091 2
      vertex -5.47989 38.091 3
    endloop
  endfacet
  facet normal -0.99324 0.116075 0
    outer loop
      vertex -5.46169 38.3267 2
      vertex -5.43619 38.5449 3
      vertex -5.43619 38.5449 2
    endloop
  endfacet
  facet normal -0.99324 0.116075 0
    outer loop
      vertex -5.43619 38.5449 3
      vertex -5.46169 38.3267 2
      vertex -5.46169 38.3267 3
    endloop
  endfacet
  facet normal -0.986923 0.161193 0
    outer loop
      vertex -5.43619 38.5449 2
      vertex -5.40341 38.7456 3
      vertex -5.40341 38.7456 2
    endloop
  endfacet
  facet normal -0.986923 0.161193 0
    outer loop
      vertex -5.40341 38.7456 3
      vertex -5.43619 38.5449 2
      vertex -5.43619 38.5449 3
    endloop
  endfacet
  facet normal -0.976952 0.213458 0
    outer loop
      vertex -5.40341 38.7456 2
      vertex -5.36336 38.9289 3
      vertex -5.36336 38.9289 2
    endloop
  endfacet
  facet normal -0.976952 0.213458 0
    outer loop
      vertex -5.36336 38.9289 3
      vertex -5.40341 38.7456 2
      vertex -5.40341 38.7456 3
    endloop
  endfacet
  facet normal -0.961528 0.274706 0
    outer loop
      vertex -5.36336 38.9289 2
      vertex -5.31602 39.0946 3
      vertex -5.31602 39.0946 2
    endloop
  endfacet
  facet normal -0.961528 0.274706 0
    outer loop
      vertex -5.31602 39.0946 3
      vertex -5.36336 38.9289 2
      vertex -5.36336 38.9289 3
    endloop
  endfacet
  facet normal -0.938378 0.345612 0
    outer loop
      vertex -5.31602 39.0946 2
      vertex -5.2614 39.2429 3
      vertex -5.2614 39.2429 2
    endloop
  endfacet
  facet normal -0.938378 0.345612 0
    outer loop
      vertex -5.2614 39.2429 3
      vertex -5.31602 39.0946 2
      vertex -5.31602 39.0946 3
    endloop
  endfacet
  facet normal -0.903866 0.427816 0
    outer loop
      vertex -5.2614 39.2429 2
      vertex -5.19949 39.3737 3
      vertex -5.19949 39.3737 2
    endloop
  endfacet
  facet normal -0.903866 0.427816 0
    outer loop
      vertex -5.19949 39.3737 3
      vertex -5.2614 39.2429 2
      vertex -5.2614 39.2429 3
    endloop
  endfacet
  facet normal -0.853977 0.520311 0
    outer loop
      vertex -5.19949 39.3737 2
      vertex -5.12924 39.489 3
      vertex -5.12924 39.489 2
    endloop
  endfacet
  facet normal -0.853977 0.520311 0
    outer loop
      vertex -5.12924 39.489 3
      vertex -5.19949 39.3737 2
      vertex -5.19949 39.3737 3
    endloop
  endfacet
  facet normal -0.787284 0.61659 0
    outer loop
      vertex -5.12924 39.489 2
      vertex -5.04959 39.5907 3
      vertex -5.04959 39.5907 2
    endloop
  endfacet
  facet normal -0.787284 0.61659 0
    outer loop
      vertex -5.04959 39.5907 3
      vertex -5.12924 39.489 2
      vertex -5.12924 39.489 3
    endloop
  endfacet
  facet normal -0.703708 0.71049 0
    outer loop
      vertex -4.96054 39.6789 2
      vertex -5.04959 39.5907 3
      vertex -4.96054 39.6789 3
    endloop
  endfacet
  facet normal -0.703708 0.71049 0
    outer loop
      vertex -5.04959 39.5907 3
      vertex -4.96054 39.6789 2
      vertex -5.04959 39.5907 2
    endloop
  endfacet
  facet normal -0.604021 0.796968 0
    outer loop
      vertex -4.86211 39.7535 2
      vertex -4.96054 39.6789 3
      vertex -4.86211 39.7535 3
    endloop
  endfacet
  facet normal -0.604021 0.796968 0
    outer loop
      vertex -4.96054 39.6789 3
      vertex -4.86211 39.7535 2
      vertex -4.96054 39.6789 2
    endloop
  endfacet
  facet normal -0.492414 0.870361 0
    outer loop
      vertex -4.75429 39.8145 2
      vertex -4.86211 39.7535 3
      vertex -4.75429 39.8145 3
    endloop
  endfacet
  facet normal -0.492414 0.870361 0
    outer loop
      vertex -4.86211 39.7535 3
      vertex -4.75429 39.8145 2
      vertex -4.86211 39.7535 2
    endloop
  endfacet
  facet normal -0.375558 0.926799 0
    outer loop
      vertex -4.63707 39.862 2
      vertex -4.75429 39.8145 3
      vertex -4.63707 39.862 3
    endloop
  endfacet
  facet normal -0.375558 0.926799 0
    outer loop
      vertex -4.75429 39.8145 3
      vertex -4.63707 39.862 2
      vertex -4.75429 39.8145 2
    endloop
  endfacet
  facet normal -0.258622 0.965979 0
    outer loop
      vertex -4.51045 39.8959 2
      vertex -4.63707 39.862 3
      vertex -4.51045 39.8959 3
    endloop
  endfacet
  facet normal -0.258622 0.965979 0
    outer loop
      vertex -4.63707 39.862 3
      vertex -4.51045 39.8959 2
      vertex -4.63707 39.862 2
    endloop
  endfacet
  facet normal -0.147629 0.989043 0
    outer loop
      vertex -4.37445 39.9162 2
      vertex -4.51045 39.8959 3
      vertex -4.37445 39.9162 3
    endloop
  endfacet
  facet normal -0.147629 0.989043 0
    outer loop
      vertex -4.51045 39.8959 3
      vertex -4.37445 39.9162 2
      vertex -4.51045 39.8959 2
    endloop
  endfacet
  facet normal -0.0467165 0.998908 0
    outer loop
      vertex -4.22905 39.923 2
      vertex -4.37445 39.9162 3
      vertex -4.22905 39.923 3
    endloop
  endfacet
  facet normal -0.0467165 0.998908 0
    outer loop
      vertex -4.37445 39.9162 3
      vertex -4.22905 39.923 2
      vertex -4.37445 39.9162 2
    endloop
  endfacet
  facet normal 0.0485752 0.99882 -0
    outer loop
      vertex -4.08717 39.9161 2
      vertex -4.22905 39.923 3
      vertex -4.08717 39.9161 3
    endloop
  endfacet
  facet normal 0.0485752 0.99882 0
    outer loop
      vertex -4.22905 39.923 3
      vertex -4.08717 39.9161 2
      vertex -4.22905 39.923 2
    endloop
  endfacet
  facet normal 0.153434 0.988159 -0
    outer loop
      vertex -3.9545 39.8955 2
      vertex -4.08717 39.9161 3
      vertex -3.9545 39.8955 3
    endloop
  endfacet
  facet normal 0.153434 0.988159 0
    outer loop
      vertex -4.08717 39.9161 3
      vertex -3.9545 39.8955 2
      vertex -4.08717 39.9161 2
    endloop
  endfacet
  facet normal 0.268348 0.963322 -0
    outer loop
      vertex -3.83101 39.8611 2
      vertex -3.9545 39.8955 3
      vertex -3.83101 39.8611 3
    endloop
  endfacet
  facet normal 0.268348 0.963322 0
    outer loop
      vertex -3.9545 39.8955 3
      vertex -3.83101 39.8611 2
      vertex -3.9545 39.8955 2
    endloop
  endfacet
  facet normal 0.38859 0.921411 -0
    outer loop
      vertex -3.71672 39.8129 2
      vertex -3.83101 39.8611 3
      vertex -3.71672 39.8129 3
    endloop
  endfacet
  facet normal 0.38859 0.921411 0
    outer loop
      vertex -3.83101 39.8611 3
      vertex -3.71672 39.8129 2
      vertex -3.83101 39.8611 2
    endloop
  endfacet
  facet normal 0.507414 0.861702 -0
    outer loop
      vertex -3.6116 39.751 2
      vertex -3.71672 39.8129 3
      vertex -3.6116 39.751 3
    endloop
  endfacet
  facet normal 0.507414 0.861702 0
    outer loop
      vertex -3.71672 39.8129 3
      vertex -3.6116 39.751 2
      vertex -3.71672 39.8129 2
    endloop
  endfacet
  facet normal 0.619551 0.784956 -0
    outer loop
      vertex -3.51569 39.6753 2
      vertex -3.6116 39.751 3
      vertex -3.51569 39.6753 3
    endloop
  endfacet
  facet normal 0.619551 0.784956 0
    outer loop
      vertex -3.6116 39.751 3
      vertex -3.51569 39.6753 2
      vertex -3.6116 39.751 2
    endloop
  endfacet
  facet normal 0.718173 0.695865 0
    outer loop
      vertex -3.42897 39.5858 3
      vertex -3.51569 39.6753 2
      vertex -3.51569 39.6753 3
    endloop
  endfacet
  facet normal 0.718173 0.695865 0
    outer loop
      vertex -3.51569 39.6753 2
      vertex -3.42897 39.5858 3
      vertex -3.42897 39.5858 2
    endloop
  endfacet
  facet normal 0.799516 0.600644 0
    outer loop
      vertex -3.35144 39.4826 3
      vertex -3.42897 39.5858 2
      vertex -3.42897 39.5858 3
    endloop
  endfacet
  facet normal 0.799516 0.600644 0
    outer loop
      vertex -3.42897 39.5858 2
      vertex -3.35144 39.4826 3
      vertex -3.35144 39.4826 2
    endloop
  endfacet
  facet normal 0.86349 0.504367 0
    outer loop
      vertex -3.2831 39.3656 3
      vertex -3.35144 39.4826 2
      vertex -3.35144 39.4826 3
    endloop
  endfacet
  facet normal 0.86349 0.504367 0
    outer loop
      vertex -3.35144 39.4826 2
      vertex -3.2831 39.3656 3
      vertex -3.2831 39.3656 2
    endloop
  endfacet
  facet normal 0.910176 0.414223 0
    outer loop
      vertex -3.22289 39.2333 3
      vertex -3.2831 39.3656 2
      vertex -3.2831 39.3656 3
    endloop
  endfacet
  facet normal 0.910176 0.414223 0
    outer loop
      vertex -3.2831 39.3656 2
      vertex -3.22289 39.2333 3
      vertex -3.22289 39.2333 2
    endloop
  endfacet
  facet normal 0.942073 0.335408 0
    outer loop
      vertex -3.16977 39.0841 3
      vertex -3.22289 39.2333 2
      vertex -3.22289 39.2333 3
    endloop
  endfacet
  facet normal 0.942073 0.335408 0
    outer loop
      vertex -3.22289 39.2333 2
      vertex -3.16977 39.0841 3
      vertex -3.16977 39.0841 2
    endloop
  endfacet
  facet normal 0.963651 0.267165 0
    outer loop
      vertex -3.12372 38.918 3
      vertex -3.16977 39.0841 2
      vertex -3.16977 39.0841 3
    endloop
  endfacet
  facet normal 0.963651 0.267165 0
    outer loop
      vertex -3.16977 39.0841 2
      vertex -3.12372 38.918 3
      vertex -3.12372 38.918 2
    endloop
  endfacet
  facet normal 0.978057 0.208338 0
    outer loop
      vertex -3.08476 38.7351 3
      vertex -3.12372 38.918 2
      vertex -3.12372 38.918 3
    endloop
  endfacet
  facet normal 0.978057 0.208338 0
    outer loop
      vertex -3.12372 38.918 2
      vertex -3.08476 38.7351 3
      vertex -3.08476 38.7351 2
    endloop
  endfacet
  facet normal 0.987516 0.157518 0
    outer loop
      vertex -3.05289 38.5353 3
      vertex -3.08476 38.7351 2
      vertex -3.08476 38.7351 3
    endloop
  endfacet
  facet normal 0.987516 0.157518 0
    outer loop
      vertex -3.08476 38.7351 2
      vertex -3.05289 38.5353 3
      vertex -3.05289 38.5353 2
    endloop
  endfacet
  facet normal 0.993525 0.113611 0
    outer loop
      vertex -3.02811 38.3186 3
      vertex -3.05289 38.5353 2
      vertex -3.05289 38.5353 3
    endloop
  endfacet
  facet normal 0.993525 0.113611 0
    outer loop
      vertex -3.05289 38.5353 2
      vertex -3.02811 38.3186 3
      vertex -3.02811 38.3186 2
    endloop
  endfacet
  facet normal 0.997135 0.0756389 0
    outer loop
      vertex -3.01039 38.085 3
      vertex -3.02811 38.3186 2
      vertex -3.02811 38.3186 3
    endloop
  endfacet
  facet normal 0.997135 0.0756389 0
    outer loop
      vertex -3.02811 38.3186 2
      vertex -3.01039 38.085 3
      vertex -3.01039 38.085 2
    endloop
  endfacet
  facet normal 0.999103 0.0423572 0
    outer loop
      vertex -2.99977 37.8345 3
      vertex -3.01039 38.085 2
      vertex -3.01039 38.085 3
    endloop
  endfacet
  facet normal 0.999103 0.0423572 0
    outer loop
      vertex -3.01039 38.085 2
      vertex -2.99977 37.8345 3
      vertex -2.99977 37.8345 2
    endloop
  endfacet
  facet normal 0.999912 0.0132424 0
    outer loop
      vertex -2.99623 37.5672 3
      vertex -2.99977 37.8345 2
      vertex -2.99977 37.8345 3
    endloop
  endfacet
  facet normal 0.999912 0.0132424 0
    outer loop
      vertex -2.99977 37.8345 2
      vertex -2.99623 37.5672 3
      vertex -2.99623 37.5672 2
    endloop
  endfacet
  facet normal 0.999896 -0.0144115 0
    outer loop
      vertex -2.99995 37.3091 3
      vertex -2.99623 37.5672 2
      vertex -2.99623 37.5672 3
    endloop
  endfacet
  facet normal 0.999896 -0.0144115 0
    outer loop
      vertex -2.99623 37.5672 2
      vertex -2.99995 37.3091 3
      vertex -2.99995 37.3091 2
    endloop
  endfacet
  facet normal 0.998951 -0.0457955 0
    outer loop
      vertex -3.01109 37.0661 3
      vertex -2.99995 37.3091 2
      vertex -2.99995 37.3091 3
    endloop
  endfacet
  facet normal 0.998951 -0.0457955 0
    outer loop
      vertex -2.99995 37.3091 2
      vertex -3.01109 37.0661 3
      vertex -3.01109 37.0661 2
    endloop
  endfacet
  facet normal 0.996681 -0.0814073 0
    outer loop
      vertex -3.02968 36.8385 3
      vertex -3.01109 37.0661 2
      vertex -3.01109 37.0661 3
    endloop
  endfacet
  facet normal 0.996681 -0.0814073 0
    outer loop
      vertex -3.01109 37.0661 2
      vertex -3.02968 36.8385 3
      vertex -3.02968 36.8385 2
    endloop
  endfacet
  facet normal 0.992574 -0.121642 0
    outer loop
      vertex -3.05571 36.6261 3
      vertex -3.02968 36.8385 2
      vertex -3.02968 36.8385 3
    endloop
  endfacet
  facet normal 0.992574 -0.121642 0
    outer loop
      vertex -3.02968 36.8385 2
      vertex -3.05571 36.6261 3
      vertex -3.05571 36.6261 2
    endloop
  endfacet
  facet normal 0.985903 -0.167318 0
    outer loop
      vertex -3.08916 36.429 3
      vertex -3.05571 36.6261 2
      vertex -3.05571 36.6261 3
    endloop
  endfacet
  facet normal 0.985903 -0.167318 0
    outer loop
      vertex -3.05571 36.6261 2
      vertex -3.08916 36.429 3
      vertex -3.08916 36.429 2
    endloop
  endfacet
  facet normal 0.975653 -0.219321 0
    outer loop
      vertex -3.13005 36.2471 3
      vertex -3.08916 36.429 2
      vertex -3.08916 36.429 3
    endloop
  endfacet
  facet normal 0.975653 -0.219321 0
    outer loop
      vertex -3.08916 36.429 2
      vertex -3.13005 36.2471 3
      vertex -3.13005 36.2471 2
    endloop
  endfacet
  facet normal 0.960391 -0.278657 0
    outer loop
      vertex -3.17836 36.0806 3
      vertex -3.13005 36.2471 2
      vertex -3.13005 36.2471 3
    endloop
  endfacet
  facet normal 0.960391 -0.278657 0
    outer loop
      vertex -3.13005 36.2471 2
      vertex -3.17836 36.0806 3
      vertex -3.17836 36.0806 2
    endloop
  endfacet
  facet normal 0.938381 -0.345602 0
    outer loop
      vertex -3.23412 35.9292 3
      vertex -3.17836 36.0806 2
      vertex -3.17836 36.0806 3
    endloop
  endfacet
  facet normal 0.938381 -0.345602 0
    outer loop
      vertex -3.17836 36.0806 2
      vertex -3.23412 35.9292 3
      vertex -3.23412 35.9292 2
    endloop
  endfacet
  facet normal 0.906863 -0.421425 0
    outer loop
      vertex -3.29732 35.7932 3
      vertex -3.23412 35.9292 2
      vertex -3.23412 35.9292 3
    endloop
  endfacet
  facet normal 0.906863 -0.421425 0
    outer loop
      vertex -3.23412 35.9292 2
      vertex -3.29732 35.7932 3
      vertex -3.29732 35.7932 2
    endloop
  endfacet
  facet normal 0.862351 -0.506311 0
    outer loop
      vertex -3.36848 35.672 3
      vertex -3.29732 35.7932 2
      vertex -3.29732 35.7932 3
    endloop
  endfacet
  facet normal 0.862351 -0.506311 0
    outer loop
      vertex -3.29732 35.7932 2
      vertex -3.36848 35.672 3
      vertex -3.36848 35.672 2
    endloop
  endfacet
  facet normal 0.801867 -0.597503 0
    outer loop
      vertex -3.44821 35.565 3
      vertex -3.36848 35.672 2
      vertex -3.36848 35.672 3
    endloop
  endfacet
  facet normal 0.801867 -0.597503 0
    outer loop
      vertex -3.36848 35.672 2
      vertex -3.44821 35.565 3
      vertex -3.44821 35.565 2
    endloop
  endfacet
  facet normal 0.724609 -0.68916 0
    outer loop
      vertex -3.53647 35.4722 3
      vertex -3.44821 35.565 2
      vertex -3.44821 35.565 3
    endloop
  endfacet
  facet normal 0.724609 -0.68916 0
    outer loop
      vertex -3.44821 35.565 2
      vertex -3.53647 35.4722 3
      vertex -3.53647 35.4722 2
    endloop
  endfacet
  facet normal 0.629383 -0.777095 0
    outer loop
      vertex -3.63327 35.3938 2
      vertex -3.53647 35.4722 3
      vertex -3.63327 35.3938 3
    endloop
  endfacet
  facet normal 0.629383 -0.777095 0
    outer loop
      vertex -3.53647 35.4722 3
      vertex -3.63327 35.3938 2
      vertex -3.53647 35.4722 2
    endloop
  endfacet
  facet normal 0.520456 -0.853888 0
    outer loop
      vertex -3.7386 35.3296 2
      vertex -3.63327 35.3938 3
      vertex -3.7386 35.3296 3
    endloop
  endfacet
  facet normal 0.520456 -0.853888 0
    outer loop
      vertex -3.63327 35.3938 3
      vertex -3.7386 35.3296 2
      vertex -3.63327 35.3938 2
    endloop
  endfacet
  facet normal 0.401342 -0.915928 0
    outer loop
      vertex -3.85248 35.2797 2
      vertex -3.7386 35.3296 3
      vertex -3.85248 35.2797 3
    endloop
  endfacet
  facet normal 0.401342 -0.915928 0
    outer loop
      vertex -3.7386 35.3296 3
      vertex -3.85248 35.2797 2
      vertex -3.7386 35.3296 2
    endloop
  endfacet
  facet normal 0.279958 -0.960012 0
    outer loop
      vertex -3.9749 35.244 2
      vertex -3.85248 35.2797 3
      vertex -3.9749 35.244 3
    endloop
  endfacet
  facet normal 0.279958 -0.960012 0
    outer loop
      vertex -3.85248 35.2797 3
      vertex -3.9749 35.244 2
      vertex -3.85248 35.2797 2
    endloop
  endfacet
  facet normal 0.161258 -0.986912 0
    outer loop
      vertex -4.10587 35.2226 2
      vertex -3.9749 35.244 3
      vertex -4.10587 35.2226 3
    endloop
  endfacet
  facet normal 0.161258 -0.986912 0
    outer loop
      vertex -3.9749 35.244 3
      vertex -4.10587 35.2226 2
      vertex -3.9749 35.244 2
    endloop
  endfacet
  facet normal 0.0508266 -0.998707 0
    outer loop
      vertex -4.24538 35.2155 2
      vertex -4.10587 35.2226 3
      vertex -4.24538 35.2155 3
    endloop
  endfacet
  facet normal 0.0508266 -0.998707 0
    outer loop
      vertex -4.10587 35.2226 3
      vertex -4.24538 35.2155 2
      vertex -4.10587 35.2226 2
    endloop
  endfacet
  facet normal -0.049824 -0.998758 0
    outer loop
      vertex -4.3857 35.2225 2
      vertex -4.24538 35.2155 3
      vertex -4.3857 35.2225 3
    endloop
  endfacet
  facet normal -0.049824 -0.998758 -0
    outer loop
      vertex -4.24538 35.2155 3
      vertex -4.3857 35.2225 2
      vertex -4.24538 35.2155 2
    endloop
  endfacet
  facet normal -0.999258 0.0385035 0
    outer loop
      vertex 4.28674 34.8744 2
      vertex 4.29346 35.0488 3
      vertex 4.29346 35.0488 2
    endloop
  endfacet
  facet normal -0.999258 0.0385035 0
    outer loop
      vertex 4.29346 35.0488 3
      vertex 4.28674 34.8744 2
      vertex 4.28674 34.8744 3
    endloop
  endfacet
  facet normal -0.997922 0.0644323 0
    outer loop
      vertex 4.29346 35.0488 2
      vertex 4.30463 35.2218 3
      vertex 4.30463 35.2218 2
    endloop
  endfacet
  facet normal -0.997922 0.0644323 0
    outer loop
      vertex 4.30463 35.2218 3
      vertex 4.29346 35.0488 2
      vertex 4.29346 35.0488 3
    endloop
  endfacet
  facet normal -0.995872 0.0907711 0
    outer loop
      vertex 4.30463 35.2218 2
      vertex 4.32028 35.3935 3
      vertex 4.32028 35.3935 2
    endloop
  endfacet
  facet normal -0.995872 0.0907711 0
    outer loop
      vertex 4.32028 35.3935 3
      vertex 4.30463 35.2218 2
      vertex 4.30463 35.2218 3
    endloop
  endfacet
  facet normal -0.993102 0.11725 0
    outer loop
      vertex 4.32028 35.3935 2
      vertex 4.34041 35.564 3
      vertex 4.34041 35.564 2
    endloop
  endfacet
  facet normal -0.993102 0.11725 0
    outer loop
      vertex 4.34041 35.564 3
      vertex 4.32028 35.3935 2
      vertex 4.32028 35.3935 3
    endloop
  endfacet
  facet normal -0.9896 0.143846 0
    outer loop
      vertex 4.34041 35.564 2
      vertex 4.36499 35.7331 3
      vertex 4.36499 35.7331 2
    endloop
  endfacet
  facet normal -0.9896 0.143846 0
    outer loop
      vertex 4.36499 35.7331 3
      vertex 4.34041 35.564 2
      vertex 4.34041 35.564 3
    endloop
  endfacet
  facet normal -0.985323 0.170699 0
    outer loop
      vertex 4.36499 35.7331 2
      vertex 4.39406 35.9009 3
      vertex 4.39406 35.9009 2
    endloop
  endfacet
  facet normal -0.985323 0.170699 0
    outer loop
      vertex 4.39406 35.9009 3
      vertex 4.36499 35.7331 2
      vertex 4.36499 35.7331 3
    endloop
  endfacet
  facet normal -0.980331 0.197361 0
    outer loop
      vertex 4.39406 35.9009 2
      vertex 4.42758 36.0674 3
      vertex 4.42758 36.0674 2
    endloop
  endfacet
  facet normal -0.980331 0.197361 0
    outer loop
      vertex 4.42758 36.0674 3
      vertex 4.39406 35.9009 2
      vertex 4.39406 35.9009 3
    endloop
  endfacet
  facet normal -0.974567 0.224097 0
    outer loop
      vertex 4.42758 36.0674 2
      vertex 4.46559 36.2327 3
      vertex 4.46559 36.2327 2
    endloop
  endfacet
  facet normal -0.974567 0.224097 0
    outer loop
      vertex 4.46559 36.2327 3
      vertex 4.42758 36.0674 2
      vertex 4.42758 36.0674 3
    endloop
  endfacet
  facet normal -0.968347 0.249608 0
    outer loop
      vertex 4.46559 36.2327 2
      vertex 4.50807 36.3975 3
      vertex 4.50807 36.3975 2
    endloop
  endfacet
  facet normal -0.968347 0.249608 0
    outer loop
      vertex 4.50807 36.3975 3
      vertex 4.46559 36.2327 2
      vertex 4.46559 36.2327 3
    endloop
  endfacet
  facet normal -0.961966 0.273168 0
    outer loop
      vertex 4.50807 36.3975 2
      vertex 4.55501 36.5628 3
      vertex 4.55501 36.5628 2
    endloop
  endfacet
  facet normal -0.961966 0.273168 0
    outer loop
      vertex 4.55501 36.5628 3
      vertex 4.50807 36.3975 2
      vertex 4.50807 36.3975 3
    endloop
  endfacet
  facet normal -0.955121 0.296214 0
    outer loop
      vertex 4.55501 36.5628 2
      vertex 4.60643 36.7286 3
      vertex 4.60643 36.7286 2
    endloop
  endfacet
  facet normal -0.955121 0.296214 0
    outer loop
      vertex 4.60643 36.7286 3
      vertex 4.55501 36.5628 2
      vertex 4.55501 36.5628 3
    endloop
  endfacet
  facet normal -0.947917 0.318518 0
    outer loop
      vertex 4.60643 36.7286 2
      vertex 4.66231 36.8949 3
      vertex 4.66231 36.8949 2
    endloop
  endfacet
  facet normal -0.947917 0.318518 0
    outer loop
      vertex 4.66231 36.8949 3
      vertex 4.60643 36.7286 2
      vertex 4.60643 36.7286 3
    endloop
  endfacet
  facet normal -0.940326 0.340276 0
    outer loop
      vertex 4.66231 36.8949 2
      vertex 4.72267 37.0617 3
      vertex 4.72267 37.0617 2
    endloop
  endfacet
  facet normal -0.940326 0.340276 0
    outer loop
      vertex 4.72267 37.0617 3
      vertex 4.66231 36.8949 2
      vertex 4.66231 36.8949 3
    endloop
  endfacet
  facet normal -0.932531 0.361091 0
    outer loop
      vertex 4.72267 37.0617 2
      vertex 4.78749 37.2291 3
      vertex 4.78749 37.2291 2
    endloop
  endfacet
  facet normal -0.932531 0.361091 0
    outer loop
      vertex 4.78749 37.2291 3
      vertex 4.72267 37.0617 2
      vertex 4.72267 37.0617 3
    endloop
  endfacet
  facet normal -0.924298 0.381672 0
    outer loop
      vertex 4.78749 37.2291 2
      vertex 4.85678 37.3969 3
      vertex 4.85678 37.3969 2
    endloop
  endfacet
  facet normal -0.924298 0.381672 0
    outer loop
      vertex 4.85678 37.3969 3
      vertex 4.78749 37.2291 2
      vertex 4.78749 37.2291 3
    endloop
  endfacet
  facet normal -0.9159 0.401407 0
    outer loop
      vertex 4.85678 37.3969 2
      vertex 4.93054 37.5652 3
      vertex 4.93054 37.5652 2
    endloop
  endfacet
  facet normal -0.9159 0.401407 0
    outer loop
      vertex 4.93054 37.5652 3
      vertex 4.85678 37.3969 2
      vertex 4.85678 37.3969 3
    endloop
  endfacet
  facet normal -0.907299 0.420486 0
    outer loop
      vertex 4.93054 37.5652 2
      vertex 5.00877 37.734 3
      vertex 5.00877 37.734 2
    endloop
  endfacet
  facet normal -0.907299 0.420486 0
    outer loop
      vertex 5.00877 37.734 3
      vertex 4.93054 37.5652 2
      vertex 4.93054 37.5652 3
    endloop
  endfacet
  facet normal -0.897037 0.441955 0
    outer loop
      vertex 5.00877 37.734 2
      vertex 5.09563 37.9103 3
      vertex 5.09563 37.9103 2
    endloop
  endfacet
  facet normal -0.897037 0.441955 0
    outer loop
      vertex 5.09563 37.9103 3
      vertex 5.00877 37.734 2
      vertex 5.00877 37.734 3
    endloop
  endfacet
  facet normal -0.886305 0.463101 0
    outer loop
      vertex 5.09563 37.9103 2
      vertex 5.19522 38.1009 3
      vertex 5.19522 38.1009 2
    endloop
  endfacet
  facet normal -0.886305 0.463101 0
    outer loop
      vertex 5.19522 38.1009 3
      vertex 5.09563 37.9103 2
      vertex 5.09563 37.9103 3
    endloop
  endfacet
  facet normal -0.876901 0.48067 0
    outer loop
      vertex 5.19522 38.1009 2
      vertex 5.30759 38.3059 3
      vertex 5.30759 38.3059 2
    endloop
  endfacet
  facet normal -0.876901 0.48067 0
    outer loop
      vertex 5.30759 38.3059 3
      vertex 5.19522 38.1009 2
      vertex 5.19522 38.1009 3
    endloop
  endfacet
  facet normal -0.868655 0.495418 0
    outer loop
      vertex 5.30759 38.3059 2
      vertex 5.43272 38.5253 3
      vertex 5.43272 38.5253 2
    endloop
  endfacet
  facet normal -0.868655 0.495418 0
    outer loop
      vertex 5.43272 38.5253 3
      vertex 5.30759 38.3059 2
      vertex 5.30759 38.3059 3
    endloop
  endfacet
  facet normal -0.861274 0.508141 0
    outer loop
      vertex 5.43272 38.5253 2
      vertex 5.5706 38.759 3
      vertex 5.5706 38.759 2
    endloop
  endfacet
  facet normal -0.861274 0.508141 0
    outer loop
      vertex 5.5706 38.759 3
      vertex 5.43272 38.5253 2
      vertex 5.43272 38.5253 3
    endloop
  endfacet
  facet normal -0.85476 0.519023 0
    outer loop
      vertex 5.5706 38.759 2
      vertex 5.72125 39.0071 3
      vertex 5.72125 39.0071 2
    endloop
  endfacet
  facet normal -0.85476 0.519023 0
    outer loop
      vertex 5.72125 39.0071 3
      vertex 5.5706 38.759 2
      vertex 5.5706 38.759 3
    endloop
  endfacet
  facet normal -0.848855 0.528626 0
    outer loop
      vertex 5.72125 39.0071 2
      vertex 5.88466 39.2695 3
      vertex 5.88466 39.2695 2
    endloop
  endfacet
  facet normal -0.848855 0.528626 0
    outer loop
      vertex 5.88466 39.2695 3
      vertex 5.72125 39.0071 2
      vertex 5.72125 39.0071 3
    endloop
  endfacet
  facet normal -0.843729 0.536769 0
    outer loop
      vertex 5.88466 39.2695 2
      vertex 6.06082 39.5464 3
      vertex 6.06082 39.5464 2
    endloop
  endfacet
  facet normal -0.843729 0.536769 0
    outer loop
      vertex 6.06082 39.5464 3
      vertex 5.88466 39.2695 2
      vertex 5.88466 39.2695 3
    endloop
  endfacet
  facet normal -0.838891 0.5443 0
    outer loop
      vertex 6.06082 39.5464 2
      vertex 6.24976 39.8376 3
      vertex 6.24976 39.8376 2
    endloop
  endfacet
  facet normal -0.838891 0.5443 0
    outer loop
      vertex 6.24976 39.8376 3
      vertex 6.06082 39.5464 2
      vertex 6.06082 39.5464 3
    endloop
  endfacet
  facet normal -1 0 0
    outer loop
      vertex 6.24976 39.8376 2
      vertex 6.24976 40.4316 3
      vertex 6.24976 40.4316 2
    endloop
  endfacet
  facet normal -1 -0 0
    outer loop
      vertex 6.24976 40.4316 3
      vertex 6.24976 39.8376 2
      vertex 6.24976 39.8376 3
    endloop
  endfacet
  facet normal 0 -1 0
    outer loop
      vertex 2.46172 40.4316 2
      vertex 6.24976 40.4316 3
      vertex 2.46172 40.4316 3
    endloop
  endfacet
  facet normal 0 -1 -0
    outer loop
      vertex 6.24976 40.4316 3
      vertex 2.46172 40.4316 2
      vertex 6.24976 40.4316 2
    endloop
  endfacet
  facet normal 1 -0 0
    outer loop
      vertex 2.46172 39.8091 3
      vertex 2.46172 40.4316 2
      vertex 2.46172 40.4316 3
    endloop
  endfacet
  facet normal 1 0 0
    outer loop
      vertex 2.46172 40.4316 2
      vertex 2.46172 39.8091 3
      vertex 2.46172 39.8091 2
    endloop
  endfacet
  facet normal 0 1 -0
    outer loop
      vertex 5.54175 39.8091 2
      vertex 2.46172 39.8091 3
      vertex 5.54175 39.8091 3
    endloop
  endfacet
  facet normal 0 1 0
    outer loop
      vertex 2.46172 39.8091 3
      vertex 5.54175 39.8091 2
      vertex 2.46172 39.8091 2
    endloop
  endfacet
  facet normal 0.828594 -0.55985 0
    outer loop
      vertex 5.30716 39.4619 3
      vertex 5.54175 39.8091 2
      vertex 5.54175 39.8091 3
    endloop
  endfacet
  facet normal 0.828594 -0.55985 0
    outer loop
      vertex 5.54175 39.8091 2
      vertex 5.30716 39.4619 3
      vertex 5.30716 39.4619 2
    endloop
  endfacet
  facet normal 0.839106 -0.543967 0
    outer loop
      vertex 5.08798 39.1238 3
      vertex 5.30716 39.4619 2
      vertex 5.30716 39.4619 3
    endloop
  endfacet
  facet normal 0.839106 -0.543967 0
    outer loop
      vertex 5.30716 39.4619 2
      vertex 5.08798 39.1238 3
      vertex 5.08798 39.1238 2
    endloop
  endfacet
  facet normal 0.850157 -0.526529 0
    outer loop
      vertex 4.88422 38.7948 3
      vertex 5.08798 39.1238 2
      vertex 5.08798 39.1238 3
    endloop
  endfacet
  facet normal 0.850157 -0.526529 0
    outer loop
      vertex 5.08798 39.1238 2
      vertex 4.88422 38.7948 3
      vertex 4.88422 38.7948 2
    endloop
  endfacet
  facet normal 0.861742 -0.507347 0
    outer loop
      vertex 4.69588 38.4749 3
      vertex 4.88422 38.7948 2
      vertex 4.88422 38.7948 3
    endloop
  endfacet
  facet normal 0.861742 -0.507347 0
    outer loop
      vertex 4.88422 38.7948 2
      vertex 4.69588 38.4749 3
      vertex 4.69588 38.4749 2
    endloop
  endfacet
  facet normal 0.873855 -0.486187 0
    outer loop
      vertex 4.52296 38.1641 3
      vertex 4.69588 38.4749 2
      vertex 4.69588 38.4749 3
    endloop
  endfacet
  facet normal 0.873855 -0.486187 0
    outer loop
      vertex 4.69588 38.4749 2
      vertex 4.52296 38.1641 3
      vertex 4.52296 38.1641 2
    endloop
  endfacet
  facet normal 0.886475 -0.462777 0
    outer loop
      vertex 4.36546 37.8624 3
      vertex 4.52296 38.1641 2
      vertex 4.52296 38.1641 3
    endloop
  endfacet
  facet normal 0.886475 -0.462777 0
    outer loop
      vertex 4.52296 38.1641 2
      vertex 4.36546 37.8624 3
      vertex 4.36546 37.8624 2
    endloop
  endfacet
  facet normal 0.899544 -0.436829 0
    outer loop
      vertex 4.22337 37.5698 3
      vertex 4.36546 37.8624 2
      vertex 4.36546 37.8624 3
    endloop
  endfacet
  facet normal 0.899544 -0.436829 0
    outer loop
      vertex 4.36546 37.8624 2
      vertex 4.22337 37.5698 3
      vertex 4.22337 37.5698 2
    endloop
  endfacet
  facet normal 0.913021 -0.407913 0
    outer loop
      vertex 4.09671 37.2863 3
      vertex 4.22337 37.5698 2
      vertex 4.22337 37.5698 3
    endloop
  endfacet
  facet normal 0.913021 -0.407913 0
    outer loop
      vertex 4.22337 37.5698 2
      vertex 4.09671 37.2863 3
      vertex 4.09671 37.2863 2
    endloop
  endfacet
  facet normal 0.926791 -0.375578 0
    outer loop
      vertex 3.98547 37.0118 3
      vertex 4.09671 37.2863 2
      vertex 4.09671 37.2863 3
    endloop
  endfacet
  facet normal 0.926791 -0.375578 0
    outer loop
      vertex 4.09671 37.2863 2
      vertex 3.98547 37.0118 3
      vertex 3.98547 37.0118 2
    endloop
  endfacet
  facet normal 0.939613 -0.342238 0
    outer loop
      vertex 3.88771 36.7434 3
      vertex 3.98547 37.0118 2
      vertex 3.98547 37.0118 3
    endloop
  endfacet
  facet normal 0.939613 -0.342238 0
    outer loop
      vertex 3.98547 37.0118 2
      vertex 3.88771 36.7434 3
      vertex 3.88771 36.7434 2
    endloop
  endfacet
  facet normal 0.951087 -0.308924 0
    outer loop
      vertex 3.80144 36.4778 3
      vertex 3.88771 36.7434 2
      vertex 3.88771 36.7434 3
    endloop
  endfacet
  facet normal 0.951087 -0.308924 0
    outer loop
      vertex 3.88771 36.7434 2
      vertex 3.80144 36.4778 3
      vertex 3.80144 36.4778 2
    endloop
  endfacet
  facet normal 0.961829 -0.273653 0
    outer loop
      vertex 3.72667 36.215 3
      vertex 3.80144 36.4778 2
      vertex 3.80144 36.4778 3
    endloop
  endfacet
  facet normal 0.961829 -0.273653 0
    outer loop
      vertex 3.80144 36.4778 2
      vertex 3.72667 36.215 3
      vertex 3.72667 36.215 2
    endloop
  endfacet
  facet normal 0.971611 -0.236583 0
    outer loop
      vertex 3.66341 35.9552 3
      vertex 3.72667 36.215 2
      vertex 3.72667 36.215 3
    endloop
  endfacet
  facet normal 0.971611 -0.236583 0
    outer loop
      vertex 3.72667 36.215 2
      vertex 3.66341 35.9552 3
      vertex 3.66341 35.9552 2
    endloop
  endfacet
  facet normal 0.980316 -0.197436 0
    outer loop
      vertex 3.61165 35.6982 3
      vertex 3.66341 35.9552 2
      vertex 3.66341 35.9552 3
    endloop
  endfacet
  facet normal 0.980316 -0.197436 0
    outer loop
      vertex 3.66341 35.9552 2
      vertex 3.61165 35.6982 3
      vertex 3.61165 35.6982 2
    endloop
  endfacet
  facet normal 0.987695 -0.156392 0
    outer loop
      vertex 3.5714 35.444 3
      vertex 3.61165 35.6982 2
      vertex 3.61165 35.6982 3
    endloop
  endfacet
  facet normal 0.987695 -0.156392 0
    outer loop
      vertex 3.61165 35.6982 2
      vertex 3.5714 35.444 3
      vertex 3.5714 35.444 2
    endloop
  endfacet
  facet normal 0.99351 -0.113742 0
    outer loop
      vertex 3.54263 35.1927 3
      vertex 3.5714 35.444 2
      vertex 3.5714 35.444 3
    endloop
  endfacet
  facet normal 0.99351 -0.113742 0
    outer loop
      vertex 3.5714 35.444 2
      vertex 3.54263 35.1927 3
      vertex 3.54263 35.1927 2
    endloop
  endfacet
  facet normal 0.9976 -0.0692376 0
    outer loop
      vertex 3.52539 34.9443 3
      vertex 3.54263 35.1927 2
      vertex 3.54263 35.1927 3
    endloop
  endfacet
  facet normal 0.9976 -0.0692376 0
    outer loop
      vertex 3.54263 35.1927 2
      vertex 3.52539 34.9443 3
      vertex 3.52539 34.9443 2
    endloop
  endfacet
  facet normal 0.999726 -0.0234152 0
    outer loop
      vertex 3.51964 34.6988 3
      vertex 3.52539 34.9443 2
      vertex 3.52539 34.9443 3
    endloop
  endfacet
  facet normal 0.999726 -0.0234152 0
    outer loop
      vertex 3.52539 34.9443 2
      vertex 3.51964 34.6988 3
      vertex 3.51964 34.6988 2
    endloop
  endfacet
  facet normal 0 1 -0
    outer loop
      vertex 4.28452 34.6988 2
      vertex 3.51964 34.6988 3
      vertex 4.28452 34.6988 3
    endloop
  endfacet
  facet normal 0 1 0
    outer loop
      vertex 3.51964 34.6988 3
      vertex 4.28452 34.6988 2
      vertex 3.51964 34.6988 2
    endloop
  endfacet
  facet normal -0.99992 0.0126414 0
    outer loop
      vertex 4.28452 34.6988 2
      vertex 4.28674 34.8744 3
      vertex 4.28674 34.8744 2
    endloop
  endfacet
  facet normal -0.99992 0.0126414 0
    outer loop
      vertex 4.28674 34.8744 3
      vertex 4.28452 34.6988 2
      vertex 4.28452 34.6988 3
    endloop
  endfacet
  facet normal -0.0974929 0.995236 0
    outer loop
      vertex 9.21483 34.6431 2
      vertex 9.01781 34.6238 3
      vertex 9.21483 34.6431 3
    endloop
  endfacet
  facet normal -0.0974929 0.995236 0
    outer loop
      vertex 9.01781 34.6238 3
      vertex 9.21483 34.6431 2
      vertex 9.01781 34.6238 2
    endloop
  endfacet
  facet normal -0.169925 0.985457 0
    outer loop
      vertex 9.40157 34.6753 2
      vertex 9.21483 34.6431 3
      vertex 9.40157 34.6753 3
    endloop
  endfacet
  facet normal -0.169925 0.985457 0
    outer loop
      vertex 9.21483 34.6431 3
      vertex 9.40157 34.6753 2
      vertex 9.21483 34.6431 2
    endloop
  endfacet
  facet normal -0.247146 0.968978 0
    outer loop
      vertex 9.578 34.7203 2
      vertex 9.40157 34.6753 3
      vertex 9.578 34.7203 3
    endloop
  endfacet
  facet normal -0.247146 0.968978 0
    outer loop
      vertex 9.40157 34.6753 3
      vertex 9.578 34.7203 2
      vertex 9.40157 34.6753 2
    endloop
  endfacet
  facet normal -0.328547 0.944488 0
    outer loop
      vertex 9.74416 34.7781 2
      vertex 9.578 34.7203 3
      vertex 9.74416 34.7781 3
    endloop
  endfacet
  facet normal -0.328547 0.944488 0
    outer loop
      vertex 9.578 34.7203 3
      vertex 9.74416 34.7781 2
      vertex 9.578 34.7203 2
    endloop
  endfacet
  facet normal -0.413649 0.910436 0
    outer loop
      vertex 9.89999 34.8489 2
      vertex 9.74416 34.7781 3
      vertex 9.89999 34.8489 3
    endloop
  endfacet
  facet normal -0.413649 0.910436 0
    outer loop
      vertex 9.74416 34.7781 3
      vertex 9.89999 34.8489 2
      vertex 9.74416 34.7781 2
    endloop
  endfacet
  facet normal -0.497717 0.867339 0
    outer loop
      vertex 10.0455 34.9324 2
      vertex 9.89999 34.8489 3
      vertex 10.0455 34.9324 3
    endloop
  endfacet
  facet normal -0.497717 0.867339 0
    outer loop
      vertex 9.89999 34.8489 3
      vertex 10.0455 34.9324 2
      vertex 9.89999 34.8489 2
    endloop
  endfacet
  facet normal -0.580669 0.81414 0
    outer loop
      vertex 10.1808 35.0289 2
      vertex 10.0455 34.9324 3
      vertex 10.1808 35.0289 3
    endloop
  endfacet
  facet normal -0.580669 0.81414 0
    outer loop
      vertex 10.0455 34.9324 3
      vertex 10.1808 35.0289 2
      vertex 10.0455 34.9324 2
    endloop
  endfacet
  facet normal -0.658547 0.752539 0
    outer loop
      vertex 10.3057 35.1382 2
      vertex 10.1808 35.0289 3
      vertex 10.3057 35.1382 3
    endloop
  endfacet
  facet normal -0.658547 0.752539 0
    outer loop
      vertex 10.1808 35.0289 3
      vertex 10.3057 35.1382 2
      vertex 10.1808 35.0289 2
    endloop
  endfacet
  facet normal -0.728839 0.684685 0
    outer loop
      vertex 10.3057 35.1382 2
      vertex 10.4189 35.2587 3
      vertex 10.4189 35.2587 2
    endloop
  endfacet
  facet normal -0.728839 0.684685 0
    outer loop
      vertex 10.4189 35.2587 3
      vertex 10.3057 35.1382 2
      vertex 10.3057 35.1382 3
    endloop
  endfacet
  facet normal -0.793213 0.608944 0
    outer loop
      vertex 10.4189 35.2587 2
      vertex 10.5187 35.3887 3
      vertex 10.5187 35.3887 2
    endloop
  endfacet
  facet normal -0.793213 0.608944 0
    outer loop
      vertex 10.5187 35.3887 3
      vertex 10.4189 35.2587 2
      vertex 10.4189 35.2587 3
    endloop
  endfacet
  facet normal -0.849941 0.526878 0
    outer loop
      vertex 10.5187 35.3887 2
      vertex 10.6053 35.5284 3
      vertex 10.6053 35.5284 2
    endloop
  endfacet
  facet normal -0.849941 0.526878 0
    outer loop
      vertex 10.6053 35.5284 3
      vertex 10.5187 35.3887 2
      vertex 10.5187 35.3887 3
    endloop
  endfacet
  facet normal -0.897655 0.4407 0
    outer loop
      vertex 10.6053 35.5284 2
      vertex 10.6785 35.6775 3
      vertex 10.6785 35.6775 2
    endloop
  endfacet
  facet normal -0.897655 0.4407 0
    outer loop
      vertex 10.6785 35.6775 3
      vertex 10.6053 35.5284 2
      vertex 10.6053 35.5284 3
    endloop
  endfacet
  facet normal -0.935576 0.353125 0
    outer loop
      vertex 10.6785 35.6775 2
      vertex 10.7384 35.8362 3
      vertex 10.7384 35.8362 2
    endloop
  endfacet
  facet normal -0.935576 0.353125 0
    outer loop
      vertex 10.7384 35.8362 3
      vertex 10.6785 35.6775 2
      vertex 10.6785 35.6775 3
    endloop
  endfacet
  facet normal -0.963698 0.266994 0
    outer loop
      vertex 10.7384 35.8362 2
      vertex 10.785 36.0044 3
      vertex 10.785 36.0044 2
    endloop
  endfacet
  facet normal -0.963698 0.266994 0
    outer loop
      vertex 10.785 36.0044 3
      vertex 10.7384 35.8362 2
      vertex 10.7384 35.8362 3
    endloop
  endfacet
  facet normal -0.982891 0.184188 0
    outer loop
      vertex 10.785 36.0044 2
      vertex 10.8183 36.1821 3
      vertex 10.8183 36.1821 2
    endloop
  endfacet
  facet normal -0.982891 0.184188 0
    outer loop
      vertex 10.8183 36.1821 3
      vertex 10.785 36.0044 2
      vertex 10.785 36.0044 3
    endloop
  endfacet
  facet normal -0.994409 0.105596 0
    outer loop
      vertex 10.8183 36.1821 2
      vertex 10.8382 36.3695 3
      vertex 10.8382 36.3695 2
    endloop
  endfacet
  facet normal -0.994409 0.105596 0
    outer loop
      vertex 10.8382 36.3695 3
      vertex 10.8183 36.1821 2
      vertex 10.8183 36.1821 3
    endloop
  endfacet
  facet normal -0.999421 0.034025 0
    outer loop
      vertex 10.8382 36.3695 2
      vertex 10.8449 36.5663 3
      vertex 10.8449 36.5663 2
    endloop
  endfacet
  facet normal -0.999421 0.034025 0
    outer loop
      vertex 10.8449 36.5663 3
      vertex 10.8382 36.3695 2
      vertex 10.8382 36.3695 3
    endloop
  endfacet
  facet normal -0.999362 -0.0357121 0
    outer loop
      vertex 10.8449 36.5663 2
      vertex 10.8387 36.7398 3
      vertex 10.8387 36.7398 2
    endloop
  endfacet
  facet normal -0.999362 -0.0357121 0
    outer loop
      vertex 10.8387 36.7398 3
      vertex 10.8449 36.5663 2
      vertex 10.8449 36.5663 3
    endloop
  endfacet
  facet normal -0.993789 -0.111285 0
    outer loop
      vertex 10.8387 36.7398 2
      vertex 10.8201 36.9059 3
      vertex 10.8201 36.9059 2
    endloop
  endfacet
  facet normal -0.993789 -0.111285 0
    outer loop
      vertex 10.8201 36.9059 3
      vertex 10.8387 36.7398 2
      vertex 10.8387 36.7398 3
    endloop
  endfacet
  facet normal -0.981428 -0.19183 0
    outer loop
      vertex 10.8201 36.9059 2
      vertex 10.7891 37.0645 3
      vertex 10.7891 37.0645 2
    endloop
  endfacet
  facet normal -0.981428 -0.19183 0
    outer loop
      vertex 10.7891 37.0645 3
      vertex 10.8201 36.9059 2
      vertex 10.8201 36.9059 3
    endloop
  endfacet
  facet normal -0.961019 -0.276484 0
    outer loop
      vertex 10.7891 37.0645 2
      vertex 10.7456 37.2157 3
      vertex 10.7456 37.2157 2
    endloop
  endfacet
  facet normal -0.961019 -0.276484 0
    outer loop
      vertex 10.7456 37.2157 3
      vertex 10.7891 37.0645 2
      vertex 10.7891 37.0645 3
    endloop
  endfacet
  facet normal -0.932272 -0.361758 0
    outer loop
      vertex 10.7456 37.2157 2
      vertex 10.6898 37.3595 3
      vertex 10.6898 37.3595 2
    endloop
  endfacet
  facet normal -0.932272 -0.361758 0
    outer loop
      vertex 10.6898 37.3595 3
      vertex 10.7456 37.2157 2
      vertex 10.7456 37.2157 3
    endloop
  endfacet
  facet normal -0.894296 -0.447476 0
    outer loop
      vertex 10.6898 37.3595 2
      vertex 10.6216 37.4958 3
      vertex 10.6216 37.4958 2
    endloop
  endfacet
  facet normal -0.894296 -0.447476 0
    outer loop
      vertex 10.6216 37.4958 3
      vertex 10.6898 37.3595 2
      vertex 10.6898 37.3595 3
    endloop
  endfacet
  facet normal -0.847592 -0.530649 0
    outer loop
      vertex 10.6216 37.4958 2
      vertex 10.5409 37.6247 3
      vertex 10.5409 37.6247 2
    endloop
  endfacet
  facet normal -0.847592 -0.530649 0
    outer loop
      vertex 10.5409 37.6247 3
      vertex 10.6216 37.4958 2
      vertex 10.6216 37.4958 3
    endloop
  endfacet
  facet normal -0.793838 -0.608129 0
    outer loop
      vertex 10.5409 37.6247 2
      vertex 10.4479 37.7461 3
      vertex 10.4479 37.7461 2
    endloop
  endfacet
  facet normal -0.793838 -0.608129 0
    outer loop
      vertex 10.4479 37.7461 3
      vertex 10.5409 37.6247 2
      vertex 10.5409 37.6247 3
    endloop
  endfacet
  facet normal -0.733939 -0.679215 0
    outer loop
      vertex 10.4479 37.7461 2
      vertex 10.3424 37.8601 3
      vertex 10.3424 37.8601 2
    endloop
  endfacet
  facet normal -0.733939 -0.679215 0
    outer loop
      vertex 10.3424 37.8601 3
      vertex 10.4479 37.7461 2
      vertex 10.4479 37.7461 3
    endloop
  endfacet
  facet normal -0.668575 -0.743645 0
    outer loop
      vertex 10.2265 37.9643 2
      vertex 10.3424 37.8601 3
      vertex 10.2265 37.9643 3
    endloop
  endfacet
  facet normal -0.668575 -0.743645 -0
    outer loop
      vertex 10.3424 37.8601 3
      vertex 10.2265 37.9643 2
      vertex 10.3424 37.8601 2
    endloop
  endfacet
  facet normal -0.594191 -0.804324 0
    outer loop
      vertex 10.1021 38.0562 2
      vertex 10.2265 37.9643 3
      vertex 10.1021 38.0562 3
    endloop
  endfacet
  facet normal -0.594191 -0.804324 -0
    outer loop
      vertex 10.2265 37.9643 3
      vertex 10.1021 38.0562 2
      vertex 10.2265 37.9643 2
    endloop
  endfacet
  facet normal -0.514277 -0.857624 0
    outer loop
      vertex 9.96919 38.1359 2
      vertex 10.1021 38.0562 3
      vertex 9.96919 38.1359 3
    endloop
  endfacet
  facet normal -0.514277 -0.857624 -0
    outer loop
      vertex 10.1021 38.0562 3
      vertex 9.96919 38.1359 2
      vertex 10.1021 38.0562 2
    endloop
  endfacet
  facet normal -0.430355 -0.90266 0
    outer loop
      vertex 9.82782 38.2033 2
      vertex 9.96919 38.1359 3
      vertex 9.82782 38.2033 3
    endloop
  endfacet
  facet normal -0.430355 -0.90266 -0
    outer loop
      vertex 9.96919 38.1359 3
      vertex 9.82782 38.2033 2
      vertex 9.96919 38.1359 2
    endloop
  endfacet
  facet normal -0.345621 -0.938374 0
    outer loop
      vertex 9.67795 38.2585 2
      vertex 9.82782 38.2033 3
      vertex 9.67795 38.2585 3
    endloop
  endfacet
  facet normal -0.345621 -0.938374 -0
    outer loop
      vertex 9.82782 38.2033 3
      vertex 9.67795 38.2585 2
      vertex 9.82782 38.2033 2
    endloop
  endfacet
  facet normal -0.261477 -0.96521 0
    outer loop
      vertex 9.51959 38.3014 2
      vertex 9.67795 38.2585 3
      vertex 9.51959 38.3014 3
    endloop
  endfacet
  facet normal -0.261477 -0.96521 -0
    outer loop
      vertex 9.67795 38.2585 3
      vertex 9.51959 38.3014 2
      vertex 9.67795 38.2585 2
    endloop
  endfacet
  facet normal -0.1804 -0.983593 0
    outer loop
      vertex 9.35275 38.332 2
      vertex 9.51959 38.3014 3
      vertex 9.35275 38.332 3
    endloop
  endfacet
  facet normal -0.1804 -0.983593 -0
    outer loop
      vertex 9.51959 38.3014 3
      vertex 9.35275 38.332 2
      vertex 9.51959 38.3014 2
    endloop
  endfacet
  facet normal -0.104366 -0.994539 0
    outer loop
      vertex 9.17741 38.3504 2
      vertex 9.35275 38.332 3
      vertex 9.17741 38.3504 3
    endloop
  endfacet
  facet normal -0.104366 -0.994539 -0
    outer loop
      vertex 9.35275 38.332 3
      vertex 9.17741 38.3504 2
      vertex 9.35275 38.332 2
    endloop
  endfacet
  facet normal -0.0331664 -0.99945 0
    outer loop
      vertex 8.99359 38.3565 2
      vertex 9.17741 38.3504 3
      vertex 8.99359 38.3565 3
    endloop
  endfacet
  facet normal -0.0331664 -0.99945 -0
    outer loop
      vertex 9.17741 38.3504 3
      vertex 8.99359 38.3565 2
      vertex 9.17741 38.3504 2
    endloop
  endfacet
  facet normal 0.0291214 -0.999576 0
    outer loop
      vertex 8.83913 38.352 2
      vertex 8.99359 38.3565 3
      vertex 8.83913 38.352 3
    endloop
  endfacet
  facet normal 0.0291214 -0.999576 0
    outer loop
      vertex 8.99359 38.3565 3
      vertex 8.83913 38.352 2
      vertex 8.99359 38.3565 2
    endloop
  endfacet
  facet normal 0.091061 -0.995845 0
    outer loop
      vertex 8.6904 38.3384 2
      vertex 8.83913 38.352 3
      vertex 8.6904 38.3384 3
    endloop
  endfacet
  facet normal 0.091061 -0.995845 0
    outer loop
      vertex 8.83913 38.352 3
      vertex 8.6904 38.3384 2
      vertex 8.83913 38.352 2
    endloop
  endfacet
  facet normal 0.156094 -0.987742 0
    outer loop
      vertex 8.54739 38.3158 2
      vertex 8.6904 38.3384 3
      vertex 8.54739 38.3158 3
    endloop
  endfacet
  facet normal 0.156094 -0.987742 0
    outer loop
      vertex 8.6904 38.3384 3
      vertex 8.54739 38.3158 2
      vertex 8.6904 38.3384 2
    endloop
  endfacet
  facet normal 0.22432 -0.974515 0
    outer loop
      vertex 8.41011 38.2842 2
      vertex 8.54739 38.3158 3
      vertex 8.41011 38.2842 3
    endloop
  endfacet
  facet normal 0.22432 -0.974515 0
    outer loop
      vertex 8.54739 38.3158 3
      vertex 8.41011 38.2842 2
      vertex 8.54739 38.3158 2
    endloop
  endfacet
  facet normal 0.295545 -0.955329 0
    outer loop
      vertex 8.27855 38.2435 2
      vertex 8.41011 38.2842 3
      vertex 8.27855 38.2435 3
    endloop
  endfacet
  facet normal 0.295545 -0.955329 0
    outer loop
      vertex 8.41011 38.2842 3
      vertex 8.27855 38.2435 2
      vertex 8.41011 38.2842 2
    endloop
  endfacet
  facet normal 0.367335 -0.930089 0
    outer loop
      vertex 8.15271 38.1938 2
      vertex 8.27855 38.2435 3
      vertex 8.15271 38.1938 3
    endloop
  endfacet
  facet normal 0.367335 -0.930089 0
    outer loop
      vertex 8.27855 38.2435 3
      vertex 8.15271 38.1938 2
      vertex 8.27855 38.2435 2
    endloop
  endfacet
  facet normal 0.439661 -0.898164 0
    outer loop
      vertex 8.03259 38.135 2
      vertex 8.15271 38.1938 3
      vertex 8.03259 38.135 3
    endloop
  endfacet
  facet normal 0.439661 -0.898164 0
    outer loop
      vertex 8.15271 38.1938 3
      vertex 8.03259 38.135 2
      vertex 8.15271 38.1938 2
    endloop
  endfacet
  facet normal 0.50991 -0.860228 0
    outer loop
      vertex 7.91821 38.0672 2
      vertex 8.03259 38.135 3
      vertex 7.91821 38.0672 3
    endloop
  endfacet
  facet normal 0.50991 -0.860228 0
    outer loop
      vertex 8.03259 38.135 3
      vertex 7.91821 38.0672 2
      vertex 8.03259 38.135 2
    endloop
  endfacet
  facet normal 0.577715 -0.816239 0
    outer loop
      vertex 7.80956 37.9903 2
      vertex 7.91821 38.0672 3
      vertex 7.80956 37.9903 3
    endloop
  endfacet
  facet normal 0.577715 -0.816239 0
    outer loop
      vertex 7.91821 38.0672 3
      vertex 7.80956 37.9903 2
      vertex 7.91821 38.0672 2
    endloop
  endfacet
  facet normal -0.998181 0.0602926 0
    outer loop
      vertex 7.80956 37.9903 2
      vertex 7.91942 39.8091 3
      vertex 7.91942 39.8091 2
    endloop
  endfacet
  facet normal -0.998181 0.0602926 0
    outer loop
      vertex 7.91942 39.8091 3
      vertex 7.80956 37.9903 2
      vertex 7.80956 37.9903 3
    endloop
  endfacet
  facet normal 0 1 -0
    outer loop
      vertex 10.5112 39.8091 2
      vertex 7.91942 39.8091 3
      vertex 10.5112 39.8091 3
    endloop
  endfacet
  facet normal 0 1 0
    outer loop
      vertex 7.91942 39.8091 3
      vertex 10.5112 39.8091 2
      vertex 7.91942 39.8091 2
    endloop
  endfacet
  facet normal -1 0 0
    outer loop
      vertex 10.5112 39.8091 2
      vertex 10.5112 40.4316 3
      vertex 10.5112 40.4316 2
    endloop
  endfacet
  facet normal -1 -0 0
    outer loop
      vertex 10.5112 40.4316 3
      vertex 10.5112 39.8091 2
      vertex 10.5112 39.8091 3
    endloop
  endfacet
  facet normal 0 -1 0
    outer loop
      vertex 7.25215 40.4316 2
      vertex 10.5112 40.4316 3
      vertex 7.25215 40.4316 3
    endloop
  endfacet
  facet normal 0 -1 -0
    outer loop
      vertex 10.5112 40.4316 3
      vertex 7.25215 40.4316 2
      vertex 10.5112 40.4316 2
    endloop
  endfacet
  facet normal 0.998083 -0.061883 0
    outer loop
      vertex 7.06093 37.3475 3
      vertex 7.25215 40.4316 2
      vertex 7.25215 40.4316 3
    endloop
  endfacet
  facet normal 0.998083 -0.061883 0
    outer loop
      vertex 7.25215 40.4316 2
      vertex 7.06093 37.3475 3
      vertex 7.06093 37.3475 2
    endloop
  endfacet
  facet normal 0 1 -0
    outer loop
      vertex 7.77702 37.3475 2
      vertex 7.06093 37.3475 3
      vertex 7.77702 37.3475 3
    endloop
  endfacet
  facet normal 0 1 0
    outer loop
      vertex 7.06093 37.3475 3
      vertex 7.77702 37.3475 2
      vertex 7.06093 37.3475 2
    endloop
  endfacet
  facet normal -0.645184 0.764027 0
    outer loop
      vertex 7.83398 37.3956 2
      vertex 7.77702 37.3475 3
      vertex 7.83398 37.3956 3
    endloop
  endfacet
  facet normal -0.645184 0.764027 0
    outer loop
      vertex 7.77702 37.3475 3
      vertex 7.83398 37.3956 2
      vertex 7.77702 37.3475 2
    endloop
  endfacet
  facet normal -0.619845 0.784724 0
    outer loop
      vertex 7.89095 37.4406 2
      vertex 7.83398 37.3956 3
      vertex 7.89095 37.4406 3
    endloop
  endfacet
  facet normal -0.619845 0.784724 0
    outer loop
      vertex 7.83398 37.3956 3
      vertex 7.89095 37.4406 2
      vertex 7.83398 37.3956 2
    endloop
  endfacet
  facet normal -0.589789 0.807557 0
    outer loop
      vertex 7.94791 37.4822 2
      vertex 7.89095 37.4406 3
      vertex 7.94791 37.4822 3
    endloop
  endfacet
  facet normal -0.589789 0.807557 0
    outer loop
      vertex 7.89095 37.4406 3
      vertex 7.94791 37.4822 2
      vertex 7.89095 37.4406 2
    endloop
  endfacet
  facet normal -0.559992 0.828498 0
    outer loop
      vertex 8.00487 37.5207 2
      vertex 7.94791 37.4822 3
      vertex 8.00487 37.5207 3
    endloop
  endfacet
  facet normal -0.559992 0.828498 0
    outer loop
      vertex 7.94791 37.4822 3
      vertex 8.00487 37.5207 2
      vertex 7.94791 37.4822 2
    endloop
  endfacet
  facet normal -0.526776 0.850004 0
    outer loop
      vertex 8.06183 37.556 2
      vertex 8.00487 37.5207 3
      vertex 8.06183 37.556 3
    endloop
  endfacet
  facet normal -0.526776 0.850004 0
    outer loop
      vertex 8.00487 37.5207 3
      vertex 8.06183 37.556 2
      vertex 8.00487 37.5207 2
    endloop
  endfacet
  facet normal -0.489796 0.871837 0
    outer loop
      vertex 8.11879 37.588 2
      vertex 8.06183 37.556 3
      vertex 8.11879 37.588 3
    endloop
  endfacet
  facet normal -0.489796 0.871837 0
    outer loop
      vertex 8.06183 37.556 3
      vertex 8.11879 37.588 2
      vertex 8.06183 37.556 2
    endloop
  endfacet
  facet normal -0.45122 0.892413 0
    outer loop
      vertex 8.17575 37.6168 2
      vertex 8.11879 37.588 3
      vertex 8.17575 37.6168 3
    endloop
  endfacet
  facet normal -0.45122 0.892413 0
    outer loop
      vertex 8.11879 37.588 3
      vertex 8.17575 37.6168 2
      vertex 8.11879 37.588 2
    endloop
  endfacet
  facet normal -0.409939 0.912113 0
    outer loop
      vertex 8.23271 37.6424 2
      vertex 8.17575 37.6168 3
      vertex 8.23271 37.6424 3
    endloop
  endfacet
  facet normal -0.409939 0.912113 0
    outer loop
      vertex 8.17575 37.6168 3
      vertex 8.23271 37.6424 2
      vertex 8.17575 37.6168 2
    endloop
  endfacet
  facet normal -0.365976 0.930624 0
    outer loop
      vertex 8.28967 37.6648 2
      vertex 8.23271 37.6424 3
      vertex 8.28967 37.6648 3
    endloop
  endfacet
  facet normal -0.365976 0.930624 0
    outer loop
      vertex 8.23271 37.6424 3
      vertex 8.28967 37.6648 2
      vertex 8.23271 37.6424 2
    endloop
  endfacet
  facet normal -0.324215 0.945983 0
    outer loop
      vertex 8.34715 37.6845 2
      vertex 8.28967 37.6648 3
      vertex 8.34715 37.6845 3
    endloop
  endfacet
  facet normal -0.324215 0.945983 0
    outer loop
      vertex 8.28967 37.6648 3
      vertex 8.34715 37.6845 2
      vertex 8.28967 37.6648 2
    endloop
  endfacet
  facet normal -0.28372 0.958907 0
    outer loop
      vertex 8.40562 37.7018 2
      vertex 8.34715 37.6845 3
      vertex 8.40562 37.7018 3
    endloop
  endfacet
  facet normal -0.28372 0.958907 0
    outer loop
      vertex 8.34715 37.6845 3
      vertex 8.40562 37.7018 2
      vertex 8.34715 37.6845 2
    endloop
  endfacet
  facet normal -0.24453 0.969642 0
    outer loop
      vertex 8.4651 37.7168 2
      vertex 8.40562 37.7018 3
      vertex 8.4651 37.7168 3
    endloop
  endfacet
  facet normal -0.24453 0.969642 0
    outer loop
      vertex 8.40562 37.7018 3
      vertex 8.4651 37.7168 2
      vertex 8.40562 37.7018 2
    endloop
  endfacet
  facet normal -0.207021 0.978336 0
    outer loop
      vertex 8.52559 37.7296 2
      vertex 8.4651 37.7168 3
      vertex 8.52559 37.7296 3
    endloop
  endfacet
  facet normal -0.207021 0.978336 0
    outer loop
      vertex 8.4651 37.7168 3
      vertex 8.52559 37.7296 2
      vertex 8.4651 37.7168 2
    endloop
  endfacet
  facet normal -0.166765 0.985997 0
    outer loop
      vertex 8.58708 37.74 2
      vertex 8.52559 37.7296 3
      vertex 8.58708 37.74 3
    endloop
  endfacet
  facet normal -0.166765 0.985997 0
    outer loop
      vertex 8.52559 37.7296 3
      vertex 8.58708 37.74 2
      vertex 8.52559 37.7296 2
    endloop
  endfacet
  facet normal -0.126984 0.991905 0
    outer loop
      vertex 8.64957 37.748 2
      vertex 8.58708 37.74 3
      vertex 8.64957 37.748 3
    endloop
  endfacet
  facet normal -0.126984 0.991905 0
    outer loop
      vertex 8.58708 37.74 3
      vertex 8.64957 37.748 2
      vertex 8.58708 37.74 2
    endloop
  endfacet
  facet normal -0.0909742 0.995853 0
    outer loop
      vertex 8.71306 37.7538 2
      vertex 8.64957 37.748 3
      vertex 8.71306 37.7538 3
    endloop
  endfacet
  facet normal -0.0909742 0.995853 0
    outer loop
      vertex 8.64957 37.748 3
      vertex 8.71306 37.7538 2
      vertex 8.64957 37.748 2
    endloop
  endfacet
  facet normal -0.0541839 0.998531 0
    outer loop
      vertex 8.77756 37.7573 2
      vertex 8.71306 37.7538 3
      vertex 8.77756 37.7573 3
    endloop
  endfacet
  facet normal -0.0541839 0.998531 0
    outer loop
      vertex 8.71306 37.7538 3
      vertex 8.77756 37.7573 2
      vertex 8.71306 37.7538 2
    endloop
  endfacet
  facet normal -0.0167941 0.999859 0
    outer loop
      vertex 8.84305 37.7584 2
      vertex 8.77756 37.7573 3
      vertex 8.84305 37.7584 3
    endloop
  endfacet
  facet normal -0.0167941 0.999859 0
    outer loop
      vertex 8.77756 37.7573 3
      vertex 8.84305 37.7584 2
      vertex 8.77756 37.7573 2
    endloop
  endfacet
  facet normal 0.0331265 0.999451 -0
    outer loop
      vertex 8.96675 37.7543 2
      vertex 8.84305 37.7584 3
      vertex 8.96675 37.7543 3
    endloop
  endfacet
  facet normal 0.0331265 0.999451 0
    outer loop
      vertex 8.84305 37.7584 3
      vertex 8.96675 37.7543 2
      vertex 8.84305 37.7584 2
    endloop
  endfacet
  facet normal 0.103745 0.994604 -0
    outer loop
      vertex 9.08467 37.742 2
      vertex 8.96675 37.7543 3
      vertex 9.08467 37.742 3
    endloop
  endfacet
  facet normal 0.103745 0.994604 0
    outer loop
      vertex 8.96675 37.7543 3
      vertex 9.08467 37.742 2
      vertex 8.96675 37.7543 2
    endloop
  endfacet
  facet normal 0.180676 0.983543 -0
    outer loop
      vertex 9.19681 37.7214 2
      vertex 9.08467 37.742 3
      vertex 9.19681 37.7214 3
    endloop
  endfacet
  facet normal 0.180676 0.983543 0
    outer loop
      vertex 9.08467 37.742 3
      vertex 9.19681 37.7214 2
      vertex 9.08467 37.742 2
    endloop
  endfacet
  facet normal 0.262188 0.965017 -0
    outer loop
      vertex 9.30318 37.6925 2
      vertex 9.19681 37.7214 3
      vertex 9.30318 37.6925 3
    endloop
  endfacet
  facet normal 0.262188 0.965017 0
    outer loop
      vertex 9.19681 37.7214 3
      vertex 9.30318 37.6925 2
      vertex 9.19681 37.7214 2
    endloop
  endfacet
  facet normal 0.345247 0.938512 -0
    outer loop
      vertex 9.40376 37.6555 2
      vertex 9.30318 37.6925 3
      vertex 9.40376 37.6555 3
    endloop
  endfacet
  facet normal 0.345247 0.938512 0
    outer loop
      vertex 9.30318 37.6925 3
      vertex 9.40376 37.6555 2
      vertex 9.30318 37.6925 2
    endloop
  endfacet
  facet normal 0.431115 0.902297 -0
    outer loop
      vertex 9.49857 37.6102 2
      vertex 9.40376 37.6555 3
      vertex 9.49857 37.6102 3
    endloop
  endfacet
  facet normal 0.431115 0.902297 0
    outer loop
      vertex 9.40376 37.6555 3
      vertex 9.49857 37.6102 2
      vertex 9.40376 37.6555 2
    endloop
  endfacet
  facet normal 0.515783 0.856719 -0
    outer loop
      vertex 9.5876 37.5566 2
      vertex 9.49857 37.6102 3
      vertex 9.5876 37.5566 3
    endloop
  endfacet
  facet normal 0.515783 0.856719 0
    outer loop
      vertex 9.49857 37.6102 3
      vertex 9.5876 37.5566 2
      vertex 9.49857 37.6102 2
    endloop
  endfacet
  facet normal 0.596058 0.802942 -0
    outer loop
      vertex 9.67085 37.4948 2
      vertex 9.5876 37.5566 3
      vertex 9.67085 37.4948 3
    endloop
  endfacet
  facet normal 0.596058 0.802942 0
    outer loop
      vertex 9.5876 37.5566 3
      vertex 9.67085 37.4948 2
      vertex 9.5876 37.5566 2
    endloop
  endfacet
  facet normal 0.670334 0.74206 -0
    outer loop
      vertex 9.74834 37.4248 2
      vertex 9.67085 37.4948 3
      vertex 9.74834 37.4248 3
    endloop
  endfacet
  facet normal 0.670334 0.74206 0
    outer loop
      vertex 9.67085 37.4948 3
      vertex 9.74834 37.4248 2
      vertex 9.67085 37.4948 2
    endloop
  endfacet
  facet normal 0.736476 0.676463 0
    outer loop
      vertex 9.81879 37.3481 3
      vertex 9.74834 37.4248 2
      vertex 9.74834 37.4248 3
    endloop
  endfacet
  facet normal 0.736476 0.676463 0
    outer loop
      vertex 9.74834 37.4248 2
      vertex 9.81879 37.3481 3
      vertex 9.81879 37.3481 2
    endloop
  endfacet
  facet normal 0.7962 0.605034 0
    outer loop
      vertex 9.88095 37.2663 3
      vertex 9.81879 37.3481 2
      vertex 9.81879 37.3481 3
    endloop
  endfacet
  facet normal 0.7962 0.605034 0
    outer loop
      vertex 9.81879 37.3481 2
      vertex 9.88095 37.2663 3
      vertex 9.88095 37.2663 2
    endloop
  endfacet
  facet normal 0.850165 0.526516 0
    outer loop
      vertex 9.93483 37.1793 3
      vertex 9.88095 37.2663 2
      vertex 9.88095 37.2663 3
    endloop
  endfacet
  facet normal 0.850165 0.526516 0
    outer loop
      vertex 9.88095 37.2663 2
      vertex 9.93483 37.1793 3
      vertex 9.93483 37.1793 2
    endloop
  endfacet
  facet normal 0.896019 0.444016 0
    outer loop
      vertex 9.98042 37.0873 3
      vertex 9.93483 37.1793 2
      vertex 9.93483 37.1793 3
    endloop
  endfacet
  facet normal 0.896019 0.444016 0
    outer loop
      vertex 9.93483 37.1793 2
      vertex 9.98042 37.0873 3
      vertex 9.98042 37.0873 2
    endloop
  endfacet
  facet normal 0.933682 0.358104 0
    outer loop
      vertex 10.0177 36.9901 3
      vertex 9.98042 37.0873 2
      vertex 9.98042 37.0873 3
    endloop
  endfacet
  facet normal 0.933682 0.358104 0
    outer loop
      vertex 9.98042 37.0873 2
      vertex 10.0177 36.9901 3
      vertex 10.0177 36.9901 2
    endloop
  endfacet
  facet normal 0.96209 0.272733 0
    outer loop
      vertex 10.0467 36.8878 3
      vertex 10.0177 36.9901 2
      vertex 10.0177 36.9901 3
    endloop
  endfacet
  facet normal 0.96209 0.272733 0
    outer loop
      vertex 10.0177 36.9901 2
      vertex 10.0467 36.8878 3
      vertex 10.0467 36.8878 2
    endloop
  endfacet
  facet normal 0.981791 0.189965 0
    outer loop
      vertex 10.0675 36.7803 3
      vertex 10.0467 36.8878 2
      vertex 10.0467 36.8878 3
    endloop
  endfacet
  facet normal 0.981791 0.189965 0
    outer loop
      vertex 10.0467 36.8878 2
      vertex 10.0675 36.7803 3
      vertex 10.0675 36.7803 2
    endloop
  endfacet
  facet normal 0.99398 0.109559 0
    outer loop
      vertex 10.0799 36.6678 3
      vertex 10.0675 36.7803 2
      vertex 10.0675 36.7803 3
    endloop
  endfacet
  facet normal 0.99398 0.109559 0
    outer loop
      vertex 10.0675 36.7803 2
      vertex 10.0799 36.6678 3
      vertex 10.0799 36.6678 2
    endloop
  endfacet
  facet normal 0.999394 0.0348132 0
    outer loop
      vertex 10.084 36.5501 3
      vertex 10.0799 36.6678 2
      vertex 10.0799 36.6678 3
    endloop
  endfacet
  facet normal 0.999394 0.0348132 0
    outer loop
      vertex 10.0799 36.6678 2
      vertex 10.084 36.5501 3
      vertex 10.084 36.5501 2
    endloop
  endfacet
  facet normal 0.99954 -0.0303339 0
    outer loop
      vertex 10.0799 36.415 3
      vertex 10.084 36.5501 2
      vertex 10.084 36.5501 3
    endloop
  endfacet
  facet normal 0.99954 -0.0303339 0
    outer loop
      vertex 10.084 36.5501 2
      vertex 10.0799 36.415 3
      vertex 10.0799 36.415 2
    endloop
  endfacet
  facet normal 0.99545 -0.0952843 0
    outer loop
      vertex 10.0676 36.2865 3
      vertex 10.0799 36.415 2
      vertex 10.0799 36.415 3
    endloop
  endfacet
  facet normal 0.99545 -0.0952843 0
    outer loop
      vertex 10.0799 36.415 2
      vertex 10.0676 36.2865 3
      vertex 10.0676 36.2865 2
    endloop
  endfacet
  facet normal 0.98602 -0.166628 0
    outer loop
      vertex 10.047 36.1646 3
      vertex 10.0676 36.2865 2
      vertex 10.0676 36.2865 3
    endloop
  endfacet
  facet normal 0.98602 -0.166628 0
    outer loop
      vertex 10.0676 36.2865 2
      vertex 10.047 36.1646 3
      vertex 10.047 36.1646 2
    endloop
  endfacet
  facet normal 0.969994 -0.243129 0
    outer loop
      vertex 10.0181 36.0493 3
      vertex 10.047 36.1646 2
      vertex 10.047 36.1646 3
    endloop
  endfacet
  facet normal 0.969994 -0.243129 0
    outer loop
      vertex 10.047 36.1646 2
      vertex 10.0181 36.0493 3
      vertex 10.0181 36.0493 2
    endloop
  endfacet
  facet normal 0.946528 -0.322621 0
    outer loop
      vertex 9.98105 35.9406 3
      vertex 10.0181 36.0493 2
      vertex 10.0181 36.0493 3
    endloop
  endfacet
  facet normal 0.946528 -0.322621 0
    outer loop
      vertex 10.0181 36.0493 2
      vertex 9.98105 35.9406 3
      vertex 9.98105 35.9406 2
    endloop
  endfacet
  facet normal 0.914151 -0.405375 0
    outer loop
      vertex 9.93573 35.8384 3
      vertex 9.98105 35.9406 2
      vertex 9.98105 35.9406 3
    endloop
  endfacet
  facet normal 0.914151 -0.405375 0
    outer loop
      vertex 9.98105 35.9406 2
      vertex 9.93573 35.8384 3
      vertex 9.93573 35.8384 2
    endloop
  endfacet
  facet normal 0.872272 -0.489021 0
    outer loop
      vertex 9.88219 35.7429 3
      vertex 9.93573 35.8384 2
      vertex 9.93573 35.8384 3
    endloop
  endfacet
  facet normal 0.872272 -0.489021 0
    outer loop
      vertex 9.93573 35.8384 2
      vertex 9.88219 35.7429 3
      vertex 9.88219 35.7429 2
    endloop
  endfacet
  facet normal 0.821437 -0.570299 0
    outer loop
      vertex 9.8204 35.6539 3
      vertex 9.88219 35.7429 2
      vertex 9.88219 35.7429 3
    endloop
  endfacet
  facet normal 0.821437 -0.570299 0
    outer loop
      vertex 9.88219 35.7429 2
      vertex 9.8204 35.6539 3
      vertex 9.8204 35.6539 2
    endloop
  endfacet
  facet normal 0.761985 -0.647595 0
    outer loop
      vertex 9.75037 35.5715 3
      vertex 9.8204 35.6539 2
      vertex 9.8204 35.6539 3
    endloop
  endfacet
  facet normal 0.761985 -0.647595 0
    outer loop
      vertex 9.8204 35.6539 2
      vertex 9.75037 35.5715 3
      vertex 9.75037 35.5715 2
    endloop
  endfacet
  facet normal 0.69539 -0.718632 0
    outer loop
      vertex 9.67307 35.4967 2
      vertex 9.75037 35.5715 3
      vertex 9.67307 35.4967 3
    endloop
  endfacet
  facet normal 0.69539 -0.718632 0
    outer loop
      vertex 9.75037 35.5715 3
      vertex 9.67307 35.4967 2
      vertex 9.75037 35.5715 2
    endloop
  endfacet
  facet normal 0.618837 -0.785519 0
    outer loop
      vertex 9.58942 35.4308 2
      vertex 9.67307 35.4967 3
      vertex 9.58942 35.4308 3
    endloop
  endfacet
  facet normal 0.618837 -0.785519 0
    outer loop
      vertex 9.67307 35.4967 3
      vertex 9.58942 35.4308 2
      vertex 9.67307 35.4967 2
    endloop
  endfacet
  facet normal 0.535849 -0.844314 0
    outer loop
      vertex 9.49945 35.3737 2
      vertex 9.58942 35.4308 3
      vertex 9.49945 35.3737 3
    endloop
  endfacet
  facet normal 0.535849 -0.844314 0
    outer loop
      vertex 9.58942 35.4308 3
      vertex 9.49945 35.3737 2
      vertex 9.58942 35.4308 2
    endloop
  endfacet
  facet normal 0.449143 -0.89346 0
    outer loop
      vertex 9.40317 35.3253 2
      vertex 9.49945 35.3737 3
      vertex 9.40317 35.3253 3
    endloop
  endfacet
  facet normal 0.449143 -0.89346 0
    outer loop
      vertex 9.49945 35.3737 3
      vertex 9.40317 35.3253 2
      vertex 9.49945 35.3737 2
    endloop
  endfacet
  facet normal 0.359223 -0.933252 0
    outer loop
      vertex 9.30055 35.2858 2
      vertex 9.40317 35.3253 3
      vertex 9.30055 35.2858 3
    endloop
  endfacet
  facet normal 0.359223 -0.933252 0
    outer loop
      vertex 9.40317 35.3253 3
      vertex 9.30055 35.2858 2
      vertex 9.40317 35.3253 2
    endloop
  endfacet
  facet normal 0.272037 -0.962287 0
    outer loop
      vertex 9.1916 35.255 2
      vertex 9.30055 35.2858 3
      vertex 9.1916 35.255 3
    endloop
  endfacet
  facet normal 0.272037 -0.962287 0
    outer loop
      vertex 9.30055 35.2858 3
      vertex 9.1916 35.255 2
      vertex 9.30055 35.2858 2
    endloop
  endfacet
  facet normal 0.186634 -0.982429 0
    outer loop
      vertex 9.07632 35.2331 2
      vertex 9.1916 35.255 3
      vertex 9.07632 35.2331 3
    endloop
  endfacet
  facet normal 0.186634 -0.982429 0
    outer loop
      vertex 9.1916 35.255 3
      vertex 9.07632 35.2331 2
      vertex 9.1916 35.255 2
    endloop
  endfacet
  facet normal 0.107927 -0.994159 0
    outer loop
      vertex 8.95473 35.2199 2
      vertex 9.07632 35.2331 3
      vertex 8.95473 35.2199 3
    endloop
  endfacet
  facet normal 0.107927 -0.994159 0
    outer loop
      vertex 9.07632 35.2331 3
      vertex 8.95473 35.2199 2
      vertex 9.07632 35.2331 2
    endloop
  endfacet
  facet normal 0.0343735 -0.999409 0
    outer loop
      vertex 8.8268 35.2155 2
      vertex 8.95473 35.2199 3
      vertex 8.8268 35.2155 3
    endloop
  endfacet
  facet normal 0.0343735 -0.999409 0
    outer loop
      vertex 8.95473 35.2199 3
      vertex 8.8268 35.2155 2
      vertex 8.95473 35.2199 2
    endloop
  endfacet
  facet normal -0.0512997 -0.998683 0
    outer loop
      vertex 8.62239 35.226 2
      vertex 8.8268 35.2155 3
      vertex 8.62239 35.226 3
    endloop
  endfacet
  facet normal -0.0512997 -0.998683 -0
    outer loop
      vertex 8.8268 35.2155 3
      vertex 8.62239 35.226 2
      vertex 8.8268 35.2155 2
    endloop
  endfacet
  facet normal -0.166629 -0.98602 0
    outer loop
      vertex 8.43599 35.2575 2
      vertex 8.62239 35.226 3
      vertex 8.43599 35.2575 3
    endloop
  endfacet
  facet normal -0.166629 -0.98602 -0
    outer loop
      vertex 8.62239 35.226 3
      vertex 8.43599 35.2575 2
      vertex 8.62239 35.226 2
    endloop
  endfacet
  facet normal -0.297581 -0.954697 0
    outer loop
      vertex 8.26756 35.31 2
      vertex 8.43599 35.2575 3
      vertex 8.26756 35.31 3
    endloop
  endfacet
  facet normal -0.297581 -0.954697 -0
    outer loop
      vertex 8.43599 35.2575 3
      vertex 8.26756 35.31 2
      vertex 8.43599 35.2575 2
    endloop
  endfacet
  facet normal -0.438953 -0.89851 0
    outer loop
      vertex 8.11711 35.3835 2
      vertex 8.26756 35.31 3
      vertex 8.11711 35.3835 3
    endloop
  endfacet
  facet normal -0.438953 -0.89851 -0
    outer loop
      vertex 8.26756 35.31 3
      vertex 8.11711 35.3835 2
      vertex 8.26756 35.31 2
    endloop
  endfacet
  facet normal -0.580366 -0.814356 0
    outer loop
      vertex 7.98465 35.4779 2
      vertex 8.11711 35.3835 3
      vertex 7.98465 35.4779 3
    endloop
  endfacet
  facet normal -0.580366 -0.814356 -0
    outer loop
      vertex 8.11711 35.3835 3
      vertex 7.98465 35.4779 2
      vertex 8.11711 35.3835 2
    endloop
  endfacet
  facet normal -0.710267 -0.703933 0
    outer loop
      vertex 7.98465 35.4779 2
      vertex 7.87018 35.5934 3
      vertex 7.87018 35.5934 2
    endloop
  endfacet
  facet normal -0.710267 -0.703933 0
    outer loop
      vertex 7.87018 35.5934 3
      vertex 7.98465 35.4779 2
      vertex 7.98465 35.4779 3
    endloop
  endfacet
  facet normal -0.816553 -0.57727 0
    outer loop
      vertex 7.87018 35.5934 2
      vertex 7.77368 35.7299 3
      vertex 7.77368 35.7299 2
    endloop
  endfacet
  facet normal -0.816553 -0.57727 0
    outer loop
      vertex 7.77368 35.7299 3
      vertex 7.87018 35.5934 2
      vertex 7.87018 35.5934 3
    endloop
  endfacet
  facet normal -0.894995 -0.446077 0
    outer loop
      vertex 7.77368 35.7299 2
      vertex 7.69518 35.8874 3
      vertex 7.69518 35.8874 2
    endloop
  endfacet
  facet normal -0.894995 -0.446077 0
    outer loop
      vertex 7.69518 35.8874 3
      vertex 7.77368 35.7299 2
      vertex 7.77368 35.7299 3
    endloop
  endfacet
  facet normal -0.947015 -0.321189 0
    outer loop
      vertex 7.69518 35.8874 2
      vertex 7.63464 36.0659 3
      vertex 7.63464 36.0659 2
    endloop
  endfacet
  facet normal -0.947015 -0.321189 0
    outer loop
      vertex 7.63464 36.0659 3
      vertex 7.69518 35.8874 2
      vertex 7.69518 35.8874 3
    endloop
  endfacet
  facet normal 0.114699 -0.9934 0
    outer loop
      vertex 6.89413 35.9804 2
      vertex 7.63464 36.0659 3
      vertex 6.89413 35.9804 3
    endloop
  endfacet
  facet normal 0.114699 -0.9934 0
    outer loop
      vertex 7.63464 36.0659 3
      vertex 6.89413 35.9804 2
      vertex 7.63464 36.0659 2
    endloop
  endfacet
  facet normal 0.973951 0.226758 0
    outer loop
      vertex 6.92754 35.8369 3
      vertex 6.89413 35.9804 2
      vertex 6.89413 35.9804 3
    endloop
  endfacet
  facet normal 0.973951 0.226758 0
    outer loop
      vertex 6.89413 35.9804 2
      vertex 6.92754 35.8369 3
      vertex 6.92754 35.8369 2
    endloop
  endfacet
  facet normal 0.954675 0.29765 0
    outer loop
      vertex 6.96988 35.7011 3
      vertex 6.92754 35.8369 2
      vertex 6.92754 35.8369 3
    endloop
  endfacet
  facet normal 0.954675 0.29765 0
    outer loop
      vertex 6.92754 35.8369 2
      vertex 6.96988 35.7011 3
      vertex 6.96988 35.7011 2
    endloop
  endfacet
  facet normal 0.928276 0.371891 0
    outer loop
      vertex 7.02116 35.5731 3
      vertex 6.96988 35.7011 2
      vertex 6.96988 35.7011 3
    endloop
  endfacet
  facet normal 0.928276 0.371891 0
    outer loop
      vertex 6.96988 35.7011 2
      vertex 7.02116 35.5731 3
      vertex 7.02116 35.5731 2
    endloop
  endfacet
  facet normal 0.894189 0.447689 0
    outer loop
      vertex 7.08139 35.4528 3
      vertex 7.02116 35.5731 2
      vertex 7.02116 35.5731 3
    endloop
  endfacet
  facet normal 0.894189 0.447689 0
    outer loop
      vertex 7.02116 35.5731 2
      vertex 7.08139 35.4528 3
      vertex 7.08139 35.4528 2
    endloop
  endfacet
  facet normal 0.852071 0.523426 0
    outer loop
      vertex 7.15056 35.3402 3
      vertex 7.08139 35.4528 2
      vertex 7.08139 35.4528 3
    endloop
  endfacet
  facet normal 0.852071 0.523426 0
    outer loop
      vertex 7.08139 35.4528 2
      vertex 7.15056 35.3402 3
      vertex 7.15056 35.3402 2
    endloop
  endfacet
  facet normal 0.801796 0.597598 0
    outer loop
      vertex 7.22867 35.2354 3
      vertex 7.15056 35.3402 2
      vertex 7.15056 35.3402 3
    endloop
  endfacet
  facet normal 0.801796 0.597598 0
    outer loop
      vertex 7.15056 35.3402 2
      vertex 7.22867 35.2354 3
      vertex 7.22867 35.2354 2
    endloop
  endfacet
  facet normal 0.744589 0.667523 0
    outer loop
      vertex 7.31572 35.1383 3
      vertex 7.22867 35.2354 2
      vertex 7.22867 35.2354 3
    endloop
  endfacet
  facet normal 0.744589 0.667523 0
    outer loop
      vertex 7.22867 35.2354 2
      vertex 7.31572 35.1383 3
      vertex 7.31572 35.1383 2
    endloop
  endfacet
  facet normal 0.681171 0.732125 -0
    outer loop
      vertex 7.4117 35.049 2
      vertex 7.31572 35.1383 3
      vertex 7.4117 35.049 3
    endloop
  endfacet
  facet normal 0.681171 0.732125 0
    outer loop
      vertex 7.31572 35.1383 3
      vertex 7.4117 35.049 2
      vertex 7.31572 35.1383 2
    endloop
  endfacet
  facet normal 0.614352 0.789032 -0
    outer loop
      vertex 7.51663 34.9673 2
      vertex 7.4117 35.049 3
      vertex 7.51663 34.9673 3
    endloop
  endfacet
  facet normal 0.614352 0.789032 0
    outer loop
      vertex 7.4117 35.049 3
      vertex 7.51663 34.9673 2
      vertex 7.4117 35.049 2
    endloop
  endfacet
  facet normal 0.543982 0.839097 -0
    outer loop
      vertex 7.62985 34.8939 2
      vertex 7.51663 34.9673 3
      vertex 7.62985 34.8939 3
    endloop
  endfacet
  facet normal 0.543982 0.839097 0
    outer loop
      vertex 7.51663 34.9673 3
      vertex 7.62985 34.8939 2
      vertex 7.51663 34.9673 2
    endloop
  endfacet
  facet normal 0.472555 0.881301 -0
    outer loop
      vertex 7.7507 34.8291 2
      vertex 7.62985 34.8939 3
      vertex 7.7507 34.8291 3
    endloop
  endfacet
  facet normal 0.472555 0.881301 0
    outer loop
      vertex 7.62985 34.8939 3
      vertex 7.7507 34.8291 2
      vertex 7.62985 34.8939 2
    endloop
  endfacet
  facet normal 0.400707 0.916206 -0
    outer loop
      vertex 7.8792 34.7729 2
      vertex 7.7507 34.8291 3
      vertex 7.8792 34.7729 3
    endloop
  endfacet
  facet normal 0.400707 0.916206 0
    outer loop
      vertex 7.7507 34.8291 3
      vertex 7.8792 34.7729 2
      vertex 7.7507 34.8291 2
    endloop
  endfacet
  facet normal 0.329473 0.944165 -0
    outer loop
      vertex 8.01532 34.7254 2
      vertex 7.8792 34.7729 3
      vertex 8.01532 34.7254 3
    endloop
  endfacet
  facet normal 0.329473 0.944165 0
    outer loop
      vertex 7.8792 34.7729 3
      vertex 8.01532 34.7254 2
      vertex 7.8792 34.7729 2
    endloop
  endfacet
  facet normal 0.261213 0.965281 -0
    outer loop
      vertex 8.15907 34.6865 2
      vertex 8.01532 34.7254 3
      vertex 8.15907 34.6865 3
    endloop
  endfacet
  facet normal 0.261213 0.965281 0
    outer loop
      vertex 8.01532 34.7254 3
      vertex 8.15907 34.6865 2
      vertex 8.01532 34.7254 2
    endloop
  endfacet
  facet normal 0.195618 0.98068 -0
    outer loop
      vertex 8.31047 34.6563 2
      vertex 8.15907 34.6865 3
      vertex 8.31047 34.6563 3
    endloop
  endfacet
  facet normal 0.195618 0.98068 0
    outer loop
      vertex 8.15907 34.6865 3
      vertex 8.31047 34.6563 2
      vertex 8.15907 34.6865 2
    endloop
  endfacet
  facet normal 0.134588 0.990902 -0
    outer loop
      vertex 8.4695 34.6347 2
      vertex 8.31047 34.6563 3
      vertex 8.4695 34.6347 3
    endloop
  endfacet
  facet normal 0.134588 0.990902 0
    outer loop
      vertex 8.31047 34.6563 3
      vertex 8.4695 34.6347 2
      vertex 8.31047 34.6563 2
    endloop
  endfacet
  facet normal 0.0777623 0.996972 -0
    outer loop
      vertex 8.63617 34.6217 2
      vertex 8.4695 34.6347 3
      vertex 8.63617 34.6217 3
    endloop
  endfacet
  facet normal 0.0777623 0.996972 0
    outer loop
      vertex 8.4695 34.6347 3
      vertex 8.63617 34.6217 2
      vertex 8.4695 34.6347 2
    endloop
  endfacet
  facet normal 0.0246626 0.999696 -0
    outer loop
      vertex 8.81047 34.6174 2
      vertex 8.63617 34.6217 3
      vertex 8.81047 34.6174 3
    endloop
  endfacet
  facet normal 0.0246626 0.999696 0
    outer loop
      vertex 8.63617 34.6217 3
      vertex 8.81047 34.6174 2
      vertex 8.63617 34.6217 2
    endloop
  endfacet
  facet normal -0.0308525 0.999524 0
    outer loop
      vertex 9.01781 34.6238 2
      vertex 8.81047 34.6174 3
      vertex 9.01781 34.6238 3
    endloop
  endfacet
  facet normal -0.0308525 0.999524 0
    outer loop
      vertex 8.81047 34.6174 3
      vertex 9.01781 34.6238 2
      vertex 8.81047 34.6174 2
    endloop
  endfacet
  facet normal 0.836362 0.548178 0
    outer loop
      vertex 1.22455 34.6988 3
      vertex 0.0405121 36.5053 2
      vertex 0.0405121 36.5053 3
    endloop
  endfacet
  facet normal 0.836362 0.548178 0
    outer loop
      vertex 0.0405121 36.5053 2
      vertex 1.22455 34.6988 3
      vertex 1.22455 34.6988 2
    endloop
  endfacet
  facet normal 0 1 -0
    outer loop
      vertex 2.04236 34.6988 2
      vertex 1.22455 34.6988 3
      vertex 2.04236 34.6988 3
    endloop
  endfacet
  facet normal 0 1 0
    outer loop
      vertex 1.22455 34.6988 3
      vertex 2.04236 34.6988 2
      vertex 1.22455 34.6988 2
    endloop
  endfacet
  facet normal -0.819636 -0.572884 0
    outer loop
      vertex 2.04236 34.6988 2
      vertex 0.455536 36.9691 3
      vertex 0.455536 36.9691 2
    endloop
  endfacet
  facet normal -0.819636 -0.572884 0
    outer loop
      vertex 0.455536 36.9691 3
      vertex 2.04236 34.6988 2
      vertex 2.04236 34.6988 3
    endloop
  endfacet
  facet normal -0.819085 0.573672 0
    outer loop
      vertex 0.455536 36.9691 2
      vertex 1.94875 39.1011 3
      vertex 1.94875 39.1011 2
    endloop
  endfacet
  facet normal -0.819085 0.573672 0
    outer loop
      vertex 1.94875 39.1011 3
      vertex 0.455536 36.9691 2
      vertex 0.455536 36.9691 3
    endloop
  endfacet
  facet normal 0 -1 0
    outer loop
      vertex 1.13095 39.1011 2
      vertex 1.94875 39.1011 3
      vertex 1.13095 39.1011 3
    endloop
  endfacet
  facet normal 0 -1 -0
    outer loop
      vertex 1.94875 39.1011 3
      vertex 1.13095 39.1011 2
      vertex 1.94875 39.1011 2
    endloop
  endfacet
  facet normal 0.84357 -0.537019 0
    outer loop
      vertex 0.0405121 37.3882 3
      vertex 1.13095 39.1011 2
      vertex 1.13095 39.1011 3
    endloop
  endfacet
  facet normal 0.84357 -0.537019 0
    outer loop
      vertex 1.13095 39.1011 2
      vertex 0.0405121 37.3882 3
      vertex 0.0405121 37.3882 2
    endloop
  endfacet
  facet normal -0.841765 -0.539843 0
    outer loop
      vertex 0.0405121 37.3882 2
      vertex -1.05801 39.1011 3
      vertex -1.05801 39.1011 2
    endloop
  endfacet
  facet normal -0.841765 -0.539843 0
    outer loop
      vertex -1.05801 39.1011 3
      vertex 0.0405121 37.3882 2
      vertex 0.0405121 37.3882 3
    endloop
  endfacet
  facet normal 0 -1 0
    outer loop
      vertex -1.86771 39.1011 2
      vertex -1.05801 39.1011 3
      vertex -1.86771 39.1011 3
    endloop
  endfacet
  facet normal 0 -1 -0
    outer loop
      vertex -1.05801 39.1011 3
      vertex -1.86771 39.1011 2
      vertex -1.05801 39.1011 2
    endloop
  endfacet
  facet normal 0.820094 0.572228 0
    outer loop
      vertex -0.374435 36.961 3
      vertex -1.86771 39.1011 2
      vertex -1.86771 39.1011 3
    endloop
  endfacet
  facet normal 0.820094 0.572228 0
    outer loop
      vertex -1.86771 39.1011 2
      vertex -0.374435 36.961 3
      vertex -0.374435 36.961 2
    endloop
  endfacet
  facet normal 0.822133 -0.569295 0
    outer loop
      vertex -1.94092 34.6988 3
      vertex -0.374435 36.961 2
      vertex -0.374435 36.961 3
    endloop
  endfacet
  facet normal 0.822133 -0.569295 0
    outer loop
      vertex -0.374435 36.961 2
      vertex -1.94092 34.6988 3
      vertex -1.94092 34.6988 2
    endloop
  endfacet
  facet normal 0 1 -0
    outer loop
      vertex -1.15161 34.6988 2
      vertex -1.94092 34.6988 3
      vertex -1.15161 34.6988 3
    endloop
  endfacet
  facet normal 0 1 0
    outer loop
      vertex -1.94092 34.6988 3
      vertex -1.15161 34.6988 2
      vertex -1.94092 34.6988 2
    endloop
  endfacet
  facet normal -0.834645 0.550788 0
    outer loop
      vertex -1.15161 34.6988 2
      vertex 0.0405121 36.5053 3
      vertex 0.0405121 36.5053 2
    endloop
  endfacet
  facet normal -0.834645 0.550788 0
    outer loop
      vertex 0.0405121 36.5053 3
      vertex -1.15161 34.6988 2
      vertex -1.15161 34.6988 3
    endloop
  endfacet
endsolid OpenSCAD_Model
