solid OpenSCAD_Model
  facet normal 1 0 0
    outer loop
      vertex 25 9.42646 18.5822
      vertex 25 19.7 18.7
      vertex 25 9.43032 18.7
    endloop
  endfacet
  facet normal 1 -0 0
    outer loop
      vertex 25 19.7 5
      vertex 25 40 1.90735e-07
      vertex 25 40 5
    endloop
  endfacet
  facet normal 1 0 0
    outer loop
      vertex 25 9.37475 18.0571
      vertex 25 19.7 18.7
      vertex 25 9.42646 18.5822
    endloop
  endfacet
  facet normal 1 0 0
    outer loop
      vertex 25 9.36587 17.967
      vertex 25 19.7 18.7
      vertex 25 9.37475 18.0571
    endloop
  endfacet
  facet normal 1 0 0
    outer loop
      vertex 25 9.27993 17.4464
      vertex 25 19.7 18.7
      vertex 25 9.36587 17.967
    endloop
  endfacet
  facet normal 1 0 0
    outer loop
      vertex 25 9.26517 17.357
      vertex 25 19.7 18.7
      vertex 25 9.27993 17.4464
    endloop
  endfacet
  facet normal 1 0 0
    outer loop
      vertex 25 9.2446 17.2688
      vertex 25 19.7 18.7
      vertex 25 9.26517 17.357
    endloop
  endfacet
  facet normal 1 0 0
    outer loop
      vertex 25 9.1248 16.755
      vertex 25 19.7 18.7
      vertex 25 9.2446 17.2688
    endloop
  endfacet
  facet normal 1 0 0
    outer loop
      vertex 25 9.0985 16.6683
      vertex 25 19.7 18.7
      vertex 25 9.1248 16.755
    endloop
  endfacet
  facet normal 1 0 0
    outer loop
      vertex 25 8.94535 16.1635
      vertex 25 19.7 18.7
      vertex 25 9.0985 16.6683
    endloop
  endfacet
  facet normal 1 0 0
    outer loop
      vertex 25 8.75952 15.6697
      vertex 25 19.7 18.7
      vertex 25 8.94535 16.1635
    endloop
  endfacet
  facet normal 1 0 0
    outer loop
      vertex 25 8.7276 15.5849
      vertex 25 19.7 18.7
      vertex 25 8.75952 15.6697
    endloop
  endfacet
  facet normal 1 0 0
    outer loop
      vertex 25 8.6902 15.5024
      vertex 25 19.7 18.7
      vertex 25 8.7276 15.5849
    endloop
  endfacet
  facet normal 1 0 0
    outer loop
      vertex 25 8.47248 15.0218
      vertex 25 19.7 18.7
      vertex 25 8.6902 15.5024
    endloop
  endfacet
  facet normal 1 0 0
    outer loop
      vertex 25 19.7 18.7
      vertex 25 8.47248 15.0218
      vertex 25 19.7 5
    endloop
  endfacet
  facet normal 1 -0 0
    outer loop
      vertex 25 8.42976 14.9419
      vertex 25 19.7 5
      vertex 25 8.47248 15.0218
    endloop
  endfacet
  facet normal 1 -0 0
    outer loop
      vertex 25 8.18107 14.4767
      vertex 25 19.7 5
      vertex 25 8.42976 14.9419
    endloop
  endfacet
  facet normal 1 -0 0
    outer loop
      vertex 25 7.90249 14.0287
      vertex 25 19.7 5
      vertex 25 8.18107 14.4767
    endloop
  endfacet
  facet normal 1 -0 0
    outer loop
      vertex 25 7.85464 13.9517
      vertex 25 19.7 5
      vertex 25 7.90249 14.0287
    endloop
  endfacet
  facet normal 1 -0 0
    outer loop
      vertex 25 7.54734 13.5229
      vertex 25 19.7 5
      vertex 25 7.85464 13.9517
    endloop
  endfacet
  facet normal 1 -0 0
    outer loop
      vertex 25 7.49456 13.4492
      vertex 25 19.7 5
      vertex 25 7.54734 13.5229
    endloop
  endfacet
  facet normal 1 -0 0
    outer loop
      vertex 25 7.43708 13.3792
      vertex 25 19.7 5
      vertex 25 7.49456 13.4492
    endloop
  endfacet
  facet normal 1 -0 0
    outer loop
      vertex 25 7.1024 12.9714
      vertex 25 19.7 5
      vertex 25 7.43708 13.3792
    endloop
  endfacet
  facet normal 1 -0 0
    outer loop
      vertex 25 6.74176 12.5863
      vertex 25 19.7 5
      vertex 25 7.1024 12.9714
    endloop
  endfacet
  facet normal 1 -0 0
    outer loop
      vertex 25 6.67982 12.5202
      vertex 25 19.7 5
      vertex 25 6.74176 12.5863
    endloop
  endfacet
  facet normal 1 -0 0
    outer loop
      vertex 25 6.61368 12.4582
      vertex 25 19.7 5
      vertex 25 6.67982 12.5202
    endloop
  endfacet
  facet normal 1 -0 0
    outer loop
      vertex 25 6.22863 12.0976
      vertex 25 19.7 5
      vertex 25 6.61368 12.4582
    endloop
  endfacet
  facet normal 1 -0 0
    outer loop
      vertex 25 5.82083 11.7629
      vertex 25 19.7 5
      vertex 25 6.22863 12.0976
    endloop
  endfacet
  facet normal 1 -0 0
    outer loop
      vertex 25 5.75078 11.7054
      vertex 25 19.7 5
      vertex 25 5.82083 11.7629
    endloop
  endfacet
  facet normal 1 -0 0
    outer loop
      vertex 25 5.67712 11.6527
      vertex 25 19.7 5
      vertex 25 5.75078 11.7054
    endloop
  endfacet
  facet normal 1 -0 0
    outer loop
      vertex 25 5.2483 11.3454
      vertex 25 19.7 5
      vertex 25 5.67712 11.6527
    endloop
  endfacet
  facet normal 1 -0 0
    outer loop
      vertex 25 5.17135 11.2975
      vertex 25 19.7 5
      vertex 25 5.2483 11.3454
    endloop
  endfacet
  facet normal 1 -0 0
    outer loop
      vertex 25 4.72334 11.0189
      vertex 25 19.7 5
      vertex 25 5.17135 11.2975
    endloop
  endfacet
  facet normal 1 -0 0
    outer loop
      vertex 25 4.25808 10.7702
      vertex 25 19.7 5
      vertex 25 4.72334 11.0189
    endloop
  endfacet
  facet normal 1 -0 0
    outer loop
      vertex 25 4.17816 10.7275
      vertex 25 19.7 5
      vertex 25 4.25808 10.7702
    endloop
  endfacet
  facet normal 1 -0 0
    outer loop
      vertex 25 3.69763 10.5098
      vertex 25 19.7 5
      vertex 25 4.17816 10.7275
    endloop
  endfacet
  facet normal 1 -0 0
    outer loop
      vertex 25 3.61509 10.4724
      vertex 25 19.7 5
      vertex 25 3.69763 10.5098
    endloop
  endfacet
  facet normal 1 -0 0
    outer loop
      vertex 25 3.53028 10.4405
      vertex 25 19.7 5
      vertex 25 3.61509 10.4724
    endloop
  endfacet
  facet normal 1 -0 0
    outer loop
      vertex 25 3.03654 10.2546
      vertex 25 19.7 5
      vertex 25 3.53028 10.4405
    endloop
  endfacet
  facet normal 1 -0 0
    outer loop
      vertex 25 2.5317 10.1015
      vertex 25 19.7 5
      vertex 25 3.03654 10.2546
    endloop
  endfacet
  facet normal 1 -0 0
    outer loop
      vertex 25 2.44498 10.0752
      vertex 25 19.7 5
      vertex 25 2.5317 10.1015
    endloop
  endfacet
  facet normal 1 -0 0
    outer loop
      vertex 25 1.93121 9.9554
      vertex 25 19.7 5
      vertex 25 2.44498 10.0752
    endloop
  endfacet
  facet normal 1 -0 0
    outer loop
      vertex 25 1.84296 9.93483
      vertex 25 19.7 5
      vertex 25 1.93121 9.9554
    endloop
  endfacet
  facet normal 1 -0 0
    outer loop
      vertex 25 1.75355 9.92007
      vertex 25 19.7 5
      vertex 25 1.84296 9.93483
    endloop
  endfacet
  facet normal 1 -0 0
    outer loop
      vertex 25 1.23304 9.83413
      vertex 25 19.7 5
      vertex 25 1.75355 9.92007
    endloop
  endfacet
  facet normal 1 -0 0
    outer loop
      vertex 25 1.14286 9.82525
      vertex 25 19.7 5
      vertex 25 1.23304 9.83413
    endloop
  endfacet
  facet normal 1 -0 0
    outer loop
      vertex 25 0.617843 9.77354
      vertex 25 19.7 5
      vertex 25 1.14286 9.82525
    endloop
  endfacet
  facet normal 1 -0 0
    outer loop
      vertex 25 0.0905679 9.75628
      vertex 25 19.7 5
      vertex 25 0.617843 9.77354
    endloop
  endfacet
  facet normal 1 -0 0
    outer loop
      vertex 25 0 9.75331
      vertex 25 19.7 5
      vertex 25 0.0905679 9.75628
    endloop
  endfacet
  facet normal 1 0 0
    outer loop
      vertex 25 19.7 5
      vertex 25 0 9.75331
      vertex 25 -19.7 5
    endloop
  endfacet
  facet normal 1 0 0
    outer loop
      vertex 25 -19.7 5
      vertex 25 0 9.75331
      vertex 25 -0.0905679 9.75628
    endloop
  endfacet
  facet normal 1 0 0
    outer loop
      vertex 25 -19.7 5
      vertex 25 -0.0905679 9.75628
      vertex 25 -0.617843 9.77354
    endloop
  endfacet
  facet normal 1 0 0
    outer loop
      vertex 25 -19.7 5
      vertex 25 -0.617843 9.77354
      vertex 25 -1.14286 9.82525
    endloop
  endfacet
  facet normal 1 0 0
    outer loop
      vertex 25 -19.7 5
      vertex 25 -1.14286 9.82525
      vertex 25 -1.23304 9.83413
    endloop
  endfacet
  facet normal 1 0 0
    outer loop
      vertex 25 -19.7 5
      vertex 25 -1.23304 9.83413
      vertex 25 -1.75355 9.92007
    endloop
  endfacet
  facet normal 1 0 0
    outer loop
      vertex 25 -19.7 5
      vertex 25 -1.75355 9.92007
      vertex 25 -1.84296 9.93483
    endloop
  endfacet
  facet normal 1 0 0
    outer loop
      vertex 25 -19.7 5
      vertex 25 -1.84296 9.93483
      vertex 25 -1.93121 9.9554
    endloop
  endfacet
  facet normal 1 0 0
    outer loop
      vertex 25 -19.7 5
      vertex 25 -1.93121 9.9554
      vertex 25 -2.44498 10.0752
    endloop
  endfacet
  facet normal 1 0 0
    outer loop
      vertex 25 -19.7 5
      vertex 25 -3.53028 10.4405
      vertex 25 -3.61509 10.4724
    endloop
  endfacet
  facet normal 1 0 0
    outer loop
      vertex 25 -19.7 5
      vertex 25 -4.25808 10.7702
      vertex 25 -4.72334 11.0189
    endloop
  endfacet
  facet normal 1 0 0
    outer loop
      vertex 25 -19.7 5
      vertex 25 -5.82083 11.7629
      vertex 25 -6.22863 12.0976
    endloop
  endfacet
  facet normal 1 0 0
    outer loop
      vertex 25 -19.7 5
      vertex 25 -7.43708 13.3792
      vertex 25 -7.49456 13.4492
    endloop
  endfacet
  facet normal 1 0 0
    outer loop
      vertex 25 -19.7 5
      vertex 25 -7.90249 14.0287
      vertex 25 -8.18107 14.4767
    endloop
  endfacet
  facet normal 1 0 0
    outer loop
      vertex 25 -19.7 18.7
      vertex 25 -9.27993 17.4464
      vertex 25 -9.36587 17.967
    endloop
  endfacet
  facet normal 1 0 0
    outer loop
      vertex 25 -19.7 18.7
      vertex 25 -9.37475 18.0571
      vertex 25 -9.42646 18.5822
    endloop
  endfacet
  facet normal 1 -0 0
    outer loop
      vertex 25 -19.7 18.7
      vertex 25 -9.42646 18.5822
      vertex 25 -9.43032 18.7
    endloop
  endfacet
  facet normal 1 0 0
    outer loop
      vertex 25 -9.37475 18.0571
      vertex 25 -19.7 18.7
      vertex 25 -9.36587 17.967
    endloop
  endfacet
  facet normal 1 0 0
    outer loop
      vertex 25 -9.27993 17.4464
      vertex 25 -19.7 18.7
      vertex 25 -9.26517 17.357
    endloop
  endfacet
  facet normal 1 0 0
    outer loop
      vertex 25 -19.7 18.7
      vertex 25 -9.2446 17.2688
      vertex 25 -9.26517 17.357
    endloop
  endfacet
  facet normal 1 0 0
    outer loop
      vertex 25 -19.7 18.7
      vertex 25 -9.1248 16.755
      vertex 25 -9.2446 17.2688
    endloop
  endfacet
  facet normal 1 0 0
    outer loop
      vertex 25 -19.7 18.7
      vertex 25 -9.0985 16.6683
      vertex 25 -9.1248 16.755
    endloop
  endfacet
  facet normal 1 0 0
    outer loop
      vertex 25 -19.7 18.7
      vertex 25 -8.94535 16.1635
      vertex 25 -9.0985 16.6683
    endloop
  endfacet
  facet normal 1 0 0
    outer loop
      vertex 25 -19.7 18.7
      vertex 25 -8.75952 15.6697
      vertex 25 -8.94535 16.1635
    endloop
  endfacet
  facet normal 1 0 0
    outer loop
      vertex 25 -19.7 18.7
      vertex 25 -8.7276 15.5849
      vertex 25 -8.75952 15.6697
    endloop
  endfacet
  facet normal 1 0 0
    outer loop
      vertex 25 -19.7 18.7
      vertex 25 -8.6902 15.5024
      vertex 25 -8.7276 15.5849
    endloop
  endfacet
  facet normal 1 0 0
    outer loop
      vertex 25 -19.7 18.7
      vertex 25 -8.47248 15.0218
      vertex 25 -8.6902 15.5024
    endloop
  endfacet
  facet normal 1 0 0
    outer loop
      vertex 25 -19.7 5
      vertex 25 -8.47248 15.0218
      vertex 25 -19.7 18.7
    endloop
  endfacet
  facet normal 1 0 0
    outer loop
      vertex 25 -8.47248 15.0218
      vertex 25 -19.7 5
      vertex 25 -8.42976 14.9419
    endloop
  endfacet
  facet normal 1 0 0
    outer loop
      vertex 25 -8.42976 14.9419
      vertex 25 -19.7 5
      vertex 25 -8.18107 14.4767
    endloop
  endfacet
  facet normal 1 0 0
    outer loop
      vertex 25 -7.90249 14.0287
      vertex 25 -19.7 5
      vertex 25 -7.85464 13.9517
    endloop
  endfacet
  facet normal 1 0 0
    outer loop
      vertex 25 -7.85464 13.9517
      vertex 25 -19.7 5
      vertex 25 -7.54734 13.5229
    endloop
  endfacet
  facet normal 1 0 0
    outer loop
      vertex 25 -7.54734 13.5229
      vertex 25 -19.7 5
      vertex 25 -7.49456 13.4492
    endloop
  endfacet
  facet normal 1 0 0
    outer loop
      vertex 25 -7.43708 13.3792
      vertex 25 -19.7 5
      vertex 25 -7.1024 12.9714
    endloop
  endfacet
  facet normal 1 0 0
    outer loop
      vertex 25 -7.1024 12.9714
      vertex 25 -19.7 5
      vertex 25 -6.74176 12.5863
    endloop
  endfacet
  facet normal 1 0 0
    outer loop
      vertex 25 -6.74176 12.5863
      vertex 25 -19.7 5
      vertex 25 -6.67982 12.5202
    endloop
  endfacet
  facet normal 1 0 0
    outer loop
      vertex 25 -6.67982 12.5202
      vertex 25 -19.7 5
      vertex 25 -6.61368 12.4582
    endloop
  endfacet
  facet normal 1 0 0
    outer loop
      vertex 25 -6.61368 12.4582
      vertex 25 -19.7 5
      vertex 25 -6.22863 12.0976
    endloop
  endfacet
  facet normal 1 0 0
    outer loop
      vertex 25 -5.82083 11.7629
      vertex 25 -19.7 5
      vertex 25 -5.75078 11.7054
    endloop
  endfacet
  facet normal 1 0 0
    outer loop
      vertex 25 -5.75078 11.7054
      vertex 25 -19.7 5
      vertex 25 -5.67712 11.6527
    endloop
  endfacet
  facet normal 1 0 0
    outer loop
      vertex 25 -5.67712 11.6527
      vertex 25 -19.7 5
      vertex 25 -5.2483 11.3454
    endloop
  endfacet
  facet normal 1 0 0
    outer loop
      vertex 25 -5.2483 11.3454
      vertex 25 -19.7 5
      vertex 25 -5.17135 11.2975
    endloop
  endfacet
  facet normal 1 0 0
    outer loop
      vertex 25 -5.17135 11.2975
      vertex 25 -19.7 5
      vertex 25 -4.72334 11.0189
    endloop
  endfacet
  facet normal 1 0 0
    outer loop
      vertex 25 -4.25808 10.7702
      vertex 25 -19.7 5
      vertex 25 -4.17816 10.7275
    endloop
  endfacet
  facet normal 1 0 0
    outer loop
      vertex 25 -19.7 5
      vertex 25 -3.69763 10.5098
      vertex 25 -4.17816 10.7275
    endloop
  endfacet
  facet normal 1 0 0
    outer loop
      vertex 25 -19.7 5
      vertex 25 -3.61509 10.4724
      vertex 25 -3.69763 10.5098
    endloop
  endfacet
  facet normal 1 0 0
    outer loop
      vertex 25 -3.53028 10.4405
      vertex 25 -19.7 5
      vertex 25 -3.03654 10.2546
    endloop
  endfacet
  facet normal 1 0 0
    outer loop
      vertex 25 -19.7 5
      vertex 25 -2.5317 10.1015
      vertex 25 -3.03654 10.2546
    endloop
  endfacet
  facet normal 1 0 0
    outer loop
      vertex 25 -19.7 5
      vertex 25 -2.44498 10.0752
      vertex 25 -2.5317 10.1015
    endloop
  endfacet
  facet normal 1 0 0
    outer loop
      vertex 25 19.7 5
      vertex 25 -19.7 5
      vertex 25 40 1.90735e-07
    endloop
  endfacet
  facet normal 1 0 0
    outer loop
      vertex 25 -40 1.90735e-07
      vertex 25 -19.7 5
      vertex 25 -40 5
    endloop
  endfacet
  facet normal 1 0 0
    outer loop
      vertex 25 -19.7 5
      vertex 25 -40 1.90735e-07
      vertex 25 40 1.90735e-07
    endloop
  endfacet
  facet normal 0 0 1
    outer loop
      vertex 25 -19.7 5
      vertex 17.75 -24.85 5
      vertex 25 -40 5
    endloop
  endfacet
  facet normal 0 0 1
    outer loop
      vertex 25 -19.7 5
      vertex 17.7441 -24.6701 5
      vertex 17.75 -24.85 5
    endloop
  endfacet
  facet normal 0 0 1
    outer loop
      vertex 25 -19.7 5
      vertex 17.7265 -24.4911 5
      vertex 17.7441 -24.6701 5
    endloop
  endfacet
  facet normal 0 0 1
    outer loop
      vertex 25 -19.7 5
      vertex 17.6972 -24.3135 5
      vertex 17.7265 -24.4911 5
    endloop
  endfacet
  facet normal 0 0 1
    outer loop
      vertex 25 -19.7 5
      vertex 17.6563 -24.1382 5
      vertex 17.6972 -24.3135 5
    endloop
  endfacet
  facet normal 0 0 1
    outer loop
      vertex 25 -19.7 5
      vertex 17.6041 -23.966 5
      vertex 17.6563 -24.1382 5
    endloop
  endfacet
  facet normal 0 0 1
    outer loop
      vertex 25 -19.7 5
      vertex 17.5407 -23.7976 5
      vertex 17.6041 -23.966 5
    endloop
  endfacet
  facet normal 0 0 1
    outer loop
      vertex 25 -19.7 5
      vertex 17.4664 -23.6337 5
      vertex 17.5407 -23.7976 5
    endloop
  endfacet
  facet normal 0 0 1
    outer loop
      vertex 25 -19.7 5
      vertex 17.3816 -23.475 5
      vertex 17.4664 -23.6337 5
    endloop
  endfacet
  facet normal 0 0 1
    outer loop
      vertex 25 -19.7 5
      vertex 17.2865 -23.3222 5
      vertex 17.3816 -23.475 5
    endloop
  endfacet
  facet normal 0 0 1
    outer loop
      vertex 25 -19.7 5
      vertex 17.1817 -23.1759 5
      vertex 17.2865 -23.3222 5
    endloop
  endfacet
  facet normal 0 0 1
    outer loop
      vertex 25 -19.7 5
      vertex 17.0676 -23.0368 5
      vertex 17.1817 -23.1759 5
    endloop
  endfacet
  facet normal 0 0 1
    outer loop
      vertex 25 -19.7 5
      vertex 16.9445 -22.9055 5
      vertex 17.0676 -23.0368 5
    endloop
  endfacet
  facet normal 0 0 1
    outer loop
      vertex 25 -19.7 5
      vertex 16.8132 -22.7824 5
      vertex 16.9445 -22.9055 5
    endloop
  endfacet
  facet normal 0 0 1
    outer loop
      vertex 25 -19.7 5
      vertex 16.6741 -22.6683 5
      vertex 16.8132 -22.7824 5
    endloop
  endfacet
  facet normal 0 0 1
    outer loop
      vertex 25 -19.7 5
      vertex 16.5278 -22.5635 5
      vertex 16.6741 -22.6683 5
    endloop
  endfacet
  facet normal 0 0 1
    outer loop
      vertex 25 -19.7 5
      vertex 16.375 -22.4684 5
      vertex 16.5278 -22.5635 5
    endloop
  endfacet
  facet normal 0 0 1
    outer loop
      vertex 25 -19.7 5
      vertex 16.2163 -22.3836 5
      vertex 16.375 -22.4684 5
    endloop
  endfacet
  facet normal 0 0 1
    outer loop
      vertex 25 -19.7 5
      vertex 16.0524 -22.3093 5
      vertex 16.2163 -22.3836 5
    endloop
  endfacet
  facet normal 0 0 1
    outer loop
      vertex 25 -19.7 5
      vertex 15.884 -22.2459 5
      vertex 16.0524 -22.3093 5
    endloop
  endfacet
  facet normal 0 0 1
    outer loop
      vertex 25 -19.7 5
      vertex 15.7118 -22.1937 5
      vertex 15.884 -22.2459 5
    endloop
  endfacet
  facet normal 0 0 1
    outer loop
      vertex 25 -19.7 5
      vertex 15.5365 -22.1528 5
      vertex 15.7118 -22.1937 5
    endloop
  endfacet
  facet normal 0 0 1
    outer loop
      vertex 25 -19.7 5
      vertex 15.3589 -22.1235 5
      vertex 15.5365 -22.1528 5
    endloop
  endfacet
  facet normal 0 0 1
    outer loop
      vertex 25 -19.7 5
      vertex 15.1799 -22.1059 5
      vertex 15.3589 -22.1235 5
    endloop
  endfacet
  facet normal 0 0 1
    outer loop
      vertex 25 -19.7 5
      vertex 15 -22.1 5
      vertex 15.1799 -22.1059 5
    endloop
  endfacet
  facet normal 0 0 1
    outer loop
      vertex 25 -19.7 5
      vertex 14.8201 -22.1059 5
      vertex 15 -22.1 5
    endloop
  endfacet
  facet normal 0 0 1
    outer loop
      vertex 25 -19.7 5
      vertex 14.6411 -22.1235 5
      vertex 14.8201 -22.1059 5
    endloop
  endfacet
  facet normal 0 0 1
    outer loop
      vertex 25 -19.7 5
      vertex 14.4635 -22.1528 5
      vertex 14.6411 -22.1235 5
    endloop
  endfacet
  facet normal 0 0 1
    outer loop
      vertex 12.25 -24.85 5
      vertex -12.25 -24.85 5
      vertex 12.25 -34.85 5
    endloop
  endfacet
  facet normal 0 0 1
    outer loop
      vertex 12.2559 -24.6701 5
      vertex -12.25 -24.85 5
      vertex 12.25 -24.85 5
    endloop
  endfacet
  facet normal 0 0 1
    outer loop
      vertex -12.2559 -24.6701 5
      vertex 12.2559 -24.6701 5
      vertex 12.2735 -24.4911 5
    endloop
  endfacet
  facet normal 0 0 1
    outer loop
      vertex -12.2735 -24.4911 5
      vertex 12.2735 -24.4911 5
      vertex 12.3028 -24.3135 5
    endloop
  endfacet
  facet normal 0 0 1
    outer loop
      vertex -12.3028 -24.3135 5
      vertex 12.3028 -24.3135 5
      vertex 12.3437 -24.1382 5
    endloop
  endfacet
  facet normal 0 0 1
    outer loop
      vertex -12.3437 -24.1382 5
      vertex 12.3437 -24.1382 5
      vertex 12.3959 -23.966 5
    endloop
  endfacet
  facet normal 0 0 1
    outer loop
      vertex -12.3959 -23.966 5
      vertex 12.3959 -23.966 5
      vertex 12.4593 -23.7976 5
    endloop
  endfacet
  facet normal 0 0 1
    outer loop
      vertex -12.4593 -23.7976 5
      vertex 12.4593 -23.7976 5
      vertex 12.5336 -23.6337 5
    endloop
  endfacet
  facet normal 0 0 1
    outer loop
      vertex -12.5336 -23.6337 5
      vertex 12.5336 -23.6337 5
      vertex 12.6184 -23.475 5
    endloop
  endfacet
  facet normal 0 0 1
    outer loop
      vertex -12.6184 -23.475 5
      vertex 12.6184 -23.475 5
      vertex 12.7135 -23.3222 5
    endloop
  endfacet
  facet normal 0 0 1
    outer loop
      vertex -12.7135 -23.3222 5
      vertex 12.7135 -23.3222 5
      vertex 12.8183 -23.1759 5
    endloop
  endfacet
  facet normal 0 0 1
    outer loop
      vertex -12.8183 -23.1759 5
      vertex 12.8183 -23.1759 5
      vertex 12.9324 -23.0368 5
    endloop
  endfacet
  facet normal 0 0 1
    outer loop
      vertex -12.9324 -23.0368 5
      vertex 12.9324 -23.0368 5
      vertex 13.0555 -22.9055 5
    endloop
  endfacet
  facet normal 0 0 1
    outer loop
      vertex -13.0555 -22.9055 5
      vertex 13.0555 -22.9055 5
      vertex 13.1868 -22.7824 5
    endloop
  endfacet
  facet normal 0 0 1
    outer loop
      vertex -13.1868 -22.7824 5
      vertex 13.1868 -22.7824 5
      vertex 13.3259 -22.6683 5
    endloop
  endfacet
  facet normal 0 0 1
    outer loop
      vertex -13.3259 -22.6683 5
      vertex 13.3259 -22.6683 5
      vertex 13.4722 -22.5635 5
    endloop
  endfacet
  facet normal 0 0 1
    outer loop
      vertex -13.4722 -22.5635 5
      vertex 13.4722 -22.5635 5
      vertex 13.625 -22.4684 5
    endloop
  endfacet
  facet normal 0 0 1
    outer loop
      vertex -13.625 -22.4684 5
      vertex 13.625 -22.4684 5
      vertex 13.7837 -22.3836 5
    endloop
  endfacet
  facet normal 0 0 1
    outer loop
      vertex -13.7837 -22.3836 5
      vertex 13.7837 -22.3836 5
      vertex 13.9476 -22.3093 5
    endloop
  endfacet
  facet normal 0 0 1
    outer loop
      vertex -13.9476 -22.3093 5
      vertex 13.9476 -22.3093 5
      vertex 14.116 -22.2459 5
    endloop
  endfacet
  facet normal 0 0 1
    outer loop
      vertex -14.116 -22.2459 5
      vertex 14.116 -22.2459 5
      vertex 14.2882 -22.1937 5
    endloop
  endfacet
  facet normal 0 0 1
    outer loop
      vertex -14.2882 -22.1937 5
      vertex 14.2882 -22.1937 5
      vertex 14.4635 -22.1528 5
    endloop
  endfacet
  facet normal 0 0 1
    outer loop
      vertex -14.4635 -22.1528 5
      vertex 14.4635 -22.1528 5
      vertex 25 -19.7 5
    endloop
  endfacet
  facet normal 0 0 1
    outer loop
      vertex 12.2559 -24.6701 5
      vertex -12.2559 -24.6701 5
      vertex -12.25 -24.85 5
    endloop
  endfacet
  facet normal 0 0 1
    outer loop
      vertex 12.2735 -24.4911 5
      vertex -12.2735 -24.4911 5
      vertex -12.2559 -24.6701 5
    endloop
  endfacet
  facet normal 0 0 1
    outer loop
      vertex 12.3028 -24.3135 5
      vertex -12.3028 -24.3135 5
      vertex -12.2735 -24.4911 5
    endloop
  endfacet
  facet normal 0 0 1
    outer loop
      vertex 12.3437 -24.1382 5
      vertex -12.3437 -24.1382 5
      vertex -12.3028 -24.3135 5
    endloop
  endfacet
  facet normal 0 0 1
    outer loop
      vertex 12.3959 -23.966 5
      vertex -12.3959 -23.966 5
      vertex -12.3437 -24.1382 5
    endloop
  endfacet
  facet normal 0 0 1
    outer loop
      vertex 12.4593 -23.7976 5
      vertex -12.4593 -23.7976 5
      vertex -12.3959 -23.966 5
    endloop
  endfacet
  facet normal 0 0 1
    outer loop
      vertex 12.5336 -23.6337 5
      vertex -12.5336 -23.6337 5
      vertex -12.4593 -23.7976 5
    endloop
  endfacet
  facet normal 0 0 1
    outer loop
      vertex 12.6184 -23.475 5
      vertex -12.6184 -23.475 5
      vertex -12.5336 -23.6337 5
    endloop
  endfacet
  facet normal 0 0 1
    outer loop
      vertex 12.7135 -23.3222 5
      vertex -12.7135 -23.3222 5
      vertex -12.6184 -23.475 5
    endloop
  endfacet
  facet normal 0 0 1
    outer loop
      vertex 12.8183 -23.1759 5
      vertex -12.8183 -23.1759 5
      vertex -12.7135 -23.3222 5
    endloop
  endfacet
  facet normal 0 0 1
    outer loop
      vertex 12.9324 -23.0368 5
      vertex -12.9324 -23.0368 5
      vertex -12.8183 -23.1759 5
    endloop
  endfacet
  facet normal 0 0 1
    outer loop
      vertex 13.0555 -22.9055 5
      vertex -13.0555 -22.9055 5
      vertex -12.9324 -23.0368 5
    endloop
  endfacet
  facet normal 0 0 1
    outer loop
      vertex 13.1868 -22.7824 5
      vertex -13.1868 -22.7824 5
      vertex -13.0555 -22.9055 5
    endloop
  endfacet
  facet normal 0 0 1
    outer loop
      vertex 13.3259 -22.6683 5
      vertex -13.3259 -22.6683 5
      vertex -13.1868 -22.7824 5
    endloop
  endfacet
  facet normal 0 0 1
    outer loop
      vertex 13.4722 -22.5635 5
      vertex -13.4722 -22.5635 5
      vertex -13.3259 -22.6683 5
    endloop
  endfacet
  facet normal 0 0 1
    outer loop
      vertex 13.625 -22.4684 5
      vertex -13.625 -22.4684 5
      vertex -13.4722 -22.5635 5
    endloop
  endfacet
  facet normal 0 0 1
    outer loop
      vertex 13.7837 -22.3836 5
      vertex -13.7837 -22.3836 5
      vertex -13.625 -22.4684 5
    endloop
  endfacet
  facet normal 0 0 1
    outer loop
      vertex 13.9476 -22.3093 5
      vertex -13.9476 -22.3093 5
      vertex -13.7837 -22.3836 5
    endloop
  endfacet
  facet normal 0 0 1
    outer loop
      vertex 14.116 -22.2459 5
      vertex -14.116 -22.2459 5
      vertex -13.9476 -22.3093 5
    endloop
  endfacet
  facet normal 0 0 1
    outer loop
      vertex 14.2882 -22.1937 5
      vertex -14.2882 -22.1937 5
      vertex -14.116 -22.2459 5
    endloop
  endfacet
  facet normal 0 0 1
    outer loop
      vertex 14.4635 -22.1528 5
      vertex -14.4635 -22.1528 5
      vertex -14.2882 -22.1937 5
    endloop
  endfacet
  facet normal 0 0 1
    outer loop
      vertex 25 -19.7 5
      vertex -14.6411 -22.1235 5
      vertex -14.4635 -22.1528 5
    endloop
  endfacet
  facet normal -0 0 1
    outer loop
      vertex -25 -19.7 5
      vertex -14.6411 -22.1235 5
      vertex 25 -19.7 5
    endloop
  endfacet
  facet normal 0 0 1
    outer loop
      vertex -14.6411 -22.1235 5
      vertex -25 -19.7 5
      vertex -14.8201 -22.1059 5
    endloop
  endfacet
  facet normal 0 0 1
    outer loop
      vertex -14.8201 -22.1059 5
      vertex -25 -19.7 5
      vertex -15 -22.1 5
    endloop
  endfacet
  facet normal 0 0 1
    outer loop
      vertex -17.75 -24.85 5
      vertex -25 -19.7 5
      vertex -17.75 -34.85 5
    endloop
  endfacet
  facet normal 0 0 1
    outer loop
      vertex -17.7441 -24.6701 5
      vertex -25 -19.7 5
      vertex -17.75 -24.85 5
    endloop
  endfacet
  facet normal 0 0 1
    outer loop
      vertex -17.7265 -24.4911 5
      vertex -25 -19.7 5
      vertex -17.7441 -24.6701 5
    endloop
  endfacet
  facet normal 0 0 1
    outer loop
      vertex -17.6972 -24.3135 5
      vertex -25 -19.7 5
      vertex -17.7265 -24.4911 5
    endloop
  endfacet
  facet normal 0 0 1
    outer loop
      vertex -17.6563 -24.1382 5
      vertex -25 -19.7 5
      vertex -17.6972 -24.3135 5
    endloop
  endfacet
  facet normal 0 0 1
    outer loop
      vertex -17.6041 -23.966 5
      vertex -25 -19.7 5
      vertex -17.6563 -24.1382 5
    endloop
  endfacet
  facet normal 0 0 1
    outer loop
      vertex -17.5407 -23.7976 5
      vertex -25 -19.7 5
      vertex -17.6041 -23.966 5
    endloop
  endfacet
  facet normal 0 0 1
    outer loop
      vertex -17.4664 -23.6337 5
      vertex -25 -19.7 5
      vertex -17.5407 -23.7976 5
    endloop
  endfacet
  facet normal 0 0 1
    outer loop
      vertex -17.3816 -23.475 5
      vertex -25 -19.7 5
      vertex -17.4664 -23.6337 5
    endloop
  endfacet
  facet normal 0 0 1
    outer loop
      vertex -17.2865 -23.3222 5
      vertex -25 -19.7 5
      vertex -17.3816 -23.475 5
    endloop
  endfacet
  facet normal 0 0 1
    outer loop
      vertex -17.1817 -23.1759 5
      vertex -25 -19.7 5
      vertex -17.2865 -23.3222 5
    endloop
  endfacet
  facet normal 0 0 1
    outer loop
      vertex -17.0676 -23.0368 5
      vertex -25 -19.7 5
      vertex -17.1817 -23.1759 5
    endloop
  endfacet
  facet normal 0 0 1
    outer loop
      vertex -16.9445 -22.9055 5
      vertex -25 -19.7 5
      vertex -17.0676 -23.0368 5
    endloop
  endfacet
  facet normal 0 0 1
    outer loop
      vertex -16.8132 -22.7824 5
      vertex -25 -19.7 5
      vertex -16.9445 -22.9055 5
    endloop
  endfacet
  facet normal 0 0 1
    outer loop
      vertex -16.6741 -22.6683 5
      vertex -25 -19.7 5
      vertex -16.8132 -22.7824 5
    endloop
  endfacet
  facet normal 0 0 1
    outer loop
      vertex -16.5278 -22.5635 5
      vertex -25 -19.7 5
      vertex -16.6741 -22.6683 5
    endloop
  endfacet
  facet normal 0 0 1
    outer loop
      vertex -16.375 -22.4684 5
      vertex -25 -19.7 5
      vertex -16.5278 -22.5635 5
    endloop
  endfacet
  facet normal 0 0 1
    outer loop
      vertex -16.2163 -22.3836 5
      vertex -25 -19.7 5
      vertex -16.375 -22.4684 5
    endloop
  endfacet
  facet normal 0 0 1
    outer loop
      vertex -16.0524 -22.3093 5
      vertex -25 -19.7 5
      vertex -16.2163 -22.3836 5
    endloop
  endfacet
  facet normal 0 0 1
    outer loop
      vertex -15.884 -22.2459 5
      vertex -25 -19.7 5
      vertex -16.0524 -22.3093 5
    endloop
  endfacet
  facet normal 0 0 1
    outer loop
      vertex -15.7118 -22.1937 5
      vertex -25 -19.7 5
      vertex -15.884 -22.2459 5
    endloop
  endfacet
  facet normal 0 0 1
    outer loop
      vertex -15.5365 -22.1528 5
      vertex -25 -19.7 5
      vertex -15.7118 -22.1937 5
    endloop
  endfacet
  facet normal 0 0 1
    outer loop
      vertex -15.3589 -22.1235 5
      vertex -25 -19.7 5
      vertex -15.5365 -22.1528 5
    endloop
  endfacet
  facet normal 0 0 1
    outer loop
      vertex -15.1799 -22.1059 5
      vertex -25 -19.7 5
      vertex -15.3589 -22.1235 5
    endloop
  endfacet
  facet normal 0 0 1
    outer loop
      vertex -15 -22.1 5
      vertex -25 -19.7 5
      vertex -15.1799 -22.1059 5
    endloop
  endfacet
  facet normal -0 0 1
    outer loop
      vertex 17.75 -34.85 5
      vertex 25 -40 5
      vertex 17.75 -24.85 5
    endloop
  endfacet
  facet normal -0 0 1
    outer loop
      vertex 17.7441 -35.0299 5
      vertex 25 -40 5
      vertex 17.75 -34.85 5
    endloop
  endfacet
  facet normal -0 0 1
    outer loop
      vertex 17.7265 -35.2089 5
      vertex 25 -40 5
      vertex 17.7441 -35.0299 5
    endloop
  endfacet
  facet normal -0 0 1
    outer loop
      vertex 17.6972 -35.3865 5
      vertex 25 -40 5
      vertex 17.7265 -35.2089 5
    endloop
  endfacet
  facet normal -0 0 1
    outer loop
      vertex 17.6563 -35.5618 5
      vertex 25 -40 5
      vertex 17.6972 -35.3865 5
    endloop
  endfacet
  facet normal -0 0 1
    outer loop
      vertex 17.6041 -35.734 5
      vertex 25 -40 5
      vertex 17.6563 -35.5618 5
    endloop
  endfacet
  facet normal -0 0 1
    outer loop
      vertex 17.5407 -35.9024 5
      vertex 25 -40 5
      vertex 17.6041 -35.734 5
    endloop
  endfacet
  facet normal -0 0 1
    outer loop
      vertex 17.4664 -36.0663 5
      vertex 25 -40 5
      vertex 17.5407 -35.9024 5
    endloop
  endfacet
  facet normal -0 0 1
    outer loop
      vertex 17.3816 -36.225 5
      vertex 25 -40 5
      vertex 17.4664 -36.0663 5
    endloop
  endfacet
  facet normal -0 0 1
    outer loop
      vertex 17.2865 -36.3778 5
      vertex 25 -40 5
      vertex 17.3816 -36.225 5
    endloop
  endfacet
  facet normal -0 0 1
    outer loop
      vertex 17.1817 -36.5241 5
      vertex 25 -40 5
      vertex 17.2865 -36.3778 5
    endloop
  endfacet
  facet normal -0 0 1
    outer loop
      vertex 17.0676 -36.6632 5
      vertex 25 -40 5
      vertex 17.1817 -36.5241 5
    endloop
  endfacet
  facet normal -0 0 1
    outer loop
      vertex 16.9445 -36.7945 5
      vertex 25 -40 5
      vertex 17.0676 -36.6632 5
    endloop
  endfacet
  facet normal -0 0 1
    outer loop
      vertex 16.8132 -36.9176 5
      vertex 25 -40 5
      vertex 16.9445 -36.7945 5
    endloop
  endfacet
  facet normal -0 0 1
    outer loop
      vertex 16.6741 -37.0317 5
      vertex 25 -40 5
      vertex 16.8132 -36.9176 5
    endloop
  endfacet
  facet normal -0 0 1
    outer loop
      vertex 16.5278 -37.1365 5
      vertex 25 -40 5
      vertex 16.6741 -37.0317 5
    endloop
  endfacet
  facet normal -0 0 1
    outer loop
      vertex 16.375 -37.2316 5
      vertex 25 -40 5
      vertex 16.5278 -37.1365 5
    endloop
  endfacet
  facet normal -0 0 1
    outer loop
      vertex 16.2163 -37.3164 5
      vertex 25 -40 5
      vertex 16.375 -37.2316 5
    endloop
  endfacet
  facet normal -0 0 1
    outer loop
      vertex 16.0524 -37.3907 5
      vertex 25 -40 5
      vertex 16.2163 -37.3164 5
    endloop
  endfacet
  facet normal -0 0 1
    outer loop
      vertex 15.884 -37.4541 5
      vertex 25 -40 5
      vertex 16.0524 -37.3907 5
    endloop
  endfacet
  facet normal -0 0 1
    outer loop
      vertex 15.7118 -37.5063 5
      vertex 25 -40 5
      vertex 15.884 -37.4541 5
    endloop
  endfacet
  facet normal -0 0 1
    outer loop
      vertex 15.5365 -37.5472 5
      vertex 25 -40 5
      vertex 15.7118 -37.5063 5
    endloop
  endfacet
  facet normal -0 0 1
    outer loop
      vertex 15.3589 -37.5765 5
      vertex 25 -40 5
      vertex 15.5365 -37.5472 5
    endloop
  endfacet
  facet normal -0 0 1
    outer loop
      vertex 15.1799 -37.5941 5
      vertex 25 -40 5
      vertex 15.3589 -37.5765 5
    endloop
  endfacet
  facet normal -0 0 1
    outer loop
      vertex 15 -37.6 5
      vertex 25 -40 5
      vertex 15.1799 -37.5941 5
    endloop
  endfacet
  facet normal 0 0 1
    outer loop
      vertex 14.8201 -37.5941 5
      vertex 25 -40 5
      vertex 15 -37.6 5
    endloop
  endfacet
  facet normal 0 0 1
    outer loop
      vertex 14.6411 -37.5765 5
      vertex 25 -40 5
      vertex 14.8201 -37.5941 5
    endloop
  endfacet
  facet normal 0 0 1
    outer loop
      vertex 14.4635 -37.5472 5
      vertex 25 -40 5
      vertex 14.6411 -37.5765 5
    endloop
  endfacet
  facet normal 0 0 1
    outer loop
      vertex -12.25 -34.85 5
      vertex 12.25 -34.85 5
      vertex -12.25 -24.85 5
    endloop
  endfacet
  facet normal 0 0 1
    outer loop
      vertex 12.25 -34.85 5
      vertex -12.25 -34.85 5
      vertex 12.2559 -35.0299 5
    endloop
  endfacet
  facet normal 0 0 1
    outer loop
      vertex -12.2559 -35.0299 5
      vertex 12.2559 -35.0299 5
      vertex -12.25 -34.85 5
    endloop
  endfacet
  facet normal 0 0 1
    outer loop
      vertex 12.2559 -35.0299 5
      vertex -12.2559 -35.0299 5
      vertex 12.2735 -35.2089 5
    endloop
  endfacet
  facet normal 0 0 1
    outer loop
      vertex -12.2735 -35.2089 5
      vertex 12.2735 -35.2089 5
      vertex -12.2559 -35.0299 5
    endloop
  endfacet
  facet normal 0 0 1
    outer loop
      vertex 12.2735 -35.2089 5
      vertex -12.2735 -35.2089 5
      vertex 12.3028 -35.3865 5
    endloop
  endfacet
  facet normal 0 0 1
    outer loop
      vertex -12.3028 -35.3865 5
      vertex 12.3028 -35.3865 5
      vertex -12.2735 -35.2089 5
    endloop
  endfacet
  facet normal 0 0 1
    outer loop
      vertex 12.3028 -35.3865 5
      vertex -12.3028 -35.3865 5
      vertex 12.3437 -35.5618 5
    endloop
  endfacet
  facet normal 0 0 1
    outer loop
      vertex -12.3437 -35.5618 5
      vertex 12.3437 -35.5618 5
      vertex -12.3028 -35.3865 5
    endloop
  endfacet
  facet normal 0 0 1
    outer loop
      vertex 12.3437 -35.5618 5
      vertex -12.3437 -35.5618 5
      vertex 12.3959 -35.734 5
    endloop
  endfacet
  facet normal 0 0 1
    outer loop
      vertex -12.3959 -35.734 5
      vertex 12.3959 -35.734 5
      vertex -12.3437 -35.5618 5
    endloop
  endfacet
  facet normal 0 0 1
    outer loop
      vertex 12.3959 -35.734 5
      vertex -12.3959 -35.734 5
      vertex 12.4593 -35.9024 5
    endloop
  endfacet
  facet normal 0 0 1
    outer loop
      vertex -12.4593 -35.9024 5
      vertex 12.4593 -35.9024 5
      vertex -12.3959 -35.734 5
    endloop
  endfacet
  facet normal 0 0 1
    outer loop
      vertex 12.4593 -35.9024 5
      vertex -12.4593 -35.9024 5
      vertex 12.5336 -36.0663 5
    endloop
  endfacet
  facet normal 0 0 1
    outer loop
      vertex -12.5336 -36.0663 5
      vertex 12.5336 -36.0663 5
      vertex -12.4593 -35.9024 5
    endloop
  endfacet
  facet normal 0 0 1
    outer loop
      vertex 12.5336 -36.0663 5
      vertex -12.5336 -36.0663 5
      vertex 12.6184 -36.225 5
    endloop
  endfacet
  facet normal 0 0 1
    outer loop
      vertex -12.6184 -36.225 5
      vertex 12.6184 -36.225 5
      vertex -12.5336 -36.0663 5
    endloop
  endfacet
  facet normal 0 0 1
    outer loop
      vertex 12.6184 -36.225 5
      vertex -12.6184 -36.225 5
      vertex 12.7135 -36.3778 5
    endloop
  endfacet
  facet normal 0 0 1
    outer loop
      vertex -12.7135 -36.3778 5
      vertex 12.7135 -36.3778 5
      vertex -12.6184 -36.225 5
    endloop
  endfacet
  facet normal 0 0 1
    outer loop
      vertex 12.7135 -36.3778 5
      vertex -12.7135 -36.3778 5
      vertex 12.8183 -36.5241 5
    endloop
  endfacet
  facet normal 0 0 1
    outer loop
      vertex -12.8183 -36.5241 5
      vertex 12.8183 -36.5241 5
      vertex -12.7135 -36.3778 5
    endloop
  endfacet
  facet normal 0 0 1
    outer loop
      vertex 12.8183 -36.5241 5
      vertex -12.8183 -36.5241 5
      vertex 12.9324 -36.6632 5
    endloop
  endfacet
  facet normal 0 0 1
    outer loop
      vertex -12.9324 -36.6632 5
      vertex 12.9324 -36.6632 5
      vertex -12.8183 -36.5241 5
    endloop
  endfacet
  facet normal 0 0 1
    outer loop
      vertex 12.9324 -36.6632 5
      vertex -12.9324 -36.6632 5
      vertex 13.0555 -36.7945 5
    endloop
  endfacet
  facet normal 0 0 1
    outer loop
      vertex -13.0555 -36.7945 5
      vertex 13.0555 -36.7945 5
      vertex -12.9324 -36.6632 5
    endloop
  endfacet
  facet normal 0 0 1
    outer loop
      vertex 13.0555 -36.7945 5
      vertex -13.0555 -36.7945 5
      vertex 13.1868 -36.9176 5
    endloop
  endfacet
  facet normal 0 0 1
    outer loop
      vertex -13.1868 -36.9176 5
      vertex 13.1868 -36.9176 5
      vertex -13.0555 -36.7945 5
    endloop
  endfacet
  facet normal 0 0 1
    outer loop
      vertex 13.1868 -36.9176 5
      vertex -13.1868 -36.9176 5
      vertex 13.3259 -37.0317 5
    endloop
  endfacet
  facet normal 0 0 1
    outer loop
      vertex -13.3259 -37.0317 5
      vertex 13.3259 -37.0317 5
      vertex -13.1868 -36.9176 5
    endloop
  endfacet
  facet normal 0 0 1
    outer loop
      vertex 13.3259 -37.0317 5
      vertex -13.3259 -37.0317 5
      vertex 13.4722 -37.1365 5
    endloop
  endfacet
  facet normal 0 0 1
    outer loop
      vertex -13.4722 -37.1365 5
      vertex 13.4722 -37.1365 5
      vertex -13.3259 -37.0317 5
    endloop
  endfacet
  facet normal 0 0 1
    outer loop
      vertex 13.4722 -37.1365 5
      vertex -13.4722 -37.1365 5
      vertex 13.625 -37.2316 5
    endloop
  endfacet
  facet normal 0 0 1
    outer loop
      vertex -13.625 -37.2316 5
      vertex 13.625 -37.2316 5
      vertex -13.4722 -37.1365 5
    endloop
  endfacet
  facet normal 0 0 1
    outer loop
      vertex 13.625 -37.2316 5
      vertex -13.625 -37.2316 5
      vertex 13.7837 -37.3164 5
    endloop
  endfacet
  facet normal 0 0 1
    outer loop
      vertex -13.7837 -37.3164 5
      vertex 13.7837 -37.3164 5
      vertex -13.625 -37.2316 5
    endloop
  endfacet
  facet normal 0 0 1
    outer loop
      vertex 13.7837 -37.3164 5
      vertex -13.7837 -37.3164 5
      vertex 13.9476 -37.3907 5
    endloop
  endfacet
  facet normal 0 0 1
    outer loop
      vertex -13.9476 -37.3907 5
      vertex 13.9476 -37.3907 5
      vertex -13.7837 -37.3164 5
    endloop
  endfacet
  facet normal 0 0 1
    outer loop
      vertex 13.9476 -37.3907 5
      vertex -13.9476 -37.3907 5
      vertex 14.116 -37.4541 5
    endloop
  endfacet
  facet normal 0 0 1
    outer loop
      vertex -14.116 -37.4541 5
      vertex 14.116 -37.4541 5
      vertex -13.9476 -37.3907 5
    endloop
  endfacet
  facet normal 0 0 1
    outer loop
      vertex 14.116 -37.4541 5
      vertex -14.116 -37.4541 5
      vertex 14.2882 -37.5063 5
    endloop
  endfacet
  facet normal 0 0 1
    outer loop
      vertex -14.2882 -37.5063 5
      vertex 14.2882 -37.5063 5
      vertex -14.116 -37.4541 5
    endloop
  endfacet
  facet normal 0 0 1
    outer loop
      vertex 14.2882 -37.5063 5
      vertex -14.2882 -37.5063 5
      vertex 14.4635 -37.5472 5
    endloop
  endfacet
  facet normal 0 0 1
    outer loop
      vertex -14.4635 -37.5472 5
      vertex 14.4635 -37.5472 5
      vertex -14.2882 -37.5063 5
    endloop
  endfacet
  facet normal 0 0 1
    outer loop
      vertex 14.4635 -37.5472 5
      vertex -14.4635 -37.5472 5
      vertex 25 -40 5
    endloop
  endfacet
  facet normal -0 0 1
    outer loop
      vertex -14.6411 -37.5765 5
      vertex 25 -40 5
      vertex -14.4635 -37.5472 5
    endloop
  endfacet
  facet normal 0 0 1
    outer loop
      vertex -25 -40 5
      vertex -14.6411 -37.5765 5
      vertex -14.8201 -37.5941 5
    endloop
  endfacet
  facet normal 0 0 1
    outer loop
      vertex -25 -40 5
      vertex -14.8201 -37.5941 5
      vertex -15 -37.6 5
    endloop
  endfacet
  facet normal 0 0 1
    outer loop
      vertex -25 -40 5
      vertex -15 -37.6 5
      vertex -15.1799 -37.5941 5
    endloop
  endfacet
  facet normal 0 0 1
    outer loop
      vertex -25 -40 5
      vertex -17.75 -34.85 5
      vertex -25 -19.7 5
    endloop
  endfacet
  facet normal 0 0 1
    outer loop
      vertex -17.75 -34.85 5
      vertex -25 -40 5
      vertex -17.7441 -35.0299 5
    endloop
  endfacet
  facet normal 0 0 1
    outer loop
      vertex -17.7441 -35.0299 5
      vertex -25 -40 5
      vertex -17.7265 -35.2089 5
    endloop
  endfacet
  facet normal 0 0 1
    outer loop
      vertex -17.7265 -35.2089 5
      vertex -25 -40 5
      vertex -17.6972 -35.3865 5
    endloop
  endfacet
  facet normal 0 0 1
    outer loop
      vertex -17.6972 -35.3865 5
      vertex -25 -40 5
      vertex -17.6563 -35.5618 5
    endloop
  endfacet
  facet normal 0 0 1
    outer loop
      vertex -17.6563 -35.5618 5
      vertex -25 -40 5
      vertex -17.6041 -35.734 5
    endloop
  endfacet
  facet normal 0 0 1
    outer loop
      vertex -17.6041 -35.734 5
      vertex -25 -40 5
      vertex -17.5407 -35.9024 5
    endloop
  endfacet
  facet normal 0 0 1
    outer loop
      vertex -14.6411 -37.5765 5
      vertex -25 -40 5
      vertex 25 -40 5
    endloop
  endfacet
  facet normal 0 0 1
    outer loop
      vertex -15.3589 -37.5765 5
      vertex -25 -40 5
      vertex -15.1799 -37.5941 5
    endloop
  endfacet
  facet normal 0 0 1
    outer loop
      vertex -15.5365 -37.5472 5
      vertex -25 -40 5
      vertex -15.3589 -37.5765 5
    endloop
  endfacet
  facet normal 0 0 1
    outer loop
      vertex -15.7118 -37.5063 5
      vertex -25 -40 5
      vertex -15.5365 -37.5472 5
    endloop
  endfacet
  facet normal 0 0 1
    outer loop
      vertex -15.884 -37.4541 5
      vertex -25 -40 5
      vertex -15.7118 -37.5063 5
    endloop
  endfacet
  facet normal 0 0 1
    outer loop
      vertex -16.0524 -37.3907 5
      vertex -25 -40 5
      vertex -15.884 -37.4541 5
    endloop
  endfacet
  facet normal 0 0 1
    outer loop
      vertex -16.2163 -37.3164 5
      vertex -25 -40 5
      vertex -16.0524 -37.3907 5
    endloop
  endfacet
  facet normal 0 0 1
    outer loop
      vertex -16.375 -37.2316 5
      vertex -25 -40 5
      vertex -16.2163 -37.3164 5
    endloop
  endfacet
  facet normal 0 0 1
    outer loop
      vertex -16.5278 -37.1365 5
      vertex -25 -40 5
      vertex -16.375 -37.2316 5
    endloop
  endfacet
  facet normal 0 0 1
    outer loop
      vertex -16.6741 -37.0317 5
      vertex -25 -40 5
      vertex -16.5278 -37.1365 5
    endloop
  endfacet
  facet normal 0 0 1
    outer loop
      vertex -16.8132 -36.9176 5
      vertex -25 -40 5
      vertex -16.6741 -37.0317 5
    endloop
  endfacet
  facet normal 0 0 1
    outer loop
      vertex -16.9445 -36.7945 5
      vertex -25 -40 5
      vertex -16.8132 -36.9176 5
    endloop
  endfacet
  facet normal 0 0 1
    outer loop
      vertex -17.0676 -36.6632 5
      vertex -25 -40 5
      vertex -16.9445 -36.7945 5
    endloop
  endfacet
  facet normal 0 0 1
    outer loop
      vertex -17.1817 -36.5241 5
      vertex -25 -40 5
      vertex -17.0676 -36.6632 5
    endloop
  endfacet
  facet normal 0 0 1
    outer loop
      vertex -17.2865 -36.3778 5
      vertex -25 -40 5
      vertex -17.1817 -36.5241 5
    endloop
  endfacet
  facet normal 0 0 1
    outer loop
      vertex -17.3816 -36.225 5
      vertex -25 -40 5
      vertex -17.2865 -36.3778 5
    endloop
  endfacet
  facet normal 0 0 1
    outer loop
      vertex -17.4664 -36.0663 5
      vertex -25 -40 5
      vertex -17.3816 -36.225 5
    endloop
  endfacet
  facet normal 0 0 1
    outer loop
      vertex -17.5407 -35.9024 5
      vertex -25 -40 5
      vertex -17.4664 -36.0663 5
    endloop
  endfacet
  facet normal 0 0 1
    outer loop
      vertex 25 40 5
      vertex 17.75 34.85 5
      vertex 25 19.7 5
    endloop
  endfacet
  facet normal 0 0 1
    outer loop
      vertex 25 40 5
      vertex 17.7441 35.0299 5
      vertex 17.75 34.85 5
    endloop
  endfacet
  facet normal 0 0 1
    outer loop
      vertex 25 40 5
      vertex 17.7265 35.2089 5
      vertex 17.7441 35.0299 5
    endloop
  endfacet
  facet normal 0 0 1
    outer loop
      vertex 25 40 5
      vertex 17.6972 35.3865 5
      vertex 17.7265 35.2089 5
    endloop
  endfacet
  facet normal 0 0 1
    outer loop
      vertex 25 40 5
      vertex 17.6563 35.5618 5
      vertex 17.6972 35.3865 5
    endloop
  endfacet
  facet normal 0 0 1
    outer loop
      vertex 25 40 5
      vertex 17.6041 35.734 5
      vertex 17.6563 35.5618 5
    endloop
  endfacet
  facet normal 0 0 1
    outer loop
      vertex 25 40 5
      vertex 17.5407 35.9024 5
      vertex 17.6041 35.734 5
    endloop
  endfacet
  facet normal 0 0 1
    outer loop
      vertex 25 40 5
      vertex 17.4664 36.0663 5
      vertex 17.5407 35.9024 5
    endloop
  endfacet
  facet normal 0 0 1
    outer loop
      vertex 25 40 5
      vertex 17.3816 36.225 5
      vertex 17.4664 36.0663 5
    endloop
  endfacet
  facet normal 0 0 1
    outer loop
      vertex 25 40 5
      vertex 17.2865 36.3778 5
      vertex 17.3816 36.225 5
    endloop
  endfacet
  facet normal 0 0 1
    outer loop
      vertex 25 40 5
      vertex 17.1817 36.5241 5
      vertex 17.2865 36.3778 5
    endloop
  endfacet
  facet normal 0 0 1
    outer loop
      vertex 25 40 5
      vertex 17.0676 36.6632 5
      vertex 17.1817 36.5241 5
    endloop
  endfacet
  facet normal 0 0 1
    outer loop
      vertex 25 40 5
      vertex 16.9445 36.7945 5
      vertex 17.0676 36.6632 5
    endloop
  endfacet
  facet normal 0 0 1
    outer loop
      vertex 25 40 5
      vertex 16.8132 36.9176 5
      vertex 16.9445 36.7945 5
    endloop
  endfacet
  facet normal 0 0 1
    outer loop
      vertex 25 40 5
      vertex 16.6741 37.0317 5
      vertex 16.8132 36.9176 5
    endloop
  endfacet
  facet normal 0 0 1
    outer loop
      vertex 25 40 5
      vertex 16.5278 37.1365 5
      vertex 16.6741 37.0317 5
    endloop
  endfacet
  facet normal 0 0 1
    outer loop
      vertex 25 40 5
      vertex 16.375 37.2316 5
      vertex 16.5278 37.1365 5
    endloop
  endfacet
  facet normal 0 0 1
    outer loop
      vertex 25 40 5
      vertex 16.2163 37.3164 5
      vertex 16.375 37.2316 5
    endloop
  endfacet
  facet normal 0 0 1
    outer loop
      vertex 25 40 5
      vertex 16.0524 37.3907 5
      vertex 16.2163 37.3164 5
    endloop
  endfacet
  facet normal 0 0 1
    outer loop
      vertex 25 40 5
      vertex 15.884 37.4541 5
      vertex 16.0524 37.3907 5
    endloop
  endfacet
  facet normal 0 0 1
    outer loop
      vertex 25 40 5
      vertex 15.7118 37.5063 5
      vertex 15.884 37.4541 5
    endloop
  endfacet
  facet normal 0 0 1
    outer loop
      vertex 25 40 5
      vertex 15.5365 37.5472 5
      vertex 15.7118 37.5063 5
    endloop
  endfacet
  facet normal 0 0 1
    outer loop
      vertex 25 40 5
      vertex 15.3589 37.5765 5
      vertex 15.5365 37.5472 5
    endloop
  endfacet
  facet normal 0 0 1
    outer loop
      vertex 25 40 5
      vertex 15.1799 37.5941 5
      vertex 15.3589 37.5765 5
    endloop
  endfacet
  facet normal 0 0 1
    outer loop
      vertex 25 40 5
      vertex 15 37.6 5
      vertex 15.1799 37.5941 5
    endloop
  endfacet
  facet normal 0 0 1
    outer loop
      vertex 25 40 5
      vertex 14.8201 37.5941 5
      vertex 15 37.6 5
    endloop
  endfacet
  facet normal 0 0 1
    outer loop
      vertex 25 40 5
      vertex 14.6411 37.5765 5
      vertex 14.8201 37.5941 5
    endloop
  endfacet
  facet normal 0 0 1
    outer loop
      vertex 25 40 5
      vertex 14.4635 37.5472 5
      vertex 14.6411 37.5765 5
    endloop
  endfacet
  facet normal 0 0 1
    outer loop
      vertex 12.25 34.85 5
      vertex -12.25 34.85 5
      vertex 12.25 24.85 5
    endloop
  endfacet
  facet normal 0 0 1
    outer loop
      vertex 12.2559 35.0299 5
      vertex -12.25 34.85 5
      vertex 12.25 34.85 5
    endloop
  endfacet
  facet normal 0 0 1
    outer loop
      vertex -12.2559 35.0299 5
      vertex 12.2559 35.0299 5
      vertex 12.2735 35.2089 5
    endloop
  endfacet
  facet normal 0 0 1
    outer loop
      vertex -12.2735 35.2089 5
      vertex 12.2735 35.2089 5
      vertex 12.3028 35.3865 5
    endloop
  endfacet
  facet normal 0 0 1
    outer loop
      vertex -12.3028 35.3865 5
      vertex 12.3028 35.3865 5
      vertex 12.3437 35.5618 5
    endloop
  endfacet
  facet normal 0 0 1
    outer loop
      vertex -12.3437 35.5618 5
      vertex 12.3437 35.5618 5
      vertex 12.3959 35.734 5
    endloop
  endfacet
  facet normal 0 0 1
    outer loop
      vertex -12.3959 35.734 5
      vertex 12.3959 35.734 5
      vertex 12.4593 35.9024 5
    endloop
  endfacet
  facet normal 0 0 1
    outer loop
      vertex -12.4593 35.9024 5
      vertex 12.4593 35.9024 5
      vertex 12.5336 36.0663 5
    endloop
  endfacet
  facet normal 0 0 1
    outer loop
      vertex -12.5336 36.0663 5
      vertex 12.5336 36.0663 5
      vertex 12.6184 36.225 5
    endloop
  endfacet
  facet normal 0 0 1
    outer loop
      vertex -12.6184 36.225 5
      vertex 12.6184 36.225 5
      vertex 12.7135 36.3778 5
    endloop
  endfacet
  facet normal 0 0 1
    outer loop
      vertex -12.7135 36.3778 5
      vertex 12.7135 36.3778 5
      vertex 12.8183 36.5241 5
    endloop
  endfacet
  facet normal 0 0 1
    outer loop
      vertex -12.8183 36.5241 5
      vertex 12.8183 36.5241 5
      vertex 12.9324 36.6632 5
    endloop
  endfacet
  facet normal 0 0 1
    outer loop
      vertex -12.9324 36.6632 5
      vertex 12.9324 36.6632 5
      vertex 13.0555 36.7945 5
    endloop
  endfacet
  facet normal 0 0 1
    outer loop
      vertex -13.0555 36.7945 5
      vertex 13.0555 36.7945 5
      vertex 13.1868 36.9176 5
    endloop
  endfacet
  facet normal 0 0 1
    outer loop
      vertex -13.1868 36.9176 5
      vertex 13.1868 36.9176 5
      vertex 13.3259 37.0317 5
    endloop
  endfacet
  facet normal 0 0 1
    outer loop
      vertex -13.3259 37.0317 5
      vertex 13.3259 37.0317 5
      vertex 13.4722 37.1365 5
    endloop
  endfacet
  facet normal 0 0 1
    outer loop
      vertex -13.4722 37.1365 5
      vertex 13.4722 37.1365 5
      vertex 13.625 37.2316 5
    endloop
  endfacet
  facet normal 0 0 1
    outer loop
      vertex -13.625 37.2316 5
      vertex 13.625 37.2316 5
      vertex 13.7837 37.3164 5
    endloop
  endfacet
  facet normal 0 0 1
    outer loop
      vertex -13.7837 37.3164 5
      vertex 13.7837 37.3164 5
      vertex 13.9476 37.3907 5
    endloop
  endfacet
  facet normal 0 0 1
    outer loop
      vertex -13.9476 37.3907 5
      vertex 13.9476 37.3907 5
      vertex 14.116 37.4541 5
    endloop
  endfacet
  facet normal 0 0 1
    outer loop
      vertex -14.116 37.4541 5
      vertex 14.116 37.4541 5
      vertex 14.2882 37.5063 5
    endloop
  endfacet
  facet normal 0 0 1
    outer loop
      vertex -14.2882 37.5063 5
      vertex 14.2882 37.5063 5
      vertex 14.4635 37.5472 5
    endloop
  endfacet
  facet normal 0 0 1
    outer loop
      vertex -14.4635 37.5472 5
      vertex 14.4635 37.5472 5
      vertex 25 40 5
    endloop
  endfacet
  facet normal 0 0 1
    outer loop
      vertex 12.2559 35.0299 5
      vertex -12.2559 35.0299 5
      vertex -12.25 34.85 5
    endloop
  endfacet
  facet normal 0 0 1
    outer loop
      vertex 12.2735 35.2089 5
      vertex -12.2735 35.2089 5
      vertex -12.2559 35.0299 5
    endloop
  endfacet
  facet normal 0 0 1
    outer loop
      vertex 12.3028 35.3865 5
      vertex -12.3028 35.3865 5
      vertex -12.2735 35.2089 5
    endloop
  endfacet
  facet normal 0 0 1
    outer loop
      vertex 12.3437 35.5618 5
      vertex -12.3437 35.5618 5
      vertex -12.3028 35.3865 5
    endloop
  endfacet
  facet normal 0 0 1
    outer loop
      vertex 12.3959 35.734 5
      vertex -12.3959 35.734 5
      vertex -12.3437 35.5618 5
    endloop
  endfacet
  facet normal 0 0 1
    outer loop
      vertex 12.4593 35.9024 5
      vertex -12.4593 35.9024 5
      vertex -12.3959 35.734 5
    endloop
  endfacet
  facet normal 0 0 1
    outer loop
      vertex 12.5336 36.0663 5
      vertex -12.5336 36.0663 5
      vertex -12.4593 35.9024 5
    endloop
  endfacet
  facet normal 0 0 1
    outer loop
      vertex 12.6184 36.225 5
      vertex -12.6184 36.225 5
      vertex -12.5336 36.0663 5
    endloop
  endfacet
  facet normal 0 0 1
    outer loop
      vertex 12.7135 36.3778 5
      vertex -12.7135 36.3778 5
      vertex -12.6184 36.225 5
    endloop
  endfacet
  facet normal 0 0 1
    outer loop
      vertex 12.8183 36.5241 5
      vertex -12.8183 36.5241 5
      vertex -12.7135 36.3778 5
    endloop
  endfacet
  facet normal 0 0 1
    outer loop
      vertex 12.9324 36.6632 5
      vertex -12.9324 36.6632 5
      vertex -12.8183 36.5241 5
    endloop
  endfacet
  facet normal 0 0 1
    outer loop
      vertex 13.0555 36.7945 5
      vertex -13.0555 36.7945 5
      vertex -12.9324 36.6632 5
    endloop
  endfacet
  facet normal 0 0 1
    outer loop
      vertex 13.1868 36.9176 5
      vertex -13.1868 36.9176 5
      vertex -13.0555 36.7945 5
    endloop
  endfacet
  facet normal 0 0 1
    outer loop
      vertex 13.3259 37.0317 5
      vertex -13.3259 37.0317 5
      vertex -13.1868 36.9176 5
    endloop
  endfacet
  facet normal 0 0 1
    outer loop
      vertex 13.4722 37.1365 5
      vertex -13.4722 37.1365 5
      vertex -13.3259 37.0317 5
    endloop
  endfacet
  facet normal 0 0 1
    outer loop
      vertex 13.625 37.2316 5
      vertex -13.625 37.2316 5
      vertex -13.4722 37.1365 5
    endloop
  endfacet
  facet normal 0 0 1
    outer loop
      vertex 13.7837 37.3164 5
      vertex -13.7837 37.3164 5
      vertex -13.625 37.2316 5
    endloop
  endfacet
  facet normal 0 0 1
    outer loop
      vertex 13.9476 37.3907 5
      vertex -13.9476 37.3907 5
      vertex -13.7837 37.3164 5
    endloop
  endfacet
  facet normal 0 0 1
    outer loop
      vertex 14.116 37.4541 5
      vertex -14.116 37.4541 5
      vertex -13.9476 37.3907 5
    endloop
  endfacet
  facet normal 0 0 1
    outer loop
      vertex 14.2882 37.5063 5
      vertex -14.2882 37.5063 5
      vertex -14.116 37.4541 5
    endloop
  endfacet
  facet normal 0 0 1
    outer loop
      vertex 14.4635 37.5472 5
      vertex -14.4635 37.5472 5
      vertex -14.2882 37.5063 5
    endloop
  endfacet
  facet normal 0 0 1
    outer loop
      vertex 25 40 5
      vertex -14.6411 37.5765 5
      vertex -14.4635 37.5472 5
    endloop
  endfacet
  facet normal -0 0 1
    outer loop
      vertex -25 40 5
      vertex -14.6411 37.5765 5
      vertex 25 40 5
    endloop
  endfacet
  facet normal 0 0 1
    outer loop
      vertex -14.6411 37.5765 5
      vertex -25 40 5
      vertex -14.8201 37.5941 5
    endloop
  endfacet
  facet normal 0 0 1
    outer loop
      vertex -14.8201 37.5941 5
      vertex -25 40 5
      vertex -15 37.6 5
    endloop
  endfacet
  facet normal 0 0 1
    outer loop
      vertex -17.75 34.85 5
      vertex -25 40 5
      vertex -17.75 24.85 5
    endloop
  endfacet
  facet normal 0 0 1
    outer loop
      vertex -17.7441 35.0299 5
      vertex -25 40 5
      vertex -17.75 34.85 5
    endloop
  endfacet
  facet normal 0 0 1
    outer loop
      vertex -17.7265 35.2089 5
      vertex -25 40 5
      vertex -17.7441 35.0299 5
    endloop
  endfacet
  facet normal 0 0 1
    outer loop
      vertex -17.6972 35.3865 5
      vertex -25 40 5
      vertex -17.7265 35.2089 5
    endloop
  endfacet
  facet normal 0 0 1
    outer loop
      vertex -17.6563 35.5618 5
      vertex -25 40 5
      vertex -17.6972 35.3865 5
    endloop
  endfacet
  facet normal 0 0 1
    outer loop
      vertex -17.6041 35.734 5
      vertex -25 40 5
      vertex -17.6563 35.5618 5
    endloop
  endfacet
  facet normal 0 0 1
    outer loop
      vertex -17.5407 35.9024 5
      vertex -25 40 5
      vertex -17.6041 35.734 5
    endloop
  endfacet
  facet normal 0 0 1
    outer loop
      vertex -17.4664 36.0663 5
      vertex -25 40 5
      vertex -17.5407 35.9024 5
    endloop
  endfacet
  facet normal 0 0 1
    outer loop
      vertex -17.3816 36.225 5
      vertex -25 40 5
      vertex -17.4664 36.0663 5
    endloop
  endfacet
  facet normal 0 0 1
    outer loop
      vertex -17.2865 36.3778 5
      vertex -25 40 5
      vertex -17.3816 36.225 5
    endloop
  endfacet
  facet normal 0 0 1
    outer loop
      vertex -17.1817 36.5241 5
      vertex -25 40 5
      vertex -17.2865 36.3778 5
    endloop
  endfacet
  facet normal 0 0 1
    outer loop
      vertex -17.0676 36.6632 5
      vertex -25 40 5
      vertex -17.1817 36.5241 5
    endloop
  endfacet
  facet normal 0 0 1
    outer loop
      vertex -16.9445 36.7945 5
      vertex -25 40 5
      vertex -17.0676 36.6632 5
    endloop
  endfacet
  facet normal 0 0 1
    outer loop
      vertex -16.8132 36.9176 5
      vertex -25 40 5
      vertex -16.9445 36.7945 5
    endloop
  endfacet
  facet normal 0 0 1
    outer loop
      vertex -16.6741 37.0317 5
      vertex -25 40 5
      vertex -16.8132 36.9176 5
    endloop
  endfacet
  facet normal 0 0 1
    outer loop
      vertex -16.5278 37.1365 5
      vertex -25 40 5
      vertex -16.6741 37.0317 5
    endloop
  endfacet
  facet normal 0 0 1
    outer loop
      vertex -16.375 37.2316 5
      vertex -25 40 5
      vertex -16.5278 37.1365 5
    endloop
  endfacet
  facet normal 0 0 1
    outer loop
      vertex -16.2163 37.3164 5
      vertex -25 40 5
      vertex -16.375 37.2316 5
    endloop
  endfacet
  facet normal 0 0 1
    outer loop
      vertex -16.0524 37.3907 5
      vertex -25 40 5
      vertex -16.2163 37.3164 5
    endloop
  endfacet
  facet normal 0 0 1
    outer loop
      vertex -15.884 37.4541 5
      vertex -25 40 5
      vertex -16.0524 37.3907 5
    endloop
  endfacet
  facet normal 0 0 1
    outer loop
      vertex -15.7118 37.5063 5
      vertex -25 40 5
      vertex -15.884 37.4541 5
    endloop
  endfacet
  facet normal 0 0 1
    outer loop
      vertex -15.5365 37.5472 5
      vertex -25 40 5
      vertex -15.7118 37.5063 5
    endloop
  endfacet
  facet normal 0 0 1
    outer loop
      vertex -15.3589 37.5765 5
      vertex -25 40 5
      vertex -15.5365 37.5472 5
    endloop
  endfacet
  facet normal 0 0 1
    outer loop
      vertex -15.1799 37.5941 5
      vertex -25 40 5
      vertex -15.3589 37.5765 5
    endloop
  endfacet
  facet normal 0 0 1
    outer loop
      vertex -15 37.6 5
      vertex -25 40 5
      vertex -15.1799 37.5941 5
    endloop
  endfacet
  facet normal -0 0 1
    outer loop
      vertex 17.75 24.85 5
      vertex 25 19.7 5
      vertex 17.75 34.85 5
    endloop
  endfacet
  facet normal -0 0 1
    outer loop
      vertex 17.7441 24.6701 5
      vertex 25 19.7 5
      vertex 17.75 24.85 5
    endloop
  endfacet
  facet normal -0 0 1
    outer loop
      vertex 17.7265 24.4911 5
      vertex 25 19.7 5
      vertex 17.7441 24.6701 5
    endloop
  endfacet
  facet normal -0 0 1
    outer loop
      vertex 17.6972 24.3135 5
      vertex 25 19.7 5
      vertex 17.7265 24.4911 5
    endloop
  endfacet
  facet normal -0 0 1
    outer loop
      vertex 17.6563 24.1382 5
      vertex 25 19.7 5
      vertex 17.6972 24.3135 5
    endloop
  endfacet
  facet normal -0 0 1
    outer loop
      vertex 17.6041 23.966 5
      vertex 25 19.7 5
      vertex 17.6563 24.1382 5
    endloop
  endfacet
  facet normal -0 0 1
    outer loop
      vertex 17.5407 23.7976 5
      vertex 25 19.7 5
      vertex 17.6041 23.966 5
    endloop
  endfacet
  facet normal -0 0 1
    outer loop
      vertex 17.4664 23.6337 5
      vertex 25 19.7 5
      vertex 17.5407 23.7976 5
    endloop
  endfacet
  facet normal -0 0 1
    outer loop
      vertex 17.3816 23.475 5
      vertex 25 19.7 5
      vertex 17.4664 23.6337 5
    endloop
  endfacet
  facet normal -0 0 1
    outer loop
      vertex 17.2865 23.3222 5
      vertex 25 19.7 5
      vertex 17.3816 23.475 5
    endloop
  endfacet
  facet normal -0 0 1
    outer loop
      vertex 17.1817 23.1759 5
      vertex 25 19.7 5
      vertex 17.2865 23.3222 5
    endloop
  endfacet
  facet normal -0 0 1
    outer loop
      vertex 17.0676 23.0368 5
      vertex 25 19.7 5
      vertex 17.1817 23.1759 5
    endloop
  endfacet
  facet normal -0 0 1
    outer loop
      vertex 16.9445 22.9055 5
      vertex 25 19.7 5
      vertex 17.0676 23.0368 5
    endloop
  endfacet
  facet normal -0 0 1
    outer loop
      vertex 16.8132 22.7824 5
      vertex 25 19.7 5
      vertex 16.9445 22.9055 5
    endloop
  endfacet
  facet normal -0 0 1
    outer loop
      vertex 16.6741 22.6683 5
      vertex 25 19.7 5
      vertex 16.8132 22.7824 5
    endloop
  endfacet
  facet normal -0 0 1
    outer loop
      vertex 16.5278 22.5635 5
      vertex 25 19.7 5
      vertex 16.6741 22.6683 5
    endloop
  endfacet
  facet normal -0 0 1
    outer loop
      vertex 16.375 22.4684 5
      vertex 25 19.7 5
      vertex 16.5278 22.5635 5
    endloop
  endfacet
  facet normal -0 0 1
    outer loop
      vertex 16.2163 22.3836 5
      vertex 25 19.7 5
      vertex 16.375 22.4684 5
    endloop
  endfacet
  facet normal -0 0 1
    outer loop
      vertex 16.0524 22.3093 5
      vertex 25 19.7 5
      vertex 16.2163 22.3836 5
    endloop
  endfacet
  facet normal -0 0 1
    outer loop
      vertex 15.884 22.2459 5
      vertex 25 19.7 5
      vertex 16.0524 22.3093 5
    endloop
  endfacet
  facet normal -0 0 1
    outer loop
      vertex 15.7118 22.1937 5
      vertex 25 19.7 5
      vertex 15.884 22.2459 5
    endloop
  endfacet
  facet normal -0 0 1
    outer loop
      vertex 15.5365 22.1528 5
      vertex 25 19.7 5
      vertex 15.7118 22.1937 5
    endloop
  endfacet
  facet normal -0 0 1
    outer loop
      vertex 15.3589 22.1235 5
      vertex 25 19.7 5
      vertex 15.5365 22.1528 5
    endloop
  endfacet
  facet normal -0 0 1
    outer loop
      vertex 15.1799 22.1059 5
      vertex 25 19.7 5
      vertex 15.3589 22.1235 5
    endloop
  endfacet
  facet normal -0 0 1
    outer loop
      vertex 15 22.1 5
      vertex 25 19.7 5
      vertex 15.1799 22.1059 5
    endloop
  endfacet
  facet normal 0 0 1
    outer loop
      vertex 14.8201 22.1059 5
      vertex 25 19.7 5
      vertex 15 22.1 5
    endloop
  endfacet
  facet normal 0 0 1
    outer loop
      vertex 14.6411 22.1235 5
      vertex 25 19.7 5
      vertex 14.8201 22.1059 5
    endloop
  endfacet
  facet normal 0 0 1
    outer loop
      vertex 14.4635 22.1528 5
      vertex 25 19.7 5
      vertex 14.6411 22.1235 5
    endloop
  endfacet
  facet normal 0 0 1
    outer loop
      vertex -12.25 24.85 5
      vertex 12.25 24.85 5
      vertex -12.25 34.85 5
    endloop
  endfacet
  facet normal 0 0 1
    outer loop
      vertex 12.25 24.85 5
      vertex -12.25 24.85 5
      vertex 12.2559 24.6701 5
    endloop
  endfacet
  facet normal 0 0 1
    outer loop
      vertex -12.2559 24.6701 5
      vertex 12.2559 24.6701 5
      vertex -12.25 24.85 5
    endloop
  endfacet
  facet normal 0 0 1
    outer loop
      vertex 12.2559 24.6701 5
      vertex -12.2559 24.6701 5
      vertex 12.2735 24.4911 5
    endloop
  endfacet
  facet normal 0 0 1
    outer loop
      vertex -12.2735 24.4911 5
      vertex 12.2735 24.4911 5
      vertex -12.2559 24.6701 5
    endloop
  endfacet
  facet normal 0 0 1
    outer loop
      vertex 12.2735 24.4911 5
      vertex -12.2735 24.4911 5
      vertex 12.3028 24.3135 5
    endloop
  endfacet
  facet normal 0 0 1
    outer loop
      vertex -12.3028 24.3135 5
      vertex 12.3028 24.3135 5
      vertex -12.2735 24.4911 5
    endloop
  endfacet
  facet normal 0 0 1
    outer loop
      vertex 12.3028 24.3135 5
      vertex -12.3028 24.3135 5
      vertex 12.3437 24.1382 5
    endloop
  endfacet
  facet normal 0 0 1
    outer loop
      vertex -12.3437 24.1382 5
      vertex 12.3437 24.1382 5
      vertex -12.3028 24.3135 5
    endloop
  endfacet
  facet normal 0 0 1
    outer loop
      vertex 12.3437 24.1382 5
      vertex -12.3437 24.1382 5
      vertex 12.3959 23.966 5
    endloop
  endfacet
  facet normal 0 0 1
    outer loop
      vertex -12.3959 23.966 5
      vertex 12.3959 23.966 5
      vertex -12.3437 24.1382 5
    endloop
  endfacet
  facet normal 0 0 1
    outer loop
      vertex 12.3959 23.966 5
      vertex -12.3959 23.966 5
      vertex 12.4593 23.7976 5
    endloop
  endfacet
  facet normal 0 0 1
    outer loop
      vertex -12.4593 23.7976 5
      vertex 12.4593 23.7976 5
      vertex -12.3959 23.966 5
    endloop
  endfacet
  facet normal 0 0 1
    outer loop
      vertex 12.4593 23.7976 5
      vertex -12.4593 23.7976 5
      vertex 12.5336 23.6337 5
    endloop
  endfacet
  facet normal 0 0 1
    outer loop
      vertex -12.5336 23.6337 5
      vertex 12.5336 23.6337 5
      vertex -12.4593 23.7976 5
    endloop
  endfacet
  facet normal 0 0 1
    outer loop
      vertex 12.5336 23.6337 5
      vertex -12.5336 23.6337 5
      vertex 12.6184 23.475 5
    endloop
  endfacet
  facet normal 0 0 1
    outer loop
      vertex -12.6184 23.475 5
      vertex 12.6184 23.475 5
      vertex -12.5336 23.6337 5
    endloop
  endfacet
  facet normal 0 0 1
    outer loop
      vertex 12.6184 23.475 5
      vertex -12.6184 23.475 5
      vertex 12.7135 23.3222 5
    endloop
  endfacet
  facet normal 0 0 1
    outer loop
      vertex -12.7135 23.3222 5
      vertex 12.7135 23.3222 5
      vertex -12.6184 23.475 5
    endloop
  endfacet
  facet normal 0 0 1
    outer loop
      vertex 12.7135 23.3222 5
      vertex -12.7135 23.3222 5
      vertex 12.8183 23.1759 5
    endloop
  endfacet
  facet normal 0 0 1
    outer loop
      vertex -12.8183 23.1759 5
      vertex 12.8183 23.1759 5
      vertex -12.7135 23.3222 5
    endloop
  endfacet
  facet normal 0 0 1
    outer loop
      vertex 12.8183 23.1759 5
      vertex -12.8183 23.1759 5
      vertex 12.9324 23.0368 5
    endloop
  endfacet
  facet normal 0 0 1
    outer loop
      vertex -12.9324 23.0368 5
      vertex 12.9324 23.0368 5
      vertex -12.8183 23.1759 5
    endloop
  endfacet
  facet normal 0 0 1
    outer loop
      vertex 12.9324 23.0368 5
      vertex -12.9324 23.0368 5
      vertex 13.0555 22.9055 5
    endloop
  endfacet
  facet normal 0 0 1
    outer loop
      vertex -13.0555 22.9055 5
      vertex 13.0555 22.9055 5
      vertex -12.9324 23.0368 5
    endloop
  endfacet
  facet normal 0 0 1
    outer loop
      vertex 13.0555 22.9055 5
      vertex -13.0555 22.9055 5
      vertex 13.1868 22.7824 5
    endloop
  endfacet
  facet normal 0 0 1
    outer loop
      vertex -13.1868 22.7824 5
      vertex 13.1868 22.7824 5
      vertex -13.0555 22.9055 5
    endloop
  endfacet
  facet normal 0 0 1
    outer loop
      vertex 13.1868 22.7824 5
      vertex -13.1868 22.7824 5
      vertex 13.3259 22.6683 5
    endloop
  endfacet
  facet normal 0 0 1
    outer loop
      vertex -13.3259 22.6683 5
      vertex 13.3259 22.6683 5
      vertex -13.1868 22.7824 5
    endloop
  endfacet
  facet normal 0 0 1
    outer loop
      vertex 13.3259 22.6683 5
      vertex -13.3259 22.6683 5
      vertex 13.4722 22.5635 5
    endloop
  endfacet
  facet normal 0 0 1
    outer loop
      vertex -13.4722 22.5635 5
      vertex 13.4722 22.5635 5
      vertex -13.3259 22.6683 5
    endloop
  endfacet
  facet normal 0 0 1
    outer loop
      vertex 13.4722 22.5635 5
      vertex -13.4722 22.5635 5
      vertex 13.625 22.4684 5
    endloop
  endfacet
  facet normal 0 0 1
    outer loop
      vertex -13.625 22.4684 5
      vertex 13.625 22.4684 5
      vertex -13.4722 22.5635 5
    endloop
  endfacet
  facet normal 0 0 1
    outer loop
      vertex 13.625 22.4684 5
      vertex -13.625 22.4684 5
      vertex 13.7837 22.3836 5
    endloop
  endfacet
  facet normal 0 0 1
    outer loop
      vertex -13.7837 22.3836 5
      vertex 13.7837 22.3836 5
      vertex -13.625 22.4684 5
    endloop
  endfacet
  facet normal 0 0 1
    outer loop
      vertex 13.7837 22.3836 5
      vertex -13.7837 22.3836 5
      vertex 13.9476 22.3093 5
    endloop
  endfacet
  facet normal 0 0 1
    outer loop
      vertex -13.9476 22.3093 5
      vertex 13.9476 22.3093 5
      vertex -13.7837 22.3836 5
    endloop
  endfacet
  facet normal 0 0 1
    outer loop
      vertex 13.9476 22.3093 5
      vertex -13.9476 22.3093 5
      vertex 14.116 22.2459 5
    endloop
  endfacet
  facet normal 0 0 1
    outer loop
      vertex -14.116 22.2459 5
      vertex 14.116 22.2459 5
      vertex -13.9476 22.3093 5
    endloop
  endfacet
  facet normal 0 0 1
    outer loop
      vertex 14.116 22.2459 5
      vertex -14.116 22.2459 5
      vertex 14.2882 22.1937 5
    endloop
  endfacet
  facet normal 0 0 1
    outer loop
      vertex -14.2882 22.1937 5
      vertex 14.2882 22.1937 5
      vertex -14.116 22.2459 5
    endloop
  endfacet
  facet normal 0 0 1
    outer loop
      vertex 14.2882 22.1937 5
      vertex -14.2882 22.1937 5
      vertex 14.4635 22.1528 5
    endloop
  endfacet
  facet normal 0 0 1
    outer loop
      vertex -14.4635 22.1528 5
      vertex 14.4635 22.1528 5
      vertex -14.2882 22.1937 5
    endloop
  endfacet
  facet normal 0 0 1
    outer loop
      vertex 14.4635 22.1528 5
      vertex -14.4635 22.1528 5
      vertex 25 19.7 5
    endloop
  endfacet
  facet normal -0 0 1
    outer loop
      vertex -14.6411 22.1235 5
      vertex 25 19.7 5
      vertex -14.4635 22.1528 5
    endloop
  endfacet
  facet normal 0 0 1
    outer loop
      vertex -25 19.7 5
      vertex -14.6411 22.1235 5
      vertex -14.8201 22.1059 5
    endloop
  endfacet
  facet normal 0 0 1
    outer loop
      vertex -25 19.7 5
      vertex -14.8201 22.1059 5
      vertex -15 22.1 5
    endloop
  endfacet
  facet normal 0 0 1
    outer loop
      vertex -25 19.7 5
      vertex -15 22.1 5
      vertex -15.1799 22.1059 5
    endloop
  endfacet
  facet normal 0 0 1
    outer loop
      vertex -25 19.7 5
      vertex -17.75 24.85 5
      vertex -25 40 5
    endloop
  endfacet
  facet normal 0 0 1
    outer loop
      vertex -17.75 24.85 5
      vertex -25 19.7 5
      vertex -17.7441 24.6701 5
    endloop
  endfacet
  facet normal 0 0 1
    outer loop
      vertex -17.7441 24.6701 5
      vertex -25 19.7 5
      vertex -17.7265 24.4911 5
    endloop
  endfacet
  facet normal 0 0 1
    outer loop
      vertex -17.7265 24.4911 5
      vertex -25 19.7 5
      vertex -17.6972 24.3135 5
    endloop
  endfacet
  facet normal 0 0 1
    outer loop
      vertex -17.6972 24.3135 5
      vertex -25 19.7 5
      vertex -17.6563 24.1382 5
    endloop
  endfacet
  facet normal 0 0 1
    outer loop
      vertex -17.6563 24.1382 5
      vertex -25 19.7 5
      vertex -17.6041 23.966 5
    endloop
  endfacet
  facet normal 0 0 1
    outer loop
      vertex -17.6041 23.966 5
      vertex -25 19.7 5
      vertex -17.5407 23.7976 5
    endloop
  endfacet
  facet normal 0 0 1
    outer loop
      vertex -14.6411 22.1235 5
      vertex -25 19.7 5
      vertex 25 19.7 5
    endloop
  endfacet
  facet normal 0 0 1
    outer loop
      vertex -15.3589 22.1235 5
      vertex -25 19.7 5
      vertex -15.1799 22.1059 5
    endloop
  endfacet
  facet normal 0 0 1
    outer loop
      vertex -15.5365 22.1528 5
      vertex -25 19.7 5
      vertex -15.3589 22.1235 5
    endloop
  endfacet
  facet normal 0 0 1
    outer loop
      vertex -15.7118 22.1937 5
      vertex -25 19.7 5
      vertex -15.5365 22.1528 5
    endloop
  endfacet
  facet normal 0 0 1
    outer loop
      vertex -15.884 22.2459 5
      vertex -25 19.7 5
      vertex -15.7118 22.1937 5
    endloop
  endfacet
  facet normal 0 0 1
    outer loop
      vertex -16.0524 22.3093 5
      vertex -25 19.7 5
      vertex -15.884 22.2459 5
    endloop
  endfacet
  facet normal 0 0 1
    outer loop
      vertex -16.2163 22.3836 5
      vertex -25 19.7 5
      vertex -16.0524 22.3093 5
    endloop
  endfacet
  facet normal 0 0 1
    outer loop
      vertex -16.375 22.4684 5
      vertex -25 19.7 5
      vertex -16.2163 22.3836 5
    endloop
  endfacet
  facet normal 0 0 1
    outer loop
      vertex -16.5278 22.5635 5
      vertex -25 19.7 5
      vertex -16.375 22.4684 5
    endloop
  endfacet
  facet normal 0 0 1
    outer loop
      vertex -16.6741 22.6683 5
      vertex -25 19.7 5
      vertex -16.5278 22.5635 5
    endloop
  endfacet
  facet normal 0 0 1
    outer loop
      vertex -16.8132 22.7824 5
      vertex -25 19.7 5
      vertex -16.6741 22.6683 5
    endloop
  endfacet
  facet normal 0 0 1
    outer loop
      vertex -16.9445 22.9055 5
      vertex -25 19.7 5
      vertex -16.8132 22.7824 5
    endloop
  endfacet
  facet normal 0 0 1
    outer loop
      vertex -17.0676 23.0368 5
      vertex -25 19.7 5
      vertex -16.9445 22.9055 5
    endloop
  endfacet
  facet normal 0 0 1
    outer loop
      vertex -17.1817 23.1759 5
      vertex -25 19.7 5
      vertex -17.0676 23.0368 5
    endloop
  endfacet
  facet normal 0 0 1
    outer loop
      vertex -17.2865 23.3222 5
      vertex -25 19.7 5
      vertex -17.1817 23.1759 5
    endloop
  endfacet
  facet normal 0 0 1
    outer loop
      vertex -17.3816 23.475 5
      vertex -25 19.7 5
      vertex -17.2865 23.3222 5
    endloop
  endfacet
  facet normal 0 0 1
    outer loop
      vertex -17.4664 23.6337 5
      vertex -25 19.7 5
      vertex -17.3816 23.475 5
    endloop
  endfacet
  facet normal 0 0 1
    outer loop
      vertex -17.5407 23.7976 5
      vertex -25 19.7 5
      vertex -17.4664 23.6337 5
    endloop
  endfacet
  facet normal 0 0 1
    outer loop
      vertex 23.745 -8.18363 18.7
      vertex 2.74411 -13.2701 18.7
      vertex 2.75 -13.45 18.7
    endloop
  endfacet
  facet normal 0 0 1
    outer loop
      vertex 23.745 -8.18363 18.7
      vertex 2.72647 -13.0911 18.7
      vertex 2.74411 -13.2701 18.7
    endloop
  endfacet
  facet normal 0 0 1
    outer loop
      vertex 23.745 -8.18363 18.7
      vertex 2.69716 -12.9135 18.7
      vertex 2.72647 -13.0911 18.7
    endloop
  endfacet
  facet normal 0 0 1
    outer loop
      vertex 23.745 -8.18363 18.7
      vertex 2.6563 -12.7382 18.7
      vertex 2.69716 -12.9135 18.7
    endloop
  endfacet
  facet normal 0 0 1
    outer loop
      vertex 23.745 -8.18363 18.7
      vertex 2.60406 -12.566 18.7
      vertex 2.6563 -12.7382 18.7
    endloop
  endfacet
  facet normal 0 0 1
    outer loop
      vertex 23.745 -8.18363 18.7
      vertex 2.54067 -12.3976 18.7
      vertex 2.60406 -12.566 18.7
    endloop
  endfacet
  facet normal 0 0 1
    outer loop
      vertex 23.745 -8.18363 18.7
      vertex 2.4664 -12.2337 18.7
      vertex 2.54067 -12.3976 18.7
    endloop
  endfacet
  facet normal 0 0 1
    outer loop
      vertex 23.745 -8.18363 18.7
      vertex 2.38157 -12.075 18.7
      vertex 2.4664 -12.2337 18.7
    endloop
  endfacet
  facet normal 0 0 1
    outer loop
      vertex 23.745 -8.18363 18.7
      vertex 2.28654 -11.9222 18.7
      vertex 2.38157 -12.075 18.7
    endloop
  endfacet
  facet normal 0 0 1
    outer loop
      vertex 23.745 -8.18363 18.7
      vertex 2.18172 -11.7759 18.7
      vertex 2.28654 -11.9222 18.7
    endloop
  endfacet
  facet normal 0 0 1
    outer loop
      vertex 23.745 -8.18363 18.7
      vertex 2.06756 -11.6368 18.7
      vertex 2.18172 -11.7759 18.7
    endloop
  endfacet
  facet normal 0 0 1
    outer loop
      vertex 23.745 -8.18363 18.7
      vertex 1.94454 -11.5055 18.7
      vertex 2.06756 -11.6368 18.7
    endloop
  endfacet
  facet normal 0 0 1
    outer loop
      vertex 23.745 -8.18363 18.7
      vertex 1.8132 -11.3824 18.7
      vertex 1.94454 -11.5055 18.7
    endloop
  endfacet
  facet normal 0 0 1
    outer loop
      vertex 23.745 -8.18363 18.7
      vertex 1.67409 -11.2683 18.7
      vertex 1.8132 -11.3824 18.7
    endloop
  endfacet
  facet normal 0 0 1
    outer loop
      vertex 23.745 -8.18363 18.7
      vertex 1.52782 -11.1635 18.7
      vertex 1.67409 -11.2683 18.7
    endloop
  endfacet
  facet normal 0 0 1
    outer loop
      vertex 23.745 -8.18363 18.7
      vertex 1.375 -11.0684 18.7
      vertex 1.52782 -11.1635 18.7
    endloop
  endfacet
  facet normal 0 0 1
    outer loop
      vertex 23.745 -8.18363 18.7
      vertex 1.21629 -10.9836 18.7
      vertex 1.375 -11.0684 18.7
    endloop
  endfacet
  facet normal 0 0 1
    outer loop
      vertex 23.745 -8.18363 18.7
      vertex 1.05238 -10.9093 18.7
      vertex 1.21629 -10.9836 18.7
    endloop
  endfacet
  facet normal 0 0 1
    outer loop
      vertex 23.745 -8.18363 18.7
      vertex 0.883958 -10.8459 18.7
      vertex 1.05238 -10.9093 18.7
    endloop
  endfacet
  facet normal 0 0 1
    outer loop
      vertex 23.745 -8.18363 18.7
      vertex 0.711752 -10.7937 18.7
      vertex 0.883958 -10.8459 18.7
    endloop
  endfacet
  facet normal 0 0 1
    outer loop
      vertex 23.745 -8.18363 18.7
      vertex 0.536498 -10.7528 18.7
      vertex 0.711752 -10.7937 18.7
    endloop
  endfacet
  facet normal 0 0 1
    outer loop
      vertex 23.745 -8.18363 18.7
      vertex 0.358947 -10.7235 18.7
      vertex 0.536498 -10.7528 18.7
    endloop
  endfacet
  facet normal 0 0 1
    outer loop
      vertex 23.745 -8.18363 18.7
      vertex 0.179858 -10.7059 18.7
      vertex 0.358947 -10.7235 18.7
    endloop
  endfacet
  facet normal 0 0 1
    outer loop
      vertex 23.745 -8.18363 18.7
      vertex 0 -10.7 18.7
      vertex 0.179858 -10.7059 18.7
    endloop
  endfacet
  facet normal -0 0 1
    outer loop
      vertex -23.745 -8.18363 18.7
      vertex 0 -10.7 18.7
      vertex 23.745 -8.18363 18.7
    endloop
  endfacet
  facet normal 0 0 1
    outer loop
      vertex 0 -10.7 18.7
      vertex -23.745 -8.18363 18.7
      vertex -0.179858 -10.7059 18.7
    endloop
  endfacet
  facet normal 0 0 1
    outer loop
      vertex -2.74411 -13.2701 18.7
      vertex -23.745 -8.18363 18.7
      vertex -2.75 -13.45 18.7
    endloop
  endfacet
  facet normal 0 0 1
    outer loop
      vertex -2.72647 -13.0911 18.7
      vertex -23.745 -8.18363 18.7
      vertex -2.74411 -13.2701 18.7
    endloop
  endfacet
  facet normal 0 0 1
    outer loop
      vertex -2.69716 -12.9135 18.7
      vertex -23.745 -8.18363 18.7
      vertex -2.72647 -13.0911 18.7
    endloop
  endfacet
  facet normal 0 0 1
    outer loop
      vertex -2.6563 -12.7382 18.7
      vertex -23.745 -8.18363 18.7
      vertex -2.69716 -12.9135 18.7
    endloop
  endfacet
  facet normal 0 0 1
    outer loop
      vertex -2.60406 -12.566 18.7
      vertex -23.745 -8.18363 18.7
      vertex -2.6563 -12.7382 18.7
    endloop
  endfacet
  facet normal 0 0 1
    outer loop
      vertex -2.54067 -12.3976 18.7
      vertex -23.745 -8.18363 18.7
      vertex -2.60406 -12.566 18.7
    endloop
  endfacet
  facet normal 0 0 1
    outer loop
      vertex -2.4664 -12.2337 18.7
      vertex -23.745 -8.18363 18.7
      vertex -2.54067 -12.3976 18.7
    endloop
  endfacet
  facet normal 0 0 1
    outer loop
      vertex -2.38157 -12.075 18.7
      vertex -23.745 -8.18363 18.7
      vertex -2.4664 -12.2337 18.7
    endloop
  endfacet
  facet normal 0 0 1
    outer loop
      vertex -2.28654 -11.9222 18.7
      vertex -23.745 -8.18363 18.7
      vertex -2.38157 -12.075 18.7
    endloop
  endfacet
  facet normal 0 0 1
    outer loop
      vertex -2.18172 -11.7759 18.7
      vertex -23.745 -8.18363 18.7
      vertex -2.28654 -11.9222 18.7
    endloop
  endfacet
  facet normal 0 0 1
    outer loop
      vertex -2.06756 -11.6368 18.7
      vertex -23.745 -8.18363 18.7
      vertex -2.18172 -11.7759 18.7
    endloop
  endfacet
  facet normal 0 0 1
    outer loop
      vertex -1.94454 -11.5055 18.7
      vertex -23.745 -8.18363 18.7
      vertex -2.06756 -11.6368 18.7
    endloop
  endfacet
  facet normal 0 0 1
    outer loop
      vertex -1.8132 -11.3824 18.7
      vertex -23.745 -8.18363 18.7
      vertex -1.94454 -11.5055 18.7
    endloop
  endfacet
  facet normal 0 0 1
    outer loop
      vertex -1.67409 -11.2683 18.7
      vertex -23.745 -8.18363 18.7
      vertex -1.8132 -11.3824 18.7
    endloop
  endfacet
  facet normal 0 0 1
    outer loop
      vertex -1.52782 -11.1635 18.7
      vertex -23.745 -8.18363 18.7
      vertex -1.67409 -11.2683 18.7
    endloop
  endfacet
  facet normal 0 0 1
    outer loop
      vertex -1.375 -11.0684 18.7
      vertex -23.745 -8.18363 18.7
      vertex -1.52782 -11.1635 18.7
    endloop
  endfacet
  facet normal 0 0 1
    outer loop
      vertex -1.21629 -10.9836 18.7
      vertex -23.745 -8.18363 18.7
      vertex -1.375 -11.0684 18.7
    endloop
  endfacet
  facet normal 0 0 1
    outer loop
      vertex -1.05238 -10.9093 18.7
      vertex -23.745 -8.18363 18.7
      vertex -1.21629 -10.9836 18.7
    endloop
  endfacet
  facet normal 0 0 1
    outer loop
      vertex -0.883958 -10.8459 18.7
      vertex -23.745 -8.18363 18.7
      vertex -1.05238 -10.9093 18.7
    endloop
  endfacet
  facet normal 0 0 1
    outer loop
      vertex -0.711752 -10.7937 18.7
      vertex -23.745 -8.18363 18.7
      vertex -0.883958 -10.8459 18.7
    endloop
  endfacet
  facet normal 0 0 1
    outer loop
      vertex -0.536498 -10.7528 18.7
      vertex -23.745 -8.18363 18.7
      vertex -0.711752 -10.7937 18.7
    endloop
  endfacet
  facet normal 0 0 1
    outer loop
      vertex -0.358947 -10.7235 18.7
      vertex -23.745 -8.18363 18.7
      vertex -0.536498 -10.7528 18.7
    endloop
  endfacet
  facet normal 0 0 1
    outer loop
      vertex -0.179858 -10.7059 18.7
      vertex -23.745 -8.18363 18.7
      vertex -0.358947 -10.7235 18.7
    endloop
  endfacet
  facet normal 0 0 1
    outer loop
      vertex 23.8472 -8.28517 18.7
      vertex 25 -19.7 18.7
      vertex 25 -9.43032 18.7
    endloop
  endfacet
  facet normal 0 0 1
    outer loop
      vertex 23.745 -8.18363 18.7
      vertex 25 -19.7 18.7
      vertex 23.8472 -8.28517 18.7
    endloop
  endfacet
  facet normal 0 0 1
    outer loop
      vertex 2.74411 -13.6299 18.7
      vertex 23.745 -8.18363 18.7
      vertex 2.75 -13.45 18.7
    endloop
  endfacet
  facet normal 0 0 1
    outer loop
      vertex 2.72647 -13.8089 18.7
      vertex 23.745 -8.18363 18.7
      vertex 2.74411 -13.6299 18.7
    endloop
  endfacet
  facet normal 0 0 1
    outer loop
      vertex 23.745 -8.18363 18.7
      vertex 2.72647 -13.8089 18.7
      vertex 25 -19.7 18.7
    endloop
  endfacet
  facet normal -0 0 1
    outer loop
      vertex 2.69716 -13.9865 18.7
      vertex 25 -19.7 18.7
      vertex 2.72647 -13.8089 18.7
    endloop
  endfacet
  facet normal -0 0 1
    outer loop
      vertex 2.6563 -14.1618 18.7
      vertex 25 -19.7 18.7
      vertex 2.69716 -13.9865 18.7
    endloop
  endfacet
  facet normal -0 0 1
    outer loop
      vertex 2.60406 -14.334 18.7
      vertex 25 -19.7 18.7
      vertex 2.6563 -14.1618 18.7
    endloop
  endfacet
  facet normal -0 0 1
    outer loop
      vertex 2.54067 -14.5024 18.7
      vertex 25 -19.7 18.7
      vertex 2.60406 -14.334 18.7
    endloop
  endfacet
  facet normal -0 0 1
    outer loop
      vertex 2.4664 -14.6663 18.7
      vertex 25 -19.7 18.7
      vertex 2.54067 -14.5024 18.7
    endloop
  endfacet
  facet normal -0 0 1
    outer loop
      vertex 2.38157 -14.825 18.7
      vertex 25 -19.7 18.7
      vertex 2.4664 -14.6663 18.7
    endloop
  endfacet
  facet normal -0 0 1
    outer loop
      vertex 2.28654 -14.9778 18.7
      vertex 25 -19.7 18.7
      vertex 2.38157 -14.825 18.7
    endloop
  endfacet
  facet normal -0 0 1
    outer loop
      vertex 2.18172 -15.1241 18.7
      vertex 25 -19.7 18.7
      vertex 2.28654 -14.9778 18.7
    endloop
  endfacet
  facet normal -0 0 1
    outer loop
      vertex 2.06756 -15.2632 18.7
      vertex 25 -19.7 18.7
      vertex 2.18172 -15.1241 18.7
    endloop
  endfacet
  facet normal -0 0 1
    outer loop
      vertex 1.94454 -15.3945 18.7
      vertex 25 -19.7 18.7
      vertex 2.06756 -15.2632 18.7
    endloop
  endfacet
  facet normal -0 0 1
    outer loop
      vertex 1.8132 -15.5176 18.7
      vertex 25 -19.7 18.7
      vertex 1.94454 -15.3945 18.7
    endloop
  endfacet
  facet normal -0 0 1
    outer loop
      vertex 1.67409 -15.6317 18.7
      vertex 25 -19.7 18.7
      vertex 1.8132 -15.5176 18.7
    endloop
  endfacet
  facet normal -0 0 1
    outer loop
      vertex 1.52782 -15.7365 18.7
      vertex 25 -19.7 18.7
      vertex 1.67409 -15.6317 18.7
    endloop
  endfacet
  facet normal -0 0 1
    outer loop
      vertex 1.375 -15.8316 18.7
      vertex 25 -19.7 18.7
      vertex 1.52782 -15.7365 18.7
    endloop
  endfacet
  facet normal -0 0 1
    outer loop
      vertex 1.21629 -15.9164 18.7
      vertex 25 -19.7 18.7
      vertex 1.375 -15.8316 18.7
    endloop
  endfacet
  facet normal -0 0 1
    outer loop
      vertex 1.05238 -15.9907 18.7
      vertex 25 -19.7 18.7
      vertex 1.21629 -15.9164 18.7
    endloop
  endfacet
  facet normal -0 0 1
    outer loop
      vertex 0.883958 -16.0541 18.7
      vertex 25 -19.7 18.7
      vertex 1.05238 -15.9907 18.7
    endloop
  endfacet
  facet normal -0 0 1
    outer loop
      vertex 0.711752 -16.1063 18.7
      vertex 25 -19.7 18.7
      vertex 0.883958 -16.0541 18.7
    endloop
  endfacet
  facet normal -0 0 1
    outer loop
      vertex 0.536498 -16.1472 18.7
      vertex 25 -19.7 18.7
      vertex 0.711752 -16.1063 18.7
    endloop
  endfacet
  facet normal -0 0 1
    outer loop
      vertex 0.358947 -16.1765 18.7
      vertex 25 -19.7 18.7
      vertex 0.536498 -16.1472 18.7
    endloop
  endfacet
  facet normal -0 0 1
    outer loop
      vertex 0.179858 -16.1941 18.7
      vertex 25 -19.7 18.7
      vertex 0.358947 -16.1765 18.7
    endloop
  endfacet
  facet normal -0 0 1
    outer loop
      vertex 0 -16.2 18.7
      vertex 25 -19.7 18.7
      vertex 0.179858 -16.1941 18.7
    endloop
  endfacet
  facet normal 0 0 1
    outer loop
      vertex -25 -19.7 18.7
      vertex 0 -16.2 18.7
      vertex -0.179858 -16.1941 18.7
    endloop
  endfacet
  facet normal 0 0 1
    outer loop
      vertex -25 -19.7 18.7
      vertex -0.179858 -16.1941 18.7
      vertex -0.358947 -16.1765 18.7
    endloop
  endfacet
  facet normal 0 0 1
    outer loop
      vertex -23.745 -8.18363 18.7
      vertex -2.74411 -13.6299 18.7
      vertex -2.75 -13.45 18.7
    endloop
  endfacet
  facet normal 0 0 1
    outer loop
      vertex -23.745 -8.18363 18.7
      vertex -2.72647 -13.8089 18.7
      vertex -2.74411 -13.6299 18.7
    endloop
  endfacet
  facet normal 0 0 1
    outer loop
      vertex -25 -19.7 18.7
      vertex -2.72647 -13.8089 18.7
      vertex -23.745 -8.18363 18.7
    endloop
  endfacet
  facet normal 0 0 1
    outer loop
      vertex -2.72647 -13.8089 18.7
      vertex -25 -19.7 18.7
      vertex -2.69716 -13.9865 18.7
    endloop
  endfacet
  facet normal 0 0 1
    outer loop
      vertex -2.69716 -13.9865 18.7
      vertex -25 -19.7 18.7
      vertex -2.6563 -14.1618 18.7
    endloop
  endfacet
  facet normal 0 0 1
    outer loop
      vertex -2.6563 -14.1618 18.7
      vertex -25 -19.7 18.7
      vertex -2.60406 -14.334 18.7
    endloop
  endfacet
  facet normal 0 0 1
    outer loop
      vertex -2.60406 -14.334 18.7
      vertex -25 -19.7 18.7
      vertex -2.54067 -14.5024 18.7
    endloop
  endfacet
  facet normal 0 0 1
    outer loop
      vertex -2.54067 -14.5024 18.7
      vertex -25 -19.7 18.7
      vertex -2.4664 -14.6663 18.7
    endloop
  endfacet
  facet normal 0 0 1
    outer loop
      vertex -2.4664 -14.6663 18.7
      vertex -25 -19.7 18.7
      vertex -2.38157 -14.825 18.7
    endloop
  endfacet
  facet normal 0 0 1
    outer loop
      vertex -2.38157 -14.825 18.7
      vertex -25 -19.7 18.7
      vertex -2.28654 -14.9778 18.7
    endloop
  endfacet
  facet normal 0 0 1
    outer loop
      vertex -2.28654 -14.9778 18.7
      vertex -25 -19.7 18.7
      vertex -2.18172 -15.1241 18.7
    endloop
  endfacet
  facet normal 0 0 1
    outer loop
      vertex -2.18172 -15.1241 18.7
      vertex -25 -19.7 18.7
      vertex -2.06756 -15.2632 18.7
    endloop
  endfacet
  facet normal 0 0 1
    outer loop
      vertex -2.06756 -15.2632 18.7
      vertex -25 -19.7 18.7
      vertex -1.94454 -15.3945 18.7
    endloop
  endfacet
  facet normal 0 0 1
    outer loop
      vertex -1.94454 -15.3945 18.7
      vertex -25 -19.7 18.7
      vertex -1.8132 -15.5176 18.7
    endloop
  endfacet
  facet normal 0 0 1
    outer loop
      vertex -1.8132 -15.5176 18.7
      vertex -25 -19.7 18.7
      vertex -1.67409 -15.6317 18.7
    endloop
  endfacet
  facet normal 0 0 1
    outer loop
      vertex -1.67409 -15.6317 18.7
      vertex -25 -19.7 18.7
      vertex -1.52782 -15.7365 18.7
    endloop
  endfacet
  facet normal 0 0 1
    outer loop
      vertex -1.52782 -15.7365 18.7
      vertex -25 -19.7 18.7
      vertex -1.375 -15.8316 18.7
    endloop
  endfacet
  facet normal 0 0 1
    outer loop
      vertex -1.375 -15.8316 18.7
      vertex -25 -19.7 18.7
      vertex -1.21629 -15.9164 18.7
    endloop
  endfacet
  facet normal 0 0 1
    outer loop
      vertex -1.21629 -15.9164 18.7
      vertex -25 -19.7 18.7
      vertex -1.05238 -15.9907 18.7
    endloop
  endfacet
  facet normal 0 0 1
    outer loop
      vertex -25 -19.7 18.7
      vertex -23.745 -8.18363 18.7
      vertex -23.8472 -8.28517 18.7
    endloop
  endfacet
  facet normal 0 0 1
    outer loop
      vertex -25 -19.7 18.7
      vertex -23.8472 -8.28517 18.7
      vertex -25 -9.43032 18.7
    endloop
  endfacet
  facet normal 0 0 1
    outer loop
      vertex -1.05238 -15.9907 18.7
      vertex -25 -19.7 18.7
      vertex -0.883958 -16.0541 18.7
    endloop
  endfacet
  facet normal 0 0 1
    outer loop
      vertex 0 -16.2 18.7
      vertex -25 -19.7 18.7
      vertex 25 -19.7 18.7
    endloop
  endfacet
  facet normal 0 0 1
    outer loop
      vertex -0.536498 -16.1472 18.7
      vertex -25 -19.7 18.7
      vertex -0.358947 -16.1765 18.7
    endloop
  endfacet
  facet normal 0 0 1
    outer loop
      vertex -0.711752 -16.1063 18.7
      vertex -25 -19.7 18.7
      vertex -0.536498 -16.1472 18.7
    endloop
  endfacet
  facet normal 0 0 1
    outer loop
      vertex -0.883958 -16.0541 18.7
      vertex -25 -19.7 18.7
      vertex -0.711752 -16.1063 18.7
    endloop
  endfacet
  facet normal 0 0 1
    outer loop
      vertex 25 19.7 18.7
      vertex 23.8472 8.28517 18.7
      vertex 25 9.43032 18.7
    endloop
  endfacet
  facet normal 0 0 1
    outer loop
      vertex 25 19.7 18.7
      vertex 23.745 8.18363 18.7
      vertex 23.8472 8.28517 18.7
    endloop
  endfacet
  facet normal -0 0 1
    outer loop
      vertex 2.72647 13.8089 18.7
      vertex 23.745 8.18363 18.7
      vertex 25 19.7 18.7
    endloop
  endfacet
  facet normal 0 0 1
    outer loop
      vertex 23.745 8.18363 18.7
      vertex 2.74411 13.6299 18.7
      vertex 2.75 13.45 18.7
    endloop
  endfacet
  facet normal 0 0 1
    outer loop
      vertex 23.745 8.18363 18.7
      vertex 2.72647 13.8089 18.7
      vertex 2.74411 13.6299 18.7
    endloop
  endfacet
  facet normal 0 0 1
    outer loop
      vertex 25 19.7 18.7
      vertex 2.69716 13.9865 18.7
      vertex 2.72647 13.8089 18.7
    endloop
  endfacet
  facet normal 0 0 1
    outer loop
      vertex 25 19.7 18.7
      vertex 2.6563 14.1618 18.7
      vertex 2.69716 13.9865 18.7
    endloop
  endfacet
  facet normal 0 0 1
    outer loop
      vertex 25 19.7 18.7
      vertex 2.60406 14.334 18.7
      vertex 2.6563 14.1618 18.7
    endloop
  endfacet
  facet normal 0 0 1
    outer loop
      vertex 25 19.7 18.7
      vertex 2.54067 14.5024 18.7
      vertex 2.60406 14.334 18.7
    endloop
  endfacet
  facet normal 0 0 1
    outer loop
      vertex 25 19.7 18.7
      vertex 2.4664 14.6663 18.7
      vertex 2.54067 14.5024 18.7
    endloop
  endfacet
  facet normal 0 0 1
    outer loop
      vertex 25 19.7 18.7
      vertex 2.38157 14.825 18.7
      vertex 2.4664 14.6663 18.7
    endloop
  endfacet
  facet normal 0 0 1
    outer loop
      vertex 25 19.7 18.7
      vertex 2.28654 14.9778 18.7
      vertex 2.38157 14.825 18.7
    endloop
  endfacet
  facet normal 0 0 1
    outer loop
      vertex 25 19.7 18.7
      vertex 2.18172 15.1241 18.7
      vertex 2.28654 14.9778 18.7
    endloop
  endfacet
  facet normal 0 0 1
    outer loop
      vertex 25 19.7 18.7
      vertex 2.06756 15.2632 18.7
      vertex 2.18172 15.1241 18.7
    endloop
  endfacet
  facet normal 0 0 1
    outer loop
      vertex 25 19.7 18.7
      vertex 1.94454 15.3945 18.7
      vertex 2.06756 15.2632 18.7
    endloop
  endfacet
  facet normal 0 0 1
    outer loop
      vertex 25 19.7 18.7
      vertex 1.8132 15.5176 18.7
      vertex 1.94454 15.3945 18.7
    endloop
  endfacet
  facet normal 0 0 1
    outer loop
      vertex 25 19.7 18.7
      vertex 1.67409 15.6317 18.7
      vertex 1.8132 15.5176 18.7
    endloop
  endfacet
  facet normal 0 0 1
    outer loop
      vertex 25 19.7 18.7
      vertex 1.52782 15.7365 18.7
      vertex 1.67409 15.6317 18.7
    endloop
  endfacet
  facet normal 0 0 1
    outer loop
      vertex 25 19.7 18.7
      vertex 1.375 15.8316 18.7
      vertex 1.52782 15.7365 18.7
    endloop
  endfacet
  facet normal 0 0 1
    outer loop
      vertex 25 19.7 18.7
      vertex 1.21629 15.9164 18.7
      vertex 1.375 15.8316 18.7
    endloop
  endfacet
  facet normal 0 0 1
    outer loop
      vertex 25 19.7 18.7
      vertex 1.05238 15.9907 18.7
      vertex 1.21629 15.9164 18.7
    endloop
  endfacet
  facet normal 0 0 1
    outer loop
      vertex 25 19.7 18.7
      vertex 0.883958 16.0541 18.7
      vertex 1.05238 15.9907 18.7
    endloop
  endfacet
  facet normal 0 0 1
    outer loop
      vertex 25 19.7 18.7
      vertex 0.711752 16.1063 18.7
      vertex 0.883958 16.0541 18.7
    endloop
  endfacet
  facet normal 0 0 1
    outer loop
      vertex 25 19.7 18.7
      vertex 0.536498 16.1472 18.7
      vertex 0.711752 16.1063 18.7
    endloop
  endfacet
  facet normal 0 0 1
    outer loop
      vertex 25 19.7 18.7
      vertex 0.358947 16.1765 18.7
      vertex 0.536498 16.1472 18.7
    endloop
  endfacet
  facet normal 0 0 1
    outer loop
      vertex 25 19.7 18.7
      vertex 0.179858 16.1941 18.7
      vertex 0.358947 16.1765 18.7
    endloop
  endfacet
  facet normal 0 0 1
    outer loop
      vertex 25 19.7 18.7
      vertex 0 16.2 18.7
      vertex 0.179858 16.1941 18.7
    endloop
  endfacet
  facet normal -0 0 1
    outer loop
      vertex -25 19.7 18.7
      vertex 0 16.2 18.7
      vertex 25 19.7 18.7
    endloop
  endfacet
  facet normal 0 0 1
    outer loop
      vertex 0 16.2 18.7
      vertex -25 19.7 18.7
      vertex -0.179858 16.1941 18.7
    endloop
  endfacet
  facet normal 0 0 1
    outer loop
      vertex -2.74411 13.6299 18.7
      vertex -23.745 8.18363 18.7
      vertex -2.75 13.45 18.7
    endloop
  endfacet
  facet normal 0 0 1
    outer loop
      vertex -2.72647 13.8089 18.7
      vertex -23.745 8.18363 18.7
      vertex -2.74411 13.6299 18.7
    endloop
  endfacet
  facet normal 0 0 1
    outer loop
      vertex -25 19.7 18.7
      vertex -2.72647 13.8089 18.7
      vertex -2.69716 13.9865 18.7
    endloop
  endfacet
  facet normal 0 0 1
    outer loop
      vertex -25 19.7 18.7
      vertex -2.69716 13.9865 18.7
      vertex -2.6563 14.1618 18.7
    endloop
  endfacet
  facet normal 0 0 1
    outer loop
      vertex -25 19.7 18.7
      vertex -2.6563 14.1618 18.7
      vertex -2.60406 14.334 18.7
    endloop
  endfacet
  facet normal 0 0 1
    outer loop
      vertex -25 19.7 18.7
      vertex -2.60406 14.334 18.7
      vertex -2.54067 14.5024 18.7
    endloop
  endfacet
  facet normal 0 0 1
    outer loop
      vertex -25 19.7 18.7
      vertex -2.54067 14.5024 18.7
      vertex -2.4664 14.6663 18.7
    endloop
  endfacet
  facet normal 0 0 1
    outer loop
      vertex -25 19.7 18.7
      vertex -2.4664 14.6663 18.7
      vertex -2.38157 14.825 18.7
    endloop
  endfacet
  facet normal 0 0 1
    outer loop
      vertex -25 19.7 18.7
      vertex -2.38157 14.825 18.7
      vertex -2.28654 14.9778 18.7
    endloop
  endfacet
  facet normal 0 0 1
    outer loop
      vertex -25 19.7 18.7
      vertex -2.28654 14.9778 18.7
      vertex -2.18172 15.1241 18.7
    endloop
  endfacet
  facet normal 0 0 1
    outer loop
      vertex -25 19.7 18.7
      vertex -2.18172 15.1241 18.7
      vertex -2.06756 15.2632 18.7
    endloop
  endfacet
  facet normal 0 0 1
    outer loop
      vertex -25 19.7 18.7
      vertex -2.06756 15.2632 18.7
      vertex -1.94454 15.3945 18.7
    endloop
  endfacet
  facet normal 0 0 1
    outer loop
      vertex -25 19.7 18.7
      vertex -1.94454 15.3945 18.7
      vertex -1.8132 15.5176 18.7
    endloop
  endfacet
  facet normal 0 0 1
    outer loop
      vertex -25 19.7 18.7
      vertex -1.8132 15.5176 18.7
      vertex -1.67409 15.6317 18.7
    endloop
  endfacet
  facet normal 0 0 1
    outer loop
      vertex -25 19.7 18.7
      vertex -1.67409 15.6317 18.7
      vertex -1.52782 15.7365 18.7
    endloop
  endfacet
  facet normal 0 0 1
    outer loop
      vertex -25 19.7 18.7
      vertex -1.52782 15.7365 18.7
      vertex -1.375 15.8316 18.7
    endloop
  endfacet
  facet normal 0 0 1
    outer loop
      vertex -25 19.7 18.7
      vertex -1.375 15.8316 18.7
      vertex -1.21629 15.9164 18.7
    endloop
  endfacet
  facet normal 0 0 1
    outer loop
      vertex -25 19.7 18.7
      vertex -1.21629 15.9164 18.7
      vertex -1.05238 15.9907 18.7
    endloop
  endfacet
  facet normal 0 0 1
    outer loop
      vertex -25 19.7 18.7
      vertex -1.05238 15.9907 18.7
      vertex -0.883958 16.0541 18.7
    endloop
  endfacet
  facet normal 0 0 1
    outer loop
      vertex -2.72647 13.8089 18.7
      vertex -25 19.7 18.7
      vertex -23.745 8.18363 18.7
    endloop
  endfacet
  facet normal 0 0 1
    outer loop
      vertex -0.179858 16.1941 18.7
      vertex -25 19.7 18.7
      vertex -0.358947 16.1765 18.7
    endloop
  endfacet
  facet normal 0 0 1
    outer loop
      vertex -25 19.7 18.7
      vertex -0.536498 16.1472 18.7
      vertex -0.358947 16.1765 18.7
    endloop
  endfacet
  facet normal 0 0 1
    outer loop
      vertex -25 19.7 18.7
      vertex -0.711752 16.1063 18.7
      vertex -0.536498 16.1472 18.7
    endloop
  endfacet
  facet normal 0 0 1
    outer loop
      vertex -25 19.7 18.7
      vertex -0.883958 16.0541 18.7
      vertex -0.711752 16.1063 18.7
    endloop
  endfacet
  facet normal 0 0 1
    outer loop
      vertex -23.745 8.18363 18.7
      vertex -25 19.7 18.7
      vertex -23.8472 8.28517 18.7
    endloop
  endfacet
  facet normal 0 0 1
    outer loop
      vertex -23.8472 8.28517 18.7
      vertex -25 19.7 18.7
      vertex -25 9.43032 18.7
    endloop
  endfacet
  facet normal -0 0 1
    outer loop
      vertex 2.74411 13.2701 18.7
      vertex 23.745 8.18363 18.7
      vertex 2.75 13.45 18.7
    endloop
  endfacet
  facet normal -0 0 1
    outer loop
      vertex 2.72647 13.0911 18.7
      vertex 23.745 8.18363 18.7
      vertex 2.74411 13.2701 18.7
    endloop
  endfacet
  facet normal -0 0 1
    outer loop
      vertex 2.69716 12.9135 18.7
      vertex 23.745 8.18363 18.7
      vertex 2.72647 13.0911 18.7
    endloop
  endfacet
  facet normal -0 0 1
    outer loop
      vertex 2.6563 12.7382 18.7
      vertex 23.745 8.18363 18.7
      vertex 2.69716 12.9135 18.7
    endloop
  endfacet
  facet normal -0 0 1
    outer loop
      vertex 2.60406 12.566 18.7
      vertex 23.745 8.18363 18.7
      vertex 2.6563 12.7382 18.7
    endloop
  endfacet
  facet normal -0 0 1
    outer loop
      vertex 2.54067 12.3976 18.7
      vertex 23.745 8.18363 18.7
      vertex 2.60406 12.566 18.7
    endloop
  endfacet
  facet normal -0 0 1
    outer loop
      vertex 2.4664 12.2337 18.7
      vertex 23.745 8.18363 18.7
      vertex 2.54067 12.3976 18.7
    endloop
  endfacet
  facet normal -0 0 1
    outer loop
      vertex 2.38157 12.075 18.7
      vertex 23.745 8.18363 18.7
      vertex 2.4664 12.2337 18.7
    endloop
  endfacet
  facet normal -0 0 1
    outer loop
      vertex 2.28654 11.9222 18.7
      vertex 23.745 8.18363 18.7
      vertex 2.38157 12.075 18.7
    endloop
  endfacet
  facet normal -0 0 1
    outer loop
      vertex 2.18172 11.7759 18.7
      vertex 23.745 8.18363 18.7
      vertex 2.28654 11.9222 18.7
    endloop
  endfacet
  facet normal -0 0 1
    outer loop
      vertex 2.06756 11.6368 18.7
      vertex 23.745 8.18363 18.7
      vertex 2.18172 11.7759 18.7
    endloop
  endfacet
  facet normal -0 0 1
    outer loop
      vertex 1.94454 11.5055 18.7
      vertex 23.745 8.18363 18.7
      vertex 2.06756 11.6368 18.7
    endloop
  endfacet
  facet normal -0 0 1
    outer loop
      vertex 1.8132 11.3824 18.7
      vertex 23.745 8.18363 18.7
      vertex 1.94454 11.5055 18.7
    endloop
  endfacet
  facet normal -0 0 1
    outer loop
      vertex 1.67409 11.2683 18.7
      vertex 23.745 8.18363 18.7
      vertex 1.8132 11.3824 18.7
    endloop
  endfacet
  facet normal -0 0 1
    outer loop
      vertex 1.52782 11.1635 18.7
      vertex 23.745 8.18363 18.7
      vertex 1.67409 11.2683 18.7
    endloop
  endfacet
  facet normal -0 0 1
    outer loop
      vertex 1.375 11.0684 18.7
      vertex 23.745 8.18363 18.7
      vertex 1.52782 11.1635 18.7
    endloop
  endfacet
  facet normal -0 0 1
    outer loop
      vertex 1.21629 10.9836 18.7
      vertex 23.745 8.18363 18.7
      vertex 1.375 11.0684 18.7
    endloop
  endfacet
  facet normal -0 0 1
    outer loop
      vertex 1.05238 10.9093 18.7
      vertex 23.745 8.18363 18.7
      vertex 1.21629 10.9836 18.7
    endloop
  endfacet
  facet normal -0 0 1
    outer loop
      vertex 0.883958 10.8459 18.7
      vertex 23.745 8.18363 18.7
      vertex 1.05238 10.9093 18.7
    endloop
  endfacet
  facet normal -0 0 1
    outer loop
      vertex 0.711752 10.7937 18.7
      vertex 23.745 8.18363 18.7
      vertex 0.883958 10.8459 18.7
    endloop
  endfacet
  facet normal -0 0 1
    outer loop
      vertex 0.536498 10.7528 18.7
      vertex 23.745 8.18363 18.7
      vertex 0.711752 10.7937 18.7
    endloop
  endfacet
  facet normal -0 0 1
    outer loop
      vertex 0.358947 10.7235 18.7
      vertex 23.745 8.18363 18.7
      vertex 0.536498 10.7528 18.7
    endloop
  endfacet
  facet normal -0 0 1
    outer loop
      vertex 0.179858 10.7059 18.7
      vertex 23.745 8.18363 18.7
      vertex 0.358947 10.7235 18.7
    endloop
  endfacet
  facet normal -0 0 1
    outer loop
      vertex 0 10.7 18.7
      vertex 23.745 8.18363 18.7
      vertex 0.179858 10.7059 18.7
    endloop
  endfacet
  facet normal 0 0 1
    outer loop
      vertex -23.745 8.18363 18.7
      vertex 0 10.7 18.7
      vertex -0.179858 10.7059 18.7
    endloop
  endfacet
  facet normal 0 0 1
    outer loop
      vertex -23.745 8.18363 18.7
      vertex -0.179858 10.7059 18.7
      vertex -0.358947 10.7235 18.7
    endloop
  endfacet
  facet normal 0 0 1
    outer loop
      vertex 0 10.7 18.7
      vertex -23.745 8.18363 18.7
      vertex 23.745 8.18363 18.7
    endloop
  endfacet
  facet normal 0 0 1
    outer loop
      vertex -0.536498 10.7528 18.7
      vertex -23.745 8.18363 18.7
      vertex -0.358947 10.7235 18.7
    endloop
  endfacet
  facet normal 0 0 1
    outer loop
      vertex -0.711752 10.7937 18.7
      vertex -23.745 8.18363 18.7
      vertex -0.536498 10.7528 18.7
    endloop
  endfacet
  facet normal 0 0 1
    outer loop
      vertex -0.883958 10.8459 18.7
      vertex -23.745 8.18363 18.7
      vertex -0.711752 10.7937 18.7
    endloop
  endfacet
  facet normal 0 0 1
    outer loop
      vertex -1.05238 10.9093 18.7
      vertex -23.745 8.18363 18.7
      vertex -0.883958 10.8459 18.7
    endloop
  endfacet
  facet normal 0 0 1
    outer loop
      vertex -1.21629 10.9836 18.7
      vertex -23.745 8.18363 18.7
      vertex -1.05238 10.9093 18.7
    endloop
  endfacet
  facet normal 0 0 1
    outer loop
      vertex -1.375 11.0684 18.7
      vertex -23.745 8.18363 18.7
      vertex -1.21629 10.9836 18.7
    endloop
  endfacet
  facet normal 0 0 1
    outer loop
      vertex -1.52782 11.1635 18.7
      vertex -23.745 8.18363 18.7
      vertex -1.375 11.0684 18.7
    endloop
  endfacet
  facet normal 0 0 1
    outer loop
      vertex -1.67409 11.2683 18.7
      vertex -23.745 8.18363 18.7
      vertex -1.52782 11.1635 18.7
    endloop
  endfacet
  facet normal 0 0 1
    outer loop
      vertex -1.8132 11.3824 18.7
      vertex -23.745 8.18363 18.7
      vertex -1.67409 11.2683 18.7
    endloop
  endfacet
  facet normal 0 0 1
    outer loop
      vertex -1.94454 11.5055 18.7
      vertex -23.745 8.18363 18.7
      vertex -1.8132 11.3824 18.7
    endloop
  endfacet
  facet normal 0 0 1
    outer loop
      vertex -2.06756 11.6368 18.7
      vertex -23.745 8.18363 18.7
      vertex -1.94454 11.5055 18.7
    endloop
  endfacet
  facet normal 0 0 1
    outer loop
      vertex -2.18172 11.7759 18.7
      vertex -23.745 8.18363 18.7
      vertex -2.06756 11.6368 18.7
    endloop
  endfacet
  facet normal 0 0 1
    outer loop
      vertex -2.28654 11.9222 18.7
      vertex -23.745 8.18363 18.7
      vertex -2.18172 11.7759 18.7
    endloop
  endfacet
  facet normal 0 0 1
    outer loop
      vertex -2.38157 12.075 18.7
      vertex -23.745 8.18363 18.7
      vertex -2.28654 11.9222 18.7
    endloop
  endfacet
  facet normal 0 0 1
    outer loop
      vertex -2.4664 12.2337 18.7
      vertex -23.745 8.18363 18.7
      vertex -2.38157 12.075 18.7
    endloop
  endfacet
  facet normal 0 0 1
    outer loop
      vertex -2.54067 12.3976 18.7
      vertex -23.745 8.18363 18.7
      vertex -2.4664 12.2337 18.7
    endloop
  endfacet
  facet normal 0 0 1
    outer loop
      vertex -2.60406 12.566 18.7
      vertex -23.745 8.18363 18.7
      vertex -2.54067 12.3976 18.7
    endloop
  endfacet
  facet normal 0 0 1
    outer loop
      vertex -2.6563 12.7382 18.7
      vertex -23.745 8.18363 18.7
      vertex -2.60406 12.566 18.7
    endloop
  endfacet
  facet normal 0 0 1
    outer loop
      vertex -2.69716 12.9135 18.7
      vertex -23.745 8.18363 18.7
      vertex -2.6563 12.7382 18.7
    endloop
  endfacet
  facet normal 0 0 1
    outer loop
      vertex -2.72647 13.0911 18.7
      vertex -23.745 8.18363 18.7
      vertex -2.69716 12.9135 18.7
    endloop
  endfacet
  facet normal 0 0 1
    outer loop
      vertex -2.74411 13.2701 18.7
      vertex -23.745 8.18363 18.7
      vertex -2.72647 13.0911 18.7
    endloop
  endfacet
  facet normal 0 0 1
    outer loop
      vertex -23.745 8.18363 18.7
      vertex -2.74411 13.2701 18.7
      vertex -2.75 13.45 18.7
    endloop
  endfacet
  facet normal -1 0 0
    outer loop
      vertex -25 40 1.90735e-07
      vertex -25 19.7 5
      vertex -25 40 5
    endloop
  endfacet
  facet normal -1 0 0
    outer loop
      vertex -25 8.47248 15.0218
      vertex -25 19.7 18.7
      vertex -25 19.7 5
    endloop
  endfacet
  facet normal -1 -0 0
    outer loop
      vertex -25 19.7 18.7
      vertex -25 9.42646 18.5822
      vertex -25 9.43032 18.7
    endloop
  endfacet
  facet normal -1 0 0
    outer loop
      vertex -25 19.7 18.7
      vertex -25 9.37475 18.0571
      vertex -25 9.42646 18.5822
    endloop
  endfacet
  facet normal -1 0 0
    outer loop
      vertex -25 19.7 18.7
      vertex -25 9.36587 17.967
      vertex -25 9.37475 18.0571
    endloop
  endfacet
  facet normal -1 0 0
    outer loop
      vertex -25 19.7 18.7
      vertex -25 9.27993 17.4464
      vertex -25 9.36587 17.967
    endloop
  endfacet
  facet normal -1 0 0
    outer loop
      vertex -25 19.7 18.7
      vertex -25 9.26517 17.357
      vertex -25 9.27993 17.4464
    endloop
  endfacet
  facet normal -1 0 0
    outer loop
      vertex -25 19.7 18.7
      vertex -25 9.2446 17.2688
      vertex -25 9.26517 17.357
    endloop
  endfacet
  facet normal -1 0 0
    outer loop
      vertex -25 19.7 18.7
      vertex -25 9.1248 16.755
      vertex -25 9.2446 17.2688
    endloop
  endfacet
  facet normal -1 0 0
    outer loop
      vertex -25 19.7 18.7
      vertex -25 9.0985 16.6683
      vertex -25 9.1248 16.755
    endloop
  endfacet
  facet normal -1 0 0
    outer loop
      vertex -25 19.7 18.7
      vertex -25 8.94535 16.1635
      vertex -25 9.0985 16.6683
    endloop
  endfacet
  facet normal -1 0 0
    outer loop
      vertex -25 19.7 18.7
      vertex -25 8.75952 15.6697
      vertex -25 8.94535 16.1635
    endloop
  endfacet
  facet normal -1 0 0
    outer loop
      vertex -25 19.7 18.7
      vertex -25 8.7276 15.5849
      vertex -25 8.75952 15.6697
    endloop
  endfacet
  facet normal -1 0 0
    outer loop
      vertex -25 19.7 18.7
      vertex -25 8.6902 15.5024
      vertex -25 8.7276 15.5849
    endloop
  endfacet
  facet normal -1 0 0
    outer loop
      vertex -25 19.7 18.7
      vertex -25 8.47248 15.0218
      vertex -25 8.6902 15.5024
    endloop
  endfacet
  facet normal -1 0 0
    outer loop
      vertex -25 19.7 5
      vertex -25 8.42976 14.9419
      vertex -25 8.47248 15.0218
    endloop
  endfacet
  facet normal -1 0 0
    outer loop
      vertex -25 19.7 5
      vertex -25 8.18107 14.4767
      vertex -25 8.42976 14.9419
    endloop
  endfacet
  facet normal -1 0 0
    outer loop
      vertex -25 19.7 5
      vertex -25 7.90249 14.0287
      vertex -25 8.18107 14.4767
    endloop
  endfacet
  facet normal -1 0 0
    outer loop
      vertex -25 19.7 5
      vertex -25 7.85464 13.9517
      vertex -25 7.90249 14.0287
    endloop
  endfacet
  facet normal -1 0 0
    outer loop
      vertex -25 19.7 5
      vertex -25 7.54734 13.5229
      vertex -25 7.85464 13.9517
    endloop
  endfacet
  facet normal -1 0 0
    outer loop
      vertex -25 19.7 5
      vertex -25 7.49456 13.4492
      vertex -25 7.54734 13.5229
    endloop
  endfacet
  facet normal -1 0 0
    outer loop
      vertex -25 19.7 5
      vertex -25 7.43708 13.3792
      vertex -25 7.49456 13.4492
    endloop
  endfacet
  facet normal -1 0 0
    outer loop
      vertex -25 19.7 5
      vertex -25 7.1024 12.9714
      vertex -25 7.43708 13.3792
    endloop
  endfacet
  facet normal -1 0 0
    outer loop
      vertex -25 19.7 5
      vertex -25 6.74176 12.5863
      vertex -25 7.1024 12.9714
    endloop
  endfacet
  facet normal -1 0 0
    outer loop
      vertex -25 19.7 5
      vertex -25 6.67982 12.5202
      vertex -25 6.74176 12.5863
    endloop
  endfacet
  facet normal -1 0 0
    outer loop
      vertex -25 19.7 5
      vertex -25 6.61368 12.4582
      vertex -25 6.67982 12.5202
    endloop
  endfacet
  facet normal -1 0 0
    outer loop
      vertex -25 19.7 5
      vertex -25 6.22863 12.0976
      vertex -25 6.61368 12.4582
    endloop
  endfacet
  facet normal -1 0 0
    outer loop
      vertex -25 19.7 5
      vertex -25 5.82083 11.7629
      vertex -25 6.22863 12.0976
    endloop
  endfacet
  facet normal -1 0 0
    outer loop
      vertex -25 19.7 5
      vertex -25 5.75078 11.7054
      vertex -25 5.82083 11.7629
    endloop
  endfacet
  facet normal -1 0 0
    outer loop
      vertex -25 19.7 5
      vertex -25 5.67712 11.6527
      vertex -25 5.75078 11.7054
    endloop
  endfacet
  facet normal -1 0 0
    outer loop
      vertex -25 19.7 5
      vertex -25 5.2483 11.3454
      vertex -25 5.67712 11.6527
    endloop
  endfacet
  facet normal -1 0 0
    outer loop
      vertex -25 19.7 5
      vertex -25 5.17135 11.2975
      vertex -25 5.2483 11.3454
    endloop
  endfacet
  facet normal -1 0 0
    outer loop
      vertex -25 19.7 5
      vertex -25 4.72334 11.0189
      vertex -25 5.17135 11.2975
    endloop
  endfacet
  facet normal -1 0 0
    outer loop
      vertex -25 19.7 5
      vertex -25 4.25808 10.7702
      vertex -25 4.72334 11.0189
    endloop
  endfacet
  facet normal -1 0 0
    outer loop
      vertex -25 19.7 5
      vertex -25 4.17816 10.7275
      vertex -25 4.25808 10.7702
    endloop
  endfacet
  facet normal -1 0 0
    outer loop
      vertex -25 19.7 5
      vertex -25 3.69763 10.5098
      vertex -25 4.17816 10.7275
    endloop
  endfacet
  facet normal -1 0 0
    outer loop
      vertex -25 19.7 5
      vertex -25 3.61509 10.4724
      vertex -25 3.69763 10.5098
    endloop
  endfacet
  facet normal -1 0 0
    outer loop
      vertex -25 19.7 5
      vertex -25 3.53028 10.4405
      vertex -25 3.61509 10.4724
    endloop
  endfacet
  facet normal -1 0 0
    outer loop
      vertex -25 19.7 5
      vertex -25 3.03654 10.2546
      vertex -25 3.53028 10.4405
    endloop
  endfacet
  facet normal -1 0 0
    outer loop
      vertex -25 19.7 5
      vertex -25 2.5317 10.1015
      vertex -25 3.03654 10.2546
    endloop
  endfacet
  facet normal -1 0 0
    outer loop
      vertex -25 19.7 5
      vertex -25 2.44498 10.0752
      vertex -25 2.5317 10.1015
    endloop
  endfacet
  facet normal -1 0 0
    outer loop
      vertex -25 19.7 5
      vertex -25 1.93121 9.9554
      vertex -25 2.44498 10.0752
    endloop
  endfacet
  facet normal -1 0 0
    outer loop
      vertex -25 19.7 5
      vertex -25 1.84296 9.93483
      vertex -25 1.93121 9.9554
    endloop
  endfacet
  facet normal -1 0 0
    outer loop
      vertex -25 19.7 5
      vertex -25 1.75355 9.92007
      vertex -25 1.84296 9.93483
    endloop
  endfacet
  facet normal -1 0 0
    outer loop
      vertex -25 19.7 5
      vertex -25 1.23304 9.83413
      vertex -25 1.75355 9.92007
    endloop
  endfacet
  facet normal -1 0 0
    outer loop
      vertex -25 19.7 5
      vertex -25 1.14286 9.82525
      vertex -25 1.23304 9.83413
    endloop
  endfacet
  facet normal -1 0 0
    outer loop
      vertex -25 19.7 5
      vertex -25 0.617843 9.77354
      vertex -25 1.14286 9.82525
    endloop
  endfacet
  facet normal -1 0 0
    outer loop
      vertex -25 19.7 5
      vertex -25 0.0905679 9.75628
      vertex -25 0.617843 9.77354
    endloop
  endfacet
  facet normal -1 0 0
    outer loop
      vertex -25 -19.7 5
      vertex -25 19.7 5
      vertex -25 40 1.90735e-07
    endloop
  endfacet
  facet normal -1 0 -0
    outer loop
      vertex -25 0 9.75331
      vertex -25 19.7 5
      vertex -25 -19.7 5
    endloop
  endfacet
  facet normal -1 0 0
    outer loop
      vertex -25 19.7 5
      vertex -25 0 9.75331
      vertex -25 0.0905679 9.75628
    endloop
  endfacet
  facet normal -1 -0 0
    outer loop
      vertex -25 0 9.75331
      vertex -25 -19.7 5
      vertex -25 -0.0905679 9.75628
    endloop
  endfacet
  facet normal -1 -0 0
    outer loop
      vertex -25 -0.0905679 9.75628
      vertex -25 -19.7 5
      vertex -25 -0.617843 9.77354
    endloop
  endfacet
  facet normal -1 -0 0
    outer loop
      vertex -25 -0.617843 9.77354
      vertex -25 -19.7 5
      vertex -25 -1.14286 9.82525
    endloop
  endfacet
  facet normal -1 -0 0
    outer loop
      vertex -25 -1.14286 9.82525
      vertex -25 -19.7 5
      vertex -25 -1.23304 9.83413
    endloop
  endfacet
  facet normal -1 -0 0
    outer loop
      vertex -25 -1.23304 9.83413
      vertex -25 -19.7 5
      vertex -25 -1.75355 9.92007
    endloop
  endfacet
  facet normal -1 -0 0
    outer loop
      vertex -25 -1.75355 9.92007
      vertex -25 -19.7 5
      vertex -25 -1.84296 9.93483
    endloop
  endfacet
  facet normal -1 -0 0
    outer loop
      vertex -25 -1.84296 9.93483
      vertex -25 -19.7 5
      vertex -25 -1.93121 9.9554
    endloop
  endfacet
  facet normal -1 0 0
    outer loop
      vertex -25 -19.7 5
      vertex -25 -3.53028 10.4405
      vertex -25 -3.03654 10.2546
    endloop
  endfacet
  facet normal -1 0 0
    outer loop
      vertex -25 -19.7 5
      vertex -25 -4.25808 10.7702
      vertex -25 -4.17816 10.7275
    endloop
  endfacet
  facet normal -1 0 0
    outer loop
      vertex -25 -19.7 5
      vertex -25 -5.82083 11.7629
      vertex -25 -5.75078 11.7054
    endloop
  endfacet
  facet normal -1 0 0
    outer loop
      vertex -25 -19.7 5
      vertex -25 -7.43708 13.3792
      vertex -25 -7.1024 12.9714
    endloop
  endfacet
  facet normal -1 0 0
    outer loop
      vertex -25 -19.7 5
      vertex -25 -7.90249 14.0287
      vertex -25 -7.85464 13.9517
    endloop
  endfacet
  facet normal -1 0 0
    outer loop
      vertex -25 -19.7 18.7
      vertex -25 -9.27993 17.4464
      vertex -25 -9.26517 17.357
    endloop
  endfacet
  facet normal -1 0 0
    outer loop
      vertex -25 -19.7 18.7
      vertex -25 -9.37475 18.0571
      vertex -25 -9.36587 17.967
    endloop
  endfacet
  facet normal -1 0 0
    outer loop
      vertex -25 -9.37475 18.0571
      vertex -25 -19.7 18.7
      vertex -25 -9.42646 18.5822
    endloop
  endfacet
  facet normal -1 0 0
    outer loop
      vertex -25 -9.27993 17.4464
      vertex -25 -19.7 18.7
      vertex -25 -9.36587 17.967
    endloop
  endfacet
  facet normal -1 0 0
    outer loop
      vertex -25 -9.2446 17.2688
      vertex -25 -19.7 18.7
      vertex -25 -9.26517 17.357
    endloop
  endfacet
  facet normal -1 0 0
    outer loop
      vertex -25 -9.1248 16.755
      vertex -25 -19.7 18.7
      vertex -25 -9.2446 17.2688
    endloop
  endfacet
  facet normal -1 0 0
    outer loop
      vertex -25 -9.0985 16.6683
      vertex -25 -19.7 18.7
      vertex -25 -9.1248 16.755
    endloop
  endfacet
  facet normal -1 0 0
    outer loop
      vertex -25 -8.94535 16.1635
      vertex -25 -19.7 18.7
      vertex -25 -9.0985 16.6683
    endloop
  endfacet
  facet normal -1 0 0
    outer loop
      vertex -25 -8.75952 15.6697
      vertex -25 -19.7 18.7
      vertex -25 -8.94535 16.1635
    endloop
  endfacet
  facet normal -1 0 0
    outer loop
      vertex -25 -8.7276 15.5849
      vertex -25 -19.7 18.7
      vertex -25 -8.75952 15.6697
    endloop
  endfacet
  facet normal -1 0 0
    outer loop
      vertex -25 -8.6902 15.5024
      vertex -25 -19.7 18.7
      vertex -25 -8.7276 15.5849
    endloop
  endfacet
  facet normal -1 0 0
    outer loop
      vertex -25 -8.47248 15.0218
      vertex -25 -19.7 18.7
      vertex -25 -8.6902 15.5024
    endloop
  endfacet
  facet normal -1 0 0
    outer loop
      vertex -25 -19.7 18.7
      vertex -25 -8.47248 15.0218
      vertex -25 -19.7 5
    endloop
  endfacet
  facet normal -1 -0 0
    outer loop
      vertex -25 -8.42976 14.9419
      vertex -25 -19.7 5
      vertex -25 -8.47248 15.0218
    endloop
  endfacet
  facet normal -1 -0 0
    outer loop
      vertex -25 -8.18107 14.4767
      vertex -25 -19.7 5
      vertex -25 -8.42976 14.9419
    endloop
  endfacet
  facet normal -1 -0 0
    outer loop
      vertex -25 -7.90249 14.0287
      vertex -25 -19.7 5
      vertex -25 -8.18107 14.4767
    endloop
  endfacet
  facet normal -1 -0 0
    outer loop
      vertex -25 -7.54734 13.5229
      vertex -25 -19.7 5
      vertex -25 -7.85464 13.9517
    endloop
  endfacet
  facet normal -1 -0 0
    outer loop
      vertex -25 -7.49456 13.4492
      vertex -25 -19.7 5
      vertex -25 -7.54734 13.5229
    endloop
  endfacet
  facet normal -1 -0 0
    outer loop
      vertex -25 -7.43708 13.3792
      vertex -25 -19.7 5
      vertex -25 -7.49456 13.4492
    endloop
  endfacet
  facet normal -1 -0 0
    outer loop
      vertex -25 -6.74176 12.5863
      vertex -25 -19.7 5
      vertex -25 -7.1024 12.9714
    endloop
  endfacet
  facet normal -1 -0 0
    outer loop
      vertex -25 -6.67982 12.5202
      vertex -25 -19.7 5
      vertex -25 -6.74176 12.5863
    endloop
  endfacet
  facet normal -1 -0 0
    outer loop
      vertex -25 -6.61368 12.4582
      vertex -25 -19.7 5
      vertex -25 -6.67982 12.5202
    endloop
  endfacet
  facet normal -1 -0 0
    outer loop
      vertex -25 -6.22863 12.0976
      vertex -25 -19.7 5
      vertex -25 -6.61368 12.4582
    endloop
  endfacet
  facet normal -1 -0 0
    outer loop
      vertex -25 -5.82083 11.7629
      vertex -25 -19.7 5
      vertex -25 -6.22863 12.0976
    endloop
  endfacet
  facet normal -1 -0 0
    outer loop
      vertex -25 -5.67712 11.6527
      vertex -25 -19.7 5
      vertex -25 -5.75078 11.7054
    endloop
  endfacet
  facet normal -1 -0 0
    outer loop
      vertex -25 -5.2483 11.3454
      vertex -25 -19.7 5
      vertex -25 -5.67712 11.6527
    endloop
  endfacet
  facet normal -1 -0 0
    outer loop
      vertex -25 -5.17135 11.2975
      vertex -25 -19.7 5
      vertex -25 -5.2483 11.3454
    endloop
  endfacet
  facet normal -1 -0 0
    outer loop
      vertex -25 -4.72334 11.0189
      vertex -25 -19.7 5
      vertex -25 -5.17135 11.2975
    endloop
  endfacet
  facet normal -1 -0 0
    outer loop
      vertex -25 -4.25808 10.7702
      vertex -25 -19.7 5
      vertex -25 -4.72334 11.0189
    endloop
  endfacet
  facet normal -1 -0 0
    outer loop
      vertex -25 -3.69763 10.5098
      vertex -25 -19.7 5
      vertex -25 -4.17816 10.7275
    endloop
  endfacet
  facet normal -1 -0 0
    outer loop
      vertex -25 -3.61509 10.4724
      vertex -25 -19.7 5
      vertex -25 -3.69763 10.5098
    endloop
  endfacet
  facet normal -1 -0 0
    outer loop
      vertex -25 -3.53028 10.4405
      vertex -25 -19.7 5
      vertex -25 -3.61509 10.4724
    endloop
  endfacet
  facet normal -1 -0 0
    outer loop
      vertex -25 -2.5317 10.1015
      vertex -25 -19.7 5
      vertex -25 -3.03654 10.2546
    endloop
  endfacet
  facet normal -1 -0 0
    outer loop
      vertex -25 -2.44498 10.0752
      vertex -25 -19.7 5
      vertex -25 -2.5317 10.1015
    endloop
  endfacet
  facet normal -1 -0 0
    outer loop
      vertex -25 -1.93121 9.9554
      vertex -25 -19.7 5
      vertex -25 -2.44498 10.0752
    endloop
  endfacet
  facet normal -1 0 0
    outer loop
      vertex -25 -40 1.90735e-07
      vertex -25 -19.7 5
      vertex -25 40 1.90735e-07
    endloop
  endfacet
  facet normal -1 -0 0
    outer loop
      vertex -25 -19.7 5
      vertex -25 -40 1.90735e-07
      vertex -25 -40 5
    endloop
  endfacet
  facet normal -1 0 0
    outer loop
      vertex -25 -9.42646 18.5822
      vertex -25 -19.7 18.7
      vertex -25 -9.43032 18.7
    endloop
  endfacet
  facet normal 0 -1 0
    outer loop
      vertex -25 -19.7 5
      vertex 25 -19.7 18.7
      vertex -25 -19.7 18.7
    endloop
  endfacet
  facet normal 0 -1 -0
    outer loop
      vertex 25 -19.7 18.7
      vertex -25 -19.7 5
      vertex 25 -19.7 5
    endloop
  endfacet
  facet normal 0 1 -0
    outer loop
      vertex 25 19.7 5
      vertex -25 19.7 18.7
      vertex 25 19.7 18.7
    endloop
  endfacet
  facet normal 0 1 0
    outer loop
      vertex -25 19.7 18.7
      vertex 25 19.7 5
      vertex -25 19.7 5
    endloop
  endfacet
  facet normal -0 0 -1
    outer loop
      vertex -4.26015 -15.5509 1.90735e-07
      vertex -13.3259 -22.6683 1.90735e-07
      vertex -4.38843 -15.2677 1.90735e-07
    endloop
  endfacet
  facet normal 0 0 -1
    outer loop
      vertex -4.49792 11.9232 1.90735e-07
      vertex -12.2559 24.6701 1.90735e-07
      vertex -12.25 24.85 1.90735e-07
    endloop
  endfacet
  facet normal 0 0 -1
    outer loop
      vertex -13.4722 -22.5635 1.90735e-07
      vertex -4.38843 -15.2677 1.90735e-07
      vertex -13.3259 -22.6683 1.90735e-07
    endloop
  endfacet
  facet normal 0 0 -1
    outer loop
      vertex -4.49792 11.9232 1.90735e-07
      vertex -12.2735 24.4911 1.90735e-07
      vertex -12.2559 24.6701 1.90735e-07
    endloop
  endfacet
  facet normal -0 0 -1
    outer loop
      vertex -4.38843 -15.2677 1.90735e-07
      vertex -13.4722 -22.5635 1.90735e-07
      vertex -4.49792 -14.9768 1.90735e-07
    endloop
  endfacet
  facet normal 0 0 -1
    outer loop
      vertex -4.49792 11.9232 1.90735e-07
      vertex -12.3028 24.3135 1.90735e-07
      vertex -12.2735 24.4911 1.90735e-07
    endloop
  endfacet
  facet normal 0 0 -1
    outer loop
      vertex -13.625 -22.4684 1.90735e-07
      vertex -4.49792 -14.9768 1.90735e-07
      vertex -13.4722 -22.5635 1.90735e-07
    endloop
  endfacet
  facet normal 0 0 -1
    outer loop
      vertex -4.49792 11.9232 1.90735e-07
      vertex -12.3437 24.1382 1.90735e-07
      vertex -12.3028 24.3135 1.90735e-07
    endloop
  endfacet
  facet normal 0 0 -1
    outer loop
      vertex -13.7837 -22.3836 1.90735e-07
      vertex -4.49792 -14.9768 1.90735e-07
      vertex -13.625 -22.4684 1.90735e-07
    endloop
  endfacet
  facet normal 0 0 -1
    outer loop
      vertex -4.49792 11.9232 1.90735e-07
      vertex -12.3959 23.966 1.90735e-07
      vertex -12.3437 24.1382 1.90735e-07
    endloop
  endfacet
  facet normal -0 0 -1
    outer loop
      vertex -4.49792 -14.9768 1.90735e-07
      vertex -13.7837 -22.3836 1.90735e-07
      vertex -4.58815 -14.6794 1.90735e-07
    endloop
  endfacet
  facet normal 0 0 -1
    outer loop
      vertex -4.49792 11.9232 1.90735e-07
      vertex -12.4593 23.7976 1.90735e-07
      vertex -12.3959 23.966 1.90735e-07
    endloop
  endfacet
  facet normal 0 0 -1
    outer loop
      vertex -13.9476 -22.3093 1.90735e-07
      vertex -4.58815 -14.6794 1.90735e-07
      vertex -13.7837 -22.3836 1.90735e-07
    endloop
  endfacet
  facet normal 0 0 -1
    outer loop
      vertex -4.49792 11.9232 1.90735e-07
      vertex -12.5336 23.6337 1.90735e-07
      vertex -12.4593 23.7976 1.90735e-07
    endloop
  endfacet
  facet normal -0 0 -1
    outer loop
      vertex -4.58815 -14.6794 1.90735e-07
      vertex -13.9476 -22.3093 1.90735e-07
      vertex -4.65873 -14.3767 1.90735e-07
    endloop
  endfacet
  facet normal 0 0 -1
    outer loop
      vertex -4.49792 11.9232 1.90735e-07
      vertex -12.6184 23.475 1.90735e-07
      vertex -12.5336 23.6337 1.90735e-07
    endloop
  endfacet
  facet normal 0 0 -1
    outer loop
      vertex -14.116 -22.2459 1.90735e-07
      vertex -4.65873 -14.3767 1.90735e-07
      vertex -13.9476 -22.3093 1.90735e-07
    endloop
  endfacet
  facet normal 0 0 -1
    outer loop
      vertex -4.49792 11.9232 1.90735e-07
      vertex -12.7135 23.3222 1.90735e-07
      vertex -12.6184 23.475 1.90735e-07
    endloop
  endfacet
  facet normal -0 0 -1
    outer loop
      vertex -4.65873 -14.3767 1.90735e-07
      vertex -14.116 -22.2459 1.90735e-07
      vertex -4.70936 -14.07 1.90735e-07
    endloop
  endfacet
  facet normal 0 0 -1
    outer loop
      vertex -4.49792 11.9232 1.90735e-07
      vertex -12.8183 23.1759 1.90735e-07
      vertex -12.7135 23.3222 1.90735e-07
    endloop
  endfacet
  facet normal 0 0 -1
    outer loop
      vertex -14.2882 -22.1937 1.90735e-07
      vertex -4.70936 -14.07 1.90735e-07
      vertex -14.116 -22.2459 1.90735e-07
    endloop
  endfacet
  facet normal 0 0 -1
    outer loop
      vertex -4.49792 11.9232 1.90735e-07
      vertex -12.9324 23.0368 1.90735e-07
      vertex -12.8183 23.1759 1.90735e-07
    endloop
  endfacet
  facet normal -0 0 -1
    outer loop
      vertex -4.70936 -14.07 1.90735e-07
      vertex -14.2882 -22.1937 1.90735e-07
      vertex -4.73983 -13.7607 1.90735e-07
    endloop
  endfacet
  facet normal 0 0 -1
    outer loop
      vertex -4.49792 11.9232 1.90735e-07
      vertex -13.0555 22.9055 1.90735e-07
      vertex -12.9324 23.0368 1.90735e-07
    endloop
  endfacet
  facet normal 0 0 -1
    outer loop
      vertex -14.4635 -22.1528 1.90735e-07
      vertex -4.73983 -13.7607 1.90735e-07
      vertex -14.2882 -22.1937 1.90735e-07
    endloop
  endfacet
  facet normal 0 0 -1
    outer loop
      vertex -4.49792 11.9232 1.90735e-07
      vertex -13.1868 22.7824 1.90735e-07
      vertex -13.0555 22.9055 1.90735e-07
    endloop
  endfacet
  facet normal -0 0 -1
    outer loop
      vertex -4.73983 -13.7607 1.90735e-07
      vertex -14.4635 -22.1528 1.90735e-07
      vertex -4.75 -13.45 1.90735e-07
    endloop
  endfacet
  facet normal 0 0 -1
    outer loop
      vertex -4.49792 11.9232 1.90735e-07
      vertex -13.3259 22.6683 1.90735e-07
      vertex -13.1868 22.7824 1.90735e-07
    endloop
  endfacet
  facet normal 0 0 -1
    outer loop
      vertex -14.6411 -22.1235 1.90735e-07
      vertex -4.75 -13.45 1.90735e-07
      vertex -14.4635 -22.1528 1.90735e-07
    endloop
  endfacet
  facet normal 0 0 -1
    outer loop
      vertex -4.49792 11.9232 1.90735e-07
      vertex -13.4722 22.5635 1.90735e-07
      vertex -13.3259 22.6683 1.90735e-07
    endloop
  endfacet
  facet normal -0 0 -1
    outer loop
      vertex -4.75 -13.45 1.90735e-07
      vertex -14.6411 -22.1235 1.90735e-07
      vertex -4.73983 -13.1393 1.90735e-07
    endloop
  endfacet
  facet normal 0 0 -1
    outer loop
      vertex -4.49792 11.9232 1.90735e-07
      vertex -13.625 22.4684 1.90735e-07
      vertex -13.4722 22.5635 1.90735e-07
    endloop
  endfacet
  facet normal 0 0 -1
    outer loop
      vertex -14.8201 -22.1059 1.90735e-07
      vertex -4.73983 -13.1393 1.90735e-07
      vertex -14.6411 -22.1235 1.90735e-07
    endloop
  endfacet
  facet normal 0 0 -1
    outer loop
      vertex -4.49792 11.9232 1.90735e-07
      vertex -13.7837 22.3836 1.90735e-07
      vertex -13.625 22.4684 1.90735e-07
    endloop
  endfacet
  facet normal 0 0 -1
    outer loop
      vertex -15 -22.1 1.90735e-07
      vertex -4.73983 -13.1393 1.90735e-07
      vertex -14.8201 -22.1059 1.90735e-07
    endloop
  endfacet
  facet normal 0 0 -1
    outer loop
      vertex -4.49792 11.9232 1.90735e-07
      vertex -13.9476 22.3093 1.90735e-07
      vertex -13.7837 22.3836 1.90735e-07
    endloop
  endfacet
  facet normal -0 0 -1
    outer loop
      vertex -4.73983 -13.1393 1.90735e-07
      vertex -15 -22.1 1.90735e-07
      vertex -4.70936 -12.83 1.90735e-07
    endloop
  endfacet
  facet normal 0 0 -1
    outer loop
      vertex -4.49792 11.9232 1.90735e-07
      vertex -14.116 22.2459 1.90735e-07
      vertex -13.9476 22.3093 1.90735e-07
    endloop
  endfacet
  facet normal 0 0 -1
    outer loop
      vertex -15.1799 -22.1059 1.90735e-07
      vertex -4.70936 -12.83 1.90735e-07
      vertex -15 -22.1 1.90735e-07
    endloop
  endfacet
  facet normal 0 0 -1
    outer loop
      vertex -4.49792 11.9232 1.90735e-07
      vertex -14.2882 22.1937 1.90735e-07
      vertex -14.116 22.2459 1.90735e-07
    endloop
  endfacet
  facet normal -0 0 -1
    outer loop
      vertex -4.70936 -12.83 1.90735e-07
      vertex -15.1799 -22.1059 1.90735e-07
      vertex -4.65873 -12.5233 1.90735e-07
    endloop
  endfacet
  facet normal 0 0 -1
    outer loop
      vertex -4.49792 11.9232 1.90735e-07
      vertex -14.4635 22.1528 1.90735e-07
      vertex -14.2882 22.1937 1.90735e-07
    endloop
  endfacet
  facet normal 0 0 -1
    outer loop
      vertex -15.3589 -22.1235 1.90735e-07
      vertex -4.65873 -12.5233 1.90735e-07
      vertex -15.1799 -22.1059 1.90735e-07
    endloop
  endfacet
  facet normal 0 0 -1
    outer loop
      vertex -4.49792 11.9232 1.90735e-07
      vertex -14.6411 22.1235 1.90735e-07
      vertex -14.4635 22.1528 1.90735e-07
    endloop
  endfacet
  facet normal -0 0 -1
    outer loop
      vertex -4.65873 -12.5233 1.90735e-07
      vertex -15.3589 -22.1235 1.90735e-07
      vertex -4.58815 -12.2206 1.90735e-07
    endloop
  endfacet
  facet normal 0 0 -1
    outer loop
      vertex -4.49792 11.9232 1.90735e-07
      vertex -14.8201 22.1059 1.90735e-07
      vertex -14.6411 22.1235 1.90735e-07
    endloop
  endfacet
  facet normal 0 0 -1
    outer loop
      vertex -15.5365 -22.1528 1.90735e-07
      vertex -4.58815 -12.2206 1.90735e-07
      vertex -15.3589 -22.1235 1.90735e-07
    endloop
  endfacet
  facet normal 0 0 -1
    outer loop
      vertex -4.49792 11.9232 1.90735e-07
      vertex -15 22.1 1.90735e-07
      vertex -14.8201 22.1059 1.90735e-07
    endloop
  endfacet
  facet normal -0 0 -1
    outer loop
      vertex -4.58815 -12.2206 1.90735e-07
      vertex -15.5365 -22.1528 1.90735e-07
      vertex -4.49792 -11.9232 1.90735e-07
    endloop
  endfacet
  facet normal 0 0 -1
    outer loop
      vertex -4.49792 11.9232 1.90735e-07
      vertex -15.1799 22.1059 1.90735e-07
      vertex -15 22.1 1.90735e-07
    endloop
  endfacet
  facet normal 0 0 -1
    outer loop
      vertex -15.7118 -22.1937 1.90735e-07
      vertex -4.49792 -11.9232 1.90735e-07
      vertex -15.5365 -22.1528 1.90735e-07
    endloop
  endfacet
  facet normal 0 0 -1
    outer loop
      vertex -4.49792 11.9232 1.90735e-07
      vertex -15.3589 22.1235 1.90735e-07
      vertex -15.1799 22.1059 1.90735e-07
    endloop
  endfacet
  facet normal 0 0 -1
    outer loop
      vertex -15.884 -22.2459 1.90735e-07
      vertex -4.49792 -11.9232 1.90735e-07
      vertex -15.7118 -22.1937 1.90735e-07
    endloop
  endfacet
  facet normal 0 0 -1
    outer loop
      vertex -4.49792 11.9232 1.90735e-07
      vertex -15.5365 22.1528 1.90735e-07
      vertex -15.3589 22.1235 1.90735e-07
    endloop
  endfacet
  facet normal 0 0 -1
    outer loop
      vertex -16.0524 -22.3093 1.90735e-07
      vertex -4.49792 -11.9232 1.90735e-07
      vertex -15.884 -22.2459 1.90735e-07
    endloop
  endfacet
  facet normal 0 0 -1
    outer loop
      vertex -4.49792 11.9232 1.90735e-07
      vertex -15.7118 22.1937 1.90735e-07
      vertex -15.5365 22.1528 1.90735e-07
    endloop
  endfacet
  facet normal -0 0 -1
    outer loop
      vertex -4.49792 -11.9232 1.90735e-07
      vertex -16.0524 -22.3093 1.90735e-07
      vertex -4.49792 11.9232 1.90735e-07
    endloop
  endfacet
  facet normal 0 0 -1
    outer loop
      vertex -4.49792 11.9232 1.90735e-07
      vertex -15.884 22.2459 1.90735e-07
      vertex -15.7118 22.1937 1.90735e-07
    endloop
  endfacet
  facet normal 0 0 -1
    outer loop
      vertex -16.0524 22.3093 1.90735e-07
      vertex -4.49792 11.9232 1.90735e-07
      vertex -16.0524 -22.3093 1.90735e-07
    endloop
  endfacet
  facet normal 0 0 -1
    outer loop
      vertex -4.49792 11.9232 1.90735e-07
      vertex -16.0524 22.3093 1.90735e-07
      vertex -15.884 22.2459 1.90735e-07
    endloop
  endfacet
  facet normal 0 0 -1
    outer loop
      vertex -16.2163 -22.3836 1.90735e-07
      vertex -16.0524 22.3093 1.90735e-07
      vertex -16.0524 -22.3093 1.90735e-07
    endloop
  endfacet
  facet normal 0 0 -1
    outer loop
      vertex -16.2163 -22.3836 1.90735e-07
      vertex -16.2163 22.3836 1.90735e-07
      vertex -16.0524 22.3093 1.90735e-07
    endloop
  endfacet
  facet normal 0 0 -1
    outer loop
      vertex -16.375 -22.4684 1.90735e-07
      vertex -16.2163 22.3836 1.90735e-07
      vertex -16.2163 -22.3836 1.90735e-07
    endloop
  endfacet
  facet normal 0 0 -1
    outer loop
      vertex -16.375 -22.4684 1.90735e-07
      vertex -16.375 22.4684 1.90735e-07
      vertex -16.2163 22.3836 1.90735e-07
    endloop
  endfacet
  facet normal 0 0 -1
    outer loop
      vertex -16.5278 -22.5635 1.90735e-07
      vertex -16.375 22.4684 1.90735e-07
      vertex -16.375 -22.4684 1.90735e-07
    endloop
  endfacet
  facet normal 0 0 -1
    outer loop
      vertex -16.5278 -22.5635 1.90735e-07
      vertex -16.5278 22.5635 1.90735e-07
      vertex -16.375 22.4684 1.90735e-07
    endloop
  endfacet
  facet normal 0 0 -1
    outer loop
      vertex -16.6741 -22.6683 1.90735e-07
      vertex -16.5278 22.5635 1.90735e-07
      vertex -16.5278 -22.5635 1.90735e-07
    endloop
  endfacet
  facet normal 0 0 -1
    outer loop
      vertex -16.6741 -22.6683 1.90735e-07
      vertex -16.6741 22.6683 1.90735e-07
      vertex -16.5278 22.5635 1.90735e-07
    endloop
  endfacet
  facet normal 0 0 -1
    outer loop
      vertex -16.8132 -22.7824 1.90735e-07
      vertex -16.6741 22.6683 1.90735e-07
      vertex -16.6741 -22.6683 1.90735e-07
    endloop
  endfacet
  facet normal 0 0 -1
    outer loop
      vertex -16.8132 -22.7824 1.90735e-07
      vertex -16.8132 22.7824 1.90735e-07
      vertex -16.6741 22.6683 1.90735e-07
    endloop
  endfacet
  facet normal 0 0 -1
    outer loop
      vertex -16.9445 -22.9055 1.90735e-07
      vertex -16.8132 22.7824 1.90735e-07
      vertex -16.8132 -22.7824 1.90735e-07
    endloop
  endfacet
  facet normal 0 0 -1
    outer loop
      vertex -16.9445 -22.9055 1.90735e-07
      vertex -16.9445 22.9055 1.90735e-07
      vertex -16.8132 22.7824 1.90735e-07
    endloop
  endfacet
  facet normal 0 0 -1
    outer loop
      vertex -17.0676 -23.0368 1.90735e-07
      vertex -16.9445 22.9055 1.90735e-07
      vertex -16.9445 -22.9055 1.90735e-07
    endloop
  endfacet
  facet normal 0 0 -1
    outer loop
      vertex -17.0676 -23.0368 1.90735e-07
      vertex -17.0676 23.0368 1.90735e-07
      vertex -16.9445 22.9055 1.90735e-07
    endloop
  endfacet
  facet normal 0 0 -1
    outer loop
      vertex -17.1817 -23.1759 1.90735e-07
      vertex -17.0676 23.0368 1.90735e-07
      vertex -17.0676 -23.0368 1.90735e-07
    endloop
  endfacet
  facet normal 0 0 -1
    outer loop
      vertex -17.1817 -23.1759 1.90735e-07
      vertex -17.1817 23.1759 1.90735e-07
      vertex -17.0676 23.0368 1.90735e-07
    endloop
  endfacet
  facet normal 0 0 -1
    outer loop
      vertex -17.2865 -23.3222 1.90735e-07
      vertex -17.1817 23.1759 1.90735e-07
      vertex -17.1817 -23.1759 1.90735e-07
    endloop
  endfacet
  facet normal 0 0 -1
    outer loop
      vertex -17.2865 -23.3222 1.90735e-07
      vertex -17.2865 23.3222 1.90735e-07
      vertex -17.1817 23.1759 1.90735e-07
    endloop
  endfacet
  facet normal 0 0 -1
    outer loop
      vertex -17.3816 -23.475 1.90735e-07
      vertex -17.2865 23.3222 1.90735e-07
      vertex -17.2865 -23.3222 1.90735e-07
    endloop
  endfacet
  facet normal 0 0 -1
    outer loop
      vertex -17.3816 -23.475 1.90735e-07
      vertex -17.3816 23.475 1.90735e-07
      vertex -17.2865 23.3222 1.90735e-07
    endloop
  endfacet
  facet normal 0 0 -1
    outer loop
      vertex -17.4664 -23.6337 1.90735e-07
      vertex -17.3816 23.475 1.90735e-07
      vertex -17.3816 -23.475 1.90735e-07
    endloop
  endfacet
  facet normal 0 0 -1
    outer loop
      vertex -17.4664 -23.6337 1.90735e-07
      vertex -17.4664 23.6337 1.90735e-07
      vertex -17.3816 23.475 1.90735e-07
    endloop
  endfacet
  facet normal 0 0 -1
    outer loop
      vertex -17.5407 -23.7976 1.90735e-07
      vertex -17.4664 23.6337 1.90735e-07
      vertex -17.4664 -23.6337 1.90735e-07
    endloop
  endfacet
  facet normal 0 0 -1
    outer loop
      vertex -17.5407 -23.7976 1.90735e-07
      vertex -17.5407 23.7976 1.90735e-07
      vertex -17.4664 23.6337 1.90735e-07
    endloop
  endfacet
  facet normal 0 0 -1
    outer loop
      vertex -17.6041 -23.966 1.90735e-07
      vertex -17.5407 23.7976 1.90735e-07
      vertex -17.5407 -23.7976 1.90735e-07
    endloop
  endfacet
  facet normal 0 0 -1
    outer loop
      vertex -17.6041 -23.966 1.90735e-07
      vertex -17.6041 23.966 1.90735e-07
      vertex -17.5407 23.7976 1.90735e-07
    endloop
  endfacet
  facet normal 0 0 -1
    outer loop
      vertex -25 -40 1.90735e-07
      vertex -17.6041 -23.966 1.90735e-07
      vertex -17.6563 -24.1382 1.90735e-07
    endloop
  endfacet
  facet normal -0 0 -1
    outer loop
      vertex -17.6041 -23.966 1.90735e-07
      vertex -25 -40 1.90735e-07
      vertex -17.6041 23.966 1.90735e-07
    endloop
  endfacet
  facet normal 0 0 -1
    outer loop
      vertex -25 -40 1.90735e-07
      vertex -17.6563 -24.1382 1.90735e-07
      vertex -17.6972 -24.3135 1.90735e-07
    endloop
  endfacet
  facet normal 0 0 -1
    outer loop
      vertex -25 40 1.90735e-07
      vertex -17.6041 23.966 1.90735e-07
      vertex -25 -40 1.90735e-07
    endloop
  endfacet
  facet normal 0 0 -1
    outer loop
      vertex -25 -40 1.90735e-07
      vertex -17.6972 -24.3135 1.90735e-07
      vertex -17.7265 -24.4911 1.90735e-07
    endloop
  endfacet
  facet normal 0 0 -1
    outer loop
      vertex -17.6041 23.966 1.90735e-07
      vertex -25 40 1.90735e-07
      vertex -17.6563 24.1382 1.90735e-07
    endloop
  endfacet
  facet normal 0 0 -1
    outer loop
      vertex -25 -40 1.90735e-07
      vertex -17.7265 -24.4911 1.90735e-07
      vertex -17.7441 -24.6701 1.90735e-07
    endloop
  endfacet
  facet normal 0 0 -1
    outer loop
      vertex -17.6563 24.1382 1.90735e-07
      vertex -25 40 1.90735e-07
      vertex -17.6972 24.3135 1.90735e-07
    endloop
  endfacet
  facet normal 0 0 -1
    outer loop
      vertex -25 -40 1.90735e-07
      vertex -17.7441 -24.6701 1.90735e-07
      vertex -17.75 -24.85 1.90735e-07
    endloop
  endfacet
  facet normal 0 0 -1
    outer loop
      vertex -17.6972 24.3135 1.90735e-07
      vertex -25 40 1.90735e-07
      vertex -17.7265 24.4911 1.90735e-07
    endloop
  endfacet
  facet normal 0 0 -1
    outer loop
      vertex 4.38843 -11.6323 1.90735e-07
      vertex 15.7118 -22.1937 1.90735e-07
      vertex 4.49792 -11.9232 1.90735e-07
    endloop
  endfacet
  facet normal 0 0 -1
    outer loop
      vertex 15.884 22.2459 1.90735e-07
      vertex 4.73983 13.1393 1.90735e-07
      vertex 4.75 13.45 1.90735e-07
    endloop
  endfacet
  facet normal 0 0 -1
    outer loop
      vertex 15.7118 -22.1937 1.90735e-07
      vertex 4.38843 -11.6323 1.90735e-07
      vertex 15.884 -22.2459 1.90735e-07
    endloop
  endfacet
  facet normal 0 0 -1
    outer loop
      vertex 15.884 22.2459 1.90735e-07
      vertex 4.70936 12.83 1.90735e-07
      vertex 4.73983 13.1393 1.90735e-07
    endloop
  endfacet
  facet normal 0 0 -1
    outer loop
      vertex 4.26015 -11.3491 1.90735e-07
      vertex 15.884 -22.2459 1.90735e-07
      vertex 4.38843 -11.6323 1.90735e-07
    endloop
  endfacet
  facet normal 0 0 -1
    outer loop
      vertex 15.884 22.2459 1.90735e-07
      vertex 4.65873 12.5233 1.90735e-07
      vertex 4.70936 12.83 1.90735e-07
    endloop
  endfacet
  facet normal 0 0 -1
    outer loop
      vertex 15.884 -22.2459 1.90735e-07
      vertex 4.26015 -11.3491 1.90735e-07
      vertex 16.0524 -22.3093 1.90735e-07
    endloop
  endfacet
  facet normal 0 0 -1
    outer loop
      vertex 15.884 22.2459 1.90735e-07
      vertex 4.58815 12.2206 1.90735e-07
      vertex 4.65873 12.5233 1.90735e-07
    endloop
  endfacet
  facet normal 0 0 -1
    outer loop
      vertex 16.0524 -22.3093 1.90735e-07
      vertex 4.26015 -11.3491 1.90735e-07
      vertex 16.0524 22.3093 1.90735e-07
    endloop
  endfacet
  facet normal 0 0 -1
    outer loop
      vertex 15.884 22.2459 1.90735e-07
      vertex 4.49792 11.9232 1.90735e-07
      vertex 4.58815 12.2206 1.90735e-07
    endloop
  endfacet
  facet normal 0 0 -1
    outer loop
      vertex 4.26015 11.3491 1.90735e-07
      vertex 16.0524 22.3093 1.90735e-07
      vertex 4.26015 -11.3491 1.90735e-07
    endloop
  endfacet
  facet normal 0 0 -1
    outer loop
      vertex 15.884 22.2459 1.90735e-07
      vertex 4.38843 11.6323 1.90735e-07
      vertex 4.49792 11.9232 1.90735e-07
    endloop
  endfacet
  facet normal 0 0 -1
    outer loop
      vertex 16.0524 22.3093 1.90735e-07
      vertex 4.26015 11.3491 1.90735e-07
      vertex 15.884 22.2459 1.90735e-07
    endloop
  endfacet
  facet normal 0 0 -1
    outer loop
      vertex 15.884 22.2459 1.90735e-07
      vertex 4.26015 11.3491 1.90735e-07
      vertex 4.38843 11.6323 1.90735e-07
    endloop
  endfacet
  facet normal 0 0 -1
    outer loop
      vertex 4.11362 -11.075 1.90735e-07
      vertex 4.26015 11.3491 1.90735e-07
      vertex 4.26015 -11.3491 1.90735e-07
    endloop
  endfacet
  facet normal 0 0 -1
    outer loop
      vertex 4.11362 -11.075 1.90735e-07
      vertex 4.11362 11.075 1.90735e-07
      vertex 4.26015 11.3491 1.90735e-07
    endloop
  endfacet
  facet normal 0 0 -1
    outer loop
      vertex 3.94948 -10.811 1.90735e-07
      vertex 4.11362 11.075 1.90735e-07
      vertex 4.11362 -11.075 1.90735e-07
    endloop
  endfacet
  facet normal 0 0 -1
    outer loop
      vertex 3.94948 -10.811 1.90735e-07
      vertex 3.94948 10.811 1.90735e-07
      vertex 4.11362 11.075 1.90735e-07
    endloop
  endfacet
  facet normal 0 0 -1
    outer loop
      vertex 3.76843 -10.5584 1.90735e-07
      vertex 3.94948 10.811 1.90735e-07
      vertex 3.94948 -10.811 1.90735e-07
    endloop
  endfacet
  facet normal 0 0 -1
    outer loop
      vertex 3.76843 -10.5584 1.90735e-07
      vertex 3.76843 10.5584 1.90735e-07
      vertex 3.94948 10.811 1.90735e-07
    endloop
  endfacet
  facet normal 0 0 -1
    outer loop
      vertex 3.57124 -10.3181 1.90735e-07
      vertex 3.76843 10.5584 1.90735e-07
      vertex 3.76843 -10.5584 1.90735e-07
    endloop
  endfacet
  facet normal 0 0 -1
    outer loop
      vertex 3.57124 -10.3181 1.90735e-07
      vertex 3.57124 10.3181 1.90735e-07
      vertex 3.76843 10.5584 1.90735e-07
    endloop
  endfacet
  facet normal 0 0 -1
    outer loop
      vertex 3.35876 -10.0912 1.90735e-07
      vertex 3.57124 10.3181 1.90735e-07
      vertex 3.57124 -10.3181 1.90735e-07
    endloop
  endfacet
  facet normal 0 0 -1
    outer loop
      vertex 3.35876 -10.0912 1.90735e-07
      vertex 3.35876 10.0912 1.90735e-07
      vertex 3.57124 10.3181 1.90735e-07
    endloop
  endfacet
  facet normal 0 0 -1
    outer loop
      vertex 3.13189 -9.87876 1.90735e-07
      vertex 3.35876 10.0912 1.90735e-07
      vertex 3.35876 -10.0912 1.90735e-07
    endloop
  endfacet
  facet normal 0 0 -1
    outer loop
      vertex 3.13189 -9.87876 1.90735e-07
      vertex 3.13189 9.87876 1.90735e-07
      vertex 3.35876 10.0912 1.90735e-07
    endloop
  endfacet
  facet normal 0 0 -1
    outer loop
      vertex 2.89162 -9.68157 1.90735e-07
      vertex 3.13189 9.87876 1.90735e-07
      vertex 3.13189 -9.87876 1.90735e-07
    endloop
  endfacet
  facet normal 0 0 -1
    outer loop
      vertex 2.89162 -9.68157 1.90735e-07
      vertex 2.89162 9.68157 1.90735e-07
      vertex 3.13189 9.87876 1.90735e-07
    endloop
  endfacet
  facet normal 0 0 -1
    outer loop
      vertex 2.63896 -9.50052 1.90735e-07
      vertex 2.89162 9.68157 1.90735e-07
      vertex 2.89162 -9.68157 1.90735e-07
    endloop
  endfacet
  facet normal 0 0 -1
    outer loop
      vertex 2.63896 -9.50052 1.90735e-07
      vertex 2.63896 9.50052 1.90735e-07
      vertex 2.89162 9.68157 1.90735e-07
    endloop
  endfacet
  facet normal 0 0 -1
    outer loop
      vertex 2.375 -9.33638 1.90735e-07
      vertex 2.63896 9.50052 1.90735e-07
      vertex 2.63896 -9.50052 1.90735e-07
    endloop
  endfacet
  facet normal 0 0 -1
    outer loop
      vertex 2.375 -9.33638 1.90735e-07
      vertex 2.375 9.33638 1.90735e-07
      vertex 2.63896 9.50052 1.90735e-07
    endloop
  endfacet
  facet normal 0 0 -1
    outer loop
      vertex 2.10087 -9.18985 1.90735e-07
      vertex 2.375 9.33638 1.90735e-07
      vertex 2.375 -9.33638 1.90735e-07
    endloop
  endfacet
  facet normal 0 0 -1
    outer loop
      vertex 2.10087 -9.18985 1.90735e-07
      vertex 2.10087 9.18985 1.90735e-07
      vertex 2.375 9.33638 1.90735e-07
    endloop
  endfacet
  facet normal 0 0 -1
    outer loop
      vertex 1.81775 -9.06157 1.90735e-07
      vertex 2.10087 9.18985 1.90735e-07
      vertex 2.10087 -9.18985 1.90735e-07
    endloop
  endfacet
  facet normal 0 0 -1
    outer loop
      vertex 1.81775 -9.06157 1.90735e-07
      vertex 1.81775 9.06157 1.90735e-07
      vertex 2.10087 9.18985 1.90735e-07
    endloop
  endfacet
  facet normal 0 0 -1
    outer loop
      vertex 1.52684 -8.95208 1.90735e-07
      vertex 1.81775 9.06157 1.90735e-07
      vertex 1.81775 -9.06157 1.90735e-07
    endloop
  endfacet
  facet normal 0 0 -1
    outer loop
      vertex 1.52684 -8.95208 1.90735e-07
      vertex 1.52684 8.95208 1.90735e-07
      vertex 1.81775 9.06157 1.90735e-07
    endloop
  endfacet
  facet normal 0 0 -1
    outer loop
      vertex 1.22939 -8.86185 1.90735e-07
      vertex 1.52684 8.95208 1.90735e-07
      vertex 1.52684 -8.95208 1.90735e-07
    endloop
  endfacet
  facet normal 0 0 -1
    outer loop
      vertex 1.22939 -8.86185 1.90735e-07
      vertex 1.22939 8.86185 1.90735e-07
      vertex 1.52684 8.95208 1.90735e-07
    endloop
  endfacet
  facet normal 0 0 -1
    outer loop
      vertex 0.926679 -8.79127 1.90735e-07
      vertex 1.22939 8.86185 1.90735e-07
      vertex 1.22939 -8.86185 1.90735e-07
    endloop
  endfacet
  facet normal 0 0 -1
    outer loop
      vertex 0.926679 -8.79127 1.90735e-07
      vertex 0.926679 8.79127 1.90735e-07
      vertex 1.22939 8.86185 1.90735e-07
    endloop
  endfacet
  facet normal 0 0 -1
    outer loop
      vertex 0.619999 -8.74064 1.90735e-07
      vertex 0.926679 8.79127 1.90735e-07
      vertex 0.926679 -8.79127 1.90735e-07
    endloop
  endfacet
  facet normal 0 0 -1
    outer loop
      vertex 0.619999 -8.74064 1.90735e-07
      vertex 0.619999 8.74064 1.90735e-07
      vertex 0.926679 8.79127 1.90735e-07
    endloop
  endfacet
  facet normal 0 0 -1
    outer loop
      vertex 0.310664 -8.71017 1.90735e-07
      vertex 0.619999 8.74064 1.90735e-07
      vertex 0.619999 -8.74064 1.90735e-07
    endloop
  endfacet
  facet normal 0 0 -1
    outer loop
      vertex 0.310664 -8.71017 1.90735e-07
      vertex 0.310664 8.71017 1.90735e-07
      vertex 0.619999 8.74064 1.90735e-07
    endloop
  endfacet
  facet normal 0 0 -1
    outer loop
      vertex 0 -8.7 1.90735e-07
      vertex 0.310664 8.71017 1.90735e-07
      vertex 0.310664 -8.71017 1.90735e-07
    endloop
  endfacet
  facet normal 0 0 -1
    outer loop
      vertex 0 -8.7 1.90735e-07
      vertex 0 8.7 1.90735e-07
      vertex 0.310664 8.71017 1.90735e-07
    endloop
  endfacet
  facet normal 0 0 -1
    outer loop
      vertex -0.310664 -8.71017 1.90735e-07
      vertex 0 8.7 1.90735e-07
      vertex 0 -8.7 1.90735e-07
    endloop
  endfacet
  facet normal 0 0 -1
    outer loop
      vertex -0.310664 -8.71017 1.90735e-07
      vertex -0.310664 8.71017 1.90735e-07
      vertex 0 8.7 1.90735e-07
    endloop
  endfacet
  facet normal 0 0 -1
    outer loop
      vertex -0.619999 -8.74064 1.90735e-07
      vertex -0.310664 8.71017 1.90735e-07
      vertex -0.310664 -8.71017 1.90735e-07
    endloop
  endfacet
  facet normal 0 0 -1
    outer loop
      vertex -0.619999 -8.74064 1.90735e-07
      vertex -0.619999 8.74064 1.90735e-07
      vertex -0.310664 8.71017 1.90735e-07
    endloop
  endfacet
  facet normal 0 0 -1
    outer loop
      vertex -0.926679 -8.79127 1.90735e-07
      vertex -0.619999 8.74064 1.90735e-07
      vertex -0.619999 -8.74064 1.90735e-07
    endloop
  endfacet
  facet normal 0 0 -1
    outer loop
      vertex -0.926679 -8.79127 1.90735e-07
      vertex -0.926679 8.79127 1.90735e-07
      vertex -0.619999 8.74064 1.90735e-07
    endloop
  endfacet
  facet normal 0 0 -1
    outer loop
      vertex -1.22939 -8.86185 1.90735e-07
      vertex -0.926679 8.79127 1.90735e-07
      vertex -0.926679 -8.79127 1.90735e-07
    endloop
  endfacet
  facet normal 0 0 -1
    outer loop
      vertex -1.22939 -8.86185 1.90735e-07
      vertex -1.22939 8.86185 1.90735e-07
      vertex -0.926679 8.79127 1.90735e-07
    endloop
  endfacet
  facet normal 0 0 -1
    outer loop
      vertex -1.52684 -8.95208 1.90735e-07
      vertex -1.22939 8.86185 1.90735e-07
      vertex -1.22939 -8.86185 1.90735e-07
    endloop
  endfacet
  facet normal 0 0 -1
    outer loop
      vertex -1.52684 -8.95208 1.90735e-07
      vertex -1.52684 8.95208 1.90735e-07
      vertex -1.22939 8.86185 1.90735e-07
    endloop
  endfacet
  facet normal 0 0 -1
    outer loop
      vertex -1.81775 -9.06157 1.90735e-07
      vertex -1.52684 8.95208 1.90735e-07
      vertex -1.52684 -8.95208 1.90735e-07
    endloop
  endfacet
  facet normal 0 0 -1
    outer loop
      vertex -1.81775 -9.06157 1.90735e-07
      vertex -1.81775 9.06157 1.90735e-07
      vertex -1.52684 8.95208 1.90735e-07
    endloop
  endfacet
  facet normal 0 0 -1
    outer loop
      vertex -2.10087 -9.18985 1.90735e-07
      vertex -1.81775 9.06157 1.90735e-07
      vertex -1.81775 -9.06157 1.90735e-07
    endloop
  endfacet
  facet normal 0 0 -1
    outer loop
      vertex -2.10087 -9.18985 1.90735e-07
      vertex -2.10087 9.18985 1.90735e-07
      vertex -1.81775 9.06157 1.90735e-07
    endloop
  endfacet
  facet normal 0 0 -1
    outer loop
      vertex -2.375 -9.33638 1.90735e-07
      vertex -2.10087 9.18985 1.90735e-07
      vertex -2.10087 -9.18985 1.90735e-07
    endloop
  endfacet
  facet normal 0 0 -1
    outer loop
      vertex -2.375 -9.33638 1.90735e-07
      vertex -2.375 9.33638 1.90735e-07
      vertex -2.10087 9.18985 1.90735e-07
    endloop
  endfacet
  facet normal 0 0 -1
    outer loop
      vertex -2.63896 -9.50052 1.90735e-07
      vertex -2.375 9.33638 1.90735e-07
      vertex -2.375 -9.33638 1.90735e-07
    endloop
  endfacet
  facet normal 0 0 -1
    outer loop
      vertex -2.63896 -9.50052 1.90735e-07
      vertex -2.63896 9.50052 1.90735e-07
      vertex -2.375 9.33638 1.90735e-07
    endloop
  endfacet
  facet normal 0 0 -1
    outer loop
      vertex -2.89162 -9.68157 1.90735e-07
      vertex -2.63896 9.50052 1.90735e-07
      vertex -2.63896 -9.50052 1.90735e-07
    endloop
  endfacet
  facet normal 0 0 -1
    outer loop
      vertex -2.89162 -9.68157 1.90735e-07
      vertex -2.89162 9.68157 1.90735e-07
      vertex -2.63896 9.50052 1.90735e-07
    endloop
  endfacet
  facet normal 0 0 -1
    outer loop
      vertex -3.13189 -9.87876 1.90735e-07
      vertex -2.89162 9.68157 1.90735e-07
      vertex -2.89162 -9.68157 1.90735e-07
    endloop
  endfacet
  facet normal 0 0 -1
    outer loop
      vertex -3.13189 -9.87876 1.90735e-07
      vertex -3.13189 9.87876 1.90735e-07
      vertex -2.89162 9.68157 1.90735e-07
    endloop
  endfacet
  facet normal 0 0 -1
    outer loop
      vertex -3.35876 -10.0912 1.90735e-07
      vertex -3.13189 9.87876 1.90735e-07
      vertex -3.13189 -9.87876 1.90735e-07
    endloop
  endfacet
  facet normal 0 0 -1
    outer loop
      vertex -3.35876 -10.0912 1.90735e-07
      vertex -3.35876 10.0912 1.90735e-07
      vertex -3.13189 9.87876 1.90735e-07
    endloop
  endfacet
  facet normal 0 0 -1
    outer loop
      vertex -3.57124 -10.3181 1.90735e-07
      vertex -3.35876 10.0912 1.90735e-07
      vertex -3.35876 -10.0912 1.90735e-07
    endloop
  endfacet
  facet normal 0 0 -1
    outer loop
      vertex -3.57124 -10.3181 1.90735e-07
      vertex -3.57124 10.3181 1.90735e-07
      vertex -3.35876 10.0912 1.90735e-07
    endloop
  endfacet
  facet normal 0 0 -1
    outer loop
      vertex -3.76843 -10.5584 1.90735e-07
      vertex -3.57124 10.3181 1.90735e-07
      vertex -3.57124 -10.3181 1.90735e-07
    endloop
  endfacet
  facet normal 0 0 -1
    outer loop
      vertex -3.76843 -10.5584 1.90735e-07
      vertex -3.76843 10.5584 1.90735e-07
      vertex -3.57124 10.3181 1.90735e-07
    endloop
  endfacet
  facet normal 0 0 -1
    outer loop
      vertex -3.94948 -10.811 1.90735e-07
      vertex -3.76843 10.5584 1.90735e-07
      vertex -3.76843 -10.5584 1.90735e-07
    endloop
  endfacet
  facet normal 0 0 -1
    outer loop
      vertex -3.94948 -10.811 1.90735e-07
      vertex -3.94948 10.811 1.90735e-07
      vertex -3.76843 10.5584 1.90735e-07
    endloop
  endfacet
  facet normal 0 0 -1
    outer loop
      vertex -4.11362 -11.075 1.90735e-07
      vertex -3.94948 10.811 1.90735e-07
      vertex -3.94948 -10.811 1.90735e-07
    endloop
  endfacet
  facet normal 0 0 -1
    outer loop
      vertex -4.11362 -11.075 1.90735e-07
      vertex -4.11362 11.075 1.90735e-07
      vertex -3.94948 10.811 1.90735e-07
    endloop
  endfacet
  facet normal 0 0 -1
    outer loop
      vertex -4.26015 -11.3491 1.90735e-07
      vertex -4.11362 11.075 1.90735e-07
      vertex -4.11362 -11.075 1.90735e-07
    endloop
  endfacet
  facet normal 0 0 -1
    outer loop
      vertex -4.26015 -11.3491 1.90735e-07
      vertex -4.26015 11.3491 1.90735e-07
      vertex -4.11362 11.075 1.90735e-07
    endloop
  endfacet
  facet normal 0 0 -1
    outer loop
      vertex -4.38843 -11.6323 1.90735e-07
      vertex -4.26015 11.3491 1.90735e-07
      vertex -4.26015 -11.3491 1.90735e-07
    endloop
  endfacet
  facet normal 0 0 -1
    outer loop
      vertex -4.38843 -11.6323 1.90735e-07
      vertex -4.38843 11.6323 1.90735e-07
      vertex -4.26015 11.3491 1.90735e-07
    endloop
  endfacet
  facet normal 0 0 -1
    outer loop
      vertex -4.49792 -11.9232 1.90735e-07
      vertex -4.38843 11.6323 1.90735e-07
      vertex -4.38843 -11.6323 1.90735e-07
    endloop
  endfacet
  facet normal 0 0 -1
    outer loop
      vertex -4.49792 -11.9232 1.90735e-07
      vertex -4.49792 11.9232 1.90735e-07
      vertex -4.38843 11.6323 1.90735e-07
    endloop
  endfacet
  facet normal 0 0 -1
    outer loop
      vertex -13.1868 -22.7824 1.90735e-07
      vertex -4.11362 -15.825 1.90735e-07
      vertex -13.0555 -22.9055 1.90735e-07
    endloop
  endfacet
  facet normal -0 0 -1
    outer loop
      vertex -4.11362 -15.825 1.90735e-07
      vertex -13.1868 -22.7824 1.90735e-07
      vertex -4.26015 -15.5509 1.90735e-07
    endloop
  endfacet
  facet normal -0 0 -1
    outer loop
      vertex -3.94948 -16.089 1.90735e-07
      vertex -13.0555 -22.9055 1.90735e-07
      vertex -4.11362 -15.825 1.90735e-07
    endloop
  endfacet
  facet normal 0 0 -1
    outer loop
      vertex -13.3259 -22.6683 1.90735e-07
      vertex -4.26015 -15.5509 1.90735e-07
      vertex -13.1868 -22.7824 1.90735e-07
    endloop
  endfacet
  facet normal 0 0 -1
    outer loop
      vertex -13.0555 -22.9055 1.90735e-07
      vertex -3.94948 -16.089 1.90735e-07
      vertex -12.9324 -23.0368 1.90735e-07
    endloop
  endfacet
  facet normal 0 0 -1
    outer loop
      vertex -4.49792 11.9232 1.90735e-07
      vertex -12.25 24.85 1.90735e-07
      vertex -4.58815 12.2206 1.90735e-07
    endloop
  endfacet
  facet normal 0 0 -1
    outer loop
      vertex -12.9324 -23.0368 1.90735e-07
      vertex -3.94948 -16.089 1.90735e-07
      vertex -12.8183 -23.1759 1.90735e-07
    endloop
  endfacet
  facet normal 0 0 -1
    outer loop
      vertex -4.58815 12.2206 1.90735e-07
      vertex -12.25 24.85 1.90735e-07
      vertex -4.65873 12.5233 1.90735e-07
    endloop
  endfacet
  facet normal -0 0 -1
    outer loop
      vertex -3.76843 -16.3416 1.90735e-07
      vertex -12.8183 -23.1759 1.90735e-07
      vertex -3.94948 -16.089 1.90735e-07
    endloop
  endfacet
  facet normal 0 0 -1
    outer loop
      vertex -4.65873 12.5233 1.90735e-07
      vertex -12.25 24.85 1.90735e-07
      vertex -4.70936 12.83 1.90735e-07
    endloop
  endfacet
  facet normal 0 0 -1
    outer loop
      vertex 17.6972 -24.3135 1.90735e-07
      vertex 25 -40 1.90735e-07
      vertex 17.7265 -24.4911 1.90735e-07
    endloop
  endfacet
  facet normal 0 0 -1
    outer loop
      vertex 25 40 1.90735e-07
      vertex 17.7441 24.6701 1.90735e-07
      vertex 17.75 24.85 1.90735e-07
    endloop
  endfacet
  facet normal 0 0 -1
    outer loop
      vertex 17.6563 -24.1382 1.90735e-07
      vertex 25 -40 1.90735e-07
      vertex 17.6972 -24.3135 1.90735e-07
    endloop
  endfacet
  facet normal 0 0 -1
    outer loop
      vertex 25 40 1.90735e-07
      vertex 17.7265 24.4911 1.90735e-07
      vertex 17.7441 24.6701 1.90735e-07
    endloop
  endfacet
  facet normal 0 0 -1
    outer loop
      vertex 17.6041 -23.966 1.90735e-07
      vertex 25 -40 1.90735e-07
      vertex 17.6563 -24.1382 1.90735e-07
    endloop
  endfacet
  facet normal 0 0 -1
    outer loop
      vertex 25 40 1.90735e-07
      vertex 17.6972 24.3135 1.90735e-07
      vertex 17.7265 24.4911 1.90735e-07
    endloop
  endfacet
  facet normal 0 0 -1
    outer loop
      vertex 25 -40 1.90735e-07
      vertex 17.6041 -23.966 1.90735e-07
      vertex 25 40 1.90735e-07
    endloop
  endfacet
  facet normal 0 0 -1
    outer loop
      vertex 25 40 1.90735e-07
      vertex 17.6563 24.1382 1.90735e-07
      vertex 17.6972 24.3135 1.90735e-07
    endloop
  endfacet
  facet normal 0 0 -1
    outer loop
      vertex 17.6041 23.966 1.90735e-07
      vertex 25 40 1.90735e-07
      vertex 17.6041 -23.966 1.90735e-07
    endloop
  endfacet
  facet normal 0 0 -1
    outer loop
      vertex 25 40 1.90735e-07
      vertex 17.6041 23.966 1.90735e-07
      vertex 17.6563 24.1382 1.90735e-07
    endloop
  endfacet
  facet normal 0 0 -1
    outer loop
      vertex 17.5407 -23.7976 1.90735e-07
      vertex 17.6041 23.966 1.90735e-07
      vertex 17.6041 -23.966 1.90735e-07
    endloop
  endfacet
  facet normal 0 0 -1
    outer loop
      vertex 17.5407 -23.7976 1.90735e-07
      vertex 17.5407 23.7976 1.90735e-07
      vertex 17.6041 23.966 1.90735e-07
    endloop
  endfacet
  facet normal 0 0 -1
    outer loop
      vertex 17.4664 -23.6337 1.90735e-07
      vertex 17.5407 23.7976 1.90735e-07
      vertex 17.5407 -23.7976 1.90735e-07
    endloop
  endfacet
  facet normal 0 0 -1
    outer loop
      vertex 17.4664 -23.6337 1.90735e-07
      vertex 17.4664 23.6337 1.90735e-07
      vertex 17.5407 23.7976 1.90735e-07
    endloop
  endfacet
  facet normal 0 0 -1
    outer loop
      vertex 17.3816 -23.475 1.90735e-07
      vertex 17.4664 23.6337 1.90735e-07
      vertex 17.4664 -23.6337 1.90735e-07
    endloop
  endfacet
  facet normal 0 0 -1
    outer loop
      vertex 17.3816 -23.475 1.90735e-07
      vertex 17.3816 23.475 1.90735e-07
      vertex 17.4664 23.6337 1.90735e-07
    endloop
  endfacet
  facet normal 0 0 -1
    outer loop
      vertex 17.2865 -23.3222 1.90735e-07
      vertex 17.3816 23.475 1.90735e-07
      vertex 17.3816 -23.475 1.90735e-07
    endloop
  endfacet
  facet normal 0 0 -1
    outer loop
      vertex 17.2865 -23.3222 1.90735e-07
      vertex 17.2865 23.3222 1.90735e-07
      vertex 17.3816 23.475 1.90735e-07
    endloop
  endfacet
  facet normal 0 0 -1
    outer loop
      vertex 17.1817 -23.1759 1.90735e-07
      vertex 17.2865 23.3222 1.90735e-07
      vertex 17.2865 -23.3222 1.90735e-07
    endloop
  endfacet
  facet normal 0 0 -1
    outer loop
      vertex 17.1817 -23.1759 1.90735e-07
      vertex 17.1817 23.1759 1.90735e-07
      vertex 17.2865 23.3222 1.90735e-07
    endloop
  endfacet
  facet normal 0 0 -1
    outer loop
      vertex 17.0676 -23.0368 1.90735e-07
      vertex 17.1817 23.1759 1.90735e-07
      vertex 17.1817 -23.1759 1.90735e-07
    endloop
  endfacet
  facet normal 0 0 -1
    outer loop
      vertex 17.0676 -23.0368 1.90735e-07
      vertex 17.0676 23.0368 1.90735e-07
      vertex 17.1817 23.1759 1.90735e-07
    endloop
  endfacet
  facet normal 0 0 -1
    outer loop
      vertex 16.9445 -22.9055 1.90735e-07
      vertex 17.0676 23.0368 1.90735e-07
      vertex 17.0676 -23.0368 1.90735e-07
    endloop
  endfacet
  facet normal 0 0 -1
    outer loop
      vertex 16.9445 -22.9055 1.90735e-07
      vertex 16.9445 22.9055 1.90735e-07
      vertex 17.0676 23.0368 1.90735e-07
    endloop
  endfacet
  facet normal 0 0 -1
    outer loop
      vertex 16.8132 -22.7824 1.90735e-07
      vertex 16.9445 22.9055 1.90735e-07
      vertex 16.9445 -22.9055 1.90735e-07
    endloop
  endfacet
  facet normal 0 0 -1
    outer loop
      vertex 16.8132 -22.7824 1.90735e-07
      vertex 16.8132 22.7824 1.90735e-07
      vertex 16.9445 22.9055 1.90735e-07
    endloop
  endfacet
  facet normal 0 0 -1
    outer loop
      vertex 16.6741 -22.6683 1.90735e-07
      vertex 16.8132 22.7824 1.90735e-07
      vertex 16.8132 -22.7824 1.90735e-07
    endloop
  endfacet
  facet normal 0 0 -1
    outer loop
      vertex 16.6741 -22.6683 1.90735e-07
      vertex 16.6741 22.6683 1.90735e-07
      vertex 16.8132 22.7824 1.90735e-07
    endloop
  endfacet
  facet normal 0 0 -1
    outer loop
      vertex 16.5278 -22.5635 1.90735e-07
      vertex 16.6741 22.6683 1.90735e-07
      vertex 16.6741 -22.6683 1.90735e-07
    endloop
  endfacet
  facet normal 0 0 -1
    outer loop
      vertex 16.5278 -22.5635 1.90735e-07
      vertex 16.5278 22.5635 1.90735e-07
      vertex 16.6741 22.6683 1.90735e-07
    endloop
  endfacet
  facet normal 0 0 -1
    outer loop
      vertex 16.375 -22.4684 1.90735e-07
      vertex 16.5278 22.5635 1.90735e-07
      vertex 16.5278 -22.5635 1.90735e-07
    endloop
  endfacet
  facet normal 0 0 -1
    outer loop
      vertex 16.375 -22.4684 1.90735e-07
      vertex 16.375 22.4684 1.90735e-07
      vertex 16.5278 22.5635 1.90735e-07
    endloop
  endfacet
  facet normal 0 0 -1
    outer loop
      vertex 16.2163 -22.3836 1.90735e-07
      vertex 16.375 22.4684 1.90735e-07
      vertex 16.375 -22.4684 1.90735e-07
    endloop
  endfacet
  facet normal 0 0 -1
    outer loop
      vertex 16.2163 -22.3836 1.90735e-07
      vertex 16.2163 22.3836 1.90735e-07
      vertex 16.375 22.4684 1.90735e-07
    endloop
  endfacet
  facet normal 0 0 -1
    outer loop
      vertex 16.0524 -22.3093 1.90735e-07
      vertex 16.2163 22.3836 1.90735e-07
      vertex 16.2163 -22.3836 1.90735e-07
    endloop
  endfacet
  facet normal 0 0 -1
    outer loop
      vertex 16.0524 -22.3093 1.90735e-07
      vertex 16.0524 22.3093 1.90735e-07
      vertex 16.2163 22.3836 1.90735e-07
    endloop
  endfacet
  facet normal 0 0 -1
    outer loop
      vertex 15.3589 -22.1235 1.90735e-07
      vertex 4.58815 -12.2206 1.90735e-07
      vertex 15.5365 -22.1528 1.90735e-07
    endloop
  endfacet
  facet normal 0 0 -1
    outer loop
      vertex 4.49792 -11.9232 1.90735e-07
      vertex 15.5365 -22.1528 1.90735e-07
      vertex 4.58815 -12.2206 1.90735e-07
    endloop
  endfacet
  facet normal 0 0 -1
    outer loop
      vertex 15.1799 -22.1059 1.90735e-07
      vertex 4.65873 -12.5233 1.90735e-07
      vertex 15.3589 -22.1235 1.90735e-07
    endloop
  endfacet
  facet normal 0 0 -1
    outer loop
      vertex 4.58815 -12.2206 1.90735e-07
      vertex 15.3589 -22.1235 1.90735e-07
      vertex 4.65873 -12.5233 1.90735e-07
    endloop
  endfacet
  facet normal 0 0 -1
    outer loop
      vertex 4.65873 -12.5233 1.90735e-07
      vertex 15.1799 -22.1059 1.90735e-07
      vertex 4.70936 -12.83 1.90735e-07
    endloop
  endfacet
  facet normal 0 0 -1
    outer loop
      vertex 15.5365 -22.1528 1.90735e-07
      vertex 4.49792 -11.9232 1.90735e-07
      vertex 15.7118 -22.1937 1.90735e-07
    endloop
  endfacet
  facet normal 0 0 -1
    outer loop
      vertex 15 -22.1 1.90735e-07
      vertex 4.70936 -12.83 1.90735e-07
      vertex 15.1799 -22.1059 1.90735e-07
    endloop
  endfacet
  facet normal 0 0 -1
    outer loop
      vertex 15.884 22.2459 1.90735e-07
      vertex 4.75 13.45 1.90735e-07
      vertex 15.7118 22.1937 1.90735e-07
    endloop
  endfacet
  facet normal 0 0 -1
    outer loop
      vertex 4.70936 -12.83 1.90735e-07
      vertex 15 -22.1 1.90735e-07
      vertex 4.73983 -13.1393 1.90735e-07
    endloop
  endfacet
  facet normal 0 0 -1
    outer loop
      vertex 15.7118 22.1937 1.90735e-07
      vertex 4.75 13.45 1.90735e-07
      vertex 15.5365 22.1528 1.90735e-07
    endloop
  endfacet
  facet normal 0 0 -1
    outer loop
      vertex 14.8201 -22.1059 1.90735e-07
      vertex 4.73983 -13.1393 1.90735e-07
      vertex 15 -22.1 1.90735e-07
    endloop
  endfacet
  facet normal 0 0 -1
    outer loop
      vertex 15.5365 22.1528 1.90735e-07
      vertex 4.75 13.45 1.90735e-07
      vertex 15.3589 22.1235 1.90735e-07
    endloop
  endfacet
  facet normal 0 0 -1
    outer loop
      vertex 4.73983 -13.1393 1.90735e-07
      vertex 14.8201 -22.1059 1.90735e-07
      vertex 4.75 -13.45 1.90735e-07
    endloop
  endfacet
  facet normal 0 0 -1
    outer loop
      vertex 15.3589 22.1235 1.90735e-07
      vertex 4.75 13.45 1.90735e-07
      vertex 15.1799 22.1059 1.90735e-07
    endloop
  endfacet
  facet normal 0 0 -1
    outer loop
      vertex 4.75 -13.45 1.90735e-07
      vertex 14.8201 -22.1059 1.90735e-07
      vertex 14.6411 -22.1235 1.90735e-07
    endloop
  endfacet
  facet normal 0 0 -1
    outer loop
      vertex 15.1799 22.1059 1.90735e-07
      vertex 4.75 13.45 1.90735e-07
      vertex 15 22.1 1.90735e-07
    endloop
  endfacet
  facet normal 0 0 -1
    outer loop
      vertex 4.75 -13.45 1.90735e-07
      vertex 14.6411 -22.1235 1.90735e-07
      vertex 14.4635 -22.1528 1.90735e-07
    endloop
  endfacet
  facet normal -0 0 -1
    outer loop
      vertex 15 22.1 1.90735e-07
      vertex 4.75 13.45 1.90735e-07
      vertex 14.8201 22.1059 1.90735e-07
    endloop
  endfacet
  facet normal 0 0 -1
    outer loop
      vertex 4.73983 -13.7607 1.90735e-07
      vertex 14.4635 -22.1528 1.90735e-07
      vertex 14.2882 -22.1937 1.90735e-07
    endloop
  endfacet
  facet normal -0 0 -1
    outer loop
      vertex 14.8201 22.1059 1.90735e-07
      vertex 4.75 13.45 1.90735e-07
      vertex 14.6411 22.1235 1.90735e-07
    endloop
  endfacet
  facet normal 0 0 -1
    outer loop
      vertex 4.70936 -14.07 1.90735e-07
      vertex 14.2882 -22.1937 1.90735e-07
      vertex 14.116 -22.2459 1.90735e-07
    endloop
  endfacet
  facet normal -0 0 -1
    outer loop
      vertex 14.6411 22.1235 1.90735e-07
      vertex 4.75 13.45 1.90735e-07
      vertex 14.4635 22.1528 1.90735e-07
    endloop
  endfacet
  facet normal 0 0 -1
    outer loop
      vertex 4.65873 -14.3767 1.90735e-07
      vertex 14.116 -22.2459 1.90735e-07
      vertex 13.9476 -22.3093 1.90735e-07
    endloop
  endfacet
  facet normal 0 0 -1
    outer loop
      vertex 4.73983 13.7607 1.90735e-07
      vertex 14.4635 22.1528 1.90735e-07
      vertex 4.75 13.45 1.90735e-07
    endloop
  endfacet
  facet normal 0 0 -1
    outer loop
      vertex 4.58815 -14.6794 1.90735e-07
      vertex 13.9476 -22.3093 1.90735e-07
      vertex 13.7837 -22.3836 1.90735e-07
    endloop
  endfacet
  facet normal -0 0 -1
    outer loop
      vertex 14.4635 22.1528 1.90735e-07
      vertex 4.73983 13.7607 1.90735e-07
      vertex 14.2882 22.1937 1.90735e-07
    endloop
  endfacet
  facet normal 0 0 -1
    outer loop
      vertex 4.49792 -14.9768 1.90735e-07
      vertex 13.7837 -22.3836 1.90735e-07
      vertex 13.625 -22.4684 1.90735e-07
    endloop
  endfacet
  facet normal 0 0 -1
    outer loop
      vertex 4.70936 14.07 1.90735e-07
      vertex 14.2882 22.1937 1.90735e-07
      vertex 4.73983 13.7607 1.90735e-07
    endloop
  endfacet
  facet normal 0 0 -1
    outer loop
      vertex 4.49792 -14.9768 1.90735e-07
      vertex 13.625 -22.4684 1.90735e-07
      vertex 13.4722 -22.5635 1.90735e-07
    endloop
  endfacet
  facet normal -0 0 -1
    outer loop
      vertex 14.2882 22.1937 1.90735e-07
      vertex 4.70936 14.07 1.90735e-07
      vertex 14.116 22.2459 1.90735e-07
    endloop
  endfacet
  facet normal 0 0 -1
    outer loop
      vertex 4.38843 -15.2677 1.90735e-07
      vertex 13.4722 -22.5635 1.90735e-07
      vertex 13.3259 -22.6683 1.90735e-07
    endloop
  endfacet
  facet normal 0 0 -1
    outer loop
      vertex 4.65873 14.3767 1.90735e-07
      vertex 14.116 22.2459 1.90735e-07
      vertex 4.70936 14.07 1.90735e-07
    endloop
  endfacet
  facet normal 0 0 -1
    outer loop
      vertex 4.26015 -15.5509 1.90735e-07
      vertex 13.3259 -22.6683 1.90735e-07
      vertex 13.1868 -22.7824 1.90735e-07
    endloop
  endfacet
  facet normal -0 0 -1
    outer loop
      vertex 14.116 22.2459 1.90735e-07
      vertex 4.65873 14.3767 1.90735e-07
      vertex 13.9476 22.3093 1.90735e-07
    endloop
  endfacet
  facet normal 0 0 -1
    outer loop
      vertex 4.11362 -15.825 1.90735e-07
      vertex 13.1868 -22.7824 1.90735e-07
      vertex 13.0555 -22.9055 1.90735e-07
    endloop
  endfacet
  facet normal 0 0 -1
    outer loop
      vertex 4.58815 14.6794 1.90735e-07
      vertex 13.9476 22.3093 1.90735e-07
      vertex 4.65873 14.3767 1.90735e-07
    endloop
  endfacet
  facet normal 0 0 -1
    outer loop
      vertex 3.94948 -16.089 1.90735e-07
      vertex 13.0555 -22.9055 1.90735e-07
      vertex 12.9324 -23.0368 1.90735e-07
    endloop
  endfacet
  facet normal -0 0 -1
    outer loop
      vertex 13.9476 22.3093 1.90735e-07
      vertex 4.58815 14.6794 1.90735e-07
      vertex 13.7837 22.3836 1.90735e-07
    endloop
  endfacet
  facet normal 0 0 -1
    outer loop
      vertex 3.94948 -16.089 1.90735e-07
      vertex 12.9324 -23.0368 1.90735e-07
      vertex 12.8183 -23.1759 1.90735e-07
    endloop
  endfacet
  facet normal 0 0 -1
    outer loop
      vertex 4.49792 14.9768 1.90735e-07
      vertex 13.7837 22.3836 1.90735e-07
      vertex 4.58815 14.6794 1.90735e-07
    endloop
  endfacet
  facet normal 0 0 -1
    outer loop
      vertex 3.76843 -16.3416 1.90735e-07
      vertex 12.8183 -23.1759 1.90735e-07
      vertex 12.7135 -23.3222 1.90735e-07
    endloop
  endfacet
  facet normal -0 0 -1
    outer loop
      vertex 13.7837 22.3836 1.90735e-07
      vertex 4.49792 14.9768 1.90735e-07
      vertex 13.625 22.4684 1.90735e-07
    endloop
  endfacet
  facet normal 0 0 -1
    outer loop
      vertex 3.57124 -16.5819 1.90735e-07
      vertex 12.7135 -23.3222 1.90735e-07
      vertex 12.6184 -23.475 1.90735e-07
    endloop
  endfacet
  facet normal -0 0 -1
    outer loop
      vertex 13.625 22.4684 1.90735e-07
      vertex 4.49792 14.9768 1.90735e-07
      vertex 13.4722 22.5635 1.90735e-07
    endloop
  endfacet
  facet normal 0 0 -1
    outer loop
      vertex 3.35876 -16.8088 1.90735e-07
      vertex 12.6184 -23.475 1.90735e-07
      vertex 12.5336 -23.6337 1.90735e-07
    endloop
  endfacet
  facet normal 0 0 -1
    outer loop
      vertex 4.38843 15.2677 1.90735e-07
      vertex 13.4722 22.5635 1.90735e-07
      vertex 4.49792 14.9768 1.90735e-07
    endloop
  endfacet
  facet normal 0 0 -1
    outer loop
      vertex 3.13189 -17.0212 1.90735e-07
      vertex 12.5336 -23.6337 1.90735e-07
      vertex 12.4593 -23.7976 1.90735e-07
    endloop
  endfacet
  facet normal -0 0 -1
    outer loop
      vertex 13.4722 22.5635 1.90735e-07
      vertex 4.38843 15.2677 1.90735e-07
      vertex 13.3259 22.6683 1.90735e-07
    endloop
  endfacet
  facet normal 0 0 -1
    outer loop
      vertex 3.13189 -17.0212 1.90735e-07
      vertex 12.4593 -23.7976 1.90735e-07
      vertex 12.3959 -23.966 1.90735e-07
    endloop
  endfacet
  facet normal 0 0 -1
    outer loop
      vertex 4.26015 15.5509 1.90735e-07
      vertex 13.3259 22.6683 1.90735e-07
      vertex 4.38843 15.2677 1.90735e-07
    endloop
  endfacet
  facet normal 0 0 -1
    outer loop
      vertex 2.89162 -17.2184 1.90735e-07
      vertex 12.3959 -23.966 1.90735e-07
      vertex 12.3437 -24.1382 1.90735e-07
    endloop
  endfacet
  facet normal -0 0 -1
    outer loop
      vertex 13.3259 22.6683 1.90735e-07
      vertex 4.26015 15.5509 1.90735e-07
      vertex 13.1868 22.7824 1.90735e-07
    endloop
  endfacet
  facet normal 0 0 -1
    outer loop
      vertex 2.63896 -17.3995 1.90735e-07
      vertex 12.3437 -24.1382 1.90735e-07
      vertex 12.3028 -24.3135 1.90735e-07
    endloop
  endfacet
  facet normal 0 0 -1
    outer loop
      vertex 4.11362 15.825 1.90735e-07
      vertex 13.1868 22.7824 1.90735e-07
      vertex 4.26015 15.5509 1.90735e-07
    endloop
  endfacet
  facet normal 0 0 -1
    outer loop
      vertex 2.375 -17.5636 1.90735e-07
      vertex 12.3028 -24.3135 1.90735e-07
      vertex 12.2735 -24.4911 1.90735e-07
    endloop
  endfacet
  facet normal -0 0 -1
    outer loop
      vertex 13.1868 22.7824 1.90735e-07
      vertex 4.11362 15.825 1.90735e-07
      vertex 13.0555 22.9055 1.90735e-07
    endloop
  endfacet
  facet normal 0 0 -1
    outer loop
      vertex 2.10087 -17.7101 1.90735e-07
      vertex 12.2735 -24.4911 1.90735e-07
      vertex 12.2559 -24.6701 1.90735e-07
    endloop
  endfacet
  facet normal 0 0 -1
    outer loop
      vertex 3.94948 16.089 1.90735e-07
      vertex 13.0555 22.9055 1.90735e-07
      vertex 4.11362 15.825 1.90735e-07
    endloop
  endfacet
  facet normal 0 0 -1
    outer loop
      vertex 1.81775 -17.8384 1.90735e-07
      vertex 12.2559 -24.6701 1.90735e-07
      vertex 12.25 -24.85 1.90735e-07
    endloop
  endfacet
  facet normal -0 0 -1
    outer loop
      vertex 13.0555 22.9055 1.90735e-07
      vertex 3.94948 16.089 1.90735e-07
      vertex 12.9324 23.0368 1.90735e-07
    endloop
  endfacet
  facet normal 0 0 -1
    outer loop
      vertex 17.75 -24.85 1.90735e-07
      vertex 25 -40 1.90735e-07
      vertex 17.75 -34.85 1.90735e-07
    endloop
  endfacet
  facet normal 0 0 -1
    outer loop
      vertex 25 -40 1.90735e-07
      vertex 17.7441 -35.0299 1.90735e-07
      vertex 17.75 -34.85 1.90735e-07
    endloop
  endfacet
  facet normal 0 0 -1
    outer loop
      vertex 25 -40 1.90735e-07
      vertex 17.7265 -35.2089 1.90735e-07
      vertex 17.7441 -35.0299 1.90735e-07
    endloop
  endfacet
  facet normal 0 0 -1
    outer loop
      vertex 25 -40 1.90735e-07
      vertex 17.6972 -35.3865 1.90735e-07
      vertex 17.7265 -35.2089 1.90735e-07
    endloop
  endfacet
  facet normal 0 0 -1
    outer loop
      vertex 25 -40 1.90735e-07
      vertex 17.6563 -35.5618 1.90735e-07
      vertex 17.6972 -35.3865 1.90735e-07
    endloop
  endfacet
  facet normal 0 0 -1
    outer loop
      vertex 25 -40 1.90735e-07
      vertex 17.6041 -35.734 1.90735e-07
      vertex 17.6563 -35.5618 1.90735e-07
    endloop
  endfacet
  facet normal 0 0 -1
    outer loop
      vertex 25 -40 1.90735e-07
      vertex 17.5407 -35.9024 1.90735e-07
      vertex 17.6041 -35.734 1.90735e-07
    endloop
  endfacet
  facet normal 0 0 -1
    outer loop
      vertex 25 -40 1.90735e-07
      vertex 17.4664 -36.0663 1.90735e-07
      vertex 17.5407 -35.9024 1.90735e-07
    endloop
  endfacet
  facet normal 0 0 -1
    outer loop
      vertex 25 -40 1.90735e-07
      vertex 17.3816 -36.225 1.90735e-07
      vertex 17.4664 -36.0663 1.90735e-07
    endloop
  endfacet
  facet normal 0 0 -1
    outer loop
      vertex 25 -40 1.90735e-07
      vertex 17.2865 -36.3778 1.90735e-07
      vertex 17.3816 -36.225 1.90735e-07
    endloop
  endfacet
  facet normal 0 0 -1
    outer loop
      vertex 25 -40 1.90735e-07
      vertex 17.1817 -36.5241 1.90735e-07
      vertex 17.2865 -36.3778 1.90735e-07
    endloop
  endfacet
  facet normal 0 0 -1
    outer loop
      vertex 25 -40 1.90735e-07
      vertex 17.0676 -36.6632 1.90735e-07
      vertex 17.1817 -36.5241 1.90735e-07
    endloop
  endfacet
  facet normal 0 0 -1
    outer loop
      vertex 25 -40 1.90735e-07
      vertex 16.9445 -36.7945 1.90735e-07
      vertex 17.0676 -36.6632 1.90735e-07
    endloop
  endfacet
  facet normal 0 0 -1
    outer loop
      vertex 25 -40 1.90735e-07
      vertex 16.8132 -36.9176 1.90735e-07
      vertex 16.9445 -36.7945 1.90735e-07
    endloop
  endfacet
  facet normal 0 0 -1
    outer loop
      vertex 25 -40 1.90735e-07
      vertex 16.6741 -37.0317 1.90735e-07
      vertex 16.8132 -36.9176 1.90735e-07
    endloop
  endfacet
  facet normal 0 0 -1
    outer loop
      vertex 25 -40 1.90735e-07
      vertex 16.5278 -37.1365 1.90735e-07
      vertex 16.6741 -37.0317 1.90735e-07
    endloop
  endfacet
  facet normal 0 0 -1
    outer loop
      vertex 25 -40 1.90735e-07
      vertex 16.375 -37.2316 1.90735e-07
      vertex 16.5278 -37.1365 1.90735e-07
    endloop
  endfacet
  facet normal 0 0 -1
    outer loop
      vertex 25 -40 1.90735e-07
      vertex 16.2163 -37.3164 1.90735e-07
      vertex 16.375 -37.2316 1.90735e-07
    endloop
  endfacet
  facet normal 0 0 -1
    outer loop
      vertex 25 -40 1.90735e-07
      vertex 16.0524 -37.3907 1.90735e-07
      vertex 16.2163 -37.3164 1.90735e-07
    endloop
  endfacet
  facet normal 0 0 -1
    outer loop
      vertex 25 -40 1.90735e-07
      vertex 15.884 -37.4541 1.90735e-07
      vertex 16.0524 -37.3907 1.90735e-07
    endloop
  endfacet
  facet normal 0 0 -1
    outer loop
      vertex 25 -40 1.90735e-07
      vertex 15.7118 -37.5063 1.90735e-07
      vertex 15.884 -37.4541 1.90735e-07
    endloop
  endfacet
  facet normal 0 0 -1
    outer loop
      vertex 25 -40 1.90735e-07
      vertex 15.5365 -37.5472 1.90735e-07
      vertex 15.7118 -37.5063 1.90735e-07
    endloop
  endfacet
  facet normal 0 0 -1
    outer loop
      vertex 25 -40 1.90735e-07
      vertex 15.3589 -37.5765 1.90735e-07
      vertex 15.5365 -37.5472 1.90735e-07
    endloop
  endfacet
  facet normal 0 0 -1
    outer loop
      vertex 25 -40 1.90735e-07
      vertex 15.1799 -37.5941 1.90735e-07
      vertex 15.3589 -37.5765 1.90735e-07
    endloop
  endfacet
  facet normal 0 0 -1
    outer loop
      vertex 25 -40 1.90735e-07
      vertex 15 -37.6 1.90735e-07
      vertex 15.1799 -37.5941 1.90735e-07
    endloop
  endfacet
  facet normal 0 0 -1
    outer loop
      vertex 25 -40 1.90735e-07
      vertex 14.8201 -37.5941 1.90735e-07
      vertex 15 -37.6 1.90735e-07
    endloop
  endfacet
  facet normal 0 0 -1
    outer loop
      vertex 25 -40 1.90735e-07
      vertex 14.6411 -37.5765 1.90735e-07
      vertex 14.8201 -37.5941 1.90735e-07
    endloop
  endfacet
  facet normal 0 0 -1
    outer loop
      vertex 25 -40 1.90735e-07
      vertex 14.4635 -37.5472 1.90735e-07
      vertex 14.6411 -37.5765 1.90735e-07
    endloop
  endfacet
  facet normal 0 0 -1
    outer loop
      vertex 0.619999 -18.1594 1.90735e-07
      vertex 12.25 -24.85 1.90735e-07
      vertex 12.25 -34.85 1.90735e-07
    endloop
  endfacet
  facet normal -0 0 -1
    outer loop
      vertex 12.9324 23.0368 1.90735e-07
      vertex 3.94948 16.089 1.90735e-07
      vertex 12.8183 23.1759 1.90735e-07
    endloop
  endfacet
  facet normal 0 0 -1
    outer loop
      vertex 3.76843 16.3416 1.90735e-07
      vertex 12.8183 23.1759 1.90735e-07
      vertex 3.94948 16.089 1.90735e-07
    endloop
  endfacet
  facet normal 0 0 -1
    outer loop
      vertex -12.25 -34.85 1.90735e-07
      vertex 12.25 -34.85 1.90735e-07
      vertex 12.2559 -35.0299 1.90735e-07
    endloop
  endfacet
  facet normal 0 0 -1
    outer loop
      vertex -12.2559 -35.0299 1.90735e-07
      vertex 12.2559 -35.0299 1.90735e-07
      vertex 12.2735 -35.2089 1.90735e-07
    endloop
  endfacet
  facet normal 0 0 -1
    outer loop
      vertex -12.2735 -35.2089 1.90735e-07
      vertex 12.2735 -35.2089 1.90735e-07
      vertex 12.3028 -35.3865 1.90735e-07
    endloop
  endfacet
  facet normal 0 0 -1
    outer loop
      vertex -12.3028 -35.3865 1.90735e-07
      vertex 12.3028 -35.3865 1.90735e-07
      vertex 12.3437 -35.5618 1.90735e-07
    endloop
  endfacet
  facet normal 0 0 -1
    outer loop
      vertex -12.3437 -35.5618 1.90735e-07
      vertex 12.3437 -35.5618 1.90735e-07
      vertex 12.3959 -35.734 1.90735e-07
    endloop
  endfacet
  facet normal 0 0 -1
    outer loop
      vertex 14.4635 -22.1528 1.90735e-07
      vertex 4.73983 -13.7607 1.90735e-07
      vertex 4.75 -13.45 1.90735e-07
    endloop
  endfacet
  facet normal 0 0 -1
    outer loop
      vertex 14.2882 -22.1937 1.90735e-07
      vertex 4.70936 -14.07 1.90735e-07
      vertex 4.73983 -13.7607 1.90735e-07
    endloop
  endfacet
  facet normal 0 0 -1
    outer loop
      vertex 14.116 -22.2459 1.90735e-07
      vertex 4.65873 -14.3767 1.90735e-07
      vertex 4.70936 -14.07 1.90735e-07
    endloop
  endfacet
  facet normal 0 0 -1
    outer loop
      vertex 13.9476 -22.3093 1.90735e-07
      vertex 4.58815 -14.6794 1.90735e-07
      vertex 4.65873 -14.3767 1.90735e-07
    endloop
  endfacet
  facet normal 0 0 -1
    outer loop
      vertex 13.7837 -22.3836 1.90735e-07
      vertex 4.49792 -14.9768 1.90735e-07
      vertex 4.58815 -14.6794 1.90735e-07
    endloop
  endfacet
  facet normal 0 0 -1
    outer loop
      vertex -12.3959 -35.734 1.90735e-07
      vertex 12.3959 -35.734 1.90735e-07
      vertex 12.4593 -35.9024 1.90735e-07
    endloop
  endfacet
  facet normal 0 0 -1
    outer loop
      vertex 13.4722 -22.5635 1.90735e-07
      vertex 4.38843 -15.2677 1.90735e-07
      vertex 4.49792 -14.9768 1.90735e-07
    endloop
  endfacet
  facet normal 0 0 -1
    outer loop
      vertex 13.3259 -22.6683 1.90735e-07
      vertex 4.26015 -15.5509 1.90735e-07
      vertex 4.38843 -15.2677 1.90735e-07
    endloop
  endfacet
  facet normal 0 0 -1
    outer loop
      vertex 13.1868 -22.7824 1.90735e-07
      vertex 4.11362 -15.825 1.90735e-07
      vertex 4.26015 -15.5509 1.90735e-07
    endloop
  endfacet
  facet normal 0 0 -1
    outer loop
      vertex 13.0555 -22.9055 1.90735e-07
      vertex 3.94948 -16.089 1.90735e-07
      vertex 4.11362 -15.825 1.90735e-07
    endloop
  endfacet
  facet normal 0 0 -1
    outer loop
      vertex 12.8183 -23.1759 1.90735e-07
      vertex 3.76843 -16.3416 1.90735e-07
      vertex 3.94948 -16.089 1.90735e-07
    endloop
  endfacet
  facet normal 0 0 -1
    outer loop
      vertex 12.7135 -23.3222 1.90735e-07
      vertex 3.57124 -16.5819 1.90735e-07
      vertex 3.76843 -16.3416 1.90735e-07
    endloop
  endfacet
  facet normal 0 0 -1
    outer loop
      vertex -12.4593 -35.9024 1.90735e-07
      vertex 12.4593 -35.9024 1.90735e-07
      vertex 12.5336 -36.0663 1.90735e-07
    endloop
  endfacet
  facet normal 0 0 -1
    outer loop
      vertex 12.6184 -23.475 1.90735e-07
      vertex 3.35876 -16.8088 1.90735e-07
      vertex 3.57124 -16.5819 1.90735e-07
    endloop
  endfacet
  facet normal 0 0 -1
    outer loop
      vertex 12.5336 -23.6337 1.90735e-07
      vertex 3.13189 -17.0212 1.90735e-07
      vertex 3.35876 -16.8088 1.90735e-07
    endloop
  endfacet
  facet normal 0 0 -1
    outer loop
      vertex 12.3959 -23.966 1.90735e-07
      vertex 2.89162 -17.2184 1.90735e-07
      vertex 3.13189 -17.0212 1.90735e-07
    endloop
  endfacet
  facet normal 0 0 -1
    outer loop
      vertex 12.3437 -24.1382 1.90735e-07
      vertex 2.63896 -17.3995 1.90735e-07
      vertex 2.89162 -17.2184 1.90735e-07
    endloop
  endfacet
  facet normal 0 0 -1
    outer loop
      vertex 12.3028 -24.3135 1.90735e-07
      vertex 2.375 -17.5636 1.90735e-07
      vertex 2.63896 -17.3995 1.90735e-07
    endloop
  endfacet
  facet normal 0 0 -1
    outer loop
      vertex -12.5336 -36.0663 1.90735e-07
      vertex 12.5336 -36.0663 1.90735e-07
      vertex 12.6184 -36.225 1.90735e-07
    endloop
  endfacet
  facet normal 0 0 -1
    outer loop
      vertex 12.2735 -24.4911 1.90735e-07
      vertex 2.10087 -17.7101 1.90735e-07
      vertex 2.375 -17.5636 1.90735e-07
    endloop
  endfacet
  facet normal 0 0 -1
    outer loop
      vertex 12.2559 -24.6701 1.90735e-07
      vertex 1.81775 -17.8384 1.90735e-07
      vertex 2.10087 -17.7101 1.90735e-07
    endloop
  endfacet
  facet normal 0 0 -1
    outer loop
      vertex 12.25 -24.85 1.90735e-07
      vertex 1.52684 -17.9479 1.90735e-07
      vertex 1.81775 -17.8384 1.90735e-07
    endloop
  endfacet
  facet normal 0 0 -1
    outer loop
      vertex 12.25 -24.85 1.90735e-07
      vertex 1.22939 -18.0381 1.90735e-07
      vertex 1.52684 -17.9479 1.90735e-07
    endloop
  endfacet
  facet normal 0 0 -1
    outer loop
      vertex -12.6184 -36.225 1.90735e-07
      vertex 12.6184 -36.225 1.90735e-07
      vertex 12.7135 -36.3778 1.90735e-07
    endloop
  endfacet
  facet normal 0 0 -1
    outer loop
      vertex 12.25 -24.85 1.90735e-07
      vertex 0.926679 -18.1087 1.90735e-07
      vertex 1.22939 -18.0381 1.90735e-07
    endloop
  endfacet
  facet normal 0 0 -1
    outer loop
      vertex 12.25 -24.85 1.90735e-07
      vertex 0.619999 -18.1594 1.90735e-07
      vertex 0.926679 -18.1087 1.90735e-07
    endloop
  endfacet
  facet normal 0 0 -1
    outer loop
      vertex 12.25 -34.85 1.90735e-07
      vertex 0.310664 -18.1898 1.90735e-07
      vertex 0.619999 -18.1594 1.90735e-07
    endloop
  endfacet
  facet normal 0 0 -1
    outer loop
      vertex 12.25 -34.85 1.90735e-07
      vertex 0 -18.2 1.90735e-07
      vertex 0.310664 -18.1898 1.90735e-07
    endloop
  endfacet
  facet normal 0 0 -1
    outer loop
      vertex 12.25 -34.85 1.90735e-07
      vertex -12.25 -34.85 1.90735e-07
      vertex 0 -18.2 1.90735e-07
    endloop
  endfacet
  facet normal -0 0 -1
    outer loop
      vertex 0 -18.2 1.90735e-07
      vertex -12.25 -34.85 1.90735e-07
      vertex -0.310664 -18.1898 1.90735e-07
    endloop
  endfacet
  facet normal 0 0 -1
    outer loop
      vertex -12.7135 -36.3778 1.90735e-07
      vertex 12.7135 -36.3778 1.90735e-07
      vertex 12.8183 -36.5241 1.90735e-07
    endloop
  endfacet
  facet normal -0 0 -1
    outer loop
      vertex -0.310664 -18.1898 1.90735e-07
      vertex -12.25 -34.85 1.90735e-07
      vertex -0.619999 -18.1594 1.90735e-07
    endloop
  endfacet
  facet normal 0 0 -1
    outer loop
      vertex -12.25 -24.85 1.90735e-07
      vertex -0.619999 -18.1594 1.90735e-07
      vertex -12.25 -34.85 1.90735e-07
    endloop
  endfacet
  facet normal -0 0 -1
    outer loop
      vertex -0.619999 -18.1594 1.90735e-07
      vertex -12.25 -24.85 1.90735e-07
      vertex -0.926679 -18.1087 1.90735e-07
    endloop
  endfacet
  facet normal -0 0 -1
    outer loop
      vertex -0.926679 -18.1087 1.90735e-07
      vertex -12.25 -24.85 1.90735e-07
      vertex -1.22939 -18.0381 1.90735e-07
    endloop
  endfacet
  facet normal -0 0 -1
    outer loop
      vertex -1.22939 -18.0381 1.90735e-07
      vertex -12.25 -24.85 1.90735e-07
      vertex -1.52684 -17.9479 1.90735e-07
    endloop
  endfacet
  facet normal -0 0 -1
    outer loop
      vertex -1.52684 -17.9479 1.90735e-07
      vertex -12.25 -24.85 1.90735e-07
      vertex -1.81775 -17.8384 1.90735e-07
    endloop
  endfacet
  facet normal 0 0 -1
    outer loop
      vertex -12.2559 -24.6701 1.90735e-07
      vertex -1.81775 -17.8384 1.90735e-07
      vertex -12.25 -24.85 1.90735e-07
    endloop
  endfacet
  facet normal -0 0 -1
    outer loop
      vertex -1.81775 -17.8384 1.90735e-07
      vertex -12.2559 -24.6701 1.90735e-07
      vertex -2.10087 -17.7101 1.90735e-07
    endloop
  endfacet
  facet normal 0 0 -1
    outer loop
      vertex -12.2735 -24.4911 1.90735e-07
      vertex -2.10087 -17.7101 1.90735e-07
      vertex -12.2559 -24.6701 1.90735e-07
    endloop
  endfacet
  facet normal -0 0 -1
    outer loop
      vertex -2.10087 -17.7101 1.90735e-07
      vertex -12.2735 -24.4911 1.90735e-07
      vertex -2.375 -17.5636 1.90735e-07
    endloop
  endfacet
  facet normal 0 0 -1
    outer loop
      vertex -12.3028 -24.3135 1.90735e-07
      vertex -2.375 -17.5636 1.90735e-07
      vertex -12.2735 -24.4911 1.90735e-07
    endloop
  endfacet
  facet normal 0 0 -1
    outer loop
      vertex -12.8183 -36.5241 1.90735e-07
      vertex 12.8183 -36.5241 1.90735e-07
      vertex 12.9324 -36.6632 1.90735e-07
    endloop
  endfacet
  facet normal 0 0 -1
    outer loop
      vertex -12.8183 -23.1759 1.90735e-07
      vertex -3.76843 -16.3416 1.90735e-07
      vertex -12.7135 -23.3222 1.90735e-07
    endloop
  endfacet
  facet normal -0 0 -1
    outer loop
      vertex -3.57124 -16.5819 1.90735e-07
      vertex -12.7135 -23.3222 1.90735e-07
      vertex -3.76843 -16.3416 1.90735e-07
    endloop
  endfacet
  facet normal 0 0 -1
    outer loop
      vertex -12.7135 -23.3222 1.90735e-07
      vertex -3.57124 -16.5819 1.90735e-07
      vertex -12.6184 -23.475 1.90735e-07
    endloop
  endfacet
  facet normal -0 0 -1
    outer loop
      vertex -3.35876 -16.8088 1.90735e-07
      vertex -12.6184 -23.475 1.90735e-07
      vertex -3.57124 -16.5819 1.90735e-07
    endloop
  endfacet
  facet normal 0 0 -1
    outer loop
      vertex -12.6184 -23.475 1.90735e-07
      vertex -3.35876 -16.8088 1.90735e-07
      vertex -12.5336 -23.6337 1.90735e-07
    endloop
  endfacet
  facet normal -0 0 -1
    outer loop
      vertex -3.13189 -17.0212 1.90735e-07
      vertex -12.5336 -23.6337 1.90735e-07
      vertex -3.35876 -16.8088 1.90735e-07
    endloop
  endfacet
  facet normal 0 0 -1
    outer loop
      vertex -12.5336 -23.6337 1.90735e-07
      vertex -3.13189 -17.0212 1.90735e-07
      vertex -12.4593 -23.7976 1.90735e-07
    endloop
  endfacet
  facet normal 0 0 -1
    outer loop
      vertex -12.4593 -23.7976 1.90735e-07
      vertex -3.13189 -17.0212 1.90735e-07
      vertex -12.3959 -23.966 1.90735e-07
    endloop
  endfacet
  facet normal -0 0 -1
    outer loop
      vertex -2.89162 -17.2184 1.90735e-07
      vertex -12.3959 -23.966 1.90735e-07
      vertex -3.13189 -17.0212 1.90735e-07
    endloop
  endfacet
  facet normal 0 0 -1
    outer loop
      vertex -12.3959 -23.966 1.90735e-07
      vertex -2.89162 -17.2184 1.90735e-07
      vertex -12.3437 -24.1382 1.90735e-07
    endloop
  endfacet
  facet normal -0 0 -1
    outer loop
      vertex -2.63896 -17.3995 1.90735e-07
      vertex -12.3437 -24.1382 1.90735e-07
      vertex -2.89162 -17.2184 1.90735e-07
    endloop
  endfacet
  facet normal 0 0 -1
    outer loop
      vertex -12.3437 -24.1382 1.90735e-07
      vertex -2.63896 -17.3995 1.90735e-07
      vertex -12.3028 -24.3135 1.90735e-07
    endloop
  endfacet
  facet normal -0 0 -1
    outer loop
      vertex -2.375 -17.5636 1.90735e-07
      vertex -12.3028 -24.3135 1.90735e-07
      vertex -2.63896 -17.3995 1.90735e-07
    endloop
  endfacet
  facet normal 0 0 -1
    outer loop
      vertex -12.9324 -36.6632 1.90735e-07
      vertex 12.9324 -36.6632 1.90735e-07
      vertex 13.0555 -36.7945 1.90735e-07
    endloop
  endfacet
  facet normal 0 0 -1
    outer loop
      vertex -13.0555 -36.7945 1.90735e-07
      vertex 13.0555 -36.7945 1.90735e-07
      vertex 13.1868 -36.9176 1.90735e-07
    endloop
  endfacet
  facet normal 0 0 -1
    outer loop
      vertex -13.1868 -36.9176 1.90735e-07
      vertex 13.1868 -36.9176 1.90735e-07
      vertex 13.3259 -37.0317 1.90735e-07
    endloop
  endfacet
  facet normal 0 0 -1
    outer loop
      vertex -13.3259 -37.0317 1.90735e-07
      vertex 13.3259 -37.0317 1.90735e-07
      vertex 13.4722 -37.1365 1.90735e-07
    endloop
  endfacet
  facet normal 0 0 -1
    outer loop
      vertex -13.4722 -37.1365 1.90735e-07
      vertex 13.4722 -37.1365 1.90735e-07
      vertex 13.625 -37.2316 1.90735e-07
    endloop
  endfacet
  facet normal 0 0 -1
    outer loop
      vertex -13.625 -37.2316 1.90735e-07
      vertex 13.625 -37.2316 1.90735e-07
      vertex 13.7837 -37.3164 1.90735e-07
    endloop
  endfacet
  facet normal 0 0 -1
    outer loop
      vertex -13.7837 -37.3164 1.90735e-07
      vertex 13.7837 -37.3164 1.90735e-07
      vertex 13.9476 -37.3907 1.90735e-07
    endloop
  endfacet
  facet normal 0 0 -1
    outer loop
      vertex -13.9476 -37.3907 1.90735e-07
      vertex 13.9476 -37.3907 1.90735e-07
      vertex 14.116 -37.4541 1.90735e-07
    endloop
  endfacet
  facet normal 0 0 -1
    outer loop
      vertex -14.116 -37.4541 1.90735e-07
      vertex 14.116 -37.4541 1.90735e-07
      vertex 14.2882 -37.5063 1.90735e-07
    endloop
  endfacet
  facet normal 0 0 -1
    outer loop
      vertex -14.2882 -37.5063 1.90735e-07
      vertex 14.2882 -37.5063 1.90735e-07
      vertex 14.4635 -37.5472 1.90735e-07
    endloop
  endfacet
  facet normal 0 0 -1
    outer loop
      vertex -14.4635 -37.5472 1.90735e-07
      vertex 14.4635 -37.5472 1.90735e-07
      vertex 25 -40 1.90735e-07
    endloop
  endfacet
  facet normal 0 0 -1
    outer loop
      vertex 12.2559 -35.0299 1.90735e-07
      vertex -12.2559 -35.0299 1.90735e-07
      vertex -12.25 -34.85 1.90735e-07
    endloop
  endfacet
  facet normal 0 0 -1
    outer loop
      vertex 12.2735 -35.2089 1.90735e-07
      vertex -12.2735 -35.2089 1.90735e-07
      vertex -12.2559 -35.0299 1.90735e-07
    endloop
  endfacet
  facet normal 0 0 -1
    outer loop
      vertex 12.3028 -35.3865 1.90735e-07
      vertex -12.3028 -35.3865 1.90735e-07
      vertex -12.2735 -35.2089 1.90735e-07
    endloop
  endfacet
  facet normal 0 0 -1
    outer loop
      vertex 12.3437 -35.5618 1.90735e-07
      vertex -12.3437 -35.5618 1.90735e-07
      vertex -12.3028 -35.3865 1.90735e-07
    endloop
  endfacet
  facet normal 0 0 -1
    outer loop
      vertex 12.3959 -35.734 1.90735e-07
      vertex -12.3959 -35.734 1.90735e-07
      vertex -12.3437 -35.5618 1.90735e-07
    endloop
  endfacet
  facet normal 0 0 -1
    outer loop
      vertex 12.4593 -35.9024 1.90735e-07
      vertex -12.4593 -35.9024 1.90735e-07
      vertex -12.3959 -35.734 1.90735e-07
    endloop
  endfacet
  facet normal 0 0 -1
    outer loop
      vertex 12.5336 -36.0663 1.90735e-07
      vertex -12.5336 -36.0663 1.90735e-07
      vertex -12.4593 -35.9024 1.90735e-07
    endloop
  endfacet
  facet normal 0 0 -1
    outer loop
      vertex 12.6184 -36.225 1.90735e-07
      vertex -12.6184 -36.225 1.90735e-07
      vertex -12.5336 -36.0663 1.90735e-07
    endloop
  endfacet
  facet normal 0 0 -1
    outer loop
      vertex 12.7135 -36.3778 1.90735e-07
      vertex -12.7135 -36.3778 1.90735e-07
      vertex -12.6184 -36.225 1.90735e-07
    endloop
  endfacet
  facet normal 0 0 -1
    outer loop
      vertex 12.8183 -36.5241 1.90735e-07
      vertex -12.8183 -36.5241 1.90735e-07
      vertex -12.7135 -36.3778 1.90735e-07
    endloop
  endfacet
  facet normal 0 0 -1
    outer loop
      vertex 12.9324 -36.6632 1.90735e-07
      vertex -12.9324 -36.6632 1.90735e-07
      vertex -12.8183 -36.5241 1.90735e-07
    endloop
  endfacet
  facet normal 0 0 -1
    outer loop
      vertex 13.0555 -36.7945 1.90735e-07
      vertex -13.0555 -36.7945 1.90735e-07
      vertex -12.9324 -36.6632 1.90735e-07
    endloop
  endfacet
  facet normal 0 0 -1
    outer loop
      vertex 13.1868 -36.9176 1.90735e-07
      vertex -13.1868 -36.9176 1.90735e-07
      vertex -13.0555 -36.7945 1.90735e-07
    endloop
  endfacet
  facet normal 0 0 -1
    outer loop
      vertex 13.3259 -37.0317 1.90735e-07
      vertex -13.3259 -37.0317 1.90735e-07
      vertex -13.1868 -36.9176 1.90735e-07
    endloop
  endfacet
  facet normal 0 0 -1
    outer loop
      vertex 13.4722 -37.1365 1.90735e-07
      vertex -13.4722 -37.1365 1.90735e-07
      vertex -13.3259 -37.0317 1.90735e-07
    endloop
  endfacet
  facet normal 0 0 -1
    outer loop
      vertex 13.625 -37.2316 1.90735e-07
      vertex -13.625 -37.2316 1.90735e-07
      vertex -13.4722 -37.1365 1.90735e-07
    endloop
  endfacet
  facet normal 0 0 -1
    outer loop
      vertex 13.7837 -37.3164 1.90735e-07
      vertex -13.7837 -37.3164 1.90735e-07
      vertex -13.625 -37.2316 1.90735e-07
    endloop
  endfacet
  facet normal 0 0 -1
    outer loop
      vertex 13.9476 -37.3907 1.90735e-07
      vertex -13.9476 -37.3907 1.90735e-07
      vertex -13.7837 -37.3164 1.90735e-07
    endloop
  endfacet
  facet normal 0 0 -1
    outer loop
      vertex 14.116 -37.4541 1.90735e-07
      vertex -14.116 -37.4541 1.90735e-07
      vertex -13.9476 -37.3907 1.90735e-07
    endloop
  endfacet
  facet normal 0 0 -1
    outer loop
      vertex 14.2882 -37.5063 1.90735e-07
      vertex -14.2882 -37.5063 1.90735e-07
      vertex -14.116 -37.4541 1.90735e-07
    endloop
  endfacet
  facet normal 0 0 -1
    outer loop
      vertex 14.4635 -37.5472 1.90735e-07
      vertex -14.4635 -37.5472 1.90735e-07
      vertex -14.2882 -37.5063 1.90735e-07
    endloop
  endfacet
  facet normal 0 0 -1
    outer loop
      vertex 25 -40 1.90735e-07
      vertex -14.6411 -37.5765 1.90735e-07
      vertex -14.4635 -37.5472 1.90735e-07
    endloop
  endfacet
  facet normal 0 0 -1
    outer loop
      vertex -25 -40 1.90735e-07
      vertex -14.6411 -37.5765 1.90735e-07
      vertex 25 -40 1.90735e-07
    endloop
  endfacet
  facet normal 0 0 -1
    outer loop
      vertex -14.6411 -37.5765 1.90735e-07
      vertex -25 -40 1.90735e-07
      vertex -14.8201 -37.5941 1.90735e-07
    endloop
  endfacet
  facet normal 0 0 -1
    outer loop
      vertex -14.8201 -37.5941 1.90735e-07
      vertex -25 -40 1.90735e-07
      vertex -15 -37.6 1.90735e-07
    endloop
  endfacet
  facet normal 0 0 -1
    outer loop
      vertex -25 -40 1.90735e-07
      vertex -17.75 -24.85 1.90735e-07
      vertex -17.75 -34.85 1.90735e-07
    endloop
  endfacet
  facet normal 0 0 -1
    outer loop
      vertex -17.7265 24.4911 1.90735e-07
      vertex -25 40 1.90735e-07
      vertex -17.7441 24.6701 1.90735e-07
    endloop
  endfacet
  facet normal 0 0 -1
    outer loop
      vertex -17.7441 24.6701 1.90735e-07
      vertex -25 40 1.90735e-07
      vertex -17.75 24.85 1.90735e-07
    endloop
  endfacet
  facet normal -0 0 -1
    outer loop
      vertex -17.7441 -35.0299 1.90735e-07
      vertex -25 -40 1.90735e-07
      vertex -17.75 -34.85 1.90735e-07
    endloop
  endfacet
  facet normal -0 0 -1
    outer loop
      vertex -17.7265 -35.2089 1.90735e-07
      vertex -25 -40 1.90735e-07
      vertex -17.7441 -35.0299 1.90735e-07
    endloop
  endfacet
  facet normal -0 0 -1
    outer loop
      vertex -17.6972 -35.3865 1.90735e-07
      vertex -25 -40 1.90735e-07
      vertex -17.7265 -35.2089 1.90735e-07
    endloop
  endfacet
  facet normal -0 0 -1
    outer loop
      vertex -17.6563 -35.5618 1.90735e-07
      vertex -25 -40 1.90735e-07
      vertex -17.6972 -35.3865 1.90735e-07
    endloop
  endfacet
  facet normal -0 0 -1
    outer loop
      vertex -17.6041 -35.734 1.90735e-07
      vertex -25 -40 1.90735e-07
      vertex -17.6563 -35.5618 1.90735e-07
    endloop
  endfacet
  facet normal -0 0 -1
    outer loop
      vertex -17.5407 -35.9024 1.90735e-07
      vertex -25 -40 1.90735e-07
      vertex -17.6041 -35.734 1.90735e-07
    endloop
  endfacet
  facet normal -0 0 -1
    outer loop
      vertex -17.4664 -36.0663 1.90735e-07
      vertex -25 -40 1.90735e-07
      vertex -17.5407 -35.9024 1.90735e-07
    endloop
  endfacet
  facet normal -0 0 -1
    outer loop
      vertex -17.3816 -36.225 1.90735e-07
      vertex -25 -40 1.90735e-07
      vertex -17.4664 -36.0663 1.90735e-07
    endloop
  endfacet
  facet normal -0 0 -1
    outer loop
      vertex -17.2865 -36.3778 1.90735e-07
      vertex -25 -40 1.90735e-07
      vertex -17.3816 -36.225 1.90735e-07
    endloop
  endfacet
  facet normal -0 0 -1
    outer loop
      vertex -17.1817 -36.5241 1.90735e-07
      vertex -25 -40 1.90735e-07
      vertex -17.2865 -36.3778 1.90735e-07
    endloop
  endfacet
  facet normal -0 0 -1
    outer loop
      vertex -17.0676 -36.6632 1.90735e-07
      vertex -25 -40 1.90735e-07
      vertex -17.1817 -36.5241 1.90735e-07
    endloop
  endfacet
  facet normal -0 0 -1
    outer loop
      vertex -16.9445 -36.7945 1.90735e-07
      vertex -25 -40 1.90735e-07
      vertex -17.0676 -36.6632 1.90735e-07
    endloop
  endfacet
  facet normal -0 0 -1
    outer loop
      vertex -16.8132 -36.9176 1.90735e-07
      vertex -25 -40 1.90735e-07
      vertex -16.9445 -36.7945 1.90735e-07
    endloop
  endfacet
  facet normal -0 0 -1
    outer loop
      vertex -16.6741 -37.0317 1.90735e-07
      vertex -25 -40 1.90735e-07
      vertex -16.8132 -36.9176 1.90735e-07
    endloop
  endfacet
  facet normal -0 0 -1
    outer loop
      vertex -16.5278 -37.1365 1.90735e-07
      vertex -25 -40 1.90735e-07
      vertex -16.6741 -37.0317 1.90735e-07
    endloop
  endfacet
  facet normal -0 0 -1
    outer loop
      vertex -16.375 -37.2316 1.90735e-07
      vertex -25 -40 1.90735e-07
      vertex -16.5278 -37.1365 1.90735e-07
    endloop
  endfacet
  facet normal -0 0 -1
    outer loop
      vertex -16.2163 -37.3164 1.90735e-07
      vertex -25 -40 1.90735e-07
      vertex -16.375 -37.2316 1.90735e-07
    endloop
  endfacet
  facet normal -0 0 -1
    outer loop
      vertex -16.0524 -37.3907 1.90735e-07
      vertex -25 -40 1.90735e-07
      vertex -16.2163 -37.3164 1.90735e-07
    endloop
  endfacet
  facet normal -0 0 -1
    outer loop
      vertex -15.884 -37.4541 1.90735e-07
      vertex -25 -40 1.90735e-07
      vertex -16.0524 -37.3907 1.90735e-07
    endloop
  endfacet
  facet normal -0 0 -1
    outer loop
      vertex -15.7118 -37.5063 1.90735e-07
      vertex -25 -40 1.90735e-07
      vertex -15.884 -37.4541 1.90735e-07
    endloop
  endfacet
  facet normal -0 0 -1
    outer loop
      vertex -15.5365 -37.5472 1.90735e-07
      vertex -25 -40 1.90735e-07
      vertex -15.7118 -37.5063 1.90735e-07
    endloop
  endfacet
  facet normal -0 0 -1
    outer loop
      vertex -15.3589 -37.5765 1.90735e-07
      vertex -25 -40 1.90735e-07
      vertex -15.5365 -37.5472 1.90735e-07
    endloop
  endfacet
  facet normal -0 0 -1
    outer loop
      vertex -15.1799 -37.5941 1.90735e-07
      vertex -25 -40 1.90735e-07
      vertex -15.3589 -37.5765 1.90735e-07
    endloop
  endfacet
  facet normal -0 0 -1
    outer loop
      vertex -15 -37.6 1.90735e-07
      vertex -25 -40 1.90735e-07
      vertex -15.1799 -37.5941 1.90735e-07
    endloop
  endfacet
  facet normal 0 0 -1
    outer loop
      vertex 17.7441 -24.6701 1.90735e-07
      vertex 25 -40 1.90735e-07
      vertex 17.75 -24.85 1.90735e-07
    endloop
  endfacet
  facet normal 0 0 -1
    outer loop
      vertex 17.7265 -24.4911 1.90735e-07
      vertex 25 -40 1.90735e-07
      vertex 17.7441 -24.6701 1.90735e-07
    endloop
  endfacet
  facet normal 0 0 -1
    outer loop
      vertex 17.75 34.85 1.90735e-07
      vertex 25 40 1.90735e-07
      vertex 17.75 24.85 1.90735e-07
    endloop
  endfacet
  facet normal 0 0 -1
    outer loop
      vertex 17.7441 35.0299 1.90735e-07
      vertex 25 40 1.90735e-07
      vertex 17.75 34.85 1.90735e-07
    endloop
  endfacet
  facet normal 0 0 -1
    outer loop
      vertex 17.7265 35.2089 1.90735e-07
      vertex 25 40 1.90735e-07
      vertex 17.7441 35.0299 1.90735e-07
    endloop
  endfacet
  facet normal 0 0 -1
    outer loop
      vertex 17.6972 35.3865 1.90735e-07
      vertex 25 40 1.90735e-07
      vertex 17.7265 35.2089 1.90735e-07
    endloop
  endfacet
  facet normal 0 0 -1
    outer loop
      vertex 17.6563 35.5618 1.90735e-07
      vertex 25 40 1.90735e-07
      vertex 17.6972 35.3865 1.90735e-07
    endloop
  endfacet
  facet normal 0 0 -1
    outer loop
      vertex 17.6041 35.734 1.90735e-07
      vertex 25 40 1.90735e-07
      vertex 17.6563 35.5618 1.90735e-07
    endloop
  endfacet
  facet normal 0 0 -1
    outer loop
      vertex 17.5407 35.9024 1.90735e-07
      vertex 25 40 1.90735e-07
      vertex 17.6041 35.734 1.90735e-07
    endloop
  endfacet
  facet normal 0 0 -1
    outer loop
      vertex 17.4664 36.0663 1.90735e-07
      vertex 25 40 1.90735e-07
      vertex 17.5407 35.9024 1.90735e-07
    endloop
  endfacet
  facet normal 0 0 -1
    outer loop
      vertex 17.3816 36.225 1.90735e-07
      vertex 25 40 1.90735e-07
      vertex 17.4664 36.0663 1.90735e-07
    endloop
  endfacet
  facet normal 0 0 -1
    outer loop
      vertex 17.2865 36.3778 1.90735e-07
      vertex 25 40 1.90735e-07
      vertex 17.3816 36.225 1.90735e-07
    endloop
  endfacet
  facet normal 0 0 -1
    outer loop
      vertex 17.1817 36.5241 1.90735e-07
      vertex 25 40 1.90735e-07
      vertex 17.2865 36.3778 1.90735e-07
    endloop
  endfacet
  facet normal 0 0 -1
    outer loop
      vertex 17.0676 36.6632 1.90735e-07
      vertex 25 40 1.90735e-07
      vertex 17.1817 36.5241 1.90735e-07
    endloop
  endfacet
  facet normal 0 0 -1
    outer loop
      vertex 16.9445 36.7945 1.90735e-07
      vertex 25 40 1.90735e-07
      vertex 17.0676 36.6632 1.90735e-07
    endloop
  endfacet
  facet normal 0 0 -1
    outer loop
      vertex 16.8132 36.9176 1.90735e-07
      vertex 25 40 1.90735e-07
      vertex 16.9445 36.7945 1.90735e-07
    endloop
  endfacet
  facet normal 0 0 -1
    outer loop
      vertex 16.6741 37.0317 1.90735e-07
      vertex 25 40 1.90735e-07
      vertex 16.8132 36.9176 1.90735e-07
    endloop
  endfacet
  facet normal 0 0 -1
    outer loop
      vertex 16.5278 37.1365 1.90735e-07
      vertex 25 40 1.90735e-07
      vertex 16.6741 37.0317 1.90735e-07
    endloop
  endfacet
  facet normal 0 0 -1
    outer loop
      vertex 16.375 37.2316 1.90735e-07
      vertex 25 40 1.90735e-07
      vertex 16.5278 37.1365 1.90735e-07
    endloop
  endfacet
  facet normal 0 0 -1
    outer loop
      vertex 16.2163 37.3164 1.90735e-07
      vertex 25 40 1.90735e-07
      vertex 16.375 37.2316 1.90735e-07
    endloop
  endfacet
  facet normal 0 0 -1
    outer loop
      vertex 16.0524 37.3907 1.90735e-07
      vertex 25 40 1.90735e-07
      vertex 16.2163 37.3164 1.90735e-07
    endloop
  endfacet
  facet normal 0 0 -1
    outer loop
      vertex 15.884 37.4541 1.90735e-07
      vertex 25 40 1.90735e-07
      vertex 16.0524 37.3907 1.90735e-07
    endloop
  endfacet
  facet normal 0 0 -1
    outer loop
      vertex 15.7118 37.5063 1.90735e-07
      vertex 25 40 1.90735e-07
      vertex 15.884 37.4541 1.90735e-07
    endloop
  endfacet
  facet normal 0 0 -1
    outer loop
      vertex 15.5365 37.5472 1.90735e-07
      vertex 25 40 1.90735e-07
      vertex 15.7118 37.5063 1.90735e-07
    endloop
  endfacet
  facet normal 0 0 -1
    outer loop
      vertex 15.3589 37.5765 1.90735e-07
      vertex 25 40 1.90735e-07
      vertex 15.5365 37.5472 1.90735e-07
    endloop
  endfacet
  facet normal 0 0 -1
    outer loop
      vertex 15.1799 37.5941 1.90735e-07
      vertex 25 40 1.90735e-07
      vertex 15.3589 37.5765 1.90735e-07
    endloop
  endfacet
  facet normal 0 0 -1
    outer loop
      vertex 15 37.6 1.90735e-07
      vertex 25 40 1.90735e-07
      vertex 15.1799 37.5941 1.90735e-07
    endloop
  endfacet
  facet normal 0 0 -1
    outer loop
      vertex 14.8201 37.5941 1.90735e-07
      vertex 25 40 1.90735e-07
      vertex 15 37.6 1.90735e-07
    endloop
  endfacet
  facet normal 0 0 -1
    outer loop
      vertex 14.6411 37.5765 1.90735e-07
      vertex 25 40 1.90735e-07
      vertex 14.8201 37.5941 1.90735e-07
    endloop
  endfacet
  facet normal 0 0 -1
    outer loop
      vertex 14.4635 37.5472 1.90735e-07
      vertex 25 40 1.90735e-07
      vertex 14.6411 37.5765 1.90735e-07
    endloop
  endfacet
  facet normal -0 0 -1
    outer loop
      vertex 12.8183 23.1759 1.90735e-07
      vertex 3.76843 16.3416 1.90735e-07
      vertex 12.7135 23.3222 1.90735e-07
    endloop
  endfacet
  facet normal 0 0 -1
    outer loop
      vertex 3.57124 16.5819 1.90735e-07
      vertex 12.7135 23.3222 1.90735e-07
      vertex 3.76843 16.3416 1.90735e-07
    endloop
  endfacet
  facet normal -0 0 -1
    outer loop
      vertex 12.7135 23.3222 1.90735e-07
      vertex 3.57124 16.5819 1.90735e-07
      vertex 12.6184 23.475 1.90735e-07
    endloop
  endfacet
  facet normal 0 0 -1
    outer loop
      vertex 3.35876 16.8088 1.90735e-07
      vertex 12.6184 23.475 1.90735e-07
      vertex 3.57124 16.5819 1.90735e-07
    endloop
  endfacet
  facet normal -0 0 -1
    outer loop
      vertex 12.6184 23.475 1.90735e-07
      vertex 3.35876 16.8088 1.90735e-07
      vertex 12.5336 23.6337 1.90735e-07
    endloop
  endfacet
  facet normal 0 0 -1
    outer loop
      vertex 3.13189 17.0212 1.90735e-07
      vertex 12.5336 23.6337 1.90735e-07
      vertex 3.35876 16.8088 1.90735e-07
    endloop
  endfacet
  facet normal -0 0 -1
    outer loop
      vertex 12.5336 23.6337 1.90735e-07
      vertex 3.13189 17.0212 1.90735e-07
      vertex 12.4593 23.7976 1.90735e-07
    endloop
  endfacet
  facet normal -0 0 -1
    outer loop
      vertex 12.4593 23.7976 1.90735e-07
      vertex 3.13189 17.0212 1.90735e-07
      vertex 12.3959 23.966 1.90735e-07
    endloop
  endfacet
  facet normal 0 0 -1
    outer loop
      vertex 2.89162 17.2184 1.90735e-07
      vertex 12.3959 23.966 1.90735e-07
      vertex 3.13189 17.0212 1.90735e-07
    endloop
  endfacet
  facet normal -0 0 -1
    outer loop
      vertex 12.3959 23.966 1.90735e-07
      vertex 2.89162 17.2184 1.90735e-07
      vertex 12.3437 24.1382 1.90735e-07
    endloop
  endfacet
  facet normal 0 0 -1
    outer loop
      vertex 2.63896 17.3995 1.90735e-07
      vertex 12.3437 24.1382 1.90735e-07
      vertex 2.89162 17.2184 1.90735e-07
    endloop
  endfacet
  facet normal -0 0 -1
    outer loop
      vertex 12.3437 24.1382 1.90735e-07
      vertex 2.63896 17.3995 1.90735e-07
      vertex 12.3028 24.3135 1.90735e-07
    endloop
  endfacet
  facet normal 0 0 -1
    outer loop
      vertex 2.375 17.5636 1.90735e-07
      vertex 12.3028 24.3135 1.90735e-07
      vertex 2.63896 17.3995 1.90735e-07
    endloop
  endfacet
  facet normal -0 0 -1
    outer loop
      vertex 12.3028 24.3135 1.90735e-07
      vertex 2.375 17.5636 1.90735e-07
      vertex 12.2735 24.4911 1.90735e-07
    endloop
  endfacet
  facet normal 0 0 -1
    outer loop
      vertex 2.10087 17.7101 1.90735e-07
      vertex 12.2735 24.4911 1.90735e-07
      vertex 2.375 17.5636 1.90735e-07
    endloop
  endfacet
  facet normal -0 0 -1
    outer loop
      vertex 12.2735 24.4911 1.90735e-07
      vertex 2.10087 17.7101 1.90735e-07
      vertex 12.2559 24.6701 1.90735e-07
    endloop
  endfacet
  facet normal 0 0 -1
    outer loop
      vertex 1.81775 17.8384 1.90735e-07
      vertex 12.2559 24.6701 1.90735e-07
      vertex 2.10087 17.7101 1.90735e-07
    endloop
  endfacet
  facet normal -0 0 -1
    outer loop
      vertex 12.2559 24.6701 1.90735e-07
      vertex 1.81775 17.8384 1.90735e-07
      vertex 12.25 24.85 1.90735e-07
    endloop
  endfacet
  facet normal 0 0 -1
    outer loop
      vertex 1.52684 17.9479 1.90735e-07
      vertex 12.25 24.85 1.90735e-07
      vertex 1.81775 17.8384 1.90735e-07
    endloop
  endfacet
  facet normal 0 0 -1
    outer loop
      vertex 1.22939 18.0381 1.90735e-07
      vertex 12.25 24.85 1.90735e-07
      vertex 1.52684 17.9479 1.90735e-07
    endloop
  endfacet
  facet normal 0 0 -1
    outer loop
      vertex 0.926679 18.1087 1.90735e-07
      vertex 12.25 24.85 1.90735e-07
      vertex 1.22939 18.0381 1.90735e-07
    endloop
  endfacet
  facet normal 0 0 -1
    outer loop
      vertex 0.619999 18.1594 1.90735e-07
      vertex 12.25 24.85 1.90735e-07
      vertex 0.926679 18.1087 1.90735e-07
    endloop
  endfacet
  facet normal -0 0 -1
    outer loop
      vertex 12.25 24.85 1.90735e-07
      vertex 0.619999 18.1594 1.90735e-07
      vertex 12.25 34.85 1.90735e-07
    endloop
  endfacet
  facet normal 0 0 -1
    outer loop
      vertex 0.310664 18.1898 1.90735e-07
      vertex 12.25 34.85 1.90735e-07
      vertex 0.619999 18.1594 1.90735e-07
    endloop
  endfacet
  facet normal 0 0 -1
    outer loop
      vertex 0 18.2 1.90735e-07
      vertex 12.25 34.85 1.90735e-07
      vertex 0.310664 18.1898 1.90735e-07
    endloop
  endfacet
  facet normal 0 0 -1
    outer loop
      vertex -12.25 34.85 1.90735e-07
      vertex 12.25 34.85 1.90735e-07
      vertex 0 18.2 1.90735e-07
    endloop
  endfacet
  facet normal 0 0 -1
    outer loop
      vertex 12.25 34.85 1.90735e-07
      vertex -12.25 34.85 1.90735e-07
      vertex 12.2559 35.0299 1.90735e-07
    endloop
  endfacet
  facet normal 0 0 -1
    outer loop
      vertex -12.2559 35.0299 1.90735e-07
      vertex 12.2559 35.0299 1.90735e-07
      vertex -12.25 34.85 1.90735e-07
    endloop
  endfacet
  facet normal 0 0 -1
    outer loop
      vertex 12.2559 35.0299 1.90735e-07
      vertex -12.2559 35.0299 1.90735e-07
      vertex 12.2735 35.2089 1.90735e-07
    endloop
  endfacet
  facet normal 0 0 -1
    outer loop
      vertex -12.2735 35.2089 1.90735e-07
      vertex 12.2735 35.2089 1.90735e-07
      vertex -12.2559 35.0299 1.90735e-07
    endloop
  endfacet
  facet normal 0 0 -1
    outer loop
      vertex 12.2735 35.2089 1.90735e-07
      vertex -12.2735 35.2089 1.90735e-07
      vertex 12.3028 35.3865 1.90735e-07
    endloop
  endfacet
  facet normal 0 0 -1
    outer loop
      vertex -12.3028 35.3865 1.90735e-07
      vertex 12.3028 35.3865 1.90735e-07
      vertex -12.2735 35.2089 1.90735e-07
    endloop
  endfacet
  facet normal 0 0 -1
    outer loop
      vertex 12.3028 35.3865 1.90735e-07
      vertex -12.3028 35.3865 1.90735e-07
      vertex 12.3437 35.5618 1.90735e-07
    endloop
  endfacet
  facet normal 0 0 -1
    outer loop
      vertex -12.3437 35.5618 1.90735e-07
      vertex 12.3437 35.5618 1.90735e-07
      vertex -12.3028 35.3865 1.90735e-07
    endloop
  endfacet
  facet normal 0 0 -1
    outer loop
      vertex -12.25 34.85 1.90735e-07
      vertex 0 18.2 1.90735e-07
      vertex -0.310664 18.1898 1.90735e-07
    endloop
  endfacet
  facet normal 0 0 -1
    outer loop
      vertex -12.25 34.85 1.90735e-07
      vertex -0.310664 18.1898 1.90735e-07
      vertex -0.619999 18.1594 1.90735e-07
    endloop
  endfacet
  facet normal 0 0 -1
    outer loop
      vertex 12.3437 35.5618 1.90735e-07
      vertex -12.3437 35.5618 1.90735e-07
      vertex 12.3959 35.734 1.90735e-07
    endloop
  endfacet
  facet normal 0 0 -1
    outer loop
      vertex -12.25 24.85 1.90735e-07
      vertex -0.619999 18.1594 1.90735e-07
      vertex -0.926679 18.1087 1.90735e-07
    endloop
  endfacet
  facet normal 0 0 -1
    outer loop
      vertex -12.25 24.85 1.90735e-07
      vertex -0.926679 18.1087 1.90735e-07
      vertex -1.22939 18.0381 1.90735e-07
    endloop
  endfacet
  facet normal 0 0 -1
    outer loop
      vertex -12.25 24.85 1.90735e-07
      vertex -1.22939 18.0381 1.90735e-07
      vertex -1.52684 17.9479 1.90735e-07
    endloop
  endfacet
  facet normal 0 0 -1
    outer loop
      vertex -12.25 24.85 1.90735e-07
      vertex -1.52684 17.9479 1.90735e-07
      vertex -1.81775 17.8384 1.90735e-07
    endloop
  endfacet
  facet normal 0 0 -1
    outer loop
      vertex -12.25 24.85 1.90735e-07
      vertex -1.81775 17.8384 1.90735e-07
      vertex -2.10087 17.7101 1.90735e-07
    endloop
  endfacet
  facet normal 0 0 -1
    outer loop
      vertex -12.25 24.85 1.90735e-07
      vertex -2.10087 17.7101 1.90735e-07
      vertex -2.375 17.5636 1.90735e-07
    endloop
  endfacet
  facet normal 0 0 -1
    outer loop
      vertex -12.25 24.85 1.90735e-07
      vertex -2.375 17.5636 1.90735e-07
      vertex -2.63896 17.3995 1.90735e-07
    endloop
  endfacet
  facet normal 0 0 -1
    outer loop
      vertex -12.25 24.85 1.90735e-07
      vertex -2.63896 17.3995 1.90735e-07
      vertex -2.89162 17.2184 1.90735e-07
    endloop
  endfacet
  facet normal 0 0 -1
    outer loop
      vertex -12.25 24.85 1.90735e-07
      vertex -2.89162 17.2184 1.90735e-07
      vertex -3.13189 17.0212 1.90735e-07
    endloop
  endfacet
  facet normal 0 0 -1
    outer loop
      vertex -12.25 24.85 1.90735e-07
      vertex -3.13189 17.0212 1.90735e-07
      vertex -3.35876 16.8088 1.90735e-07
    endloop
  endfacet
  facet normal 0 0 -1
    outer loop
      vertex -12.25 24.85 1.90735e-07
      vertex -3.35876 16.8088 1.90735e-07
      vertex -3.57124 16.5819 1.90735e-07
    endloop
  endfacet
  facet normal 0 0 -1
    outer loop
      vertex -0.619999 18.1594 1.90735e-07
      vertex -12.25 24.85 1.90735e-07
      vertex -12.25 34.85 1.90735e-07
    endloop
  endfacet
  facet normal 0 0 -1
    outer loop
      vertex -4.70936 12.83 1.90735e-07
      vertex -12.25 24.85 1.90735e-07
      vertex -4.73983 13.1393 1.90735e-07
    endloop
  endfacet
  facet normal 0 0 -1
    outer loop
      vertex -4.73983 13.1393 1.90735e-07
      vertex -12.25 24.85 1.90735e-07
      vertex -4.75 13.45 1.90735e-07
    endloop
  endfacet
  facet normal 0 0 -1
    outer loop
      vertex -4.75 13.45 1.90735e-07
      vertex -12.25 24.85 1.90735e-07
      vertex -4.73983 13.7607 1.90735e-07
    endloop
  endfacet
  facet normal 0 0 -1
    outer loop
      vertex -4.73983 13.7607 1.90735e-07
      vertex -12.25 24.85 1.90735e-07
      vertex -4.70936 14.07 1.90735e-07
    endloop
  endfacet
  facet normal 0 0 -1
    outer loop
      vertex -4.70936 14.07 1.90735e-07
      vertex -12.25 24.85 1.90735e-07
      vertex -4.65873 14.3767 1.90735e-07
    endloop
  endfacet
  facet normal 0 0 -1
    outer loop
      vertex -12.25 24.85 1.90735e-07
      vertex -4.58815 14.6794 1.90735e-07
      vertex -4.65873 14.3767 1.90735e-07
    endloop
  endfacet
  facet normal 0 0 -1
    outer loop
      vertex -12.25 24.85 1.90735e-07
      vertex -4.49792 14.9768 1.90735e-07
      vertex -4.58815 14.6794 1.90735e-07
    endloop
  endfacet
  facet normal 0 0 -1
    outer loop
      vertex -12.25 24.85 1.90735e-07
      vertex -4.38843 15.2677 1.90735e-07
      vertex -4.49792 14.9768 1.90735e-07
    endloop
  endfacet
  facet normal 0 0 -1
    outer loop
      vertex -12.25 24.85 1.90735e-07
      vertex -4.26015 15.5509 1.90735e-07
      vertex -4.38843 15.2677 1.90735e-07
    endloop
  endfacet
  facet normal 0 0 -1
    outer loop
      vertex -12.25 24.85 1.90735e-07
      vertex -4.11362 15.825 1.90735e-07
      vertex -4.26015 15.5509 1.90735e-07
    endloop
  endfacet
  facet normal 0 0 -1
    outer loop
      vertex -12.25 24.85 1.90735e-07
      vertex -3.94948 16.089 1.90735e-07
      vertex -4.11362 15.825 1.90735e-07
    endloop
  endfacet
  facet normal 0 0 -1
    outer loop
      vertex -12.25 24.85 1.90735e-07
      vertex -3.76843 16.3416 1.90735e-07
      vertex -3.94948 16.089 1.90735e-07
    endloop
  endfacet
  facet normal 0 0 -1
    outer loop
      vertex -12.25 24.85 1.90735e-07
      vertex -3.57124 16.5819 1.90735e-07
      vertex -3.76843 16.3416 1.90735e-07
    endloop
  endfacet
  facet normal 0 0 -1
    outer loop
      vertex -12.3959 35.734 1.90735e-07
      vertex 12.3959 35.734 1.90735e-07
      vertex -12.3437 35.5618 1.90735e-07
    endloop
  endfacet
  facet normal 0 0 -1
    outer loop
      vertex 12.3959 35.734 1.90735e-07
      vertex -12.3959 35.734 1.90735e-07
      vertex 12.4593 35.9024 1.90735e-07
    endloop
  endfacet
  facet normal 0 0 -1
    outer loop
      vertex -12.4593 35.9024 1.90735e-07
      vertex 12.4593 35.9024 1.90735e-07
      vertex -12.3959 35.734 1.90735e-07
    endloop
  endfacet
  facet normal 0 0 -1
    outer loop
      vertex 12.4593 35.9024 1.90735e-07
      vertex -12.4593 35.9024 1.90735e-07
      vertex 12.5336 36.0663 1.90735e-07
    endloop
  endfacet
  facet normal 0 0 -1
    outer loop
      vertex -12.5336 36.0663 1.90735e-07
      vertex 12.5336 36.0663 1.90735e-07
      vertex -12.4593 35.9024 1.90735e-07
    endloop
  endfacet
  facet normal 0 0 -1
    outer loop
      vertex 12.5336 36.0663 1.90735e-07
      vertex -12.5336 36.0663 1.90735e-07
      vertex 12.6184 36.225 1.90735e-07
    endloop
  endfacet
  facet normal 0 0 -1
    outer loop
      vertex -12.6184 36.225 1.90735e-07
      vertex 12.6184 36.225 1.90735e-07
      vertex -12.5336 36.0663 1.90735e-07
    endloop
  endfacet
  facet normal 0 0 -1
    outer loop
      vertex 12.6184 36.225 1.90735e-07
      vertex -12.6184 36.225 1.90735e-07
      vertex 12.7135 36.3778 1.90735e-07
    endloop
  endfacet
  facet normal 0 0 -1
    outer loop
      vertex -12.7135 36.3778 1.90735e-07
      vertex 12.7135 36.3778 1.90735e-07
      vertex -12.6184 36.225 1.90735e-07
    endloop
  endfacet
  facet normal 0 0 -1
    outer loop
      vertex 12.7135 36.3778 1.90735e-07
      vertex -12.7135 36.3778 1.90735e-07
      vertex 12.8183 36.5241 1.90735e-07
    endloop
  endfacet
  facet normal 0 0 -1
    outer loop
      vertex -12.8183 36.5241 1.90735e-07
      vertex 12.8183 36.5241 1.90735e-07
      vertex -12.7135 36.3778 1.90735e-07
    endloop
  endfacet
  facet normal 0 0 -1
    outer loop
      vertex 12.8183 36.5241 1.90735e-07
      vertex -12.8183 36.5241 1.90735e-07
      vertex 12.9324 36.6632 1.90735e-07
    endloop
  endfacet
  facet normal 0 0 -1
    outer loop
      vertex -12.9324 36.6632 1.90735e-07
      vertex 12.9324 36.6632 1.90735e-07
      vertex -12.8183 36.5241 1.90735e-07
    endloop
  endfacet
  facet normal 0 0 -1
    outer loop
      vertex 12.9324 36.6632 1.90735e-07
      vertex -12.9324 36.6632 1.90735e-07
      vertex 13.0555 36.7945 1.90735e-07
    endloop
  endfacet
  facet normal 0 0 -1
    outer loop
      vertex -13.0555 36.7945 1.90735e-07
      vertex 13.0555 36.7945 1.90735e-07
      vertex -12.9324 36.6632 1.90735e-07
    endloop
  endfacet
  facet normal 0 0 -1
    outer loop
      vertex 13.0555 36.7945 1.90735e-07
      vertex -13.0555 36.7945 1.90735e-07
      vertex 13.1868 36.9176 1.90735e-07
    endloop
  endfacet
  facet normal 0 0 -1
    outer loop
      vertex -13.1868 36.9176 1.90735e-07
      vertex 13.1868 36.9176 1.90735e-07
      vertex -13.0555 36.7945 1.90735e-07
    endloop
  endfacet
  facet normal 0 0 -1
    outer loop
      vertex 13.1868 36.9176 1.90735e-07
      vertex -13.1868 36.9176 1.90735e-07
      vertex 13.3259 37.0317 1.90735e-07
    endloop
  endfacet
  facet normal 0 0 -1
    outer loop
      vertex -13.3259 37.0317 1.90735e-07
      vertex 13.3259 37.0317 1.90735e-07
      vertex -13.1868 36.9176 1.90735e-07
    endloop
  endfacet
  facet normal 0 0 -1
    outer loop
      vertex 13.3259 37.0317 1.90735e-07
      vertex -13.3259 37.0317 1.90735e-07
      vertex 13.4722 37.1365 1.90735e-07
    endloop
  endfacet
  facet normal 0 0 -1
    outer loop
      vertex -13.4722 37.1365 1.90735e-07
      vertex 13.4722 37.1365 1.90735e-07
      vertex -13.3259 37.0317 1.90735e-07
    endloop
  endfacet
  facet normal 0 0 -1
    outer loop
      vertex 13.4722 37.1365 1.90735e-07
      vertex -13.4722 37.1365 1.90735e-07
      vertex 13.625 37.2316 1.90735e-07
    endloop
  endfacet
  facet normal 0 0 -1
    outer loop
      vertex -13.625 37.2316 1.90735e-07
      vertex 13.625 37.2316 1.90735e-07
      vertex -13.4722 37.1365 1.90735e-07
    endloop
  endfacet
  facet normal 0 0 -1
    outer loop
      vertex 13.625 37.2316 1.90735e-07
      vertex -13.625 37.2316 1.90735e-07
      vertex 13.7837 37.3164 1.90735e-07
    endloop
  endfacet
  facet normal 0 0 -1
    outer loop
      vertex -13.7837 37.3164 1.90735e-07
      vertex 13.7837 37.3164 1.90735e-07
      vertex -13.625 37.2316 1.90735e-07
    endloop
  endfacet
  facet normal 0 0 -1
    outer loop
      vertex 13.7837 37.3164 1.90735e-07
      vertex -13.7837 37.3164 1.90735e-07
      vertex 13.9476 37.3907 1.90735e-07
    endloop
  endfacet
  facet normal 0 0 -1
    outer loop
      vertex -13.9476 37.3907 1.90735e-07
      vertex 13.9476 37.3907 1.90735e-07
      vertex -13.7837 37.3164 1.90735e-07
    endloop
  endfacet
  facet normal 0 0 -1
    outer loop
      vertex 13.9476 37.3907 1.90735e-07
      vertex -13.9476 37.3907 1.90735e-07
      vertex 14.116 37.4541 1.90735e-07
    endloop
  endfacet
  facet normal 0 0 -1
    outer loop
      vertex -14.116 37.4541 1.90735e-07
      vertex 14.116 37.4541 1.90735e-07
      vertex -13.9476 37.3907 1.90735e-07
    endloop
  endfacet
  facet normal 0 0 -1
    outer loop
      vertex 14.116 37.4541 1.90735e-07
      vertex -14.116 37.4541 1.90735e-07
      vertex 14.2882 37.5063 1.90735e-07
    endloop
  endfacet
  facet normal 0 0 -1
    outer loop
      vertex -14.2882 37.5063 1.90735e-07
      vertex 14.2882 37.5063 1.90735e-07
      vertex -14.116 37.4541 1.90735e-07
    endloop
  endfacet
  facet normal 0 0 -1
    outer loop
      vertex 14.2882 37.5063 1.90735e-07
      vertex -14.2882 37.5063 1.90735e-07
      vertex 14.4635 37.5472 1.90735e-07
    endloop
  endfacet
  facet normal 0 0 -1
    outer loop
      vertex -14.4635 37.5472 1.90735e-07
      vertex 14.4635 37.5472 1.90735e-07
      vertex -14.2882 37.5063 1.90735e-07
    endloop
  endfacet
  facet normal 0 0 -1
    outer loop
      vertex 14.4635 37.5472 1.90735e-07
      vertex -14.4635 37.5472 1.90735e-07
      vertex 25 40 1.90735e-07
    endloop
  endfacet
  facet normal 0 0 -1
    outer loop
      vertex -14.6411 37.5765 1.90735e-07
      vertex 25 40 1.90735e-07
      vertex -14.4635 37.5472 1.90735e-07
    endloop
  endfacet
  facet normal 0 0 -1
    outer loop
      vertex -25 40 1.90735e-07
      vertex -14.6411 37.5765 1.90735e-07
      vertex -14.8201 37.5941 1.90735e-07
    endloop
  endfacet
  facet normal 0 0 -1
    outer loop
      vertex -25 40 1.90735e-07
      vertex -14.8201 37.5941 1.90735e-07
      vertex -15 37.6 1.90735e-07
    endloop
  endfacet
  facet normal 0 0 -1
    outer loop
      vertex -25 40 1.90735e-07
      vertex -15 37.6 1.90735e-07
      vertex -15.1799 37.5941 1.90735e-07
    endloop
  endfacet
  facet normal 0 0 -1
    outer loop
      vertex -17.75 24.85 1.90735e-07
      vertex -25 40 1.90735e-07
      vertex -17.75 34.85 1.90735e-07
    endloop
  endfacet
  facet normal 0 0 -1
    outer loop
      vertex -14.6411 37.5765 1.90735e-07
      vertex -25 40 1.90735e-07
      vertex 25 40 1.90735e-07
    endloop
  endfacet
  facet normal 0 0 -1
    outer loop
      vertex -15.3589 37.5765 1.90735e-07
      vertex -25 40 1.90735e-07
      vertex -15.1799 37.5941 1.90735e-07
    endloop
  endfacet
  facet normal 0 0 -1
    outer loop
      vertex -15.5365 37.5472 1.90735e-07
      vertex -25 40 1.90735e-07
      vertex -15.3589 37.5765 1.90735e-07
    endloop
  endfacet
  facet normal 0 0 -1
    outer loop
      vertex -15.7118 37.5063 1.90735e-07
      vertex -25 40 1.90735e-07
      vertex -15.5365 37.5472 1.90735e-07
    endloop
  endfacet
  facet normal 0 0 -1
    outer loop
      vertex -15.884 37.4541 1.90735e-07
      vertex -25 40 1.90735e-07
      vertex -15.7118 37.5063 1.90735e-07
    endloop
  endfacet
  facet normal 0 0 -1
    outer loop
      vertex -16.0524 37.3907 1.90735e-07
      vertex -25 40 1.90735e-07
      vertex -15.884 37.4541 1.90735e-07
    endloop
  endfacet
  facet normal 0 0 -1
    outer loop
      vertex -16.2163 37.3164 1.90735e-07
      vertex -25 40 1.90735e-07
      vertex -16.0524 37.3907 1.90735e-07
    endloop
  endfacet
  facet normal 0 0 -1
    outer loop
      vertex -16.375 37.2316 1.90735e-07
      vertex -25 40 1.90735e-07
      vertex -16.2163 37.3164 1.90735e-07
    endloop
  endfacet
  facet normal 0 0 -1
    outer loop
      vertex -16.5278 37.1365 1.90735e-07
      vertex -25 40 1.90735e-07
      vertex -16.375 37.2316 1.90735e-07
    endloop
  endfacet
  facet normal 0 0 -1
    outer loop
      vertex -16.6741 37.0317 1.90735e-07
      vertex -25 40 1.90735e-07
      vertex -16.5278 37.1365 1.90735e-07
    endloop
  endfacet
  facet normal 0 0 -1
    outer loop
      vertex -16.8132 36.9176 1.90735e-07
      vertex -25 40 1.90735e-07
      vertex -16.6741 37.0317 1.90735e-07
    endloop
  endfacet
  facet normal 0 0 -1
    outer loop
      vertex -16.9445 36.7945 1.90735e-07
      vertex -25 40 1.90735e-07
      vertex -16.8132 36.9176 1.90735e-07
    endloop
  endfacet
  facet normal 0 0 -1
    outer loop
      vertex -17.0676 36.6632 1.90735e-07
      vertex -25 40 1.90735e-07
      vertex -16.9445 36.7945 1.90735e-07
    endloop
  endfacet
  facet normal 0 0 -1
    outer loop
      vertex -17.1817 36.5241 1.90735e-07
      vertex -25 40 1.90735e-07
      vertex -17.0676 36.6632 1.90735e-07
    endloop
  endfacet
  facet normal 0 0 -1
    outer loop
      vertex -17.2865 36.3778 1.90735e-07
      vertex -25 40 1.90735e-07
      vertex -17.1817 36.5241 1.90735e-07
    endloop
  endfacet
  facet normal 0 0 -1
    outer loop
      vertex -17.3816 36.225 1.90735e-07
      vertex -25 40 1.90735e-07
      vertex -17.2865 36.3778 1.90735e-07
    endloop
  endfacet
  facet normal 0 0 -1
    outer loop
      vertex -17.4664 36.0663 1.90735e-07
      vertex -25 40 1.90735e-07
      vertex -17.3816 36.225 1.90735e-07
    endloop
  endfacet
  facet normal 0 0 -1
    outer loop
      vertex -17.5407 35.9024 1.90735e-07
      vertex -25 40 1.90735e-07
      vertex -17.4664 36.0663 1.90735e-07
    endloop
  endfacet
  facet normal 0 0 -1
    outer loop
      vertex -17.6041 35.734 1.90735e-07
      vertex -25 40 1.90735e-07
      vertex -17.5407 35.9024 1.90735e-07
    endloop
  endfacet
  facet normal 0 0 -1
    outer loop
      vertex -17.6563 35.5618 1.90735e-07
      vertex -25 40 1.90735e-07
      vertex -17.6041 35.734 1.90735e-07
    endloop
  endfacet
  facet normal 0 0 -1
    outer loop
      vertex -17.6972 35.3865 1.90735e-07
      vertex -25 40 1.90735e-07
      vertex -17.6563 35.5618 1.90735e-07
    endloop
  endfacet
  facet normal 0 0 -1
    outer loop
      vertex -17.7265 35.2089 1.90735e-07
      vertex -25 40 1.90735e-07
      vertex -17.6972 35.3865 1.90735e-07
    endloop
  endfacet
  facet normal 0 0 -1
    outer loop
      vertex -17.7441 35.0299 1.90735e-07
      vertex -25 40 1.90735e-07
      vertex -17.7265 35.2089 1.90735e-07
    endloop
  endfacet
  facet normal 0 0 -1
    outer loop
      vertex -17.75 34.85 1.90735e-07
      vertex -25 40 1.90735e-07
      vertex -17.7441 35.0299 1.90735e-07
    endloop
  endfacet
  facet normal 0 -1 0
    outer loop
      vertex -25 -40 1.90735e-07
      vertex 25 -40 5
      vertex -25 -40 5
    endloop
  endfacet
  facet normal 0 -1 -0
    outer loop
      vertex 25 -40 5
      vertex -25 -40 1.90735e-07
      vertex 25 -40 1.90735e-07
    endloop
  endfacet
  facet normal 0 1 -0
    outer loop
      vertex 25 40 1.90735e-07
      vertex -25 40 5
      vertex 25 40 5
    endloop
  endfacet
  facet normal 0 1 0
    outer loop
      vertex -25 40 5
      vertex 25 40 1.90735e-07
      vertex -25 40 1.90735e-07
    endloop
  endfacet
  facet normal -0.704563 0.0232588 0.70926
    outer loop
      vertex -25 -0.0905679 9.75628
      vertex -23.745 0 11
      vertex -25 0 9.75331
    endloop
  endfacet
  facet normal -0.704564 0.0232759 0.709259
    outer loop
      vertex -23.745 0 11
      vertex -25 -0.0905679 9.75628
      vertex -23.745 -0.536305 11.0176
    endloop
  endfacet
  facet normal -0.704559 -0.664172 0.249945
    outer loop
      vertex -25 8.75952 15.6697
      vertex -23.745 7.76483 16.5642
      vertex -25 8.94535 16.1635
    endloop
  endfacet
  facet normal -0.704564 0.706224 0.0695512
    outer loop
      vertex -23.745 -8.12985 18.1297
      vertex -25 -9.37475 18.0571
      vertex -23.745 -8.18244 18.6637
    endloop
  endfacet
  facet normal -0.704563 0.70622 0.069603
    outer loop
      vertex -25 -9.37475 18.0571
      vertex -23.745 -8.12985 18.1297
      vertex -25 -9.36587 17.967
    endloop
  endfacet
  facet normal -0.704566 0.292883 0.646379
    outer loop
      vertex -25 -3.69763 10.5098
      vertex -23.745 -3.138 11.6242
      vertex -25 -3.61509 10.4724
    endloop
  endfacet
  facet normal -0.704565 0.292809 0.646414
    outer loop
      vertex -23.745 -3.138 11.6242
      vertex -25 -3.69763 10.5098
      vertex -23.745 -3.62677 11.8456
    endloop
  endfacet
  facet normal -0.704556 0.602637 0.374738
    outer loop
      vertex -25 -8.18107 14.4767
      vertex -23.745 -7.10141 15.1
      vertex -25 -7.90249 14.0287
    endloop
  endfacet
  facet normal -0.70456 0.450215 0.548544
    outer loop
      vertex -25 -6.22863 12.0976
      vertex -23.745 -5.40664 13.0349
      vertex -25 -5.82083 11.7629
    endloop
  endfacet
  facet normal -0.704571 -0.45024 0.54851
    outer loop
      vertex -23.745 4.99184 12.6945
      vertex -25 5.82083 11.7629
      vertex -25 5.75078 11.7054
    endloop
  endfacet
  facet normal -0.704569 -0.450174 0.548567
    outer loop
      vertex -25 5.82083 11.7629
      vertex -23.745 4.99184 12.6945
      vertex -23.745 5.40664 13.0349
    endloop
  endfacet
  facet normal -0.704561 0.576815 0.413375
    outer loop
      vertex -25 -7.85464 13.9517
      vertex -23.745 -6.81805 14.6443
      vertex -25 -7.54734 13.5229
    endloop
  endfacet
  facet normal -0.704561 0.205954 0.679099
    outer loop
      vertex -25 -2.5317 10.1015
      vertex -23.745 -2.12232 11.2794
      vertex -25 -2.44498 10.0752
    endloop
  endfacet
  facet normal -0.704563 0.206043 0.67907
    outer loop
      vertex -23.745 -2.12232 11.2794
      vertex -25 -2.5317 10.1015
      vertex -23.745 -2.6358 11.4352
    endloop
  endfacet
  facet normal -0.704565 -0.664146 0.249995
    outer loop
      vertex -23.745 7.57581 16.062
      vertex -25 8.75952 15.6697
      vertex -25 8.7276 15.5849
    endloop
  endfacet
  facet normal -0.704566 -0.664153 0.249976
    outer loop
      vertex -25 8.75952 15.6697
      vertex -23.745 7.57581 16.062
      vertex -23.745 7.76483 16.5642
    endloop
  endfacet
  facet normal -0.704563 -0.646329 0.293002
    outer loop
      vertex -25 8.6902 15.5024
      vertex -23.745 7.57581 16.062
      vertex -25 8.7276 15.5849
    endloop
  endfacet
  facet normal -0.70456 -0.646401 0.292851
    outer loop
      vertex -23.745 7.57581 16.062
      vertex -25 8.6902 15.5024
      vertex -23.745 7.35436 15.5732
    endloop
  endfacet
  facet normal -0.704557 -0.292848 0.646405
    outer loop
      vertex -25 3.69763 10.5098
      vertex -23.745 3.62677 11.8456
      vertex -25 4.17816 10.7275
    endloop
  endfacet
  facet normal -0.704566 -0.292883 0.646379
    outer loop
      vertex -23.745 3.138 11.6242
      vertex -25 3.69763 10.5098
      vertex -25 3.61509 10.4724
    endloop
  endfacet
  facet normal -0.704565 -0.292809 0.646414
    outer loop
      vertex -25 3.69763 10.5098
      vertex -23.745 3.138 11.6242
      vertex -23.745 3.62677 11.8456
    endloop
  endfacet
  facet normal -0.704563 -0.706225 0.0695466
    outer loop
      vertex -25 9.37475 18.0571
      vertex -23.745 8.18244 18.6637
      vertex -25 9.42646 18.5822
    endloop
  endfacet
  facet normal -0.704565 -0.517971 0.485072
    outer loop
      vertex -25 6.74176 12.5863
      vertex -23.745 6.16509 13.7934
      vertex -25 7.1024 12.9714
    endloop
  endfacet
  facet normal -0.704565 0.664146 0.249995
    outer loop
      vertex -25 -8.75952 15.6697
      vertex -23.745 -7.57581 16.062
      vertex -25 -8.7276 15.5849
    endloop
  endfacet
  facet normal -0.704566 0.664153 0.249976
    outer loop
      vertex -23.745 -7.57581 16.062
      vertex -25 -8.75952 15.6697
      vertex -23.745 -7.76483 16.5642
    endloop
  endfacet
  facet normal -0.704563 0.646405 0.292833
    outer loop
      vertex -25 -8.6902 15.5024
      vertex -23.745 -7.35436 15.5732
      vertex -25 -8.47248 15.0218
    endloop
  endfacet
  facet normal -0.704567 -0.679081 0.205996
    outer loop
      vertex -25 9.0985 16.6683
      vertex -23.745 7.92059 17.0777
      vertex -25 9.1248 16.755
    endloop
  endfacet
  facet normal -0.704567 -0.679084 0.205987
    outer loop
      vertex -23.745 7.92059 17.0777
      vertex -25 9.0985 16.6683
      vertex -23.745 7.76483 16.5642
    endloop
  endfacet
  facet normal -0.70456 -0.517824 0.485235
    outer loop
      vertex -23.745 5.79827 13.4017
      vertex -25 6.74176 12.5863
      vertex -25 6.67982 12.5202
    endloop
  endfacet
  facet normal -0.704564 -0.517972 0.485071
    outer loop
      vertex -25 6.74176 12.5863
      vertex -23.745 5.79827 13.4017
      vertex -23.745 6.16509 13.7934
    endloop
  endfacet
  facet normal -0.704563 0.706225 0.0695466
    outer loop
      vertex -25 -9.42646 18.5822
      vertex -23.745 -8.18244 18.6637
      vertex -25 -9.37475 18.0571
    endloop
  endfacet
  facet normal -0.704568 0.709246 0.0235246
    outer loop
      vertex -25 -9.42646 18.5822
      vertex -23.8472 -8.28517 18.7
      vertex -23.745 -8.18244 18.6637
    endloop
  endfacet
  facet normal -0.704559 0.709265 0.0232408
    outer loop
      vertex -23.8472 -8.28517 18.7
      vertex -25 -9.42646 18.5822
      vertex -25 -9.43032 18.7
    endloop
  endfacet
  facet normal -0.70456 0.485079 0.51797
    outer loop
      vertex -25 -6.61368 12.4582
      vertex -23.745 -5.40664 13.0349
      vertex -25 -6.22863 12.0976
    endloop
  endfacet
  facet normal -0.704575 0.0695563 0.706212
    outer loop
      vertex -25 -1.14286 9.82525
      vertex -23.745 -0.536305 11.0176
      vertex -25 -0.617843 9.77354
    endloop
  endfacet
  facet normal -0.704567 0.679084 0.205987
    outer loop
      vertex -25 -9.0985 16.6683
      vertex -23.745 -7.92059 17.0777
      vertex -23.745 -7.76483 16.5642
    endloop
  endfacet
  facet normal -0.704567 0.679081 0.205996
    outer loop
      vertex -23.745 -7.92059 17.0777
      vertex -25 -9.0985 16.6683
      vertex -25 -9.1248 16.755
    endloop
  endfacet
  facet normal -0.704561 -0.576815 0.413375
    outer loop
      vertex -25 7.54734 13.5229
      vertex -23.745 6.81805 14.6443
      vertex -25 7.85464 13.9517
    endloop
  endfacet
  facet normal -0.70456 -0.485079 0.51797
    outer loop
      vertex -25 6.22863 12.0976
      vertex -23.745 5.40664 13.0349
      vertex -25 6.61368 12.4582
    endloop
  endfacet
  facet normal -0.704544 0.413372 0.576838
    outer loop
      vertex -25 -5.67712 11.6527
      vertex -23.745 -4.55568 12.3819
      vertex -25 -5.2483 11.3454
    endloop
  endfacet
  facet normal -0.704582 0.250046 0.664109
    outer loop
      vertex -25 -3.53028 10.4405
      vertex -23.745 -2.6358 11.4352
      vertex -25 -3.03654 10.2546
    endloop
  endfacet
  facet normal -0.704557 -0.625833 0.334562
    outer loop
      vertex -25 8.18107 14.4767
      vertex -23.745 7.10141 15.1
      vertex -25 8.42976 14.9419
    endloop
  endfacet
  facet normal -0.704574 -0.115583 0.700155
    outer loop
      vertex -25 1.75355 9.92007
      vertex -23.745 1.59974 11.1576
      vertex -25 1.84296 9.93483
    endloop
  endfacet
  facet normal -0.704574 -0.115584 0.700154
    outer loop
      vertex -23.745 1.59974 11.1576
      vertex -25 1.75355 9.92007
      vertex -23.745 1.07031 11.0702
    endloop
  endfacet
  facet normal -0.704558 -0.602744 0.374562
    outer loop
      vertex -23.745 6.81805 14.6443
      vertex -25 7.90249 14.0287
      vertex -25 7.85464 13.9517
    endloop
  endfacet
  facet normal -0.704554 -0.602644 0.374731
    outer loop
      vertex -25 7.90249 14.0287
      vertex -23.745 6.81805 14.6443
      vertex -23.745 7.10141 15.1
    endloop
  endfacet
  facet normal -0.70456 0.334414 0.62591
    outer loop
      vertex -25 -4.25808 10.7702
      vertex -23.745 -3.62677 11.8456
      vertex -25 -4.17816 10.7275
    endloop
  endfacet
  facet normal -0.704563 0.334577 0.625818
    outer loop
      vertex -23.745 -3.62677 11.8456
      vertex -25 -4.25808 10.7702
      vertex -23.745 -4.1 12.0986
    endloop
  endfacet
  facet normal -0.704622 0.709202 0.0232493
    outer loop
      vertex -23.745 -8.18363 18.7
      vertex -23.745 -8.18244 18.6637
      vertex -23.8472 -8.28517 18.7
    endloop
  endfacet
  facet normal -0.704566 0.691101 0.16114
    outer loop
      vertex -25 -9.2446 17.2688
      vertex -23.745 -7.92059 17.0777
      vertex -25 -9.1248 16.755
    endloop
  endfacet
  facet normal -0.704583 0.205941 0.679081
    outer loop
      vertex -25 -3.03654 10.2546
      vertex -23.745 -2.6358 11.4352
      vertex -25 -2.5317 10.1015
    endloop
  endfacet
  facet normal -0.704564 -0.0232759 0.709259
    outer loop
      vertex -25 0.0905679 9.75628
      vertex -23.745 0 11
      vertex -23.745 0.536305 11.0176
    endloop
  endfacet
  facet normal -0.704563 -0.0232588 0.70926
    outer loop
      vertex -23.745 0 11
      vertex -25 0.0905679 9.75628
      vertex -25 0 9.75331
    endloop
  endfacet
  facet normal -0.704564 -0.706224 0.0695512
    outer loop
      vertex -25 9.37475 18.0571
      vertex -23.745 8.12985 18.1297
      vertex -23.745 8.18244 18.6637
    endloop
  endfacet
  facet normal -0.704563 -0.70622 0.069603
    outer loop
      vertex -23.745 8.12985 18.1297
      vertex -25 9.37475 18.0571
      vertex -25 9.36587 17.967
    endloop
  endfacet
  facet normal -0.704562 0.700167 0.115583
    outer loop
      vertex -25 -9.36587 17.967
      vertex -23.745 -8.12985 18.1297
      vertex -25 -9.27993 17.4464
    endloop
  endfacet
  facet normal -0.704583 -0.205941 0.679081
    outer loop
      vertex -25 2.5317 10.1015
      vertex -23.745 2.6358 11.4352
      vertex -25 3.03654 10.2546
    endloop
  endfacet
  facet normal -0.704575 -0.0232168 0.709249
    outer loop
      vertex -25 0.0905679 9.75628
      vertex -23.745 0.536305 11.0176
      vertex -25 0.617843 9.77354
    endloop
  endfacet
  facet normal -0.704575 0.0232168 0.709249
    outer loop
      vertex -25 -0.617843 9.77354
      vertex -23.745 -0.536305 11.0176
      vertex -25 -0.0905679 9.75628
    endloop
  endfacet
  facet normal -0.704577 -0.1156 0.700149
    outer loop
      vertex -25 1.23304 9.83413
      vertex -23.745 1.07031 11.0702
      vertex -25 1.75355 9.92007
    endloop
  endfacet
  facet normal -0.704575 -0.0695563 0.706212
    outer loop
      vertex -25 0.617843 9.77354
      vertex -23.745 0.536305 11.0176
      vertex -25 1.14286 9.82525
    endloop
  endfacet
  facet normal -0.704559 -0.67908 0.206024
    outer loop
      vertex -25 8.94535 16.1635
      vertex -23.745 7.76483 16.5642
      vertex -25 9.0985 16.6683
    endloop
  endfacet
  facet normal -0.704572 0.334532 0.625832
    outer loop
      vertex -25 -4.72334 11.0189
      vertex -23.745 -4.1 12.0986
      vertex -25 -4.25808 10.7702
    endloop
  endfacet
  facet normal -0.704556 -0.602637 0.374738
    outer loop
      vertex -25 7.90249 14.0287
      vertex -23.745 7.10141 15.1
      vertex -25 8.18107 14.4767
    endloop
  endfacet
  facet normal -0.704566 -0.70016 0.115597
    outer loop
      vertex -23.745 8.04244 17.6003
      vertex -25 9.27993 17.4464
      vertex -25 9.26517 17.357
    endloop
  endfacet
  facet normal -0.704566 -0.700159 0.115604
    outer loop
      vertex -25 9.27993 17.4464
      vertex -23.745 8.04244 17.6003
      vertex -23.745 8.12985 18.1297
    endloop
  endfacet
  facet normal -0.704562 -0.700167 0.115583
    outer loop
      vertex -25 9.27993 17.4464
      vertex -23.745 8.12985 18.1297
      vertex -25 9.36587 17.967
    endloop
  endfacet
  facet normal -0.704574 0.115584 0.700154
    outer loop
      vertex -25 -1.75355 9.92007
      vertex -23.745 -1.59974 11.1576
      vertex -23.745 -1.07031 11.0702
    endloop
  endfacet
  facet normal -0.704574 0.115583 0.700155
    outer loop
      vertex -23.745 -1.59974 11.1576
      vertex -25 -1.75355 9.92007
      vertex -25 -1.84296 9.93483
    endloop
  endfacet
  facet normal -0.704561 0.16115 0.691104
    outer loop
      vertex -25 -2.44498 10.0752
      vertex -23.745 -2.12232 11.2794
      vertex -25 -1.93121 9.9554
    endloop
  endfacet
  facet normal -0.704559 -0.709265 0.0232408
    outer loop
      vertex -25 9.42646 18.5822
      vertex -23.8472 8.28517 18.7
      vertex -25 9.43032 18.7
    endloop
  endfacet
  facet normal -0.704568 -0.709246 0.0235246
    outer loop
      vertex -23.8472 8.28517 18.7
      vertex -25 9.42646 18.5822
      vertex -23.745 8.18244 18.6637
    endloop
  endfacet
  facet normal -0.704568 0.485101 0.517939
    outer loop
      vertex -25 -6.61368 12.4582
      vertex -23.745 -5.79827 13.4017
      vertex -23.745 -5.40664 13.0349
    endloop
  endfacet
  facet normal -0.704561 0.485328 0.517735
    outer loop
      vertex -23.745 -5.79827 13.4017
      vertex -25 -6.61368 12.4582
      vertex -25 -6.67982 12.5202
    endloop
  endfacet
  facet normal -0.704571 0.45024 0.54851
    outer loop
      vertex -25 -5.82083 11.7629
      vertex -23.745 -4.99184 12.6945
      vertex -25 -5.75078 11.7054
    endloop
  endfacet
  facet normal -0.704569 0.450174 0.548567
    outer loop
      vertex -23.745 -4.99184 12.6945
      vertex -25 -5.82083 11.7629
      vertex -23.745 -5.40664 13.0349
    endloop
  endfacet
  facet normal -0.704622 -0.709202 0.0232493
    outer loop
      vertex -23.745 8.18244 18.6637
      vertex -23.745 8.18363 18.7
      vertex -23.8472 8.28517 18.7
    endloop
  endfacet
  facet normal -0.704567 0.548562 0.450183
    outer loop
      vertex -25 -7.43708 13.3792
      vertex -23.745 -6.5055 14.2082
      vertex -23.745 -6.16509 13.7934
    endloop
  endfacet
  facet normal -0.704571 0.548429 0.450339
    outer loop
      vertex -23.745 -6.5055 14.2082
      vertex -25 -7.43708 13.3792
      vertex -25 -7.49456 13.4492
    endloop
  endfacet
  facet normal -0.704572 -0.334532 0.625832
    outer loop
      vertex -25 4.25808 10.7702
      vertex -23.745 4.1 12.0986
      vertex -25 4.72334 11.0189
    endloop
  endfacet
  facet normal -0.704566 0.70016 0.115597
    outer loop
      vertex -25 -9.27993 17.4464
      vertex -23.745 -8.04244 17.6003
      vertex -25 -9.26517 17.357
    endloop
  endfacet
  facet normal -0.704566 0.700159 0.115604
    outer loop
      vertex -23.745 -8.04244 17.6003
      vertex -25 -9.27993 17.4464
      vertex -23.745 -8.12985 18.1297
    endloop
  endfacet
  facet normal -0.704564 -0.548555 0.450197
    outer loop
      vertex -25 7.1024 12.9714
      vertex -23.745 6.16509 13.7934
      vertex -25 7.43708 13.3792
    endloop
  endfacet
  facet normal -0.704552 0.413402 0.576806
    outer loop
      vertex -25 -5.67712 11.6527
      vertex -23.745 -4.99184 12.6945
      vertex -23.745 -4.55568 12.3819
    endloop
  endfacet
  facet normal -0.704564 0.412915 0.577141
    outer loop
      vertex -23.745 -4.99184 12.6945
      vertex -25 -5.67712 11.6527
      vertex -25 -5.75078 11.7054
    endloop
  endfacet
  facet normal -0.704564 -0.412915 0.577141
    outer loop
      vertex -25 5.67712 11.6527
      vertex -23.745 4.99184 12.6945
      vertex -25 5.75078 11.7054
    endloop
  endfacet
  facet normal -0.704552 -0.413402 0.576806
    outer loop
      vertex -23.745 4.99184 12.6945
      vertex -25 5.67712 11.6527
      vertex -23.745 4.55568 12.3819
    endloop
  endfacet
  facet normal -0.70456 -0.334414 0.62591
    outer loop
      vertex -23.745 3.62677 11.8456
      vertex -25 4.25808 10.7702
      vertex -25 4.17816 10.7275
    endloop
  endfacet
  facet normal -0.704563 -0.334577 0.625818
    outer loop
      vertex -25 4.25808 10.7702
      vertex -23.745 3.62677 11.8456
      vertex -23.745 4.1 12.0986
    endloop
  endfacet
  facet normal -0.704563 -0.646405 0.292833
    outer loop
      vertex -25 8.47248 15.0218
      vertex -23.745 7.35436 15.5732
      vertex -25 8.6902 15.5024
    endloop
  endfacet
  facet normal -0.704571 -0.548429 0.450339
    outer loop
      vertex -25 7.43708 13.3792
      vertex -23.745 6.5055 14.2082
      vertex -25 7.49456 13.4492
    endloop
  endfacet
  facet normal -0.704567 -0.548562 0.450183
    outer loop
      vertex -23.745 6.5055 14.2082
      vertex -25 7.43708 13.3792
      vertex -23.745 6.16509 13.7934
    endloop
  endfacet
  facet normal -0.704548 -0.375025 0.602468
    outer loop
      vertex -25 5.17135 11.2975
      vertex -23.745 4.55568 12.3819
      vertex -25 5.2483 11.3454
    endloop
  endfacet
  facet normal -0.704556 -0.374685 0.60267
    outer loop
      vertex -23.745 4.55568 12.3819
      vertex -25 5.17135 11.2975
      vertex -23.745 4.1 12.0986
    endloop
  endfacet
  facet normal -0.704544 -0.413372 0.576838
    outer loop
      vertex -25 5.2483 11.3454
      vertex -23.745 4.55568 12.3819
      vertex -25 5.67712 11.6527
    endloop
  endfacet
  facet normal -0.704582 -0.250046 0.664109
    outer loop
      vertex -25 3.03654 10.2546
      vertex -23.745 2.6358 11.4352
      vertex -25 3.53028 10.4405
    endloop
  endfacet
  facet normal -0.704564 -0.249832 0.664209
    outer loop
      vertex -25 3.53028 10.4405
      vertex -23.745 3.138 11.6242
      vertex -25 3.61509 10.4724
    endloop
  endfacet
  facet normal -0.704562 -0.249955 0.664165
    outer loop
      vertex -23.745 3.138 11.6242
      vertex -25 3.53028 10.4405
      vertex -23.745 2.6358 11.4352
    endloop
  endfacet
  facet normal -0.704575 0.161088 0.691104
    outer loop
      vertex -25 -1.93121 9.9554
      vertex -23.745 -1.59974 11.1576
      vertex -25 -1.84296 9.93483
    endloop
  endfacet
  facet normal -0.704575 0.161079 0.691106
    outer loop
      vertex -23.745 -1.59974 11.1576
      vertex -25 -1.93121 9.9554
      vertex -23.745 -2.12232 11.2794
    endloop
  endfacet
  facet normal -0.704577 -0.0695405 0.706212
    outer loop
      vertex -25 1.14286 9.82525
      vertex -23.745 1.07031 11.0702
      vertex -25 1.23304 9.83413
    endloop
  endfacet
  facet normal -0.704576 -0.0695624 0.70621
    outer loop
      vertex -23.745 1.07031 11.0702
      vertex -25 1.14286 9.82525
      vertex -23.745 0.536305 11.0176
    endloop
  endfacet
  facet normal -0.704577 0.1156 0.700149
    outer loop
      vertex -25 -1.75355 9.92007
      vertex -23.745 -1.07031 11.0702
      vertex -25 -1.23304 9.83413
    endloop
  endfacet
  facet normal -0.704576 0.0695624 0.70621
    outer loop
      vertex -25 -1.14286 9.82525
      vertex -23.745 -1.07031 11.0702
      vertex -23.745 -0.536305 11.0176
    endloop
  endfacet
  facet normal -0.704577 0.0695405 0.706212
    outer loop
      vertex -23.745 -1.07031 11.0702
      vertex -25 -1.14286 9.82525
      vertex -25 -1.23304 9.83413
    endloop
  endfacet
  facet normal -0.704562 0.249955 0.664165
    outer loop
      vertex -25 -3.53028 10.4405
      vertex -23.745 -3.138 11.6242
      vertex -23.745 -2.6358 11.4352
    endloop
  endfacet
  facet normal -0.704564 0.249832 0.664209
    outer loop
      vertex -23.745 -3.138 11.6242
      vertex -25 -3.53028 10.4405
      vertex -25 -3.61509 10.4724
    endloop
  endfacet
  facet normal -0.704567 0.691101 0.161138
    outer loop
      vertex -25 -9.2446 17.2688
      vertex -23.745 -8.04244 17.6003
      vertex -23.745 -7.92059 17.0777
    endloop
  endfacet
  facet normal -0.704567 0.691091 0.161176
    outer loop
      vertex -23.745 -8.04244 17.6003
      vertex -25 -9.2446 17.2688
      vertex -25 -9.26517 17.357
    endloop
  endfacet
  facet normal -0.704567 -0.691091 0.161176
    outer loop
      vertex -25 9.2446 17.2688
      vertex -23.745 8.04244 17.6003
      vertex -25 9.26517 17.357
    endloop
  endfacet
  facet normal -0.704567 -0.691101 0.161138
    outer loop
      vertex -23.745 8.04244 17.6003
      vertex -25 9.2446 17.2688
      vertex -23.745 7.92059 17.0777
    endloop
  endfacet
  facet normal -0.704566 -0.691101 0.16114
    outer loop
      vertex -25 9.1248 16.755
      vertex -23.745 7.92059 17.0777
      vertex -25 9.2446 17.2688
    endloop
  endfacet
  facet normal -0.704562 -0.625807 0.334599
    outer loop
      vertex -25 8.42976 14.9419
      vertex -23.745 7.35436 15.5732
      vertex -25 8.47248 15.0218
    endloop
  endfacet
  facet normal -0.704561 -0.625839 0.334543
    outer loop
      vertex -23.745 7.35436 15.5732
      vertex -25 8.42976 14.9419
      vertex -23.745 7.10141 15.1
    endloop
  endfacet
  facet normal -0.704564 0.548555 0.450197
    outer loop
      vertex -25 -7.43708 13.3792
      vertex -23.745 -6.16509 13.7934
      vertex -25 -7.1024 12.9714
    endloop
  endfacet
  facet normal -0.704572 0.374744 0.602616
    outer loop
      vertex -25 -5.17135 11.2975
      vertex -23.745 -4.1 12.0986
      vertex -25 -4.72334 11.0189
    endloop
  endfacet
  facet normal -0.704561 0.625839 0.334543
    outer loop
      vertex -25 -8.42976 14.9419
      vertex -23.745 -7.35436 15.5732
      vertex -23.745 -7.10141 15.1
    endloop
  endfacet
  facet normal -0.704562 0.625807 0.334599
    outer loop
      vertex -23.745 -7.35436 15.5732
      vertex -25 -8.42976 14.9419
      vertex -25 -8.47248 15.0218
    endloop
  endfacet
  facet normal -0.704558 0.602744 0.374562
    outer loop
      vertex -25 -7.90249 14.0287
      vertex -23.745 -6.81805 14.6443
      vertex -25 -7.85464 13.9517
    endloop
  endfacet
  facet normal -0.704554 0.602644 0.374731
    outer loop
      vertex -23.745 -6.81805 14.6443
      vertex -25 -7.90249 14.0287
      vertex -23.745 -7.10141 15.1
    endloop
  endfacet
  facet normal -0.704557 0.292848 0.646405
    outer loop
      vertex -25 -4.17816 10.7275
      vertex -23.745 -3.62677 11.8456
      vertex -25 -3.69763 10.5098
    endloop
  endfacet
  facet normal -0.70457 0.576945 0.413177
    outer loop
      vertex -25 -7.54734 13.5229
      vertex -23.745 -6.5055 14.2082
      vertex -25 -7.49456 13.4492
    endloop
  endfacet
  facet normal -0.704565 0.5768 0.413389
    outer loop
      vertex -23.745 -6.5055 14.2082
      vertex -25 -7.54734 13.5229
      vertex -23.745 -6.81805 14.6443
    endloop
  endfacet
  facet normal -0.704575 -0.161088 0.691104
    outer loop
      vertex -23.745 1.59974 11.1576
      vertex -25 1.93121 9.9554
      vertex -25 1.84296 9.93483
    endloop
  endfacet
  facet normal -0.704575 -0.161079 0.691106
    outer loop
      vertex -25 1.93121 9.9554
      vertex -23.745 1.59974 11.1576
      vertex -23.745 2.12232 11.2794
    endloop
  endfacet
  facet normal -0.704561 -0.205954 0.679099
    outer loop
      vertex -23.745 2.12232 11.2794
      vertex -25 2.5317 10.1015
      vertex -25 2.44498 10.0752
    endloop
  endfacet
  facet normal -0.704563 -0.206043 0.67907
    outer loop
      vertex -25 2.5317 10.1015
      vertex -23.745 2.12232 11.2794
      vertex -23.745 2.6358 11.4352
    endloop
  endfacet
  facet normal -0.704559 0.67908 0.206024
    outer loop
      vertex -25 -9.0985 16.6683
      vertex -23.745 -7.76483 16.5642
      vertex -25 -8.94535 16.1635
    endloop
  endfacet
  facet normal -0.704559 0.664172 0.249945
    outer loop
      vertex -25 -8.94535 16.1635
      vertex -23.745 -7.76483 16.5642
      vertex -25 -8.75952 15.6697
    endloop
  endfacet
  facet normal -0.704561 -0.485328 0.517735
    outer loop
      vertex -25 6.61368 12.4582
      vertex -23.745 5.79827 13.4017
      vertex -25 6.67982 12.5202
    endloop
  endfacet
  facet normal -0.704568 -0.485101 0.517939
    outer loop
      vertex -23.745 5.79827 13.4017
      vertex -25 6.61368 12.4582
      vertex -23.745 5.40664 13.0349
    endloop
  endfacet
  facet normal -0.70456 0.646401 0.292851
    outer loop
      vertex -25 -8.6902 15.5024
      vertex -23.745 -7.57581 16.062
      vertex -23.745 -7.35436 15.5732
    endloop
  endfacet
  facet normal -0.704563 0.646329 0.293002
    outer loop
      vertex -23.745 -7.57581 16.062
      vertex -25 -8.6902 15.5024
      vertex -25 -8.7276 15.5849
    endloop
  endfacet
  facet normal -0.704572 -0.374744 0.602616
    outer loop
      vertex -25 4.72334 11.0189
      vertex -23.745 4.1 12.0986
      vertex -25 5.17135 11.2975
    endloop
  endfacet
  facet normal -0.704561 -0.16115 0.691104
    outer loop
      vertex -25 1.93121 9.9554
      vertex -23.745 2.12232 11.2794
      vertex -25 2.44498 10.0752
    endloop
  endfacet
  facet normal -0.70456 -0.450215 0.548544
    outer loop
      vertex -25 5.82083 11.7629
      vertex -23.745 5.40664 13.0349
      vertex -25 6.22863 12.0976
    endloop
  endfacet
  facet normal -0.704565 0.517971 0.485072
    outer loop
      vertex -25 -7.1024 12.9714
      vertex -23.745 -6.16509 13.7934
      vertex -25 -6.74176 12.5863
    endloop
  endfacet
  facet normal -0.70456 0.517824 0.485235
    outer loop
      vertex -25 -6.74176 12.5863
      vertex -23.745 -5.79827 13.4017
      vertex -25 -6.67982 12.5202
    endloop
  endfacet
  facet normal -0.704564 0.517972 0.485071
    outer loop
      vertex -23.745 -5.79827 13.4017
      vertex -25 -6.74176 12.5863
      vertex -23.745 -6.16509 13.7934
    endloop
  endfacet
  facet normal -0.704557 0.625833 0.334562
    outer loop
      vertex -25 -8.42976 14.9419
      vertex -23.745 -7.10141 15.1
      vertex -25 -8.18107 14.4767
    endloop
  endfacet
  facet normal -0.704556 0.374685 0.60267
    outer loop
      vertex -25 -5.17135 11.2975
      vertex -23.745 -4.55568 12.3819
      vertex -23.745 -4.1 12.0986
    endloop
  endfacet
  facet normal -0.704548 0.375025 0.602468
    outer loop
      vertex -23.745 -4.55568 12.3819
      vertex -25 -5.17135 11.2975
      vertex -25 -5.2483 11.3454
    endloop
  endfacet
  facet normal -0.70457 -0.576945 0.413177
    outer loop
      vertex -23.745 6.5055 14.2082
      vertex -25 7.54734 13.5229
      vertex -25 7.49456 13.4492
    endloop
  endfacet
  facet normal -0.704565 -0.5768 0.413389
    outer loop
      vertex -25 7.54734 13.5229
      vertex -23.745 6.5055 14.2082
      vertex -23.745 6.81805 14.6443
    endloop
  endfacet
  facet normal 0.704568 -0.709246 0.0235246
    outer loop
      vertex 25 9.42646 18.5822
      vertex 23.8472 8.28517 18.7
      vertex 23.745 8.18244 18.6637
    endloop
  endfacet
  facet normal 0.704559 -0.709265 0.0232408
    outer loop
      vertex 23.8472 8.28517 18.7
      vertex 25 9.42646 18.5822
      vertex 25 9.43032 18.7
    endloop
  endfacet
  facet normal 0.704562 0.249955 0.664165
    outer loop
      vertex 23.745 -3.138 11.6242
      vertex 25 -3.53028 10.4405
      vertex 23.745 -2.6358 11.4352
    endloop
  endfacet
  facet normal 0.704564 0.249832 0.664209
    outer loop
      vertex 25 -3.53028 10.4405
      vertex 23.745 -3.138 11.6242
      vertex 25 -3.61509 10.4724
    endloop
  endfacet
  facet normal 0.704574 -0.115583 0.700155
    outer loop
      vertex 23.745 1.59974 11.1576
      vertex 25 1.75355 9.92007
      vertex 25 1.84296 9.93483
    endloop
  endfacet
  facet normal 0.704574 -0.115584 0.700154
    outer loop
      vertex 25 1.75355 9.92007
      vertex 23.745 1.59974 11.1576
      vertex 23.745 1.07031 11.0702
    endloop
  endfacet
  facet normal 0.704552 0.413402 0.576806
    outer loop
      vertex 23.745 -4.99184 12.6945
      vertex 25 -5.67712 11.6527
      vertex 23.745 -4.55568 12.3819
    endloop
  endfacet
  facet normal 0.704564 0.412915 0.577141
    outer loop
      vertex 25 -5.67712 11.6527
      vertex 23.745 -4.99184 12.6945
      vertex 25 -5.75078 11.7054
    endloop
  endfacet
  facet normal 0.704576 0.0695624 0.70621
    outer loop
      vertex 23.745 -1.07031 11.0702
      vertex 25 -1.14286 9.82525
      vertex 23.745 -0.536305 11.0176
    endloop
  endfacet
  facet normal 0.704577 0.0695405 0.706212
    outer loop
      vertex 25 -1.14286 9.82525
      vertex 23.745 -1.07031 11.0702
      vertex 25 -1.23304 9.83413
    endloop
  endfacet
  facet normal 0.704571 -0.548429 0.450339
    outer loop
      vertex 23.745 6.5055 14.2082
      vertex 25 7.43708 13.3792
      vertex 25 7.49456 13.4492
    endloop
  endfacet
  facet normal 0.704567 -0.548562 0.450183
    outer loop
      vertex 25 7.43708 13.3792
      vertex 23.745 6.5055 14.2082
      vertex 23.745 6.16509 13.7934
    endloop
  endfacet
  facet normal 0.704561 0.576815 0.413375
    outer loop
      vertex 25 -7.85464 13.9517
      vertex 25 -7.54734 13.5229
      vertex 23.745 -6.81805 14.6443
    endloop
  endfacet
  facet normal 0.704577 0.1156 0.700149
    outer loop
      vertex 25 -1.75355 9.92007
      vertex 25 -1.23304 9.83413
      vertex 23.745 -1.07031 11.0702
    endloop
  endfacet
  facet normal 0.704567 0.679084 0.205987
    outer loop
      vertex 23.745 -7.92059 17.0777
      vertex 25 -9.0985 16.6683
      vertex 23.745 -7.76483 16.5642
    endloop
  endfacet
  facet normal 0.704567 0.679081 0.205996
    outer loop
      vertex 25 -9.0985 16.6683
      vertex 23.745 -7.92059 17.0777
      vertex 25 -9.1248 16.755
    endloop
  endfacet
  facet normal 0.704564 0.517972 0.485071
    outer loop
      vertex 25 -6.74176 12.5863
      vertex 23.745 -5.79827 13.4017
      vertex 23.745 -6.16509 13.7934
    endloop
  endfacet
  facet normal 0.70456 0.517824 0.485235
    outer loop
      vertex 23.745 -5.79827 13.4017
      vertex 25 -6.74176 12.5863
      vertex 25 -6.67982 12.5202
    endloop
  endfacet
  facet normal 0.704559 0.664172 0.249945
    outer loop
      vertex 25 -8.94535 16.1635
      vertex 25 -8.75952 15.6697
      vertex 23.745 -7.76483 16.5642
    endloop
  endfacet
  facet normal 0.704575 -0.0695563 0.706212
    outer loop
      vertex 25 0.617843 9.77354
      vertex 25 1.14286 9.82525
      vertex 23.745 0.536305 11.0176
    endloop
  endfacet
  facet normal 0.704567 0.548562 0.450183
    outer loop
      vertex 23.745 -6.5055 14.2082
      vertex 25 -7.43708 13.3792
      vertex 23.745 -6.16509 13.7934
    endloop
  endfacet
  facet normal 0.704571 0.548429 0.450339
    outer loop
      vertex 25 -7.43708 13.3792
      vertex 23.745 -6.5055 14.2082
      vertex 25 -7.49456 13.4492
    endloop
  endfacet
  facet normal 0.704564 -0.249832 0.664209
    outer loop
      vertex 23.745 3.138 11.6242
      vertex 25 3.53028 10.4405
      vertex 25 3.61509 10.4724
    endloop
  endfacet
  facet normal 0.704562 -0.249955 0.664165
    outer loop
      vertex 25 3.53028 10.4405
      vertex 23.745 3.138 11.6242
      vertex 23.745 2.6358 11.4352
    endloop
  endfacet
  facet normal 0.704559 0.67908 0.206024
    outer loop
      vertex 25 -9.0985 16.6683
      vertex 25 -8.94535 16.1635
      vertex 23.745 -7.76483 16.5642
    endloop
  endfacet
  facet normal 0.704556 0.374685 0.60267
    outer loop
      vertex 23.745 -4.55568 12.3819
      vertex 25 -5.17135 11.2975
      vertex 23.745 -4.1 12.0986
    endloop
  endfacet
  facet normal 0.704548 0.375025 0.602468
    outer loop
      vertex 25 -5.17135 11.2975
      vertex 23.745 -4.55568 12.3819
      vertex 25 -5.2483 11.3454
    endloop
  endfacet
  facet normal 0.704583 0.205941 0.679081
    outer loop
      vertex 25 -3.03654 10.2546
      vertex 25 -2.5317 10.1015
      vertex 23.745 -2.6358 11.4352
    endloop
  endfacet
  facet normal 0.704563 -0.706225 0.0695466
    outer loop
      vertex 25 9.37475 18.0571
      vertex 25 9.42646 18.5822
      vertex 23.745 8.18244 18.6637
    endloop
  endfacet
  facet normal 0.70456 0.646401 0.292851
    outer loop
      vertex 23.745 -7.57581 16.062
      vertex 25 -8.6902 15.5024
      vertex 23.745 -7.35436 15.5732
    endloop
  endfacet
  facet normal 0.704563 0.646329 0.293002
    outer loop
      vertex 25 -8.6902 15.5024
      vertex 23.745 -7.57581 16.062
      vertex 25 -8.7276 15.5849
    endloop
  endfacet
  facet normal 0.704575 0.0695563 0.706212
    outer loop
      vertex 25 -1.14286 9.82525
      vertex 25 -0.617843 9.77354
      vertex 23.745 -0.536305 11.0176
    endloop
  endfacet
  facet normal 0.704565 0.5768 0.413389
    outer loop
      vertex 25 -7.54734 13.5229
      vertex 23.745 -6.5055 14.2082
      vertex 23.745 -6.81805 14.6443
    endloop
  endfacet
  facet normal 0.70457 0.576945 0.413177
    outer loop
      vertex 23.745 -6.5055 14.2082
      vertex 25 -7.54734 13.5229
      vertex 25 -7.49456 13.4492
    endloop
  endfacet
  facet normal 0.704563 -0.646405 0.292833
    outer loop
      vertex 25 8.47248 15.0218
      vertex 25 8.6902 15.5024
      vertex 23.745 7.35436 15.5732
    endloop
  endfacet
  facet normal 0.704569 -0.450174 0.548567
    outer loop
      vertex 23.745 4.99184 12.6945
      vertex 25 5.82083 11.7629
      vertex 23.745 5.40664 13.0349
    endloop
  endfacet
  facet normal 0.704571 -0.45024 0.54851
    outer loop
      vertex 25 5.82083 11.7629
      vertex 23.745 4.99184 12.6945
      vertex 25 5.75078 11.7054
    endloop
  endfacet
  facet normal 0.704565 -0.5768 0.413389
    outer loop
      vertex 23.745 6.5055 14.2082
      vertex 25 7.54734 13.5229
      vertex 23.745 6.81805 14.6443
    endloop
  endfacet
  facet normal 0.70457 -0.576945 0.413177
    outer loop
      vertex 25 7.54734 13.5229
      vertex 23.745 6.5055 14.2082
      vertex 25 7.49456 13.4492
    endloop
  endfacet
  facet normal 0.704544 -0.413372 0.576838
    outer loop
      vertex 25 5.2483 11.3454
      vertex 25 5.67712 11.6527
      vertex 23.745 4.55568 12.3819
    endloop
  endfacet
  facet normal 0.704622 0.709202 0.0232493
    outer loop
      vertex 23.745 -8.18363 18.7
      vertex 23.8472 -8.28517 18.7
      vertex 23.745 -8.18244 18.6637
    endloop
  endfacet
  facet normal 0.704563 0.646405 0.292833
    outer loop
      vertex 25 -8.6902 15.5024
      vertex 25 -8.47248 15.0218
      vertex 23.745 -7.35436 15.5732
    endloop
  endfacet
  facet normal 0.704583 -0.205941 0.679081
    outer loop
      vertex 25 2.5317 10.1015
      vertex 25 3.03654 10.2546
      vertex 23.745 2.6358 11.4352
    endloop
  endfacet
  facet normal 0.704561 -0.485328 0.517735
    outer loop
      vertex 23.745 5.79827 13.4017
      vertex 25 6.61368 12.4582
      vertex 25 6.67982 12.5202
    endloop
  endfacet
  facet normal 0.704568 -0.485101 0.517939
    outer loop
      vertex 25 6.61368 12.4582
      vertex 23.745 5.79827 13.4017
      vertex 23.745 5.40664 13.0349
    endloop
  endfacet
  facet normal 0.704582 -0.250046 0.664109
    outer loop
      vertex 25 3.03654 10.2546
      vertex 25 3.53028 10.4405
      vertex 23.745 2.6358 11.4352
    endloop
  endfacet
  facet normal 0.704582 0.250046 0.664109
    outer loop
      vertex 25 -3.53028 10.4405
      vertex 25 -3.03654 10.2546
      vertex 23.745 -2.6358 11.4352
    endloop
  endfacet
  facet normal 0.704563 -0.334577 0.625818
    outer loop
      vertex 23.745 3.62677 11.8456
      vertex 25 4.25808 10.7702
      vertex 23.745 4.1 12.0986
    endloop
  endfacet
  facet normal 0.70456 -0.334414 0.62591
    outer loop
      vertex 25 4.25808 10.7702
      vertex 23.745 3.62677 11.8456
      vertex 25 4.17816 10.7275
    endloop
  endfacet
  facet normal 0.704572 0.374744 0.602616
    outer loop
      vertex 25 -5.17135 11.2975
      vertex 25 -4.72334 11.0189
      vertex 23.745 -4.1 12.0986
    endloop
  endfacet
  facet normal 0.704622 -0.709202 0.0232493
    outer loop
      vertex 23.745 8.18244 18.6637
      vertex 23.8472 8.28517 18.7
      vertex 23.745 8.18363 18.7
    endloop
  endfacet
  facet normal 0.704574 0.115584 0.700154
    outer loop
      vertex 23.745 -1.59974 11.1576
      vertex 25 -1.75355 9.92007
      vertex 23.745 -1.07031 11.0702
    endloop
  endfacet
  facet normal 0.704574 0.115583 0.700155
    outer loop
      vertex 25 -1.75355 9.92007
      vertex 23.745 -1.59974 11.1576
      vertex 25 -1.84296 9.93483
    endloop
  endfacet
  facet normal 0.704564 0.548555 0.450197
    outer loop
      vertex 25 -7.43708 13.3792
      vertex 25 -7.1024 12.9714
      vertex 23.745 -6.16509 13.7934
    endloop
  endfacet
  facet normal 0.704556 0.602637 0.374738
    outer loop
      vertex 25 -8.18107 14.4767
      vertex 25 -7.90249 14.0287
      vertex 23.745 -7.10141 15.1
    endloop
  endfacet
  facet normal 0.704577 -0.1156 0.700149
    outer loop
      vertex 25 1.23304 9.83413
      vertex 25 1.75355 9.92007
      vertex 23.745 1.07031 11.0702
    endloop
  endfacet
  facet normal 0.704561 0.625839 0.334543
    outer loop
      vertex 23.745 -7.35436 15.5732
      vertex 25 -8.42976 14.9419
      vertex 23.745 -7.10141 15.1
    endloop
  endfacet
  facet normal 0.704562 0.625807 0.334599
    outer loop
      vertex 25 -8.42976 14.9419
      vertex 23.745 -7.35436 15.5732
      vertex 25 -8.47248 15.0218
    endloop
  endfacet
  facet normal 0.70456 -0.485079 0.51797
    outer loop
      vertex 25 6.22863 12.0976
      vertex 25 6.61368 12.4582
      vertex 23.745 5.40664 13.0349
    endloop
  endfacet
  facet normal 0.704559 0.709265 0.0232408
    outer loop
      vertex 25 -9.42646 18.5822
      vertex 23.8472 -8.28517 18.7
      vertex 25 -9.43032 18.7
    endloop
  endfacet
  facet normal 0.704568 0.709246 0.0235246
    outer loop
      vertex 23.8472 -8.28517 18.7
      vertex 25 -9.42646 18.5822
      vertex 23.745 -8.18244 18.6637
    endloop
  endfacet
  facet normal 0.704557 0.625833 0.334562
    outer loop
      vertex 25 -8.42976 14.9419
      vertex 25 -8.18107 14.4767
      vertex 23.745 -7.10141 15.1
    endloop
  endfacet
  facet normal 0.704562 0.700167 0.115583
    outer loop
      vertex 25 -9.36587 17.967
      vertex 25 -9.27993 17.4464
      vertex 23.745 -8.12985 18.1297
    endloop
  endfacet
  facet normal 0.704566 0.700159 0.115604
    outer loop
      vertex 25 -9.27993 17.4464
      vertex 23.745 -8.04244 17.6003
      vertex 23.745 -8.12985 18.1297
    endloop
  endfacet
  facet normal 0.704566 0.70016 0.115597
    outer loop
      vertex 23.745 -8.04244 17.6003
      vertex 25 -9.27993 17.4464
      vertex 25 -9.26517 17.357
    endloop
  endfacet
  facet normal 0.704567 -0.691091 0.161176
    outer loop
      vertex 23.745 8.04244 17.6003
      vertex 25 9.2446 17.2688
      vertex 25 9.26517 17.357
    endloop
  endfacet
  facet normal 0.704567 -0.691101 0.161138
    outer loop
      vertex 25 9.2446 17.2688
      vertex 23.745 8.04244 17.6003
      vertex 23.745 7.92059 17.0777
    endloop
  endfacet
  facet normal 0.704563 -0.206043 0.67907
    outer loop
      vertex 23.745 2.12232 11.2794
      vertex 25 2.5317 10.1015
      vertex 23.745 2.6358 11.4352
    endloop
  endfacet
  facet normal 0.704561 -0.205954 0.679099
    outer loop
      vertex 25 2.5317 10.1015
      vertex 23.745 2.12232 11.2794
      vertex 25 2.44498 10.0752
    endloop
  endfacet
  facet normal 0.704566 -0.700159 0.115604
    outer loop
      vertex 23.745 8.04244 17.6003
      vertex 25 9.27993 17.4464
      vertex 23.745 8.12985 18.1297
    endloop
  endfacet
  facet normal 0.704566 -0.70016 0.115597
    outer loop
      vertex 25 9.27993 17.4464
      vertex 23.745 8.04244 17.6003
      vertex 25 9.26517 17.357
    endloop
  endfacet
  facet normal 0.704566 0.691101 0.16114
    outer loop
      vertex 25 -9.2446 17.2688
      vertex 25 -9.1248 16.755
      vertex 23.745 -7.92059 17.0777
    endloop
  endfacet
  facet normal 0.704554 0.602644 0.374731
    outer loop
      vertex 25 -7.90249 14.0287
      vertex 23.745 -6.81805 14.6443
      vertex 23.745 -7.10141 15.1
    endloop
  endfacet
  facet normal 0.704558 0.602744 0.374562
    outer loop
      vertex 23.745 -6.81805 14.6443
      vertex 25 -7.90249 14.0287
      vertex 25 -7.85464 13.9517
    endloop
  endfacet
  facet normal 0.704564 -0.412915 0.577141
    outer loop
      vertex 23.745 4.99184 12.6945
      vertex 25 5.67712 11.6527
      vertex 25 5.75078 11.7054
    endloop
  endfacet
  facet normal 0.704552 -0.413402 0.576806
    outer loop
      vertex 25 5.67712 11.6527
      vertex 23.745 4.99184 12.6945
      vertex 23.745 4.55568 12.3819
    endloop
  endfacet
  facet normal 0.704572 0.334532 0.625832
    outer loop
      vertex 25 -4.72334 11.0189
      vertex 25 -4.25808 10.7702
      vertex 23.745 -4.1 12.0986
    endloop
  endfacet
  facet normal 0.704563 0.334577 0.625818
    outer loop
      vertex 25 -4.25808 10.7702
      vertex 23.745 -3.62677 11.8456
      vertex 23.745 -4.1 12.0986
    endloop
  endfacet
  facet normal 0.70456 0.334414 0.62591
    outer loop
      vertex 23.745 -3.62677 11.8456
      vertex 25 -4.25808 10.7702
      vertex 25 -4.17816 10.7275
    endloop
  endfacet
  facet normal 0.704577 -0.0695405 0.706212
    outer loop
      vertex 23.745 1.07031 11.0702
      vertex 25 1.14286 9.82525
      vertex 25 1.23304 9.83413
    endloop
  endfacet
  facet normal 0.704576 -0.0695624 0.70621
    outer loop
      vertex 25 1.14286 9.82525
      vertex 23.745 1.07031 11.0702
      vertex 23.745 0.536305 11.0176
    endloop
  endfacet
  facet normal 0.704566 0.664153 0.249976
    outer loop
      vertex 25 -8.75952 15.6697
      vertex 23.745 -7.57581 16.062
      vertex 23.745 -7.76483 16.5642
    endloop
  endfacet
  facet normal 0.704565 0.664146 0.249995
    outer loop
      vertex 23.745 -7.57581 16.062
      vertex 25 -8.75952 15.6697
      vertex 25 -8.7276 15.5849
    endloop
  endfacet
  facet normal 0.704564 -0.0232759 0.709259
    outer loop
      vertex 23.745 0 11
      vertex 25 0.0905679 9.75628
      vertex 23.745 0.536305 11.0176
    endloop
  endfacet
  facet normal 0.704563 -0.0232588 0.70926
    outer loop
      vertex 25 0.0905679 9.75628
      vertex 23.745 0 11
      vertex 25 0 9.75331
    endloop
  endfacet
  facet normal 0.704575 -0.0232168 0.709249
    outer loop
      vertex 25 0.0905679 9.75628
      vertex 25 0.617843 9.77354
      vertex 23.745 0.536305 11.0176
    endloop
  endfacet
  facet normal 0.70456 -0.450215 0.548544
    outer loop
      vertex 25 5.82083 11.7629
      vertex 25 6.22863 12.0976
      vertex 23.745 5.40664 13.0349
    endloop
  endfacet
  facet normal 0.704557 -0.292848 0.646405
    outer loop
      vertex 25 3.69763 10.5098
      vertex 25 4.17816 10.7275
      vertex 23.745 3.62677 11.8456
    endloop
  endfacet
  facet normal 0.704563 -0.646329 0.293002
    outer loop
      vertex 23.745 7.57581 16.062
      vertex 25 8.6902 15.5024
      vertex 25 8.7276 15.5849
    endloop
  endfacet
  facet normal 0.70456 -0.646401 0.292851
    outer loop
      vertex 25 8.6902 15.5024
      vertex 23.745 7.57581 16.062
      vertex 23.745 7.35436 15.5732
    endloop
  endfacet
  facet normal 0.704566 -0.664153 0.249976
    outer loop
      vertex 23.745 7.57581 16.062
      vertex 25 8.75952 15.6697
      vertex 23.745 7.76483 16.5642
    endloop
  endfacet
  facet normal 0.704565 -0.664146 0.249995
    outer loop
      vertex 25 8.75952 15.6697
      vertex 23.745 7.57581 16.062
      vertex 25 8.7276 15.5849
    endloop
  endfacet
  facet normal 0.704559 -0.67908 0.206024
    outer loop
      vertex 25 8.94535 16.1635
      vertex 25 9.0985 16.6683
      vertex 23.745 7.76483 16.5642
    endloop
  endfacet
  facet normal 0.704557 0.292848 0.646405
    outer loop
      vertex 25 -4.17816 10.7275
      vertex 25 -3.69763 10.5098
      vertex 23.745 -3.62677 11.8456
    endloop
  endfacet
  facet normal 0.704566 -0.691101 0.16114
    outer loop
      vertex 25 9.1248 16.755
      vertex 25 9.2446 17.2688
      vertex 23.745 7.92059 17.0777
    endloop
  endfacet
  facet normal 0.704561 -0.576815 0.413375
    outer loop
      vertex 25 7.54734 13.5229
      vertex 25 7.85464 13.9517
      vertex 23.745 6.81805 14.6443
    endloop
  endfacet
  facet normal 0.704565 -0.517971 0.485072
    outer loop
      vertex 25 6.74176 12.5863
      vertex 25 7.1024 12.9714
      vertex 23.745 6.16509 13.7934
    endloop
  endfacet
  facet normal 0.704561 -0.16115 0.691104
    outer loop
      vertex 25 1.93121 9.9554
      vertex 25 2.44498 10.0752
      vertex 23.745 2.12232 11.2794
    endloop
  endfacet
  facet normal 0.704544 0.413372 0.576838
    outer loop
      vertex 25 -5.67712 11.6527
      vertex 25 -5.2483 11.3454
      vertex 23.745 -4.55568 12.3819
    endloop
  endfacet
  facet normal 0.704559 -0.664172 0.249945
    outer loop
      vertex 25 8.75952 15.6697
      vertex 25 8.94535 16.1635
      vertex 23.745 7.76483 16.5642
    endloop
  endfacet
  facet normal 0.704563 0.0232588 0.70926
    outer loop
      vertex 23.745 0 11
      vertex 25 -0.0905679 9.75628
      vertex 25 0 9.75331
    endloop
  endfacet
  facet normal 0.704564 0.0232759 0.709259
    outer loop
      vertex 25 -0.0905679 9.75628
      vertex 23.745 0 11
      vertex 23.745 -0.536305 11.0176
    endloop
  endfacet
  facet normal 0.704575 0.0232168 0.709249
    outer loop
      vertex 25 -0.617843 9.77354
      vertex 25 -0.0905679 9.75628
      vertex 23.745 -0.536305 11.0176
    endloop
  endfacet
  facet normal 0.704564 0.706224 0.0695512
    outer loop
      vertex 25 -9.37475 18.0571
      vertex 23.745 -8.12985 18.1297
      vertex 23.745 -8.18244 18.6637
    endloop
  endfacet
  facet normal 0.704563 0.70622 0.069603
    outer loop
      vertex 23.745 -8.12985 18.1297
      vertex 25 -9.37475 18.0571
      vertex 25 -9.36587 17.967
    endloop
  endfacet
  facet normal 0.704563 0.706225 0.0695466
    outer loop
      vertex 25 -9.42646 18.5822
      vertex 25 -9.37475 18.0571
      vertex 23.745 -8.18244 18.6637
    endloop
  endfacet
  facet normal 0.704567 0.691101 0.161138
    outer loop
      vertex 23.745 -8.04244 17.6003
      vertex 25 -9.2446 17.2688
      vertex 23.745 -7.92059 17.0777
    endloop
  endfacet
  facet normal 0.704567 0.691091 0.161176
    outer loop
      vertex 25 -9.2446 17.2688
      vertex 23.745 -8.04244 17.6003
      vertex 25 -9.26517 17.357
    endloop
  endfacet
  facet normal 0.704562 -0.625807 0.334599
    outer loop
      vertex 23.745 7.35436 15.5732
      vertex 25 8.42976 14.9419
      vertex 25 8.47248 15.0218
    endloop
  endfacet
  facet normal 0.704561 -0.625839 0.334543
    outer loop
      vertex 25 8.42976 14.9419
      vertex 23.745 7.35436 15.5732
      vertex 23.745 7.10141 15.1
    endloop
  endfacet
  facet normal 0.704564 -0.706224 0.0695512
    outer loop
      vertex 23.745 8.12985 18.1297
      vertex 25 9.37475 18.0571
      vertex 23.745 8.18244 18.6637
    endloop
  endfacet
  facet normal 0.704563 -0.70622 0.069603
    outer loop
      vertex 25 9.37475 18.0571
      vertex 23.745 8.12985 18.1297
      vertex 25 9.36587 17.967
    endloop
  endfacet
  facet normal 0.704565 0.517971 0.485072
    outer loop
      vertex 25 -7.1024 12.9714
      vertex 25 -6.74176 12.5863
      vertex 23.745 -6.16509 13.7934
    endloop
  endfacet
  facet normal 0.704575 0.161088 0.691104
    outer loop
      vertex 23.745 -1.59974 11.1576
      vertex 25 -1.93121 9.9554
      vertex 25 -1.84296 9.93483
    endloop
  endfacet
  facet normal 0.704575 0.161079 0.691106
    outer loop
      vertex 25 -1.93121 9.9554
      vertex 23.745 -1.59974 11.1576
      vertex 23.745 -2.12232 11.2794
    endloop
  endfacet
  facet normal 0.70456 0.485079 0.51797
    outer loop
      vertex 25 -6.61368 12.4582
      vertex 25 -6.22863 12.0976
      vertex 23.745 -5.40664 13.0349
    endloop
  endfacet
  facet normal 0.704564 -0.548555 0.450197
    outer loop
      vertex 25 7.1024 12.9714
      vertex 25 7.43708 13.3792
      vertex 23.745 6.16509 13.7934
    endloop
  endfacet
  facet normal 0.704564 -0.517972 0.485071
    outer loop
      vertex 23.745 5.79827 13.4017
      vertex 25 6.74176 12.5863
      vertex 23.745 6.16509 13.7934
    endloop
  endfacet
  facet normal 0.70456 -0.517824 0.485235
    outer loop
      vertex 25 6.74176 12.5863
      vertex 23.745 5.79827 13.4017
      vertex 25 6.67982 12.5202
    endloop
  endfacet
  facet normal 0.704568 0.485101 0.517939
    outer loop
      vertex 23.745 -5.79827 13.4017
      vertex 25 -6.61368 12.4582
      vertex 23.745 -5.40664 13.0349
    endloop
  endfacet
  facet normal 0.704561 0.485328 0.517735
    outer loop
      vertex 25 -6.61368 12.4582
      vertex 23.745 -5.79827 13.4017
      vertex 25 -6.67982 12.5202
    endloop
  endfacet
  facet normal 0.70456 0.450215 0.548544
    outer loop
      vertex 25 -6.22863 12.0976
      vertex 25 -5.82083 11.7629
      vertex 23.745 -5.40664 13.0349
    endloop
  endfacet
  facet normal 0.704562 -0.700167 0.115583
    outer loop
      vertex 25 9.27993 17.4464
      vertex 25 9.36587 17.967
      vertex 23.745 8.12985 18.1297
    endloop
  endfacet
  facet normal 0.704561 0.16115 0.691104
    outer loop
      vertex 25 -2.44498 10.0752
      vertex 25 -1.93121 9.9554
      vertex 23.745 -2.12232 11.2794
    endloop
  endfacet
  facet normal 0.704561 0.205954 0.679099
    outer loop
      vertex 23.745 -2.12232 11.2794
      vertex 25 -2.5317 10.1015
      vertex 25 -2.44498 10.0752
    endloop
  endfacet
  facet normal 0.704563 0.206043 0.67907
    outer loop
      vertex 25 -2.5317 10.1015
      vertex 23.745 -2.12232 11.2794
      vertex 23.745 -2.6358 11.4352
    endloop
  endfacet
  facet normal 0.704556 -0.602637 0.374738
    outer loop
      vertex 25 7.90249 14.0287
      vertex 25 8.18107 14.4767
      vertex 23.745 7.10141 15.1
    endloop
  endfacet
  facet normal 0.704565 0.292809 0.646414
    outer loop
      vertex 25 -3.69763 10.5098
      vertex 23.745 -3.138 11.6242
      vertex 23.745 -3.62677 11.8456
    endloop
  endfacet
  facet normal 0.704566 0.292883 0.646379
    outer loop
      vertex 23.745 -3.138 11.6242
      vertex 25 -3.69763 10.5098
      vertex 25 -3.61509 10.4724
    endloop
  endfacet
  facet normal 0.704567 -0.679081 0.205996
    outer loop
      vertex 23.745 7.92059 17.0777
      vertex 25 9.0985 16.6683
      vertex 25 9.1248 16.755
    endloop
  endfacet
  facet normal 0.704567 -0.679084 0.205987
    outer loop
      vertex 25 9.0985 16.6683
      vertex 23.745 7.92059 17.0777
      vertex 23.745 7.76483 16.5642
    endloop
  endfacet
  facet normal 0.704572 -0.374744 0.602616
    outer loop
      vertex 25 4.72334 11.0189
      vertex 25 5.17135 11.2975
      vertex 23.745 4.1 12.0986
    endloop
  endfacet
  facet normal 0.704565 -0.292809 0.646414
    outer loop
      vertex 23.745 3.138 11.6242
      vertex 25 3.69763 10.5098
      vertex 23.745 3.62677 11.8456
    endloop
  endfacet
  facet normal 0.704566 -0.292883 0.646379
    outer loop
      vertex 25 3.69763 10.5098
      vertex 23.745 3.138 11.6242
      vertex 25 3.61509 10.4724
    endloop
  endfacet
  facet normal 0.704554 -0.602644 0.374731
    outer loop
      vertex 23.745 6.81805 14.6443
      vertex 25 7.90249 14.0287
      vertex 23.745 7.10141 15.1
    endloop
  endfacet
  facet normal 0.704558 -0.602744 0.374562
    outer loop
      vertex 25 7.90249 14.0287
      vertex 23.745 6.81805 14.6443
      vertex 25 7.85464 13.9517
    endloop
  endfacet
  facet normal 0.704557 -0.625833 0.334562
    outer loop
      vertex 25 8.18107 14.4767
      vertex 25 8.42976 14.9419
      vertex 23.745 7.10141 15.1
    endloop
  endfacet
  facet normal 0.704575 -0.161079 0.691106
    outer loop
      vertex 23.745 1.59974 11.1576
      vertex 25 1.93121 9.9554
      vertex 23.745 2.12232 11.2794
    endloop
  endfacet
  facet normal 0.704575 -0.161088 0.691104
    outer loop
      vertex 25 1.93121 9.9554
      vertex 23.745 1.59974 11.1576
      vertex 25 1.84296 9.93483
    endloop
  endfacet
  facet normal 0.704572 -0.334532 0.625832
    outer loop
      vertex 25 4.25808 10.7702
      vertex 25 4.72334 11.0189
      vertex 23.745 4.1 12.0986
    endloop
  endfacet
  facet normal 0.704569 0.450174 0.548567
    outer loop
      vertex 25 -5.82083 11.7629
      vertex 23.745 -4.99184 12.6945
      vertex 23.745 -5.40664 13.0349
    endloop
  endfacet
  facet normal 0.704571 0.45024 0.54851
    outer loop
      vertex 23.745 -4.99184 12.6945
      vertex 25 -5.82083 11.7629
      vertex 25 -5.75078 11.7054
    endloop
  endfacet
  facet normal 0.704548 -0.375025 0.602468
    outer loop
      vertex 23.745 4.55568 12.3819
      vertex 25 5.17135 11.2975
      vertex 25 5.2483 11.3454
    endloop
  endfacet
  facet normal 0.704556 -0.374685 0.60267
    outer loop
      vertex 25 5.17135 11.2975
      vertex 23.745 4.55568 12.3819
      vertex 23.745 4.1 12.0986
    endloop
  endfacet
  facet normal -0 0.582542 0.812801
    outer loop
      vertex -23.745 -4.55568 12.3819
      vertex 23.745 -4.99184 12.6945
      vertex 23.745 -4.55568 12.3819
    endloop
  endfacet
  facet normal 0 0.582542 0.812801
    outer loop
      vertex 23.745 -4.99184 12.6945
      vertex -23.745 -4.55568 12.3819
      vertex -23.745 -4.99184 12.6945
    endloop
  endfacet
  facet normal -0 0.412616 0.910905
    outer loop
      vertex -23.745 -3.138 11.6242
      vertex 23.745 -3.62677 11.8456
      vertex 23.745 -3.138 11.6242
    endloop
  endfacet
  facet normal 0 0.412616 0.910905
    outer loop
      vertex 23.745 -3.62677 11.8456
      vertex -23.745 -3.138 11.6242
      vertex -23.745 -3.62677 11.8456
    endloop
  endfacet
  facet normal 0 -0.986642 0.162906
    outer loop
      vertex -23.745 8.04244 17.6003
      vertex 23.745 8.12985 18.1297
      vertex -23.745 8.12985 18.1297
    endloop
  endfacet
  facet normal 0 -0.986642 0.162906
    outer loop
      vertex 23.745 8.12985 18.1297
      vertex -23.745 8.04244 17.6003
      vertex 23.745 8.04244 17.6003
    endloop
  endfacet
  facet normal 0 -0.162879 0.986646
    outer loop
      vertex -23.745 1.59974 11.1576
      vertex 23.745 1.07031 11.0702
      vertex 23.745 1.59974 11.1576
    endloop
  endfacet
  facet normal 0 -0.162879 0.986646
    outer loop
      vertex 23.745 1.07031 11.0702
      vertex -23.745 1.59974 11.1576
      vertex -23.745 1.07031 11.0702
    endloop
  endfacet
  facet normal -0 0.0980266 0.995184
    outer loop
      vertex -23.745 -0.536305 11.0176
      vertex 23.745 -1.07031 11.0702
      vertex 23.745 -0.536305 11.0176
    endloop
  endfacet
  facet normal 0 0.0980266 0.995184
    outer loop
      vertex 23.745 -1.07031 11.0702
      vertex -23.745 -0.536305 11.0176
      vertex -23.745 -1.07031 11.0702
    endloop
  endfacet
  facet normal 0 0.935903 0.352259
    outer loop
      vertex 23.745 -7.57581 16.062
      vertex -23.745 -7.76483 16.5642
      vertex 23.745 -7.76483 16.5642
    endloop
  endfacet
  facet normal 0 0.935903 0.352259
    outer loop
      vertex -23.745 -7.76483 16.5642
      vertex 23.745 -7.57581 16.062
      vertex -23.745 -7.57581 16.062
    endloop
  endfacet
  facet normal 0 -0.352226 0.935915
    outer loop
      vertex -23.745 3.138 11.6242
      vertex 23.745 2.6358 11.4352
      vertex 23.745 3.138 11.6242
    endloop
  endfacet
  facet normal 0 -0.352226 0.935915
    outer loop
      vertex 23.745 2.6358 11.4352
      vertex -23.745 3.138 11.6242
      vertex -23.745 2.6358 11.4352
    endloop
  endfacet
  facet normal 0 0.973878 0.227071
    outer loop
      vertex 23.745 -7.92059 17.0777
      vertex -23.745 -8.04244 17.6003
      vertex 23.745 -8.04244 17.6003
    endloop
  endfacet
  facet normal 0 0.973878 0.227071
    outer loop
      vertex -23.745 -8.04244 17.6003
      vertex 23.745 -7.92059 17.0777
      vertex -23.745 -7.92059 17.0777
    endloop
  endfacet
  facet normal 0 -0.412616 0.910905
    outer loop
      vertex -23.745 3.62677 11.8456
      vertex 23.745 3.138 11.6242
      vertex 23.745 3.62677 11.8456
    endloop
  endfacet
  facet normal 0 -0.412616 0.910905
    outer loop
      vertex 23.745 3.138 11.6242
      vertex -23.745 3.62677 11.8456
      vertex -23.745 3.138 11.6242
    endloop
  endfacet
  facet normal 0 -0.999463 0.0327648
    outer loop
      vertex -23.745 8.18244 18.6637
      vertex 23.745 8.18363 18.7
      vertex -23.745 8.18363 18.7
    endloop
  endfacet
  facet normal 0 -0.999463 0.0327648
    outer loop
      vertex 23.745 8.18363 18.7
      vertex -23.745 8.18244 18.6637
      vertex 23.745 8.18244 18.6637
    endloop
  endfacet
  facet normal 0 -0.22699 0.973897
    outer loop
      vertex -23.745 2.12232 11.2794
      vertex 23.745 1.59974 11.1576
      vertex 23.745 2.12232 11.2794
    endloop
  endfacet
  facet normal 0 -0.22699 0.973897
    outer loop
      vertex 23.745 1.59974 11.1576
      vertex -23.745 2.12232 11.2794
      vertex -23.745 1.59974 11.1576
    endloop
  endfacet
  facet normal -0 0.471474 0.88188
    outer loop
      vertex -23.745 -3.62677 11.8456
      vertex 23.745 -4.1 12.0986
      vertex 23.745 -3.62677 11.8456
    endloop
  endfacet
  facet normal 0 0.471474 0.88188
    outer loop
      vertex 23.745 -4.1 12.0986
      vertex -23.745 -3.62677 11.8456
      vertex -23.745 -4.1 12.0986
    endloop
  endfacet
  facet normal -0 0.352226 0.935915
    outer loop
      vertex -23.745 -2.6358 11.4352
      vertex 23.745 -3.138 11.6242
      vertex 23.745 -2.6358 11.4352
    endloop
  endfacet
  facet normal 0 0.352226 0.935915
    outer loop
      vertex 23.745 -3.138 11.6242
      vertex -23.745 -2.6358 11.4352
      vertex -23.745 -3.138 11.6242
    endloop
  endfacet
  facet normal -0 0.290349 0.956921
    outer loop
      vertex -23.745 -2.12232 11.2794
      vertex 23.745 -2.6358 11.4352
      vertex 23.745 -2.12232 11.2794
    endloop
  endfacet
  facet normal 0 0.290349 0.956921
    outer loop
      vertex 23.745 -2.6358 11.4352
      vertex -23.745 -2.12232 11.2794
      vertex -23.745 -2.6358 11.4352
    endloop
  endfacet
  facet normal 0 -0.290349 0.956921
    outer loop
      vertex -23.745 2.6358 11.4352
      vertex 23.745 2.12232 11.2794
      vertex 23.745 2.6358 11.4352
    endloop
  endfacet
  facet normal 0 -0.290349 0.956921
    outer loop
      vertex 23.745 2.12232 11.2794
      vertex -23.745 2.6358 11.4352
      vertex -23.745 2.12232 11.2794
    endloop
  endfacet
  facet normal 0 -0.471474 0.88188
    outer loop
      vertex -23.745 4.1 12.0986
      vertex 23.745 3.62677 11.8456
      vertex 23.745 4.1 12.0986
    endloop
  endfacet
  facet normal 0 -0.471474 0.88188
    outer loop
      vertex 23.745 3.62677 11.8456
      vertex -23.745 4.1 12.0986
      vertex -23.745 3.62677 11.8456
    endloop
  endfacet
  facet normal 0 -0.881906 0.471425
    outer loop
      vertex -23.745 7.10141 15.1
      vertex 23.745 7.35436 15.5732
      vertex -23.745 7.35436 15.5732
    endloop
  endfacet
  facet normal 0 -0.881906 0.471425
    outer loop
      vertex 23.745 7.35436 15.5732
      vertex -23.745 7.10141 15.1
      vertex 23.745 7.10141 15.1
    endloop
  endfacet
  facet normal 0 -0.973878 0.227071
    outer loop
      vertex -23.745 7.92059 17.0777
      vertex 23.745 8.04244 17.6003
      vertex -23.745 8.04244 17.6003
    endloop
  endfacet
  facet normal 0 -0.973878 0.227071
    outer loop
      vertex 23.745 8.04244 17.6003
      vertex -23.745 7.92059 17.0777
      vertex 23.745 7.92059 17.0777
    endloop
  endfacet
  facet normal 0 0.729908 0.683546
    outer loop
      vertex 23.745 -5.79827 13.4017
      vertex -23.745 -6.16509 13.7934
      vertex 23.745 -6.16509 13.7934
    endloop
  endfacet
  facet normal 0 0.729908 0.683546
    outer loop
      vertex -23.745 -6.16509 13.7934
      vertex 23.745 -5.79827 13.4017
      vertex -23.745 -5.79827 13.4017
    endloop
  endfacet
  facet normal 0 0.849213 0.528051
    outer loop
      vertex 23.745 -6.81805 14.6443
      vertex -23.745 -7.10141 15.1
      vertex 23.745 -7.10141 15.1
    endloop
  endfacet
  facet normal 0 0.849213 0.528051
    outer loop
      vertex -23.745 -7.10141 15.1
      vertex 23.745 -6.81805 14.6443
      vertex -23.745 -6.81805 14.6443
    endloop
  endfacet
  facet normal 0 -0.527987 0.849252
    outer loop
      vertex -23.745 4.55568 12.3819
      vertex 23.745 4.1 12.0986
      vertex 23.745 4.55568 12.3819
    endloop
  endfacet
  facet normal 0 -0.527987 0.849252
    outer loop
      vertex 23.745 4.1 12.0986
      vertex -23.745 4.55568 12.3819
      vertex -23.745 4.1 12.0986
    endloop
  endfacet
  facet normal 0 0.995186 0.098009
    outer loop
      vertex 23.745 -8.12985 18.1297
      vertex -23.745 -8.18244 18.6637
      vertex 23.745 -8.18244 18.6637
    endloop
  endfacet
  facet normal 0 0.995186 0.098009
    outer loop
      vertex -23.745 -8.18244 18.6637
      vertex 23.745 -8.12985 18.1297
      vertex -23.745 -8.12985 18.1297
    endloop
  endfacet
  facet normal 0 0.812807 0.582533
    outer loop
      vertex 23.745 -6.5055 14.2082
      vertex -23.745 -6.81805 14.6443
      vertex 23.745 -6.81805 14.6443
    endloop
  endfacet
  facet normal 0 0.812807 0.582533
    outer loop
      vertex -23.745 -6.81805 14.6443
      vertex 23.745 -6.5055 14.2082
      vertex -23.745 -6.5055 14.2082
    endloop
  endfacet
  facet normal 0 -0.995186 0.098009
    outer loop
      vertex -23.745 8.12985 18.1297
      vertex 23.745 8.18244 18.6637
      vertex -23.745 8.18244 18.6637
    endloop
  endfacet
  facet normal 0 -0.995186 0.098009
    outer loop
      vertex 23.745 8.18244 18.6637
      vertex -23.745 8.12985 18.1297
      vertex 23.745 8.12985 18.1297
    endloop
  endfacet
  facet normal 0 -0.582542 0.812801
    outer loop
      vertex -23.745 4.99184 12.6945
      vertex 23.745 4.55568 12.3819
      vertex 23.745 4.99184 12.6945
    endloop
  endfacet
  facet normal 0 -0.582542 0.812801
    outer loop
      vertex 23.745 4.55568 12.3819
      vertex -23.745 4.99184 12.6945
      vertex -23.745 4.55568 12.3819
    endloop
  endfacet
  facet normal 0 -0.91088 0.412672
    outer loop
      vertex -23.745 7.35436 15.5732
      vertex 23.745 7.57581 16.062
      vertex -23.745 7.57581 16.062
    endloop
  endfacet
  facet normal 0 -0.91088 0.412672
    outer loop
      vertex 23.745 7.57581 16.062
      vertex -23.745 7.35436 15.5732
      vertex 23.745 7.35436 15.5732
    endloop
  endfacet
  facet normal 0 0.986642 0.162906
    outer loop
      vertex 23.745 -8.04244 17.6003
      vertex -23.745 -8.12985 18.1297
      vertex 23.745 -8.12985 18.1297
    endloop
  endfacet
  facet normal 0 0.986642 0.162906
    outer loop
      vertex -23.745 -8.12985 18.1297
      vertex 23.745 -8.04244 17.6003
      vertex -23.745 -8.04244 17.6003
    endloop
  endfacet
  facet normal -0 0.683591 0.729865
    outer loop
      vertex -23.745 -5.40664 13.0349
      vertex 23.745 -5.79827 13.4017
      vertex 23.745 -5.40664 13.0349
    endloop
  endfacet
  facet normal 0 0.683591 0.729865
    outer loop
      vertex 23.745 -5.79827 13.4017
      vertex -23.745 -5.40664 13.0349
      vertex -23.745 -5.79827 13.4017
    endloop
  endfacet
  facet normal 0 0.956945 0.29027
    outer loop
      vertex 23.745 -7.76483 16.5642
      vertex -23.745 -7.92059 17.0777
      vertex 23.745 -7.92059 17.0777
    endloop
  endfacet
  facet normal 0 0.956945 0.29027
    outer loop
      vertex -23.745 -7.92059 17.0777
      vertex 23.745 -7.76483 16.5642
      vertex -23.745 -7.76483 16.5642
    endloop
  endfacet
  facet normal 0 -0.956945 0.29027
    outer loop
      vertex -23.745 7.76483 16.5642
      vertex 23.745 7.92059 17.0777
      vertex -23.745 7.92059 17.0777
    endloop
  endfacet
  facet normal 0 -0.956945 0.29027
    outer loop
      vertex 23.745 7.92059 17.0777
      vertex -23.745 7.76483 16.5642
      vertex 23.745 7.76483 16.5642
    endloop
  endfacet
  facet normal 0 -0.812807 0.582533
    outer loop
      vertex -23.745 6.5055 14.2082
      vertex 23.745 6.81805 14.6443
      vertex -23.745 6.81805 14.6443
    endloop
  endfacet
  facet normal 0 -0.812807 0.582533
    outer loop
      vertex 23.745 6.81805 14.6443
      vertex -23.745 6.5055 14.2082
      vertex 23.745 6.5055 14.2082
    endloop
  endfacet
  facet normal 0 0.773017 0.634385
    outer loop
      vertex 23.745 -6.16509 13.7934
      vertex -23.745 -6.5055 14.2082
      vertex 23.745 -6.5055 14.2082
    endloop
  endfacet
  facet normal 0 0.773017 0.634385
    outer loop
      vertex -23.745 -6.5055 14.2082
      vertex 23.745 -6.16509 13.7934
      vertex -23.745 -6.16509 13.7934
    endloop
  endfacet
  facet normal 0 0.999463 0.0327648
    outer loop
      vertex 23.745 -8.18244 18.6637
      vertex -23.745 -8.18363 18.7
      vertex 23.745 -8.18363 18.7
    endloop
  endfacet
  facet normal 0 0.999463 0.0327648
    outer loop
      vertex -23.745 -8.18363 18.7
      vertex 23.745 -8.18244 18.6637
      vertex -23.745 -8.18244 18.6637
    endloop
  endfacet
  facet normal 0 0.91088 0.412672
    outer loop
      vertex 23.745 -7.35436 15.5732
      vertex -23.745 -7.57581 16.062
      vertex 23.745 -7.57581 16.062
    endloop
  endfacet
  facet normal 0 0.91088 0.412672
    outer loop
      vertex -23.745 -7.57581 16.062
      vertex 23.745 -7.35436 15.5732
      vertex -23.745 -7.35436 15.5732
    endloop
  endfacet
  facet normal 0 -0.773017 0.634385
    outer loop
      vertex -23.745 6.16509 13.7934
      vertex 23.745 6.5055 14.2082
      vertex -23.745 6.5055 14.2082
    endloop
  endfacet
  facet normal 0 -0.773017 0.634385
    outer loop
      vertex 23.745 6.5055 14.2082
      vertex -23.745 6.16509 13.7934
      vertex 23.745 6.16509 13.7934
    endloop
  endfacet
  facet normal 0 -0.683591 0.729865
    outer loop
      vertex -23.745 5.79827 13.4017
      vertex 23.745 5.40664 13.0349
      vertex 23.745 5.79827 13.4017
    endloop
  endfacet
  facet normal 0 -0.683591 0.729865
    outer loop
      vertex 23.745 5.40664 13.0349
      vertex -23.745 5.79827 13.4017
      vertex -23.745 5.40664 13.0349
    endloop
  endfacet
  facet normal -0 0.162879 0.986646
    outer loop
      vertex -23.745 -1.07031 11.0702
      vertex 23.745 -1.59974 11.1576
      vertex 23.745 -1.07031 11.0702
    endloop
  endfacet
  facet normal 0 0.162879 0.986646
    outer loop
      vertex 23.745 -1.59974 11.1576
      vertex -23.745 -1.07031 11.0702
      vertex -23.745 -1.59974 11.1576
    endloop
  endfacet
  facet normal -0 0.527987 0.849252
    outer loop
      vertex -23.745 -4.1 12.0986
      vertex 23.745 -4.55568 12.3819
      vertex 23.745 -4.1 12.0986
    endloop
  endfacet
  facet normal 0 0.527987 0.849252
    outer loop
      vertex 23.745 -4.55568 12.3819
      vertex -23.745 -4.1 12.0986
      vertex -23.745 -4.55568 12.3819
    endloop
  endfacet
  facet normal 0 -0.935903 0.352259
    outer loop
      vertex -23.745 7.57581 16.062
      vertex 23.745 7.76483 16.5642
      vertex -23.745 7.76483 16.5642
    endloop
  endfacet
  facet normal 0 -0.935903 0.352259
    outer loop
      vertex 23.745 7.76483 16.5642
      vertex -23.745 7.57581 16.062
      vertex 23.745 7.57581 16.062
    endloop
  endfacet
  facet normal 0 -0.0980266 0.995184
    outer loop
      vertex -23.745 1.07031 11.0702
      vertex 23.745 0.536305 11.0176
      vertex 23.745 1.07031 11.0702
    endloop
  endfacet
  facet normal 0 -0.0980266 0.995184
    outer loop
      vertex 23.745 0.536305 11.0176
      vertex -23.745 1.07031 11.0702
      vertex -23.745 0.536305 11.0176
    endloop
  endfacet
  facet normal 0 -0.634374 0.773027
    outer loop
      vertex -23.745 5.40664 13.0349
      vertex 23.745 4.99184 12.6945
      vertex 23.745 5.40664 13.0349
    endloop
  endfacet
  facet normal 0 -0.634374 0.773027
    outer loop
      vertex 23.745 4.99184 12.6945
      vertex -23.745 5.40664 13.0349
      vertex -23.745 4.99184 12.6945
    endloop
  endfacet
  facet normal 0 -0.0327995 0.999462
    outer loop
      vertex -23.745 0.536305 11.0176
      vertex 23.745 0 11
      vertex 23.745 0.536305 11.0176
    endloop
  endfacet
  facet normal 0 -0.0327995 0.999462
    outer loop
      vertex 23.745 0 11
      vertex -23.745 0.536305 11.0176
      vertex -23.745 0 11
    endloop
  endfacet
  facet normal 0 0.881906 0.471425
    outer loop
      vertex 23.745 -7.10141 15.1
      vertex -23.745 -7.35436 15.5732
      vertex 23.745 -7.35436 15.5732
    endloop
  endfacet
  facet normal 0 0.881906 0.471425
    outer loop
      vertex -23.745 -7.35436 15.5732
      vertex 23.745 -7.10141 15.1
      vertex -23.745 -7.10141 15.1
    endloop
  endfacet
  facet normal -0 0.22699 0.973897
    outer loop
      vertex -23.745 -1.59974 11.1576
      vertex 23.745 -2.12232 11.2794
      vertex 23.745 -1.59974 11.1576
    endloop
  endfacet
  facet normal 0 0.22699 0.973897
    outer loop
      vertex 23.745 -2.12232 11.2794
      vertex -23.745 -1.59974 11.1576
      vertex -23.745 -2.12232 11.2794
    endloop
  endfacet
  facet normal 0 -0.849213 0.528051
    outer loop
      vertex -23.745 6.81805 14.6443
      vertex 23.745 7.10141 15.1
      vertex -23.745 7.10141 15.1
    endloop
  endfacet
  facet normal 0 -0.849213 0.528051
    outer loop
      vertex 23.745 7.10141 15.1
      vertex -23.745 6.81805 14.6443
      vertex 23.745 6.81805 14.6443
    endloop
  endfacet
  facet normal -0 0.634374 0.773027
    outer loop
      vertex -23.745 -4.99184 12.6945
      vertex 23.745 -5.40664 13.0349
      vertex 23.745 -4.99184 12.6945
    endloop
  endfacet
  facet normal 0 0.634374 0.773027
    outer loop
      vertex 23.745 -5.40664 13.0349
      vertex -23.745 -4.99184 12.6945
      vertex -23.745 -5.40664 13.0349
    endloop
  endfacet
  facet normal -0 0.0327995 0.999462
    outer loop
      vertex -23.745 0 11
      vertex 23.745 -0.536305 11.0176
      vertex 23.745 0 11
    endloop
  endfacet
  facet normal 0 0.0327995 0.999462
    outer loop
      vertex 23.745 -0.536305 11.0176
      vertex -23.745 0 11
      vertex -23.745 -0.536305 11.0176
    endloop
  endfacet
  facet normal 0 -0.729908 0.683546
    outer loop
      vertex -23.745 5.79827 13.4017
      vertex 23.745 6.16509 13.7934
      vertex -23.745 6.16509 13.7934
    endloop
  endfacet
  facet normal 0 -0.729908 0.683546
    outer loop
      vertex 23.745 6.16509 13.7934
      vertex -23.745 5.79827 13.4017
      vertex 23.745 5.79827 13.4017
    endloop
  endfacet
  facet normal -0.995179 0.0980724 0
    outer loop
      vertex 2.72647 13.0911 10.7
      vertex 2.74411 13.2701 18.7
      vertex 2.74411 13.2701 10.7
    endloop
  endfacet
  facet normal -0.995179 0.0980724 0
    outer loop
      vertex 2.74411 13.2701 18.7
      vertex 2.72647 13.0911 10.7
      vertex 2.72647 13.0911 18.7
    endloop
  endfacet
  facet normal -0.999464 0.0327229 0
    outer loop
      vertex 2.74411 13.2701 10.7
      vertex 2.75 13.45 18.7
      vertex 2.75 13.45 10.7
    endloop
  endfacet
  facet normal -0.999464 0.0327229 0
    outer loop
      vertex 2.75 13.45 18.7
      vertex 2.74411 13.2701 10.7
      vertex 2.74411 13.2701 18.7
    endloop
  endfacet
  facet normal -0.471257 -0.881996 0
    outer loop
      vertex 1.21629 15.9164 10.7
      vertex 1.375 15.8316 18.7
      vertex 1.21629 15.9164 18.7
    endloop
  endfacet
  facet normal -0.471257 -0.881996 -0
    outer loop
      vertex 1.375 15.8316 18.7
      vertex 1.21629 15.9164 10.7
      vertex 1.375 15.8316 10.7
    endloop
  endfacet
  facet normal 0.93589 -0.352293 0
    outer loop
      vertex -2.60406 14.334 18.7
      vertex -2.54067 14.5024 10.7
      vertex -2.54067 14.5024 18.7
    endloop
  endfacet
  facet normal 0.93589 -0.352293 0
    outer loop
      vertex -2.54067 14.5024 10.7
      vertex -2.60406 14.334 18.7
      vertex -2.60406 14.334 10.7
    endloop
  endfacet
  facet normal -0.162821 0.986656 0
    outer loop
      vertex 0.536498 10.7528 10.7
      vertex 0.358947 10.7235 18.7
      vertex 0.536498 10.7528 18.7
    endloop
  endfacet
  facet normal -0.162821 0.986656 0
    outer loop
      vertex 0.358947 10.7235 18.7
      vertex 0.536498 10.7528 10.7
      vertex 0.358947 10.7235 10.7
    endloop
  endfacet
  facet normal 0.999464 -0.0327229 0
    outer loop
      vertex -2.75 13.45 18.7
      vertex -2.74411 13.6299 10.7
      vertex -2.74411 13.6299 18.7
    endloop
  endfacet
  facet normal 0.999464 -0.0327229 0
    outer loop
      vertex -2.74411 13.6299 10.7
      vertex -2.75 13.45 18.7
      vertex -2.75 13.45 10.7
    endloop
  endfacet
  facet normal 0.956935 -0.290304 0
    outer loop
      vertex -2.6563 14.1618 18.7
      vertex -2.60406 14.334 10.7
      vertex -2.60406 14.334 18.7
    endloop
  endfacet
  facet normal 0.956935 -0.290304 0
    outer loop
      vertex -2.60406 14.334 10.7
      vertex -2.6563 14.1618 18.7
      vertex -2.6563 14.1618 10.7
    endloop
  endfacet
  facet normal 0.683849 0.729624 -0
    outer loop
      vertex -1.8132 11.3824 10.7
      vertex -1.94454 11.5055 18.7
      vertex -1.8132 11.3824 18.7
    endloop
  endfacet
  facet normal 0.683849 0.729624 0
    outer loop
      vertex -1.94454 11.5055 18.7
      vertex -1.8132 11.3824 10.7
      vertex -1.94454 11.5055 10.7
    endloop
  endfacet
  facet normal -0.032786 -0.999462 0
    outer loop
      vertex 0 16.2 10.7
      vertex 0.179858 16.1941 18.7
      vertex 0 16.2 18.7
    endloop
  endfacet
  facet normal -0.032786 -0.999462 -0
    outer loop
      vertex 0.179858 16.1941 18.7
      vertex 0 16.2 10.7
      vertex 0.179858 16.1941 10.7
    endloop
  endfacet
  facet normal 0.956935 0.290304 0
    outer loop
      vertex -2.60406 12.566 18.7
      vertex -2.6563 12.7382 10.7
      vertex -2.6563 12.7382 18.7
    endloop
  endfacet
  facet normal 0.956935 0.290304 0
    outer loop
      vertex -2.6563 12.7382 10.7
      vertex -2.60406 12.566 18.7
      vertex -2.60406 12.566 10.7
    endloop
  endfacet
  facet normal 0.910847 -0.412743 0
    outer loop
      vertex -2.54067 14.5024 18.7
      vertex -2.4664 14.6663 10.7
      vertex -2.4664 14.6663 18.7
    endloop
  endfacet
  facet normal 0.910847 -0.412743 0
    outer loop
      vertex -2.4664 14.6663 10.7
      vertex -2.54067 14.5024 18.7
      vertex -2.54067 14.5024 10.7
    endloop
  endfacet
  facet normal -0.097804 -0.995206 0
    outer loop
      vertex 0.179858 16.1941 10.7
      vertex 0.358947 16.1765 18.7
      vertex 0.179858 16.1941 18.7
    endloop
  endfacet
  facet normal -0.097804 -0.995206 -0
    outer loop
      vertex 0.358947 16.1765 18.7
      vertex 0.179858 16.1941 10.7
      vertex 0.358947 16.1765 10.7
    endloop
  endfacet
  facet normal -0.999464 -0.0327229 0
    outer loop
      vertex 2.75 13.45 10.7
      vertex 2.74411 13.6299 18.7
      vertex 2.74411 13.6299 10.7
    endloop
  endfacet
  facet normal -0.999464 -0.0327229 0
    outer loop
      vertex 2.74411 13.6299 18.7
      vertex 2.75 13.45 10.7
      vertex 2.75 13.45 18.7
    endloop
  endfacet
  facet normal 0.352301 0.935887 -0
    outer loop
      vertex -0.883958 10.8459 10.7
      vertex -1.05238 10.9093 18.7
      vertex -0.883958 10.8459 18.7
    endloop
  endfacet
  facet normal 0.352301 0.935887 0
    outer loop
      vertex -1.05238 10.9093 18.7
      vertex -0.883958 10.8459 10.7
      vertex -1.05238 10.9093 10.7
    endloop
  endfacet
  facet normal 0.773001 0.634405 0
    outer loop
      vertex -2.06756 11.6368 18.7
      vertex -2.18172 11.7759 10.7
      vertex -2.18172 11.7759 18.7
    endloop
  endfacet
  facet normal 0.773001 0.634405 0
    outer loop
      vertex -2.18172 11.7759 10.7
      vertex -2.06756 11.6368 18.7
      vertex -2.06756 11.6368 10.7
    endloop
  endfacet
  facet normal -0.84917 0.528119 0
    outer loop
      vertex 2.28654 11.9222 10.7
      vertex 2.38157 12.075 18.7
      vertex 2.38157 12.075 10.7
    endloop
  endfacet
  facet normal -0.84917 0.528119 0
    outer loop
      vertex 2.38157 12.075 18.7
      vertex 2.28654 11.9222 10.7
      vertex 2.28654 11.9222 18.7
    endloop
  endfacet
  facet normal 0.812892 0.582415 0
    outer loop
      vertex -2.18172 11.7759 18.7
      vertex -2.28654 11.9222 10.7
      vertex -2.28654 11.9222 18.7
    endloop
  endfacet
  facet normal 0.812892 0.582415 0
    outer loop
      vertex -2.28654 11.9222 10.7
      vertex -2.18172 11.7759 18.7
      vertex -2.18172 11.7759 10.7
    endloop
  endfacet
  facet normal -0.032786 0.999462 0
    outer loop
      vertex 0.179858 10.7059 10.7
      vertex 0 10.7 18.7
      vertex 0.179858 10.7059 18.7
    endloop
  endfacet
  facet normal -0.032786 0.999462 0
    outer loop
      vertex 0 10.7 18.7
      vertex 0.179858 10.7059 10.7
      vertex 0 10.7 10.7
    endloop
  endfacet
  facet normal -0.227269 -0.973832 0
    outer loop
      vertex 0.536498 16.1472 10.7
      vertex 0.711752 16.1063 18.7
      vertex 0.536498 16.1472 18.7
    endloop
  endfacet
  facet normal -0.227269 -0.973832 -0
    outer loop
      vertex 0.711752 16.1063 18.7
      vertex 0.536498 16.1472 10.7
      vertex 0.711752 16.1063 10.7
    endloop
  endfacet
  facet normal -0.58242 0.812888 0
    outer loop
      vertex 1.67409 11.2683 10.7
      vertex 1.52782 11.1635 18.7
      vertex 1.67409 11.2683 18.7
    endloop
  endfacet
  facet normal -0.58242 0.812888 0
    outer loop
      vertex 1.52782 11.1635 18.7
      vertex 1.67409 11.2683 10.7
      vertex 1.52782 11.1635 10.7
    endloop
  endfacet
  facet normal -0.973894 -0.227001 0
    outer loop
      vertex 2.69716 13.9865 10.7
      vertex 2.6563 14.1618 18.7
      vertex 2.6563 14.1618 10.7
    endloop
  endfacet
  facet normal -0.973894 -0.227001 0
    outer loop
      vertex 2.6563 14.1618 18.7
      vertex 2.69716 13.9865 10.7
      vertex 2.69716 13.9865 18.7
    endloop
  endfacet
  facet normal -0.634179 0.773187 0
    outer loop
      vertex 1.8132 11.3824 10.7
      vertex 1.67409 11.2683 18.7
      vertex 1.8132 11.3824 18.7
    endloop
  endfacet
  facet normal -0.634179 0.773187 0
    outer loop
      vertex 1.67409 11.2683 18.7
      vertex 1.8132 11.3824 10.7
      vertex 1.67409 11.2683 10.7
    endloop
  endfacet
  facet normal -0.973894 0.227001 0
    outer loop
      vertex 2.6563 12.7382 10.7
      vertex 2.69716 12.9135 18.7
      vertex 2.69716 12.9135 10.7
    endloop
  endfacet
  facet normal -0.973894 0.227001 0
    outer loop
      vertex 2.69716 12.9135 18.7
      vertex 2.6563 12.7382 10.7
      vertex 2.6563 12.7382 18.7
    endloop
  endfacet
  facet normal 0.729742 -0.683723 0
    outer loop
      vertex -2.06756 15.2632 18.7
      vertex -1.94454 15.3945 10.7
      vertex -1.94454 15.3945 18.7
    endloop
  endfacet
  facet normal 0.729742 -0.683723 0
    outer loop
      vertex -1.94454 15.3945 10.7
      vertex -2.06756 15.2632 18.7
      vertex -2.06756 15.2632 10.7
    endloop
  endfacet
  facet normal 0.773001 -0.634405 0
    outer loop
      vertex -2.18172 15.1241 18.7
      vertex -2.06756 15.2632 10.7
      vertex -2.06756 15.2632 18.7
    endloop
  endfacet
  facet normal 0.773001 -0.634405 0
    outer loop
      vertex -2.06756 15.2632 10.7
      vertex -2.18172 15.1241 18.7
      vertex -2.18172 15.1241 10.7
    endloop
  endfacet
  facet normal -0.683849 -0.729624 0
    outer loop
      vertex 1.8132 15.5176 10.7
      vertex 1.94454 15.3945 18.7
      vertex 1.8132 15.5176 18.7
    endloop
  endfacet
  facet normal -0.683849 -0.729624 -0
    outer loop
      vertex 1.94454 15.3945 18.7
      vertex 1.8132 15.5176 10.7
      vertex 1.94454 15.3945 10.7
    endloop
  endfacet
  facet normal -0.910847 0.412743 0
    outer loop
      vertex 2.4664 12.2337 10.7
      vertex 2.54067 12.3976 18.7
      vertex 2.54067 12.3976 10.7
    endloop
  endfacet
  facet normal -0.910847 0.412743 0
    outer loop
      vertex 2.54067 12.3976 18.7
      vertex 2.4664 12.2337 10.7
      vertex 2.4664 12.2337 18.7
    endloop
  endfacet
  facet normal -0.812892 -0.582415 0
    outer loop
      vertex 2.28654 14.9778 10.7
      vertex 2.18172 15.1241 18.7
      vertex 2.18172 15.1241 10.7
    endloop
  endfacet
  facet normal -0.812892 -0.582415 0
    outer loop
      vertex 2.18172 15.1241 18.7
      vertex 2.28654 14.9778 10.7
      vertex 2.28654 14.9778 18.7
    endloop
  endfacet
  facet normal 0.84917 0.528119 0
    outer loop
      vertex -2.28654 11.9222 18.7
      vertex -2.38157 12.075 10.7
      vertex -2.38157 12.075 18.7
    endloop
  endfacet
  facet normal 0.84917 0.528119 0
    outer loop
      vertex -2.38157 12.075 10.7
      vertex -2.28654 11.9222 18.7
      vertex -2.28654 11.9222 10.7
    endloop
  endfacet
  facet normal 0.162821 0.986656 -0
    outer loop
      vertex -0.358947 10.7235 10.7
      vertex -0.536498 10.7528 18.7
      vertex -0.358947 10.7235 18.7
    endloop
  endfacet
  facet normal 0.162821 0.986656 0
    outer loop
      vertex -0.536498 10.7528 18.7
      vertex -0.358947 10.7235 10.7
      vertex -0.536498 10.7528 10.7
    endloop
  endfacet
  facet normal -0.227269 0.973832 0
    outer loop
      vertex 0.711752 10.7937 10.7
      vertex 0.536498 10.7528 18.7
      vertex 0.711752 10.7937 18.7
    endloop
  endfacet
  facet normal -0.227269 0.973832 0
    outer loop
      vertex 0.536498 10.7528 18.7
      vertex 0.711752 10.7937 10.7
      vertex 0.536498 10.7528 10.7
    endloop
  endfacet
  facet normal -0.956935 -0.290304 0
    outer loop
      vertex 2.6563 14.1618 10.7
      vertex 2.60406 14.334 18.7
      vertex 2.60406 14.334 10.7
    endloop
  endfacet
  facet normal -0.956935 -0.290304 0
    outer loop
      vertex 2.60406 14.334 18.7
      vertex 2.6563 14.1618 10.7
      vertex 2.6563 14.1618 18.7
    endloop
  endfacet
  facet normal 0.227269 -0.973832 0
    outer loop
      vertex -0.711752 16.1063 10.7
      vertex -0.536498 16.1472 18.7
      vertex -0.711752 16.1063 18.7
    endloop
  endfacet
  facet normal 0.227269 -0.973832 0
    outer loop
      vertex -0.536498 16.1472 18.7
      vertex -0.711752 16.1063 10.7
      vertex -0.536498 16.1472 10.7
    endloop
  endfacet
  facet normal -0.773001 -0.634405 0
    outer loop
      vertex 2.18172 15.1241 10.7
      vertex 2.06756 15.2632 18.7
      vertex 2.06756 15.2632 10.7
    endloop
  endfacet
  facet normal -0.773001 -0.634405 0
    outer loop
      vertex 2.06756 15.2632 18.7
      vertex 2.18172 15.1241 10.7
      vertex 2.18172 15.1241 18.7
    endloop
  endfacet
  facet normal -0.52835 -0.849027 0
    outer loop
      vertex 1.375 15.8316 10.7
      vertex 1.52782 15.7365 18.7
      vertex 1.375 15.8316 18.7
    endloop
  endfacet
  facet normal -0.52835 -0.849027 -0
    outer loop
      vertex 1.52782 15.7365 18.7
      vertex 1.375 15.8316 10.7
      vertex 1.52782 15.7365 10.7
    endloop
  endfacet
  facet normal -0.471257 0.881996 0
    outer loop
      vertex 1.375 11.0684 10.7
      vertex 1.21629 10.9836 18.7
      vertex 1.375 11.0684 18.7
    endloop
  endfacet
  facet normal -0.471257 0.881996 0
    outer loop
      vertex 1.21629 10.9836 18.7
      vertex 1.375 11.0684 10.7
      vertex 1.21629 10.9836 10.7
    endloop
  endfacet
  facet normal -0.58242 -0.812888 0
    outer loop
      vertex 1.52782 15.7365 10.7
      vertex 1.67409 15.6317 18.7
      vertex 1.52782 15.7365 18.7
    endloop
  endfacet
  facet normal -0.58242 -0.812888 -0
    outer loop
      vertex 1.67409 15.6317 18.7
      vertex 1.52782 15.7365 10.7
      vertex 1.67409 15.6317 10.7
    endloop
  endfacet
  facet normal -0.881914 0.47141 0
    outer loop
      vertex 2.38157 12.075 10.7
      vertex 2.4664 12.2337 18.7
      vertex 2.4664 12.2337 10.7
    endloop
  endfacet
  facet normal -0.881914 0.47141 0
    outer loop
      vertex 2.4664 12.2337 18.7
      vertex 2.38157 12.075 10.7
      vertex 2.38157 12.075 18.7
    endloop
  endfacet
  facet normal -0.097804 0.995206 0
    outer loop
      vertex 0.358947 10.7235 10.7
      vertex 0.179858 10.7059 18.7
      vertex 0.358947 10.7235 18.7
    endloop
  endfacet
  facet normal -0.097804 0.995206 0
    outer loop
      vertex 0.179858 10.7059 18.7
      vertex 0.358947 10.7235 10.7
      vertex 0.179858 10.7059 10.7
    endloop
  endfacet
  facet normal -0.773001 0.634405 0
    outer loop
      vertex 2.06756 11.6368 10.7
      vertex 2.18172 11.7759 18.7
      vertex 2.18172 11.7759 10.7
    endloop
  endfacet
  facet normal -0.773001 0.634405 0
    outer loop
      vertex 2.18172 11.7759 18.7
      vertex 2.06756 11.6368 10.7
      vertex 2.06756 11.6368 18.7
    endloop
  endfacet
  facet normal -0.84917 -0.528119 0
    outer loop
      vertex 2.38157 14.825 10.7
      vertex 2.28654 14.9778 18.7
      vertex 2.28654 14.9778 10.7
    endloop
  endfacet
  facet normal -0.84917 -0.528119 0
    outer loop
      vertex 2.28654 14.9778 18.7
      vertex 2.38157 14.825 10.7
      vertex 2.38157 14.825 18.7
    endloop
  endfacet
  facet normal -0.290091 -0.956999 0
    outer loop
      vertex 0.711752 16.1063 10.7
      vertex 0.883958 16.0541 18.7
      vertex 0.711752 16.1063 18.7
    endloop
  endfacet
  facet normal -0.290091 -0.956999 -0
    outer loop
      vertex 0.883958 16.0541 18.7
      vertex 0.711752 16.1063 10.7
      vertex 0.883958 16.0541 10.7
    endloop
  endfacet
  facet normal -0.52835 0.849027 0
    outer loop
      vertex 1.52782 11.1635 10.7
      vertex 1.375 11.0684 18.7
      vertex 1.52782 11.1635 18.7
    endloop
  endfacet
  facet normal -0.52835 0.849027 0
    outer loop
      vertex 1.375 11.0684 18.7
      vertex 1.52782 11.1635 10.7
      vertex 1.375 11.0684 10.7
    endloop
  endfacet
  facet normal -0.812892 0.582415 0
    outer loop
      vertex 2.18172 11.7759 10.7
      vertex 2.28654 11.9222 18.7
      vertex 2.28654 11.9222 10.7
    endloop
  endfacet
  facet normal -0.812892 0.582415 0
    outer loop
      vertex 2.28654 11.9222 18.7
      vertex 2.18172 11.7759 10.7
      vertex 2.18172 11.7759 18.7
    endloop
  endfacet
  facet normal -0.995179 -0.0980724 0
    outer loop
      vertex 2.74411 13.6299 10.7
      vertex 2.72647 13.8089 18.7
      vertex 2.72647 13.8089 10.7
    endloop
  endfacet
  facet normal -0.995179 -0.0980724 0
    outer loop
      vertex 2.72647 13.8089 18.7
      vertex 2.74411 13.6299 10.7
      vertex 2.74411 13.6299 18.7
    endloop
  endfacet
  facet normal 0.58242 -0.812888 0
    outer loop
      vertex -1.67409 15.6317 10.7
      vertex -1.52782 15.7365 18.7
      vertex -1.67409 15.6317 18.7
    endloop
  endfacet
  facet normal 0.58242 -0.812888 0
    outer loop
      vertex -1.52782 15.7365 18.7
      vertex -1.67409 15.6317 10.7
      vertex -1.52782 15.7365 10.7
    endloop
  endfacet
  facet normal 0.93589 0.352293 0
    outer loop
      vertex -2.54067 12.3976 18.7
      vertex -2.60406 12.566 10.7
      vertex -2.60406 12.566 18.7
    endloop
  endfacet
  facet normal 0.93589 0.352293 0
    outer loop
      vertex -2.60406 12.566 10.7
      vertex -2.54067 12.3976 18.7
      vertex -2.54067 12.3976 10.7
    endloop
  endfacet
  facet normal -0.956935 0.290304 0
    outer loop
      vertex 2.60406 12.566 10.7
      vertex 2.6563 12.7382 18.7
      vertex 2.6563 12.7382 10.7
    endloop
  endfacet
  facet normal -0.956935 0.290304 0
    outer loop
      vertex 2.6563 12.7382 18.7
      vertex 2.60406 12.566 10.7
      vertex 2.60406 12.566 18.7
    endloop
  endfacet
  facet normal 0.471257 0.881996 -0
    outer loop
      vertex -1.21629 10.9836 10.7
      vertex -1.375 11.0684 18.7
      vertex -1.21629 10.9836 18.7
    endloop
  endfacet
  facet normal 0.471257 0.881996 0
    outer loop
      vertex -1.375 11.0684 18.7
      vertex -1.21629 10.9836 10.7
      vertex -1.375 11.0684 10.7
    endloop
  endfacet
  facet normal -0.412861 -0.910794 0
    outer loop
      vertex 1.05238 15.9907 10.7
      vertex 1.21629 15.9164 18.7
      vertex 1.05238 15.9907 18.7
    endloop
  endfacet
  facet normal -0.412861 -0.910794 -0
    outer loop
      vertex 1.21629 15.9164 18.7
      vertex 1.05238 15.9907 10.7
      vertex 1.21629 15.9164 10.7
    endloop
  endfacet
  facet normal 0.84917 -0.528119 0
    outer loop
      vertex -2.38157 14.825 18.7
      vertex -2.28654 14.9778 10.7
      vertex -2.28654 14.9778 18.7
    endloop
  endfacet
  facet normal 0.84917 -0.528119 0
    outer loop
      vertex -2.28654 14.9778 10.7
      vertex -2.38157 14.825 18.7
      vertex -2.38157 14.825 10.7
    endloop
  endfacet
  facet normal 0.729742 0.683723 0
    outer loop
      vertex -1.94454 11.5055 18.7
      vertex -2.06756 11.6368 10.7
      vertex -2.06756 11.6368 18.7
    endloop
  endfacet
  facet normal 0.729742 0.683723 0
    outer loop
      vertex -2.06756 11.6368 10.7
      vertex -1.94454 11.5055 18.7
      vertex -1.94454 11.5055 10.7
    endloop
  endfacet
  facet normal 0.986654 -0.162831 0
    outer loop
      vertex -2.72647 13.8089 18.7
      vertex -2.69716 13.9865 10.7
      vertex -2.69716 13.9865 18.7
    endloop
  endfacet
  facet normal 0.986654 -0.162831 0
    outer loop
      vertex -2.69716 13.9865 10.7
      vertex -2.72647 13.8089 18.7
      vertex -2.72647 13.8089 10.7
    endloop
  endfacet
  facet normal 0.032786 -0.999462 0
    outer loop
      vertex -0.179858 16.1941 10.7
      vertex 0 16.2 18.7
      vertex -0.179858 16.1941 18.7
    endloop
  endfacet
  facet normal 0.032786 -0.999462 0
    outer loop
      vertex 0 16.2 18.7
      vertex -0.179858 16.1941 10.7
      vertex 0 16.2 10.7
    endloop
  endfacet
  facet normal 0.227269 0.973832 -0
    outer loop
      vertex -0.536498 10.7528 10.7
      vertex -0.711752 10.7937 18.7
      vertex -0.536498 10.7528 18.7
    endloop
  endfacet
  facet normal 0.227269 0.973832 0
    outer loop
      vertex -0.711752 10.7937 18.7
      vertex -0.536498 10.7528 10.7
      vertex -0.711752 10.7937 10.7
    endloop
  endfacet
  facet normal -0.290091 0.956999 0
    outer loop
      vertex 0.883958 10.8459 10.7
      vertex 0.711752 10.7937 18.7
      vertex 0.883958 10.8459 18.7
    endloop
  endfacet
  facet normal -0.290091 0.956999 0
    outer loop
      vertex 0.711752 10.7937 18.7
      vertex 0.883958 10.8459 10.7
      vertex 0.711752 10.7937 10.7
    endloop
  endfacet
  facet normal 0.973894 -0.227001 0
    outer loop
      vertex -2.69716 13.9865 18.7
      vertex -2.6563 14.1618 10.7
      vertex -2.6563 14.1618 18.7
    endloop
  endfacet
  facet normal 0.973894 -0.227001 0
    outer loop
      vertex -2.6563 14.1618 10.7
      vertex -2.69716 13.9865 18.7
      vertex -2.69716 13.9865 10.7
    endloop
  endfacet
  facet normal -0.881914 -0.47141 0
    outer loop
      vertex 2.4664 14.6663 10.7
      vertex 2.38157 14.825 18.7
      vertex 2.38157 14.825 10.7
    endloop
  endfacet
  facet normal -0.881914 -0.47141 0
    outer loop
      vertex 2.38157 14.825 18.7
      vertex 2.4664 14.6663 10.7
      vertex 2.4664 14.6663 18.7
    endloop
  endfacet
  facet normal -0.412861 0.910794 0
    outer loop
      vertex 1.21629 10.9836 10.7
      vertex 1.05238 10.9093 18.7
      vertex 1.21629 10.9836 18.7
    endloop
  endfacet
  facet normal -0.412861 0.910794 0
    outer loop
      vertex 1.05238 10.9093 18.7
      vertex 1.21629 10.9836 10.7
      vertex 1.05238 10.9093 10.7
    endloop
  endfacet
  facet normal 0.995179 -0.0980724 0
    outer loop
      vertex -2.74411 13.6299 18.7
      vertex -2.72647 13.8089 10.7
      vertex -2.72647 13.8089 18.7
    endloop
  endfacet
  facet normal 0.995179 -0.0980724 0
    outer loop
      vertex -2.72647 13.8089 10.7
      vertex -2.74411 13.6299 18.7
      vertex -2.74411 13.6299 10.7
    endloop
  endfacet
  facet normal 0.097804 0.995206 -0
    outer loop
      vertex -0.179858 10.7059 10.7
      vertex -0.358947 10.7235 18.7
      vertex -0.179858 10.7059 18.7
    endloop
  endfacet
  facet normal 0.097804 0.995206 0
    outer loop
      vertex -0.358947 10.7235 18.7
      vertex -0.179858 10.7059 10.7
      vertex -0.358947 10.7235 10.7
    endloop
  endfacet
  facet normal 0.881914 0.47141 0
    outer loop
      vertex -2.38157 12.075 18.7
      vertex -2.4664 12.2337 10.7
      vertex -2.4664 12.2337 18.7
    endloop
  endfacet
  facet normal 0.881914 0.47141 0
    outer loop
      vertex -2.4664 12.2337 10.7
      vertex -2.38157 12.075 18.7
      vertex -2.38157 12.075 10.7
    endloop
  endfacet
  facet normal 0.52835 -0.849027 0
    outer loop
      vertex -1.52782 15.7365 10.7
      vertex -1.375 15.8316 18.7
      vertex -1.52782 15.7365 18.7
    endloop
  endfacet
  facet normal 0.52835 -0.849027 0
    outer loop
      vertex -1.375 15.8316 18.7
      vertex -1.52782 15.7365 10.7
      vertex -1.375 15.8316 10.7
    endloop
  endfacet
  facet normal 0.973894 0.227001 0
    outer loop
      vertex -2.6563 12.7382 18.7
      vertex -2.69716 12.9135 10.7
      vertex -2.69716 12.9135 18.7
    endloop
  endfacet
  facet normal 0.973894 0.227001 0
    outer loop
      vertex -2.69716 12.9135 10.7
      vertex -2.6563 12.7382 18.7
      vertex -2.6563 12.7382 10.7
    endloop
  endfacet
  facet normal -0.93589 -0.352293 0
    outer loop
      vertex 2.60406 14.334 10.7
      vertex 2.54067 14.5024 18.7
      vertex 2.54067 14.5024 10.7
    endloop
  endfacet
  facet normal -0.93589 -0.352293 0
    outer loop
      vertex 2.54067 14.5024 18.7
      vertex 2.60406 14.334 10.7
      vertex 2.60406 14.334 18.7
    endloop
  endfacet
  facet normal -0.352301 -0.935887 0
    outer loop
      vertex 0.883958 16.0541 10.7
      vertex 1.05238 15.9907 18.7
      vertex 0.883958 16.0541 18.7
    endloop
  endfacet
  facet normal -0.352301 -0.935887 -0
    outer loop
      vertex 1.05238 15.9907 18.7
      vertex 0.883958 16.0541 10.7
      vertex 1.05238 15.9907 10.7
    endloop
  endfacet
  facet normal -0.683849 0.729624 0
    outer loop
      vertex 1.94454 11.5055 10.7
      vertex 1.8132 11.3824 18.7
      vertex 1.94454 11.5055 18.7
    endloop
  endfacet
  facet normal -0.683849 0.729624 0
    outer loop
      vertex 1.8132 11.3824 18.7
      vertex 1.94454 11.5055 10.7
      vertex 1.8132 11.3824 10.7
    endloop
  endfacet
  facet normal 0.995179 0.0980724 0
    outer loop
      vertex -2.72647 13.0911 18.7
      vertex -2.74411 13.2701 10.7
      vertex -2.74411 13.2701 18.7
    endloop
  endfacet
  facet normal 0.995179 0.0980724 0
    outer loop
      vertex -2.74411 13.2701 10.7
      vertex -2.72647 13.0911 18.7
      vertex -2.72647 13.0911 10.7
    endloop
  endfacet
  facet normal 0.986654 0.162831 0
    outer loop
      vertex -2.69716 12.9135 18.7
      vertex -2.72647 13.0911 10.7
      vertex -2.72647 13.0911 18.7
    endloop
  endfacet
  facet normal 0.986654 0.162831 0
    outer loop
      vertex -2.72647 13.0911 10.7
      vertex -2.69716 12.9135 18.7
      vertex -2.69716 12.9135 10.7
    endloop
  endfacet
  facet normal 0.999464 0.0327229 0
    outer loop
      vertex -2.74411 13.2701 18.7
      vertex -2.75 13.45 10.7
      vertex -2.75 13.45 18.7
    endloop
  endfacet
  facet normal 0.999464 0.0327229 0
    outer loop
      vertex -2.75 13.45 10.7
      vertex -2.74411 13.2701 18.7
      vertex -2.74411 13.2701 10.7
    endloop
  endfacet
  facet normal -0.93589 0.352293 0
    outer loop
      vertex 2.54067 12.3976 10.7
      vertex 2.60406 12.566 18.7
      vertex 2.60406 12.566 10.7
    endloop
  endfacet
  facet normal -0.93589 0.352293 0
    outer loop
      vertex 2.60406 12.566 18.7
      vertex 2.54067 12.3976 10.7
      vertex 2.54067 12.3976 18.7
    endloop
  endfacet
  facet normal 0.290091 -0.956999 0
    outer loop
      vertex -0.883958 16.0541 10.7
      vertex -0.711752 16.1063 18.7
      vertex -0.883958 16.0541 18.7
    endloop
  endfacet
  facet normal 0.290091 -0.956999 0
    outer loop
      vertex -0.711752 16.1063 18.7
      vertex -0.883958 16.0541 10.7
      vertex -0.711752 16.1063 10.7
    endloop
  endfacet
  facet normal -0.986654 0.162831 0
    outer loop
      vertex 2.69716 12.9135 10.7
      vertex 2.72647 13.0911 18.7
      vertex 2.72647 13.0911 10.7
    endloop
  endfacet
  facet normal -0.986654 0.162831 0
    outer loop
      vertex 2.72647 13.0911 18.7
      vertex 2.69716 12.9135 10.7
      vertex 2.69716 12.9135 18.7
    endloop
  endfacet
  facet normal -0.729742 0.683723 0
    outer loop
      vertex 1.94454 11.5055 10.7
      vertex 2.06756 11.6368 18.7
      vertex 2.06756 11.6368 10.7
    endloop
  endfacet
  facet normal -0.729742 0.683723 0
    outer loop
      vertex 2.06756 11.6368 18.7
      vertex 1.94454 11.5055 10.7
      vertex 1.94454 11.5055 18.7
    endloop
  endfacet
  facet normal 0.032786 0.999462 -0
    outer loop
      vertex 0 10.7 10.7
      vertex -0.179858 10.7059 18.7
      vertex 0 10.7 18.7
    endloop
  endfacet
  facet normal 0.032786 0.999462 0
    outer loop
      vertex -0.179858 10.7059 18.7
      vertex 0 10.7 10.7
      vertex -0.179858 10.7059 10.7
    endloop
  endfacet
  facet normal 0.290091 0.956999 -0
    outer loop
      vertex -0.711752 10.7937 10.7
      vertex -0.883958 10.8459 18.7
      vertex -0.711752 10.7937 18.7
    endloop
  endfacet
  facet normal 0.290091 0.956999 0
    outer loop
      vertex -0.883958 10.8459 18.7
      vertex -0.711752 10.7937 10.7
      vertex -0.883958 10.8459 10.7
    endloop
  endfacet
  facet normal 0.52835 0.849027 -0
    outer loop
      vertex -1.375 11.0684 10.7
      vertex -1.52782 11.1635 18.7
      vertex -1.375 11.0684 18.7
    endloop
  endfacet
  facet normal 0.52835 0.849027 0
    outer loop
      vertex -1.52782 11.1635 18.7
      vertex -1.375 11.0684 10.7
      vertex -1.52782 11.1635 10.7
    endloop
  endfacet
  facet normal -0.162821 -0.986656 0
    outer loop
      vertex 0.358947 16.1765 10.7
      vertex 0.536498 16.1472 18.7
      vertex 0.358947 16.1765 18.7
    endloop
  endfacet
  facet normal -0.162821 -0.986656 -0
    outer loop
      vertex 0.536498 16.1472 18.7
      vertex 0.358947 16.1765 10.7
      vertex 0.536498 16.1472 10.7
    endloop
  endfacet
  facet normal 0.881914 -0.47141 0
    outer loop
      vertex -2.4664 14.6663 18.7
      vertex -2.38157 14.825 10.7
      vertex -2.38157 14.825 18.7
    endloop
  endfacet
  facet normal 0.881914 -0.47141 0
    outer loop
      vertex -2.38157 14.825 10.7
      vertex -2.4664 14.6663 18.7
      vertex -2.4664 14.6663 10.7
    endloop
  endfacet
  facet normal -0.634179 -0.773187 0
    outer loop
      vertex 1.67409 15.6317 10.7
      vertex 1.8132 15.5176 18.7
      vertex 1.67409 15.6317 18.7
    endloop
  endfacet
  facet normal -0.634179 -0.773187 -0
    outer loop
      vertex 1.8132 15.5176 18.7
      vertex 1.67409 15.6317 10.7
      vertex 1.8132 15.5176 10.7
    endloop
  endfacet
  facet normal 0.097804 -0.995206 0
    outer loop
      vertex -0.358947 16.1765 10.7
      vertex -0.179858 16.1941 18.7
      vertex -0.358947 16.1765 18.7
    endloop
  endfacet
  facet normal 0.097804 -0.995206 0
    outer loop
      vertex -0.179858 16.1941 18.7
      vertex -0.358947 16.1765 10.7
      vertex -0.179858 16.1941 10.7
    endloop
  endfacet
  facet normal 0.412861 0.910794 -0
    outer loop
      vertex -1.05238 10.9093 10.7
      vertex -1.21629 10.9836 18.7
      vertex -1.05238 10.9093 18.7
    endloop
  endfacet
  facet normal 0.412861 0.910794 0
    outer loop
      vertex -1.21629 10.9836 18.7
      vertex -1.05238 10.9093 10.7
      vertex -1.21629 10.9836 10.7
    endloop
  endfacet
  facet normal 0.683849 -0.729624 0
    outer loop
      vertex -1.94454 15.3945 10.7
      vertex -1.8132 15.5176 18.7
      vertex -1.94454 15.3945 18.7
    endloop
  endfacet
  facet normal 0.683849 -0.729624 0
    outer loop
      vertex -1.8132 15.5176 18.7
      vertex -1.94454 15.3945 10.7
      vertex -1.8132 15.5176 10.7
    endloop
  endfacet
  facet normal 0.634179 -0.773187 0
    outer loop
      vertex -1.8132 15.5176 10.7
      vertex -1.67409 15.6317 18.7
      vertex -1.8132 15.5176 18.7
    endloop
  endfacet
  facet normal 0.634179 -0.773187 0
    outer loop
      vertex -1.67409 15.6317 18.7
      vertex -1.8132 15.5176 10.7
      vertex -1.67409 15.6317 10.7
    endloop
  endfacet
  facet normal -0.352301 0.935887 0
    outer loop
      vertex 1.05238 10.9093 10.7
      vertex 0.883958 10.8459 18.7
      vertex 1.05238 10.9093 18.7
    endloop
  endfacet
  facet normal -0.352301 0.935887 0
    outer loop
      vertex 0.883958 10.8459 18.7
      vertex 1.05238 10.9093 10.7
      vertex 0.883958 10.8459 10.7
    endloop
  endfacet
  facet normal -0.910847 -0.412743 0
    outer loop
      vertex 2.54067 14.5024 10.7
      vertex 2.4664 14.6663 18.7
      vertex 2.4664 14.6663 10.7
    endloop
  endfacet
  facet normal -0.910847 -0.412743 0
    outer loop
      vertex 2.4664 14.6663 18.7
      vertex 2.54067 14.5024 10.7
      vertex 2.54067 14.5024 18.7
    endloop
  endfacet
  facet normal -0.986654 -0.162831 0
    outer loop
      vertex 2.72647 13.8089 10.7
      vertex 2.69716 13.9865 18.7
      vertex 2.69716 13.9865 10.7
    endloop
  endfacet
  facet normal -0.986654 -0.162831 0
    outer loop
      vertex 2.69716 13.9865 18.7
      vertex 2.72647 13.8089 10.7
      vertex 2.72647 13.8089 18.7
    endloop
  endfacet
  facet normal 0.162821 -0.986656 0
    outer loop
      vertex -0.536498 16.1472 10.7
      vertex -0.358947 16.1765 18.7
      vertex -0.536498 16.1472 18.7
    endloop
  endfacet
  facet normal 0.162821 -0.986656 0
    outer loop
      vertex -0.358947 16.1765 18.7
      vertex -0.536498 16.1472 10.7
      vertex -0.358947 16.1765 10.7
    endloop
  endfacet
  facet normal -0.729742 -0.683723 0
    outer loop
      vertex 2.06756 15.2632 10.7
      vertex 1.94454 15.3945 18.7
      vertex 1.94454 15.3945 10.7
    endloop
  endfacet
  facet normal -0.729742 -0.683723 0
    outer loop
      vertex 1.94454 15.3945 18.7
      vertex 2.06756 15.2632 10.7
      vertex 2.06756 15.2632 18.7
    endloop
  endfacet
  facet normal 0.352301 -0.935887 0
    outer loop
      vertex -1.05238 15.9907 10.7
      vertex -0.883958 16.0541 18.7
      vertex -1.05238 15.9907 18.7
    endloop
  endfacet
  facet normal 0.352301 -0.935887 0
    outer loop
      vertex -0.883958 16.0541 18.7
      vertex -1.05238 15.9907 10.7
      vertex -0.883958 16.0541 10.7
    endloop
  endfacet
  facet normal 0.634179 0.773187 -0
    outer loop
      vertex -1.67409 11.2683 10.7
      vertex -1.8132 11.3824 18.7
      vertex -1.67409 11.2683 18.7
    endloop
  endfacet
  facet normal 0.634179 0.773187 0
    outer loop
      vertex -1.8132 11.3824 18.7
      vertex -1.67409 11.2683 10.7
      vertex -1.8132 11.3824 10.7
    endloop
  endfacet
  facet normal 0.58242 0.812888 -0
    outer loop
      vertex -1.52782 11.1635 10.7
      vertex -1.67409 11.2683 18.7
      vertex -1.52782 11.1635 18.7
    endloop
  endfacet
  facet normal 0.58242 0.812888 0
    outer loop
      vertex -1.67409 11.2683 18.7
      vertex -1.52782 11.1635 10.7
      vertex -1.67409 11.2683 10.7
    endloop
  endfacet
  facet normal 0.812892 -0.582415 0
    outer loop
      vertex -2.28654 14.9778 18.7
      vertex -2.18172 15.1241 10.7
      vertex -2.18172 15.1241 18.7
    endloop
  endfacet
  facet normal 0.812892 -0.582415 0
    outer loop
      vertex -2.18172 15.1241 10.7
      vertex -2.28654 14.9778 18.7
      vertex -2.28654 14.9778 10.7
    endloop
  endfacet
  facet normal 0.910847 0.412743 0
    outer loop
      vertex -2.4664 12.2337 18.7
      vertex -2.54067 12.3976 10.7
      vertex -2.54067 12.3976 18.7
    endloop
  endfacet
  facet normal 0.910847 0.412743 0
    outer loop
      vertex -2.54067 12.3976 10.7
      vertex -2.4664 12.2337 18.7
      vertex -2.4664 12.2337 10.7
    endloop
  endfacet
  facet normal 0.412861 -0.910794 0
    outer loop
      vertex -1.21629 15.9164 10.7
      vertex -1.05238 15.9907 18.7
      vertex -1.21629 15.9164 18.7
    endloop
  endfacet
  facet normal 0.412861 -0.910794 0
    outer loop
      vertex -1.05238 15.9907 18.7
      vertex -1.21629 15.9164 10.7
      vertex -1.05238 15.9907 10.7
    endloop
  endfacet
  facet normal 0.471257 -0.881996 0
    outer loop
      vertex -1.375 15.8316 10.7
      vertex -1.21629 15.9164 18.7
      vertex -1.375 15.8316 18.7
    endloop
  endfacet
  facet normal 0.471257 -0.881996 0
    outer loop
      vertex -1.21629 15.9164 18.7
      vertex -1.375 15.8316 10.7
      vertex -1.21629 15.9164 10.7
    endloop
  endfacet
  facet normal -0.52835 0.849027 0
    outer loop
      vertex 1.52782 -15.7365 10.7
      vertex 1.375 -15.8316 18.7
      vertex 1.52782 -15.7365 18.7
    endloop
  endfacet
  facet normal -0.52835 0.849027 0
    outer loop
      vertex 1.375 -15.8316 18.7
      vertex 1.52782 -15.7365 10.7
      vertex 1.375 -15.8316 10.7
    endloop
  endfacet
  facet normal -0.995179 0.0980724 0
    outer loop
      vertex 2.72647 -13.8089 10.7
      vertex 2.74411 -13.6299 18.7
      vertex 2.74411 -13.6299 10.7
    endloop
  endfacet
  facet normal -0.995179 0.0980724 0
    outer loop
      vertex 2.74411 -13.6299 18.7
      vertex 2.72647 -13.8089 10.7
      vertex 2.72647 -13.8089 18.7
    endloop
  endfacet
  facet normal -0.999464 0.0327229 0
    outer loop
      vertex 2.74411 -13.6299 10.7
      vertex 2.75 -13.45 18.7
      vertex 2.75 -13.45 10.7
    endloop
  endfacet
  facet normal -0.999464 0.0327229 0
    outer loop
      vertex 2.75 -13.45 18.7
      vertex 2.74411 -13.6299 10.7
      vertex 2.74411 -13.6299 18.7
    endloop
  endfacet
  facet normal 0.773001 -0.634405 0
    outer loop
      vertex -2.18172 -11.7759 18.7
      vertex -2.06756 -11.6368 10.7
      vertex -2.06756 -11.6368 18.7
    endloop
  endfacet
  facet normal 0.773001 -0.634405 0
    outer loop
      vertex -2.06756 -11.6368 10.7
      vertex -2.18172 -11.7759 18.7
      vertex -2.18172 -11.7759 10.7
    endloop
  endfacet
  facet normal 0.352301 0.935887 -0
    outer loop
      vertex -0.883958 -16.0541 10.7
      vertex -1.05238 -15.9907 18.7
      vertex -0.883958 -16.0541 18.7
    endloop
  endfacet
  facet normal 0.352301 0.935887 0
    outer loop
      vertex -1.05238 -15.9907 18.7
      vertex -0.883958 -16.0541 10.7
      vertex -1.05238 -15.9907 10.7
    endloop
  endfacet
  facet normal 0.995179 -0.0980724 0
    outer loop
      vertex -2.74411 -13.2701 18.7
      vertex -2.72647 -13.0911 10.7
      vertex -2.72647 -13.0911 18.7
    endloop
  endfacet
  facet normal 0.995179 -0.0980724 0
    outer loop
      vertex -2.72647 -13.0911 10.7
      vertex -2.74411 -13.2701 18.7
      vertex -2.74411 -13.2701 10.7
    endloop
  endfacet
  facet normal -0.910847 -0.412743 0
    outer loop
      vertex 2.54067 -12.3976 10.7
      vertex 2.4664 -12.2337 18.7
      vertex 2.4664 -12.2337 10.7
    endloop
  endfacet
  facet normal -0.910847 -0.412743 0
    outer loop
      vertex 2.4664 -12.2337 18.7
      vertex 2.54067 -12.3976 10.7
      vertex 2.54067 -12.3976 18.7
    endloop
  endfacet
  facet normal 0.032786 0.999462 -0
    outer loop
      vertex 0 -16.2 10.7
      vertex -0.179858 -16.1941 18.7
      vertex 0 -16.2 18.7
    endloop
  endfacet
  facet normal 0.032786 0.999462 0
    outer loop
      vertex -0.179858 -16.1941 18.7
      vertex 0 -16.2 10.7
      vertex -0.179858 -16.1941 10.7
    endloop
  endfacet
  facet normal -0.352301 -0.935887 0
    outer loop
      vertex 0.883958 -10.8459 10.7
      vertex 1.05238 -10.9093 18.7
      vertex 0.883958 -10.8459 18.7
    endloop
  endfacet
  facet normal -0.352301 -0.935887 -0
    outer loop
      vertex 1.05238 -10.9093 18.7
      vertex 0.883958 -10.8459 10.7
      vertex 1.05238 -10.9093 10.7
    endloop
  endfacet
  facet normal 0.729742 -0.683723 0
    outer loop
      vertex -2.06756 -11.6368 18.7
      vertex -1.94454 -11.5055 10.7
      vertex -1.94454 -11.5055 18.7
    endloop
  endfacet
  facet normal 0.729742 -0.683723 0
    outer loop
      vertex -1.94454 -11.5055 10.7
      vertex -2.06756 -11.6368 18.7
      vertex -2.06756 -11.6368 10.7
    endloop
  endfacet
  facet normal 0.352301 -0.935887 0
    outer loop
      vertex -1.05238 -10.9093 10.7
      vertex -0.883958 -10.8459 18.7
      vertex -1.05238 -10.9093 18.7
    endloop
  endfacet
  facet normal 0.352301 -0.935887 0
    outer loop
      vertex -0.883958 -10.8459 18.7
      vertex -1.05238 -10.9093 10.7
      vertex -0.883958 -10.8459 10.7
    endloop
  endfacet
  facet normal 0.683849 -0.729624 0
    outer loop
      vertex -1.94454 -11.5055 10.7
      vertex -1.8132 -11.3824 18.7
      vertex -1.94454 -11.5055 18.7
    endloop
  endfacet
  facet normal 0.683849 -0.729624 0
    outer loop
      vertex -1.8132 -11.3824 18.7
      vertex -1.94454 -11.5055 10.7
      vertex -1.8132 -11.3824 10.7
    endloop
  endfacet
  facet normal 0.471257 0.881996 -0
    outer loop
      vertex -1.21629 -15.9164 10.7
      vertex -1.375 -15.8316 18.7
      vertex -1.21629 -15.9164 18.7
    endloop
  endfacet
  facet normal 0.471257 0.881996 0
    outer loop
      vertex -1.375 -15.8316 18.7
      vertex -1.21629 -15.9164 10.7
      vertex -1.375 -15.8316 10.7
    endloop
  endfacet
  facet normal -0.812892 0.582415 0
    outer loop
      vertex 2.18172 -15.1241 10.7
      vertex 2.28654 -14.9778 18.7
      vertex 2.28654 -14.9778 10.7
    endloop
  endfacet
  facet normal -0.812892 0.582415 0
    outer loop
      vertex 2.28654 -14.9778 18.7
      vertex 2.18172 -15.1241 10.7
      vertex 2.18172 -15.1241 18.7
    endloop
  endfacet
  facet normal 0.84917 0.528119 0
    outer loop
      vertex -2.28654 -14.9778 18.7
      vertex -2.38157 -14.825 10.7
      vertex -2.38157 -14.825 18.7
    endloop
  endfacet
  facet normal 0.84917 0.528119 0
    outer loop
      vertex -2.38157 -14.825 10.7
      vertex -2.28654 -14.9778 18.7
      vertex -2.28654 -14.9778 10.7
    endloop
  endfacet
  facet normal -0.58242 0.812888 0
    outer loop
      vertex 1.67409 -15.6317 10.7
      vertex 1.52782 -15.7365 18.7
      vertex 1.67409 -15.6317 18.7
    endloop
  endfacet
  facet normal -0.58242 0.812888 0
    outer loop
      vertex 1.52782 -15.7365 18.7
      vertex 1.67409 -15.6317 10.7
      vertex 1.52782 -15.7365 10.7
    endloop
  endfacet
  facet normal 0.999464 0.0327229 0
    outer loop
      vertex -2.74411 -13.6299 18.7
      vertex -2.75 -13.45 10.7
      vertex -2.75 -13.45 18.7
    endloop
  endfacet
  facet normal 0.999464 0.0327229 0
    outer loop
      vertex -2.75 -13.45 10.7
      vertex -2.74411 -13.6299 18.7
      vertex -2.74411 -13.6299 10.7
    endloop
  endfacet
  facet normal -0.773001 -0.634405 0
    outer loop
      vertex 2.18172 -11.7759 10.7
      vertex 2.06756 -11.6368 18.7
      vertex 2.06756 -11.6368 10.7
    endloop
  endfacet
  facet normal -0.773001 -0.634405 0
    outer loop
      vertex 2.06756 -11.6368 18.7
      vertex 2.18172 -11.7759 10.7
      vertex 2.18172 -11.7759 18.7
    endloop
  endfacet
  facet normal -0.910847 0.412743 0
    outer loop
      vertex 2.4664 -14.6663 10.7
      vertex 2.54067 -14.5024 18.7
      vertex 2.54067 -14.5024 10.7
    endloop
  endfacet
  facet normal -0.910847 0.412743 0
    outer loop
      vertex 2.54067 -14.5024 18.7
      vertex 2.4664 -14.6663 10.7
      vertex 2.4664 -14.6663 18.7
    endloop
  endfacet
  facet normal 0.412861 0.910794 -0
    outer loop
      vertex -1.05238 -15.9907 10.7
      vertex -1.21629 -15.9164 18.7
      vertex -1.05238 -15.9907 18.7
    endloop
  endfacet
  facet normal 0.412861 0.910794 0
    outer loop
      vertex -1.21629 -15.9164 18.7
      vertex -1.05238 -15.9907 10.7
      vertex -1.21629 -15.9164 10.7
    endloop
  endfacet
  facet normal 0.290091 -0.956999 0
    outer loop
      vertex -0.883958 -10.8459 10.7
      vertex -0.711752 -10.7937 18.7
      vertex -0.883958 -10.8459 18.7
    endloop
  endfacet
  facet normal 0.290091 -0.956999 0
    outer loop
      vertex -0.711752 -10.7937 18.7
      vertex -0.883958 -10.8459 10.7
      vertex -0.711752 -10.7937 10.7
    endloop
  endfacet
  facet normal -0.999464 -0.0327229 0
    outer loop
      vertex 2.75 -13.45 10.7
      vertex 2.74411 -13.2701 18.7
      vertex 2.74411 -13.2701 10.7
    endloop
  endfacet
  facet normal -0.999464 -0.0327229 0
    outer loop
      vertex 2.74411 -13.2701 18.7
      vertex 2.75 -13.45 10.7
      vertex 2.75 -13.45 18.7
    endloop
  endfacet
  facet normal -0.956935 0.290304 0
    outer loop
      vertex 2.60406 -14.334 10.7
      vertex 2.6563 -14.1618 18.7
      vertex 2.6563 -14.1618 10.7
    endloop
  endfacet
  facet normal -0.956935 0.290304 0
    outer loop
      vertex 2.6563 -14.1618 18.7
      vertex 2.60406 -14.334 10.7
      vertex 2.60406 -14.334 18.7
    endloop
  endfacet
  facet normal 0.84917 -0.528119 0
    outer loop
      vertex -2.38157 -12.075 18.7
      vertex -2.28654 -11.9222 10.7
      vertex -2.28654 -11.9222 18.7
    endloop
  endfacet
  facet normal 0.84917 -0.528119 0
    outer loop
      vertex -2.28654 -11.9222 10.7
      vertex -2.38157 -12.075 18.7
      vertex -2.38157 -12.075 10.7
    endloop
  endfacet
  facet normal -0.290091 -0.956999 0
    outer loop
      vertex 0.711752 -10.7937 10.7
      vertex 0.883958 -10.8459 18.7
      vertex 0.711752 -10.7937 18.7
    endloop
  endfacet
  facet normal -0.290091 -0.956999 -0
    outer loop
      vertex 0.883958 -10.8459 18.7
      vertex 0.711752 -10.7937 10.7
      vertex 0.883958 -10.8459 10.7
    endloop
  endfacet
  facet normal 0.956935 0.290304 0
    outer loop
      vertex -2.60406 -14.334 18.7
      vertex -2.6563 -14.1618 10.7
      vertex -2.6563 -14.1618 18.7
    endloop
  endfacet
  facet normal 0.956935 0.290304 0
    outer loop
      vertex -2.6563 -14.1618 10.7
      vertex -2.60406 -14.334 18.7
      vertex -2.60406 -14.334 10.7
    endloop
  endfacet
  facet normal 0.973894 -0.227001 0
    outer loop
      vertex -2.69716 -12.9135 18.7
      vertex -2.6563 -12.7382 10.7
      vertex -2.6563 -12.7382 18.7
    endloop
  endfacet
  facet normal 0.973894 -0.227001 0
    outer loop
      vertex -2.6563 -12.7382 10.7
      vertex -2.69716 -12.9135 18.7
      vertex -2.69716 -12.9135 10.7
    endloop
  endfacet
  facet normal 0.097804 0.995206 -0
    outer loop
      vertex -0.179858 -16.1941 10.7
      vertex -0.358947 -16.1765 18.7
      vertex -0.179858 -16.1941 18.7
    endloop
  endfacet
  facet normal 0.097804 0.995206 0
    outer loop
      vertex -0.358947 -16.1765 18.7
      vertex -0.179858 -16.1941 10.7
      vertex -0.358947 -16.1765 10.7
    endloop
  endfacet
  facet normal -0.290091 0.956999 0
    outer loop
      vertex 0.883958 -16.0541 10.7
      vertex 0.711752 -16.1063 18.7
      vertex 0.883958 -16.0541 18.7
    endloop
  endfacet
  facet normal -0.290091 0.956999 0
    outer loop
      vertex 0.711752 -16.1063 18.7
      vertex 0.883958 -16.0541 10.7
      vertex 0.711752 -16.1063 10.7
    endloop
  endfacet
  facet normal 0.634179 0.773187 -0
    outer loop
      vertex -1.67409 -15.6317 10.7
      vertex -1.8132 -15.5176 18.7
      vertex -1.67409 -15.6317 18.7
    endloop
  endfacet
  facet normal 0.634179 0.773187 0
    outer loop
      vertex -1.8132 -15.5176 18.7
      vertex -1.67409 -15.6317 10.7
      vertex -1.8132 -15.5176 10.7
    endloop
  endfacet
  facet normal -0.352301 0.935887 0
    outer loop
      vertex 1.05238 -15.9907 10.7
      vertex 0.883958 -16.0541 18.7
      vertex 1.05238 -15.9907 18.7
    endloop
  endfacet
  facet normal -0.352301 0.935887 0
    outer loop
      vertex 0.883958 -16.0541 18.7
      vertex 1.05238 -15.9907 10.7
      vertex 0.883958 -16.0541 10.7
    endloop
  endfacet
  facet normal -0.032786 -0.999462 0
    outer loop
      vertex 0 -10.7 10.7
      vertex 0.179858 -10.7059 18.7
      vertex 0 -10.7 18.7
    endloop
  endfacet
  facet normal -0.032786 -0.999462 -0
    outer loop
      vertex 0.179858 -10.7059 18.7
      vertex 0 -10.7 10.7
      vertex 0.179858 -10.7059 10.7
    endloop
  endfacet
  facet normal 0.683849 0.729624 -0
    outer loop
      vertex -1.8132 -15.5176 10.7
      vertex -1.94454 -15.3945 18.7
      vertex -1.8132 -15.5176 18.7
    endloop
  endfacet
  facet normal 0.683849 0.729624 0
    outer loop
      vertex -1.94454 -15.3945 18.7
      vertex -1.8132 -15.5176 10.7
      vertex -1.94454 -15.3945 10.7
    endloop
  endfacet
  facet normal 0.227269 0.973832 -0
    outer loop
      vertex -0.536498 -16.1472 10.7
      vertex -0.711752 -16.1063 18.7
      vertex -0.536498 -16.1472 18.7
    endloop
  endfacet
  facet normal 0.227269 0.973832 0
    outer loop
      vertex -0.711752 -16.1063 18.7
      vertex -0.536498 -16.1472 10.7
      vertex -0.711752 -16.1063 10.7
    endloop
  endfacet
  facet normal -0.84917 0.528119 0
    outer loop
      vertex 2.28654 -14.9778 10.7
      vertex 2.38157 -14.825 18.7
      vertex 2.38157 -14.825 10.7
    endloop
  endfacet
  facet normal -0.84917 0.528119 0
    outer loop
      vertex 2.38157 -14.825 18.7
      vertex 2.28654 -14.9778 10.7
      vertex 2.28654 -14.9778 18.7
    endloop
  endfacet
  facet normal -0.412861 0.910794 0
    outer loop
      vertex 1.21629 -15.9164 10.7
      vertex 1.05238 -15.9907 18.7
      vertex 1.21629 -15.9164 18.7
    endloop
  endfacet
  facet normal -0.412861 0.910794 0
    outer loop
      vertex 1.05238 -15.9907 18.7
      vertex 1.21629 -15.9164 10.7
      vertex 1.05238 -15.9907 10.7
    endloop
  endfacet
  facet normal -0.52835 -0.849027 0
    outer loop
      vertex 1.375 -11.0684 10.7
      vertex 1.52782 -11.1635 18.7
      vertex 1.375 -11.0684 18.7
    endloop
  endfacet
  facet normal -0.52835 -0.849027 -0
    outer loop
      vertex 1.52782 -11.1635 18.7
      vertex 1.375 -11.0684 10.7
      vertex 1.52782 -11.1635 10.7
    endloop
  endfacet
  facet normal 0.227269 -0.973832 0
    outer loop
      vertex -0.711752 -10.7937 10.7
      vertex -0.536498 -10.7528 18.7
      vertex -0.711752 -10.7937 18.7
    endloop
  endfacet
  facet normal 0.227269 -0.973832 0
    outer loop
      vertex -0.536498 -10.7528 18.7
      vertex -0.711752 -10.7937 10.7
      vertex -0.536498 -10.7528 10.7
    endloop
  endfacet
  facet normal -0.032786 0.999462 0
    outer loop
      vertex 0.179858 -16.1941 10.7
      vertex 0 -16.2 18.7
      vertex 0.179858 -16.1941 18.7
    endloop
  endfacet
  facet normal -0.032786 0.999462 0
    outer loop
      vertex 0 -16.2 18.7
      vertex 0.179858 -16.1941 10.7
      vertex 0 -16.2 10.7
    endloop
  endfacet
  facet normal 0.58242 -0.812888 0
    outer loop
      vertex -1.67409 -11.2683 10.7
      vertex -1.52782 -11.1635 18.7
      vertex -1.67409 -11.2683 18.7
    endloop
  endfacet
  facet normal 0.58242 -0.812888 0
    outer loop
      vertex -1.52782 -11.1635 18.7
      vertex -1.67409 -11.2683 10.7
      vertex -1.52782 -11.1635 10.7
    endloop
  endfacet
  facet normal -0.634179 0.773187 0
    outer loop
      vertex 1.8132 -15.5176 10.7
      vertex 1.67409 -15.6317 18.7
      vertex 1.8132 -15.5176 18.7
    endloop
  endfacet
  facet normal -0.634179 0.773187 0
    outer loop
      vertex 1.67409 -15.6317 18.7
      vertex 1.8132 -15.5176 10.7
      vertex 1.67409 -15.6317 10.7
    endloop
  endfacet
  facet normal 0.58242 0.812888 -0
    outer loop
      vertex -1.52782 -15.7365 10.7
      vertex -1.67409 -15.6317 18.7
      vertex -1.52782 -15.7365 18.7
    endloop
  endfacet
  facet normal 0.58242 0.812888 0
    outer loop
      vertex -1.67409 -15.6317 18.7
      vertex -1.52782 -15.7365 10.7
      vertex -1.67409 -15.6317 10.7
    endloop
  endfacet
  facet normal -0.412861 -0.910794 0
    outer loop
      vertex 1.05238 -10.9093 10.7
      vertex 1.21629 -10.9836 18.7
      vertex 1.05238 -10.9093 18.7
    endloop
  endfacet
  facet normal -0.412861 -0.910794 -0
    outer loop
      vertex 1.21629 -10.9836 18.7
      vertex 1.05238 -10.9093 10.7
      vertex 1.21629 -10.9836 10.7
    endloop
  endfacet
  facet normal 0.162821 -0.986656 0
    outer loop
      vertex -0.536498 -10.7528 10.7
      vertex -0.358947 -10.7235 18.7
      vertex -0.536498 -10.7528 18.7
    endloop
  endfacet
  facet normal 0.162821 -0.986656 0
    outer loop
      vertex -0.358947 -10.7235 18.7
      vertex -0.536498 -10.7528 10.7
      vertex -0.358947 -10.7235 10.7
    endloop
  endfacet
  facet normal -0.471257 0.881996 0
    outer loop
      vertex 1.375 -15.8316 10.7
      vertex 1.21629 -15.9164 18.7
      vertex 1.375 -15.8316 18.7
    endloop
  endfacet
  facet normal -0.471257 0.881996 0
    outer loop
      vertex 1.21629 -15.9164 18.7
      vertex 1.375 -15.8316 10.7
      vertex 1.21629 -15.9164 10.7
    endloop
  endfacet
  facet normal -0.471257 -0.881996 0
    outer loop
      vertex 1.21629 -10.9836 10.7
      vertex 1.375 -11.0684 18.7
      vertex 1.21629 -10.9836 18.7
    endloop
  endfacet
  facet normal -0.471257 -0.881996 -0
    outer loop
      vertex 1.375 -11.0684 18.7
      vertex 1.21629 -10.9836 10.7
      vertex 1.375 -11.0684 10.7
    endloop
  endfacet
  facet normal -0.097804 -0.995206 0
    outer loop
      vertex 0.179858 -10.7059 10.7
      vertex 0.358947 -10.7235 18.7
      vertex 0.179858 -10.7059 18.7
    endloop
  endfacet
  facet normal -0.097804 -0.995206 -0
    outer loop
      vertex 0.358947 -10.7235 18.7
      vertex 0.179858 -10.7059 10.7
      vertex 0.358947 -10.7235 10.7
    endloop
  endfacet
  facet normal 0.032786 -0.999462 0
    outer loop
      vertex -0.179858 -10.7059 10.7
      vertex 0 -10.7 18.7
      vertex -0.179858 -10.7059 18.7
    endloop
  endfacet
  facet normal 0.032786 -0.999462 0
    outer loop
      vertex 0 -10.7 18.7
      vertex -0.179858 -10.7059 10.7
      vertex 0 -10.7 10.7
    endloop
  endfacet
  facet normal -0.881914 0.47141 0
    outer loop
      vertex 2.38157 -14.825 10.7
      vertex 2.4664 -14.6663 18.7
      vertex 2.4664 -14.6663 10.7
    endloop
  endfacet
  facet normal -0.881914 0.47141 0
    outer loop
      vertex 2.4664 -14.6663 18.7
      vertex 2.38157 -14.825 10.7
      vertex 2.38157 -14.825 18.7
    endloop
  endfacet
  facet normal -0.683849 0.729624 0
    outer loop
      vertex 1.94454 -15.3945 10.7
      vertex 1.8132 -15.5176 18.7
      vertex 1.94454 -15.3945 18.7
    endloop
  endfacet
  facet normal -0.683849 0.729624 0
    outer loop
      vertex 1.8132 -15.5176 18.7
      vertex 1.94454 -15.3945 10.7
      vertex 1.8132 -15.5176 10.7
    endloop
  endfacet
  facet normal -0.773001 0.634405 0
    outer loop
      vertex 2.06756 -15.2632 10.7
      vertex 2.18172 -15.1241 18.7
      vertex 2.18172 -15.1241 10.7
    endloop
  endfacet
  facet normal -0.773001 0.634405 0
    outer loop
      vertex 2.18172 -15.1241 18.7
      vertex 2.06756 -15.2632 10.7
      vertex 2.06756 -15.2632 18.7
    endloop
  endfacet
  facet normal 0.956935 -0.290304 0
    outer loop
      vertex -2.6563 -12.7382 18.7
      vertex -2.60406 -12.566 10.7
      vertex -2.60406 -12.566 18.7
    endloop
  endfacet
  facet normal 0.956935 -0.290304 0
    outer loop
      vertex -2.60406 -12.566 10.7
      vertex -2.6563 -12.7382 18.7
      vertex -2.6563 -12.7382 10.7
    endloop
  endfacet
  facet normal -0.84917 -0.528119 0
    outer loop
      vertex 2.38157 -12.075 10.7
      vertex 2.28654 -11.9222 18.7
      vertex 2.28654 -11.9222 10.7
    endloop
  endfacet
  facet normal -0.84917 -0.528119 0
    outer loop
      vertex 2.28654 -11.9222 18.7
      vertex 2.38157 -12.075 10.7
      vertex 2.38157 -12.075 18.7
    endloop
  endfacet
  facet normal 0.729742 0.683723 0
    outer loop
      vertex -1.94454 -15.3945 18.7
      vertex -2.06756 -15.2632 10.7
      vertex -2.06756 -15.2632 18.7
    endloop
  endfacet
  facet normal 0.729742 0.683723 0
    outer loop
      vertex -2.06756 -15.2632 10.7
      vertex -1.94454 -15.3945 18.7
      vertex -1.94454 -15.3945 10.7
    endloop
  endfacet
  facet normal -0.973894 -0.227001 0
    outer loop
      vertex 2.69716 -12.9135 10.7
      vertex 2.6563 -12.7382 18.7
      vertex 2.6563 -12.7382 10.7
    endloop
  endfacet
  facet normal -0.973894 -0.227001 0
    outer loop
      vertex 2.6563 -12.7382 18.7
      vertex 2.69716 -12.9135 10.7
      vertex 2.69716 -12.9135 18.7
    endloop
  endfacet
  facet normal -0.995179 -0.0980724 0
    outer loop
      vertex 2.74411 -13.2701 10.7
      vertex 2.72647 -13.0911 18.7
      vertex 2.72647 -13.0911 10.7
    endloop
  endfacet
  facet normal -0.995179 -0.0980724 0
    outer loop
      vertex 2.72647 -13.0911 18.7
      vertex 2.74411 -13.2701 10.7
      vertex 2.74411 -13.2701 18.7
    endloop
  endfacet
  facet normal -0.881914 -0.47141 0
    outer loop
      vertex 2.4664 -12.2337 10.7
      vertex 2.38157 -12.075 18.7
      vertex 2.38157 -12.075 10.7
    endloop
  endfacet
  facet normal -0.881914 -0.47141 0
    outer loop
      vertex 2.38157 -12.075 18.7
      vertex 2.4664 -12.2337 10.7
      vertex 2.4664 -12.2337 18.7
    endloop
  endfacet
  facet normal 0.910847 -0.412743 0
    outer loop
      vertex -2.54067 -12.3976 18.7
      vertex -2.4664 -12.2337 10.7
      vertex -2.4664 -12.2337 18.7
    endloop
  endfacet
  facet normal 0.910847 -0.412743 0
    outer loop
      vertex -2.4664 -12.2337 10.7
      vertex -2.54067 -12.3976 18.7
      vertex -2.54067 -12.3976 10.7
    endloop
  endfacet
  facet normal -0.93589 -0.352293 0
    outer loop
      vertex 2.60406 -12.566 10.7
      vertex 2.54067 -12.3976 18.7
      vertex 2.54067 -12.3976 10.7
    endloop
  endfacet
  facet normal -0.93589 -0.352293 0
    outer loop
      vertex 2.54067 -12.3976 18.7
      vertex 2.60406 -12.566 10.7
      vertex 2.60406 -12.566 18.7
    endloop
  endfacet
  facet normal -0.973894 0.227001 0
    outer loop
      vertex 2.6563 -14.1618 10.7
      vertex 2.69716 -13.9865 18.7
      vertex 2.69716 -13.9865 10.7
    endloop
  endfacet
  facet normal -0.973894 0.227001 0
    outer loop
      vertex 2.69716 -13.9865 18.7
      vertex 2.6563 -14.1618 10.7
      vertex 2.6563 -14.1618 18.7
    endloop
  endfacet
  facet normal 0.812892 0.582415 0
    outer loop
      vertex -2.18172 -15.1241 18.7
      vertex -2.28654 -14.9778 10.7
      vertex -2.28654 -14.9778 18.7
    endloop
  endfacet
  facet normal 0.812892 0.582415 0
    outer loop
      vertex -2.28654 -14.9778 10.7
      vertex -2.18172 -15.1241 18.7
      vertex -2.18172 -15.1241 10.7
    endloop
  endfacet
  facet normal -0.634179 -0.773187 0
    outer loop
      vertex 1.67409 -11.2683 10.7
      vertex 1.8132 -11.3824 18.7
      vertex 1.67409 -11.2683 18.7
    endloop
  endfacet
  facet normal -0.634179 -0.773187 -0
    outer loop
      vertex 1.8132 -11.3824 18.7
      vertex 1.67409 -11.2683 10.7
      vertex 1.8132 -11.3824 10.7
    endloop
  endfacet
  facet normal -0.956935 -0.290304 0
    outer loop
      vertex 2.6563 -12.7382 10.7
      vertex 2.60406 -12.566 18.7
      vertex 2.60406 -12.566 10.7
    endloop
  endfacet
  facet normal -0.956935 -0.290304 0
    outer loop
      vertex 2.60406 -12.566 18.7
      vertex 2.6563 -12.7382 10.7
      vertex 2.6563 -12.7382 18.7
    endloop
  endfacet
  facet normal -0.683849 -0.729624 0
    outer loop
      vertex 1.8132 -11.3824 10.7
      vertex 1.94454 -11.5055 18.7
      vertex 1.8132 -11.3824 18.7
    endloop
  endfacet
  facet normal -0.683849 -0.729624 -0
    outer loop
      vertex 1.94454 -11.5055 18.7
      vertex 1.8132 -11.3824 10.7
      vertex 1.94454 -11.5055 10.7
    endloop
  endfacet
  facet normal -0.097804 0.995206 0
    outer loop
      vertex 0.358947 -16.1765 10.7
      vertex 0.179858 -16.1941 18.7
      vertex 0.358947 -16.1765 18.7
    endloop
  endfacet
  facet normal -0.097804 0.995206 0
    outer loop
      vertex 0.179858 -16.1941 18.7
      vertex 0.358947 -16.1765 10.7
      vertex 0.179858 -16.1941 10.7
    endloop
  endfacet
  facet normal 0.812892 -0.582415 0
    outer loop
      vertex -2.28654 -11.9222 18.7
      vertex -2.18172 -11.7759 10.7
      vertex -2.18172 -11.7759 18.7
    endloop
  endfacet
  facet normal 0.812892 -0.582415 0
    outer loop
      vertex -2.18172 -11.7759 10.7
      vertex -2.28654 -11.9222 18.7
      vertex -2.28654 -11.9222 10.7
    endloop
  endfacet
  facet normal 0.910847 0.412743 0
    outer loop
      vertex -2.4664 -14.6663 18.7
      vertex -2.54067 -14.5024 10.7
      vertex -2.54067 -14.5024 18.7
    endloop
  endfacet
  facet normal 0.910847 0.412743 0
    outer loop
      vertex -2.54067 -14.5024 10.7
      vertex -2.4664 -14.6663 18.7
      vertex -2.4664 -14.6663 10.7
    endloop
  endfacet
  facet normal 0.93589 -0.352293 0
    outer loop
      vertex -2.60406 -12.566 18.7
      vertex -2.54067 -12.3976 10.7
      vertex -2.54067 -12.3976 18.7
    endloop
  endfacet
  facet normal 0.93589 -0.352293 0
    outer loop
      vertex -2.54067 -12.3976 10.7
      vertex -2.60406 -12.566 18.7
      vertex -2.60406 -12.566 10.7
    endloop
  endfacet
  facet normal -0.58242 -0.812888 0
    outer loop
      vertex 1.52782 -11.1635 10.7
      vertex 1.67409 -11.2683 18.7
      vertex 1.52782 -11.1635 18.7
    endloop
  endfacet
  facet normal -0.58242 -0.812888 -0
    outer loop
      vertex 1.67409 -11.2683 18.7
      vertex 1.52782 -11.1635 10.7
      vertex 1.67409 -11.2683 10.7
    endloop
  endfacet
  facet normal 0.52835 0.849027 -0
    outer loop
      vertex -1.375 -15.8316 10.7
      vertex -1.52782 -15.7365 18.7
      vertex -1.375 -15.8316 18.7
    endloop
  endfacet
  facet normal 0.52835 0.849027 0
    outer loop
      vertex -1.52782 -15.7365 18.7
      vertex -1.375 -15.8316 10.7
      vertex -1.52782 -15.7365 10.7
    endloop
  endfacet
  facet normal -0.93589 0.352293 0
    outer loop
      vertex 2.54067 -14.5024 10.7
      vertex 2.60406 -14.334 18.7
      vertex 2.60406 -14.334 10.7
    endloop
  endfacet
  facet normal -0.93589 0.352293 0
    outer loop
      vertex 2.60406 -14.334 18.7
      vertex 2.54067 -14.5024 10.7
      vertex 2.54067 -14.5024 18.7
    endloop
  endfacet
  facet normal -0.986654 0.162831 0
    outer loop
      vertex 2.69716 -13.9865 10.7
      vertex 2.72647 -13.8089 18.7
      vertex 2.72647 -13.8089 10.7
    endloop
  endfacet
  facet normal -0.986654 0.162831 0
    outer loop
      vertex 2.72647 -13.8089 18.7
      vertex 2.69716 -13.9865 10.7
      vertex 2.69716 -13.9865 18.7
    endloop
  endfacet
  facet normal 0.097804 -0.995206 0
    outer loop
      vertex -0.358947 -10.7235 10.7
      vertex -0.179858 -10.7059 18.7
      vertex -0.358947 -10.7235 18.7
    endloop
  endfacet
  facet normal 0.097804 -0.995206 0
    outer loop
      vertex -0.179858 -10.7059 18.7
      vertex -0.358947 -10.7235 10.7
      vertex -0.179858 -10.7059 10.7
    endloop
  endfacet
  facet normal -0.162821 0.986656 0
    outer loop
      vertex 0.536498 -16.1472 10.7
      vertex 0.358947 -16.1765 18.7
      vertex 0.536498 -16.1472 18.7
    endloop
  endfacet
  facet normal -0.162821 0.986656 0
    outer loop
      vertex 0.358947 -16.1765 18.7
      vertex 0.536498 -16.1472 10.7
      vertex 0.358947 -16.1765 10.7
    endloop
  endfacet
  facet normal 0.471257 -0.881996 0
    outer loop
      vertex -1.375 -11.0684 10.7
      vertex -1.21629 -10.9836 18.7
      vertex -1.375 -11.0684 18.7
    endloop
  endfacet
  facet normal 0.471257 -0.881996 0
    outer loop
      vertex -1.21629 -10.9836 18.7
      vertex -1.375 -11.0684 10.7
      vertex -1.21629 -10.9836 10.7
    endloop
  endfacet
  facet normal 0.162821 0.986656 -0
    outer loop
      vertex -0.358947 -16.1765 10.7
      vertex -0.536498 -16.1472 18.7
      vertex -0.358947 -16.1765 18.7
    endloop
  endfacet
  facet normal 0.162821 0.986656 0
    outer loop
      vertex -0.536498 -16.1472 18.7
      vertex -0.358947 -16.1765 10.7
      vertex -0.536498 -16.1472 10.7
    endloop
  endfacet
  facet normal 0.290091 0.956999 -0
    outer loop
      vertex -0.711752 -16.1063 10.7
      vertex -0.883958 -16.0541 18.7
      vertex -0.711752 -16.1063 18.7
    endloop
  endfacet
  facet normal 0.290091 0.956999 0
    outer loop
      vertex -0.883958 -16.0541 18.7
      vertex -0.711752 -16.1063 10.7
      vertex -0.883958 -16.0541 10.7
    endloop
  endfacet
  facet normal -0.812892 -0.582415 0
    outer loop
      vertex 2.28654 -11.9222 10.7
      vertex 2.18172 -11.7759 18.7
      vertex 2.18172 -11.7759 10.7
    endloop
  endfacet
  facet normal -0.812892 -0.582415 0
    outer loop
      vertex 2.18172 -11.7759 18.7
      vertex 2.28654 -11.9222 10.7
      vertex 2.28654 -11.9222 18.7
    endloop
  endfacet
  facet normal -0.227269 -0.973832 0
    outer loop
      vertex 0.536498 -10.7528 10.7
      vertex 0.711752 -10.7937 18.7
      vertex 0.536498 -10.7528 18.7
    endloop
  endfacet
  facet normal -0.227269 -0.973832 -0
    outer loop
      vertex 0.711752 -10.7937 18.7
      vertex 0.536498 -10.7528 10.7
      vertex 0.711752 -10.7937 10.7
    endloop
  endfacet
  facet normal 0.995179 0.0980724 0
    outer loop
      vertex -2.72647 -13.8089 18.7
      vertex -2.74411 -13.6299 10.7
      vertex -2.74411 -13.6299 18.7
    endloop
  endfacet
  facet normal 0.995179 0.0980724 0
    outer loop
      vertex -2.74411 -13.6299 10.7
      vertex -2.72647 -13.8089 18.7
      vertex -2.72647 -13.8089 10.7
    endloop
  endfacet
  facet normal -0.729742 -0.683723 0
    outer loop
      vertex 2.06756 -11.6368 10.7
      vertex 1.94454 -11.5055 18.7
      vertex 1.94454 -11.5055 10.7
    endloop
  endfacet
  facet normal -0.729742 -0.683723 0
    outer loop
      vertex 1.94454 -11.5055 18.7
      vertex 2.06756 -11.6368 10.7
      vertex 2.06756 -11.6368 18.7
    endloop
  endfacet
  facet normal 0.986654 -0.162831 0
    outer loop
      vertex -2.72647 -13.0911 18.7
      vertex -2.69716 -12.9135 10.7
      vertex -2.69716 -12.9135 18.7
    endloop
  endfacet
  facet normal 0.986654 -0.162831 0
    outer loop
      vertex -2.69716 -12.9135 10.7
      vertex -2.72647 -13.0911 18.7
      vertex -2.72647 -13.0911 10.7
    endloop
  endfacet
  facet normal 0.773001 0.634405 0
    outer loop
      vertex -2.06756 -15.2632 18.7
      vertex -2.18172 -15.1241 10.7
      vertex -2.18172 -15.1241 18.7
    endloop
  endfacet
  facet normal 0.773001 0.634405 0
    outer loop
      vertex -2.18172 -15.1241 10.7
      vertex -2.06756 -15.2632 18.7
      vertex -2.06756 -15.2632 10.7
    endloop
  endfacet
  facet normal -0.729742 0.683723 0
    outer loop
      vertex 1.94454 -15.3945 10.7
      vertex 2.06756 -15.2632 18.7
      vertex 2.06756 -15.2632 10.7
    endloop
  endfacet
  facet normal -0.729742 0.683723 0
    outer loop
      vertex 2.06756 -15.2632 18.7
      vertex 1.94454 -15.3945 10.7
      vertex 1.94454 -15.3945 18.7
    endloop
  endfacet
  facet normal 0.634179 -0.773187 0
    outer loop
      vertex -1.8132 -11.3824 10.7
      vertex -1.67409 -11.2683 18.7
      vertex -1.8132 -11.3824 18.7
    endloop
  endfacet
  facet normal 0.634179 -0.773187 0
    outer loop
      vertex -1.67409 -11.2683 18.7
      vertex -1.8132 -11.3824 10.7
      vertex -1.67409 -11.2683 10.7
    endloop
  endfacet
  facet normal 0.973894 0.227001 0
    outer loop
      vertex -2.6563 -14.1618 18.7
      vertex -2.69716 -13.9865 10.7
      vertex -2.69716 -13.9865 18.7
    endloop
  endfacet
  facet normal 0.973894 0.227001 0
    outer loop
      vertex -2.69716 -13.9865 10.7
      vertex -2.6563 -14.1618 18.7
      vertex -2.6563 -14.1618 10.7
    endloop
  endfacet
  facet normal 0.52835 -0.849027 0
    outer loop
      vertex -1.52782 -11.1635 10.7
      vertex -1.375 -11.0684 18.7
      vertex -1.52782 -11.1635 18.7
    endloop
  endfacet
  facet normal 0.52835 -0.849027 0
    outer loop
      vertex -1.375 -11.0684 18.7
      vertex -1.52782 -11.1635 10.7
      vertex -1.375 -11.0684 10.7
    endloop
  endfacet
  facet normal 0.881914 -0.47141 0
    outer loop
      vertex -2.4664 -12.2337 18.7
      vertex -2.38157 -12.075 10.7
      vertex -2.38157 -12.075 18.7
    endloop
  endfacet
  facet normal 0.881914 -0.47141 0
    outer loop
      vertex -2.38157 -12.075 10.7
      vertex -2.4664 -12.2337 18.7
      vertex -2.4664 -12.2337 10.7
    endloop
  endfacet
  facet normal -0.986654 -0.162831 0
    outer loop
      vertex 2.72647 -13.0911 10.7
      vertex 2.69716 -12.9135 18.7
      vertex 2.69716 -12.9135 10.7
    endloop
  endfacet
  facet normal -0.986654 -0.162831 0
    outer loop
      vertex 2.69716 -12.9135 18.7
      vertex 2.72647 -13.0911 10.7
      vertex 2.72647 -13.0911 18.7
    endloop
  endfacet
  facet normal -0.162821 -0.986656 0
    outer loop
      vertex 0.358947 -10.7235 10.7
      vertex 0.536498 -10.7528 18.7
      vertex 0.358947 -10.7235 18.7
    endloop
  endfacet
  facet normal -0.162821 -0.986656 -0
    outer loop
      vertex 0.536498 -10.7528 18.7
      vertex 0.358947 -10.7235 10.7
      vertex 0.536498 -10.7528 10.7
    endloop
  endfacet
  facet normal 0.881914 0.47141 0
    outer loop
      vertex -2.38157 -14.825 18.7
      vertex -2.4664 -14.6663 10.7
      vertex -2.4664 -14.6663 18.7
    endloop
  endfacet
  facet normal 0.881914 0.47141 0
    outer loop
      vertex -2.4664 -14.6663 10.7
      vertex -2.38157 -14.825 18.7
      vertex -2.38157 -14.825 10.7
    endloop
  endfacet
  facet normal 0.999464 -0.0327229 0
    outer loop
      vertex -2.75 -13.45 18.7
      vertex -2.74411 -13.2701 10.7
      vertex -2.74411 -13.2701 18.7
    endloop
  endfacet
  facet normal 0.999464 -0.0327229 0
    outer loop
      vertex -2.74411 -13.2701 10.7
      vertex -2.75 -13.45 18.7
      vertex -2.75 -13.45 10.7
    endloop
  endfacet
  facet normal 0.93589 0.352293 0
    outer loop
      vertex -2.54067 -14.5024 18.7
      vertex -2.60406 -14.334 10.7
      vertex -2.60406 -14.334 18.7
    endloop
  endfacet
  facet normal 0.93589 0.352293 0
    outer loop
      vertex -2.60406 -14.334 10.7
      vertex -2.54067 -14.5024 18.7
      vertex -2.54067 -14.5024 10.7
    endloop
  endfacet
  facet normal 0.986654 0.162831 0
    outer loop
      vertex -2.69716 -13.9865 18.7
      vertex -2.72647 -13.8089 10.7
      vertex -2.72647 -13.8089 18.7
    endloop
  endfacet
  facet normal 0.986654 0.162831 0
    outer loop
      vertex -2.72647 -13.8089 10.7
      vertex -2.69716 -13.9865 18.7
      vertex -2.69716 -13.9865 10.7
    endloop
  endfacet
  facet normal 0.412861 -0.910794 0
    outer loop
      vertex -1.21629 -10.9836 10.7
      vertex -1.05238 -10.9093 18.7
      vertex -1.21629 -10.9836 18.7
    endloop
  endfacet
  facet normal 0.412861 -0.910794 0
    outer loop
      vertex -1.05238 -10.9093 18.7
      vertex -1.21629 -10.9836 10.7
      vertex -1.05238 -10.9093 10.7
    endloop
  endfacet
  facet normal -0.227269 0.973832 0
    outer loop
      vertex 0.711752 -16.1063 10.7
      vertex 0.536498 -16.1472 18.7
      vertex 0.711752 -16.1063 18.7
    endloop
  endfacet
  facet normal -0.227269 0.973832 0
    outer loop
      vertex 0.536498 -16.1472 18.7
      vertex 0.711752 -16.1063 10.7
      vertex 0.536498 -16.1472 10.7
    endloop
  endfacet
  facet normal -0.412707 0.910864 0
    outer loop
      vertex 2.10087 9.18985 1.90735e-07
      vertex 1.81775 9.06157 10.7
      vertex 2.10087 9.18985 10.7
    endloop
  endfacet
  facet normal -0.412707 0.910864 0
    outer loop
      vertex 1.81775 9.06157 10.7
      vertex 2.10087 9.18985 1.90735e-07
      vertex 1.81775 9.06157 1.90735e-07
    endloop
  endfacet
  facet normal -0.227069 0.973879 0
    outer loop
      vertex 1.22939 8.86185 1.90735e-07
      vertex 0.926679 8.79127 10.7
      vertex 1.22939 8.86185 10.7
    endloop
  endfacet
  facet normal -0.227069 0.973879 0
    outer loop
      vertex 0.926679 8.79127 10.7
      vertex 1.22939 8.86185 1.90735e-07
      vertex 0.926679 8.79127 1.90735e-07
    endloop
  endfacet
  facet normal 0.352248 0.935907 -0
    outer loop
      vertex -1.52684 8.95208 1.90735e-07
      vertex -1.81775 9.06157 10.7
      vertex -1.52684 8.95208 10.7
    endloop
  endfacet
  facet normal 0.352248 0.935907 0
    outer loop
      vertex -1.81775 9.06157 10.7
      vertex -1.52684 8.95208 1.90735e-07
      vertex -1.81775 9.06157 1.90735e-07
    endloop
  endfacet
  facet normal 0.973877 0.227077 0
    outer loop
      vertex -4.58815 12.2206 10.7
      vertex -4.65873 12.5233 1.90735e-07
      vertex -4.65873 12.5233 10.7
    endloop
  endfacet
  facet normal 0.973877 0.227077 0
    outer loop
      vertex -4.65873 12.5233 1.90735e-07
      vertex -4.58815 12.2206 10.7
      vertex -4.58815 12.2206 1.90735e-07
    endloop
  endfacet
  facet normal 0.956927 -0.290328 0
    outer loop
      vertex -4.58815 14.6794 10.7
      vertex -4.49792 14.9768 1.90735e-07
      vertex -4.49792 14.9768 10.7
    endloop
  endfacet
  facet normal 0.956927 -0.290328 0
    outer loop
      vertex -4.49792 14.9768 1.90735e-07
      vertex -4.58815 14.6794 10.7
      vertex -4.58815 14.6794 1.90735e-07
    endloop
  endfacet
  facet normal 0.683512 0.729939 -0
    outer loop
      vertex -3.13189 9.87876 1.90735e-07
      vertex -3.35876 10.0912 10.7
      vertex -3.13189 9.87876 10.7
    endloop
  endfacet
  facet normal 0.683512 0.729939 0
    outer loop
      vertex -3.35876 10.0912 10.7
      vertex -3.13189 9.87876 1.90735e-07
      vertex -3.35876 10.0912 1.90735e-07
    endloop
  endfacet
  facet normal 0.634404 0.773002 -0
    outer loop
      vertex -2.89162 9.68157 1.90735e-07
      vertex -3.13189 9.87876 10.7
      vertex -2.89162 9.68157 10.7
    endloop
  endfacet
  facet normal 0.634404 0.773002 0
    outer loop
      vertex -3.13189 9.87876 10.7
      vertex -2.89162 9.68157 1.90735e-07
      vertex -3.13189 9.87876 1.90735e-07
    endloop
  endfacet
  facet normal 0.162886 0.986645 -0
    outer loop
      vertex -0.619999 8.74064 1.90735e-07
      vertex -0.926679 8.79127 10.7
      vertex -0.619999 8.74064 10.7
    endloop
  endfacet
  facet normal 0.162886 0.986645 0
    outer loop
      vertex -0.926679 8.79127 10.7
      vertex -0.619999 8.74064 1.90735e-07
      vertex -0.926679 8.79127 1.90735e-07
    endloop
  endfacet
  facet normal -0.683512 0.729939 0
    outer loop
      vertex 3.35876 10.0912 1.90735e-07
      vertex 3.13189 9.87876 10.7
      vertex 3.35876 10.0912 10.7
    endloop
  endfacet
  facet normal -0.683512 0.729939 0
    outer loop
      vertex 3.13189 9.87876 10.7
      vertex 3.35876 10.0912 1.90735e-07
      vertex 3.13189 9.87876 1.90735e-07
    endloop
  endfacet
  facet normal 0.935903 -0.352258 0
    outer loop
      vertex -4.49792 14.9768 10.7
      vertex -4.38843 15.2677 1.90735e-07
      vertex -4.38843 15.2677 10.7
    endloop
  endfacet
  facet normal 0.935903 -0.352258 0
    outer loop
      vertex -4.38843 15.2677 1.90735e-07
      vertex -4.49792 14.9768 10.7
      vertex -4.49792 14.9768 1.90735e-07
    endloop
  endfacet
  facet normal -0.986647 -0.162876 0
    outer loop
      vertex 4.70936 14.07 1.90735e-07
      vertex 4.65873 14.3767 10.7
      vertex 4.65873 14.3767 1.90735e-07
    endloop
  endfacet
  facet normal -0.986647 -0.162876 0
    outer loop
      vertex 4.65873 14.3767 10.7
      vertex 4.70936 14.07 1.90735e-07
      vertex 4.70936 14.07 10.7
    endloop
  endfacet
  facet normal -0.634404 0.773002 0
    outer loop
      vertex 3.13189 9.87876 1.90735e-07
      vertex 2.89162 9.68157 10.7
      vertex 3.13189 9.87876 10.7
    endloop
  endfacet
  facet normal -0.634404 0.773002 0
    outer loop
      vertex 2.89162 9.68157 10.7
      vertex 3.13189 9.87876 1.90735e-07
      vertex 2.89162 9.68157 1.90735e-07
    endloop
  endfacet
  facet normal -0.163105 -0.986609 0
    outer loop
      vertex 0.619999 18.1594 1.90735e-07
      vertex 0.926679 18.1087 10.7
      vertex 0.619999 18.1594 10.7
    endloop
  endfacet
  facet normal -0.163105 -0.986609 -0
    outer loop
      vertex 0.926679 18.1087 10.7
      vertex 0.619999 18.1594 1.90735e-07
      vertex 0.926679 18.1087 1.90735e-07
    endloop
  endfacet
  facet normal -0.0327188 0.999465 0
    outer loop
      vertex 0.310664 8.71017 1.90735e-07
      vertex 0 8.7 10.7
      vertex 0.310664 8.71017 10.7
    endloop
  endfacet
  facet normal -0.0327188 0.999465 0
    outer loop
      vertex 0 8.7 10.7
      vertex 0.310664 8.71017 1.90735e-07
      vertex 0 8.7 1.90735e-07
    endloop
  endfacet
  facet normal -0.634423 -0.772986 0
    outer loop
      vertex 2.89162 17.2184 1.90735e-07
      vertex 3.13189 17.0212 10.7
      vertex 2.89162 17.2184 10.7
    endloop
  endfacet
  facet normal -0.634423 -0.772986 -0
    outer loop
      vertex 3.13189 17.0212 10.7
      vertex 2.89162 17.2184 1.90735e-07
      vertex 3.13189 17.0212 1.90735e-07
    endloop
  endfacet
  facet normal -0.773041 -0.634357 0
    outer loop
      vertex 3.76843 16.3416 1.90735e-07
      vertex 3.57124 16.5819 10.7
      vertex 3.57124 16.5819 1.90735e-07
    endloop
  endfacet
  facet normal -0.773041 -0.634357 0
    outer loop
      vertex 3.57124 16.5819 10.7
      vertex 3.76843 16.3416 1.90735e-07
      vertex 3.76843 16.3416 10.7
    endloop
  endfacet
  facet normal -0.995183 0.0980382 0
    outer loop
      vertex 4.70936 12.83 1.90735e-07
      vertex 4.73983 13.1393 10.7
      vertex 4.73983 13.1393 1.90735e-07
    endloop
  endfacet
  facet normal -0.995183 0.0980382 0
    outer loop
      vertex 4.73983 13.1393 10.7
      vertex 4.70936 12.83 1.90735e-07
      vertex 4.70936 12.83 10.7
    endloop
  endfacet
  facet normal 0.849239 0.528008 0
    outer loop
      vertex -3.94948 10.811 10.7
      vertex -4.11362 11.075 1.90735e-07
      vertex -4.11362 11.075 10.7
    endloop
  endfacet
  facet normal 0.849239 0.528008 0
    outer loop
      vertex -4.11362 11.075 1.90735e-07
      vertex -3.94948 10.811 10.7
      vertex -3.94948 10.811 1.90735e-07
    endloop
  endfacet
  facet normal 0.41276 -0.91084 0
    outer loop
      vertex -2.10087 17.7101 1.90735e-07
      vertex -1.81775 17.8384 10.7
      vertex -2.10087 17.7101 10.7
    endloop
  endfacet
  facet normal 0.41276 -0.91084 0
    outer loop
      vertex -1.81775 17.8384 10.7
      vertex -2.10087 17.7101 1.90735e-07
      vertex -1.81775 17.8384 1.90735e-07
    endloop
  endfacet
  facet normal 0.999465 0.032715 0
    outer loop
      vertex -4.73983 13.1393 10.7
      vertex -4.75 13.45 1.90735e-07
      vertex -4.75 13.45 10.7
    endloop
  endfacet
  facet normal 0.999465 0.032715 0
    outer loop
      vertex -4.75 13.45 1.90735e-07
      vertex -4.73983 13.1393 10.7
      vertex -4.73983 13.1393 1.90735e-07
    endloop
  endfacet
  facet normal -0.999465 0.032715 0
    outer loop
      vertex 4.73983 13.1393 1.90735e-07
      vertex 4.75 13.45 10.7
      vertex 4.75 13.45 1.90735e-07
    endloop
  endfacet
  facet normal -0.999465 0.032715 0
    outer loop
      vertex 4.75 13.45 10.7
      vertex 4.73983 13.1393 1.90735e-07
      vertex 4.73983 13.1393 10.7
    endloop
  endfacet
  facet normal 0.881894 0.471448 0
    outer loop
      vertex -4.11362 11.075 10.7
      vertex -4.26015 11.3491 1.90735e-07
      vertex -4.26015 11.3491 10.7
    endloop
  endfacet
  facet normal 0.881894 0.471448 0
    outer loop
      vertex -4.26015 11.3491 1.90735e-07
      vertex -4.11362 11.075 10.7
      vertex -4.11362 11.075 1.90735e-07
    endloop
  endfacet
  facet normal -0.812787 0.582561 0
    outer loop
      vertex 3.76843 10.5584 1.90735e-07
      vertex 3.94948 10.811 10.7
      vertex 3.94948 10.811 1.90735e-07
    endloop
  endfacet
  facet normal -0.812787 0.582561 0
    outer loop
      vertex 3.94948 10.811 10.7
      vertex 3.76843 10.5584 1.90735e-07
      vertex 3.76843 10.5584 10.7
    endloop
  endfacet
  facet normal -0.352248 0.935907 0
    outer loop
      vertex 1.81775 9.06157 1.90735e-07
      vertex 1.52684 8.95208 10.7
      vertex 1.81775 9.06157 10.7
    endloop
  endfacet
  facet normal -0.352248 0.935907 0
    outer loop
      vertex 1.52684 8.95208 10.7
      vertex 1.81775 9.06157 1.90735e-07
      vertex 1.52684 8.95208 1.90735e-07
    endloop
  endfacet
  facet normal -0.935903 0.352258 0
    outer loop
      vertex 4.38843 11.6323 1.90735e-07
      vertex 4.49792 11.9232 10.7
      vertex 4.49792 11.9232 1.90735e-07
    endloop
  endfacet
  facet normal -0.935903 0.352258 0
    outer loop
      vertex 4.49792 11.9232 10.7
      vertex 4.38843 11.6323 1.90735e-07
      vertex 4.38843 11.6323 10.7
    endloop
  endfacet
  facet normal -0.582576 -0.812776 0
    outer loop
      vertex 2.63896 17.3995 1.90735e-07
      vertex 2.89162 17.2184 10.7
      vertex 2.63896 17.3995 10.7
    endloop
  endfacet
  facet normal -0.582576 -0.812776 -0
    outer loop
      vertex 2.89162 17.2184 10.7
      vertex 2.63896 17.3995 1.90735e-07
      vertex 2.89162 17.2184 1.90735e-07
    endloop
  endfacet
  facet normal -0.973877 0.227077 0
    outer loop
      vertex 4.58815 12.2206 1.90735e-07
      vertex 4.65873 12.5233 10.7
      vertex 4.65873 12.5233 1.90735e-07
    endloop
  endfacet
  facet normal -0.973877 0.227077 0
    outer loop
      vertex 4.65873 12.5233 10.7
      vertex 4.58815 12.2206 1.90735e-07
      vertex 4.58815 12.2206 10.7
    endloop
  endfacet
  facet normal -0.995183 -0.0980382 0
    outer loop
      vertex 4.73983 13.7607 1.90735e-07
      vertex 4.70936 14.07 10.7
      vertex 4.70936 14.07 1.90735e-07
    endloop
  endfacet
  facet normal -0.995183 -0.0980382 0
    outer loop
      vertex 4.70936 14.07 10.7
      vertex 4.73983 13.7607 1.90735e-07
      vertex 4.73983 13.7607 10.7
    endloop
  endfacet
  facet normal -0.0978042 -0.995206 0
    outer loop
      vertex 0.310664 18.1898 1.90735e-07
      vertex 0.619999 18.1594 10.7
      vertex 0.310664 18.1898 10.7
    endloop
  endfacet
  facet normal -0.0978042 -0.995206 -0
    outer loop
      vertex 0.619999 18.1594 10.7
      vertex 0.310664 18.1898 1.90735e-07
      vertex 0.619999 18.1594 1.90735e-07
    endloop
  endfacet
  facet normal -0.973877 -0.227077 0
    outer loop
      vertex 4.65873 14.3767 1.90735e-07
      vertex 4.58815 14.6794 10.7
      vertex 4.58815 14.6794 1.90735e-07
    endloop
  endfacet
  facet normal -0.973877 -0.227077 0
    outer loop
      vertex 4.58815 14.6794 10.7
      vertex 4.65873 14.3767 1.90735e-07
      vertex 4.65873 14.3767 10.7
    endloop
  endfacet
  facet normal -0.910908 -0.41261 0
    outer loop
      vertex 4.38843 15.2677 1.90735e-07
      vertex 4.26015 15.5509 10.7
      vertex 4.26015 15.5509 1.90735e-07
    endloop
  endfacet
  facet normal -0.910908 -0.41261 0
    outer loop
      vertex 4.26015 15.5509 10.7
      vertex 4.38843 15.2677 1.90735e-07
      vertex 4.38843 15.2677 10.7
    endloop
  endfacet
  facet normal -0.881894 0.471448 0
    outer loop
      vertex 4.11362 11.075 1.90735e-07
      vertex 4.26015 11.3491 10.7
      vertex 4.26015 11.3491 1.90735e-07
    endloop
  endfacet
  facet normal -0.881894 0.471448 0
    outer loop
      vertex 4.26015 11.3491 10.7
      vertex 4.11362 11.075 1.90735e-07
      vertex 4.11362 11.075 10.7
    endloop
  endfacet
  facet normal 0.471408 0.881915 -0
    outer loop
      vertex -2.10087 9.18985 1.90735e-07
      vertex -2.375 9.33638 10.7
      vertex -2.10087 9.18985 10.7
    endloop
  endfacet
  facet normal 0.471408 0.881915 0
    outer loop
      vertex -2.375 9.33638 10.7
      vertex -2.10087 9.18985 1.90735e-07
      vertex -2.375 9.33638 1.90735e-07
    endloop
  endfacet
  facet normal -0.352276 -0.935896 0
    outer loop
      vertex 1.52684 17.9479 1.90735e-07
      vertex 1.81775 17.8384 10.7
      vertex 1.52684 17.9479 10.7
    endloop
  endfacet
  facet normal -0.352276 -0.935896 -0
    outer loop
      vertex 1.81775 17.8384 10.7
      vertex 1.52684 17.9479 1.90735e-07
      vertex 1.81775 17.8384 1.90735e-07
    endloop
  endfacet
  facet normal -0.471408 0.881915 0
    outer loop
      vertex 2.375 9.33638 1.90735e-07
      vertex 2.10087 9.18985 10.7
      vertex 2.375 9.33638 10.7
    endloop
  endfacet
  facet normal -0.471408 0.881915 0
    outer loop
      vertex 2.10087 9.18985 10.7
      vertex 2.375 9.33638 1.90735e-07
      vertex 2.10087 9.18985 1.90735e-07
    endloop
  endfacet
  facet normal -0.910908 0.41261 0
    outer loop
      vertex 4.26015 11.3491 1.90735e-07
      vertex 4.38843 11.6323 10.7
      vertex 4.38843 11.6323 1.90735e-07
    endloop
  endfacet
  facet normal -0.910908 0.41261 0
    outer loop
      vertex 4.38843 11.6323 10.7
      vertex 4.26015 11.3491 1.90735e-07
      vertex 4.26015 11.3491 10.7
    endloop
  endfacet
  facet normal -0.683443 -0.730004 0
    outer loop
      vertex 3.13189 17.0212 1.90735e-07
      vertex 3.35876 16.8088 10.7
      vertex 3.13189 17.0212 10.7
    endloop
  endfacet
  facet normal -0.683443 -0.730004 -0
    outer loop
      vertex 3.35876 16.8088 10.7
      vertex 3.13189 17.0212 1.90735e-07
      vertex 3.35876 16.8088 1.90735e-07
    endloop
  endfacet
  facet normal 0.910908 0.41261 0
    outer loop
      vertex -4.26015 11.3491 10.7
      vertex -4.38843 11.6323 1.90735e-07
      vertex -4.38843 11.6323 10.7
    endloop
  endfacet
  facet normal 0.910908 0.41261 0
    outer loop
      vertex -4.38843 11.6323 1.90735e-07
      vertex -4.26015 11.3491 10.7
      vertex -4.26015 11.3491 1.90735e-07
    endloop
  endfacet
  facet normal 0.528066 0.849203 -0
    outer loop
      vertex -2.375 9.33638 1.90735e-07
      vertex -2.63896 9.50052 10.7
      vertex -2.375 9.33638 10.7
    endloop
  endfacet
  facet normal 0.528066 0.849203 0
    outer loop
      vertex -2.63896 9.50052 10.7
      vertex -2.375 9.33638 1.90735e-07
      vertex -2.63896 9.50052 1.90735e-07
    endloop
  endfacet
  facet normal -0.956927 0.290328 0
    outer loop
      vertex 4.49792 11.9232 1.90735e-07
      vertex 4.58815 12.2206 10.7
      vertex 4.58815 12.2206 1.90735e-07
    endloop
  endfacet
  facet normal -0.956927 0.290328 0
    outer loop
      vertex 4.58815 12.2206 10.7
      vertex 4.49792 11.9232 1.90735e-07
      vertex 4.49792 11.9232 10.7
    endloop
  endfacet
  facet normal -0.956927 -0.290328 0
    outer loop
      vertex 4.58815 14.6794 1.90735e-07
      vertex 4.49792 14.9768 10.7
      vertex 4.49792 14.9768 1.90735e-07
    endloop
  endfacet
  facet normal -0.956927 -0.290328 0
    outer loop
      vertex 4.49792 14.9768 10.7
      vertex 4.58815 14.6794 1.90735e-07
      vertex 4.58815 14.6794 10.7
    endloop
  endfacet
  facet normal -0.41276 -0.91084 0
    outer loop
      vertex 1.81775 17.8384 1.90735e-07
      vertex 2.10087 17.7101 10.7
      vertex 1.81775 17.8384 10.7
    endloop
  endfacet
  facet normal -0.41276 -0.91084 -0
    outer loop
      vertex 2.10087 17.7101 10.7
      vertex 1.81775 17.8384 1.90735e-07
      vertex 2.10087 17.7101 1.90735e-07
    endloop
  endfacet
  facet normal 0.352276 -0.935896 0
    outer loop
      vertex -1.81775 17.8384 1.90735e-07
      vertex -1.52684 17.9479 10.7
      vertex -1.81775 17.8384 10.7
    endloop
  endfacet
  facet normal 0.352276 -0.935896 0
    outer loop
      vertex -1.52684 17.9479 10.7
      vertex -1.81775 17.8384 1.90735e-07
      vertex -1.52684 17.9479 1.90735e-07
    endloop
  endfacet
  facet normal -0.999465 -0.032715 0
    outer loop
      vertex 4.75 13.45 1.90735e-07
      vertex 4.73983 13.7607 10.7
      vertex 4.73983 13.7607 1.90735e-07
    endloop
  endfacet
  facet normal -0.999465 -0.032715 0
    outer loop
      vertex 4.73983 13.7607 10.7
      vertex 4.75 13.45 1.90735e-07
      vertex 4.75 13.45 10.7
    endloop
  endfacet
  facet normal 0.227069 0.973879 -0
    outer loop
      vertex -0.926679 8.79127 1.90735e-07
      vertex -1.22939 8.86185 10.7
      vertex -0.926679 8.79127 10.7
    endloop
  endfacet
  facet normal 0.227069 0.973879 0
    outer loop
      vertex -1.22939 8.86185 10.7
      vertex -0.926679 8.79127 1.90735e-07
      vertex -1.22939 8.86185 1.90735e-07
    endloop
  endfacet
  facet normal -0.528066 0.849203 0
    outer loop
      vertex 2.63896 9.50052 1.90735e-07
      vertex 2.375 9.33638 10.7
      vertex 2.63896 9.50052 10.7
    endloop
  endfacet
  facet normal -0.528066 0.849203 0
    outer loop
      vertex 2.375 9.33638 10.7
      vertex 2.63896 9.50052 1.90735e-07
      vertex 2.375 9.33638 1.90735e-07
    endloop
  endfacet
  facet normal 0.290283 0.956941 -0
    outer loop
      vertex -1.22939 8.86185 1.90735e-07
      vertex -1.52684 8.95208 10.7
      vertex -1.22939 8.86185 10.7
    endloop
  endfacet
  facet normal 0.290283 0.956941 0
    outer loop
      vertex -1.52684 8.95208 10.7
      vertex -1.22939 8.86185 1.90735e-07
      vertex -1.52684 8.95208 1.90735e-07
    endloop
  endfacet
  facet normal 0.773041 0.634357 0
    outer loop
      vertex -3.57124 10.3181 10.7
      vertex -3.76843 10.5584 1.90735e-07
      vertex -3.76843 10.5584 10.7
    endloop
  endfacet
  facet normal 0.773041 0.634357 0
    outer loop
      vertex -3.76843 10.5584 1.90735e-07
      vertex -3.57124 10.3181 10.7
      vertex -3.57124 10.3181 1.90735e-07
    endloop
  endfacet
  facet normal -0.0980272 0.995184 0
    outer loop
      vertex 0.619999 8.74064 1.90735e-07
      vertex 0.310664 8.71017 10.7
      vertex 0.619999 8.74064 10.7
    endloop
  endfacet
  facet normal -0.0980272 0.995184 0
    outer loop
      vertex 0.310664 8.71017 10.7
      vertex 0.619999 8.74064 1.90735e-07
      vertex 0.310664 8.71017 1.90735e-07
    endloop
  endfacet
  facet normal -0.849239 0.528008 0
    outer loop
      vertex 3.94948 10.811 1.90735e-07
      vertex 4.11362 11.075 10.7
      vertex 4.11362 11.075 1.90735e-07
    endloop
  endfacet
  facet normal -0.849239 0.528008 0
    outer loop
      vertex 4.11362 11.075 10.7
      vertex 3.94948 10.811 1.90735e-07
      vertex 3.94948 10.811 10.7
    endloop
  endfacet
  facet normal -0.22713 -0.973864 0
    outer loop
      vertex 0.926679 18.1087 1.90735e-07
      vertex 1.22939 18.0381 10.7
      vertex 0.926679 18.1087 10.7
    endloop
  endfacet
  facet normal -0.22713 -0.973864 -0
    outer loop
      vertex 1.22939 18.0381 10.7
      vertex 0.926679 18.1087 1.90735e-07
      vertex 1.22939 18.0381 1.90735e-07
    endloop
  endfacet
  facet normal 0.471333 -0.881955 0
    outer loop
      vertex -2.375 17.5636 1.90735e-07
      vertex -2.10087 17.7101 10.7
      vertex -2.375 17.5636 10.7
    endloop
  endfacet
  facet normal 0.471333 -0.881955 0
    outer loop
      vertex -2.10087 17.7101 10.7
      vertex -2.375 17.5636 1.90735e-07
      vertex -2.10087 17.7101 1.90735e-07
    endloop
  endfacet
  facet normal 0.163105 -0.986609 0
    outer loop
      vertex -0.926679 18.1087 1.90735e-07
      vertex -0.619999 18.1594 10.7
      vertex -0.926679 18.1087 10.7
    endloop
  endfacet
  facet normal 0.163105 -0.986609 0
    outer loop
      vertex -0.619999 18.1594 10.7
      vertex -0.926679 18.1087 1.90735e-07
      vertex -0.619999 18.1594 1.90735e-07
    endloop
  endfacet
  facet normal 0.995183 0.0980382 0
    outer loop
      vertex -4.70936 12.83 10.7
      vertex -4.73983 13.1393 1.90735e-07
      vertex -4.73983 13.1393 10.7
    endloop
  endfacet
  facet normal 0.995183 0.0980382 0
    outer loop
      vertex -4.73983 13.1393 1.90735e-07
      vertex -4.70936 12.83 10.7
      vertex -4.70936 12.83 1.90735e-07
    endloop
  endfacet
  facet normal -0.162886 0.986645 0
    outer loop
      vertex 0.926679 8.79127 1.90735e-07
      vertex 0.619999 8.74064 10.7
      vertex 0.926679 8.79127 10.7
    endloop
  endfacet
  facet normal -0.162886 0.986645 0
    outer loop
      vertex 0.619999 8.74064 10.7
      vertex 0.926679 8.79127 1.90735e-07
      vertex 0.619999 8.74064 1.90735e-07
    endloop
  endfacet
  facet normal -0.290195 -0.956968 0
    outer loop
      vertex 1.22939 18.0381 1.90735e-07
      vertex 1.52684 17.9479 10.7
      vertex 1.22939 18.0381 10.7
    endloop
  endfacet
  facet normal -0.290195 -0.956968 -0
    outer loop
      vertex 1.52684 17.9479 10.7
      vertex 1.22939 18.0381 1.90735e-07
      vertex 1.52684 17.9479 1.90735e-07
    endloop
  endfacet
  facet normal -0.935903 -0.352258 0
    outer loop
      vertex 4.49792 14.9768 1.90735e-07
      vertex 4.38843 15.2677 10.7
      vertex 4.38843 15.2677 1.90735e-07
    endloop
  endfacet
  facet normal -0.935903 -0.352258 0
    outer loop
      vertex 4.38843 15.2677 10.7
      vertex 4.49792 14.9768 1.90735e-07
      vertex 4.49792 14.9768 10.7
    endloop
  endfacet
  facet normal -0.986647 0.162876 0
    outer loop
      vertex 4.65873 12.5233 1.90735e-07
      vertex 4.70936 12.83 10.7
      vertex 4.70936 12.83 1.90735e-07
    endloop
  endfacet
  facet normal -0.986647 0.162876 0
    outer loop
      vertex 4.70936 12.83 10.7
      vertex 4.65873 12.5233 1.90735e-07
      vertex 4.65873 12.5233 10.7
    endloop
  endfacet
  facet normal 0.527973 -0.849261 0
    outer loop
      vertex -2.63896 17.3995 1.90735e-07
      vertex -2.375 17.5636 10.7
      vertex -2.63896 17.3995 10.7
    endloop
  endfacet
  facet normal 0.527973 -0.849261 0
    outer loop
      vertex -2.375 17.5636 10.7
      vertex -2.63896 17.3995 1.90735e-07
      vertex -2.375 17.5636 1.90735e-07
    endloop
  endfacet
  facet normal 0.290195 -0.956968 0
    outer loop
      vertex -1.52684 17.9479 1.90735e-07
      vertex -1.22939 18.0381 10.7
      vertex -1.52684 17.9479 10.7
    endloop
  endfacet
  facet normal 0.290195 -0.956968 0
    outer loop
      vertex -1.22939 18.0381 10.7
      vertex -1.52684 17.9479 1.90735e-07
      vertex -1.22939 18.0381 1.90735e-07
    endloop
  endfacet
  facet normal 0.0978042 -0.995206 0
    outer loop
      vertex -0.619999 18.1594 1.90735e-07
      vertex -0.310664 18.1898 10.7
      vertex -0.619999 18.1594 10.7
    endloop
  endfacet
  facet normal 0.0978042 -0.995206 0
    outer loop
      vertex -0.310664 18.1898 10.7
      vertex -0.619999 18.1594 1.90735e-07
      vertex -0.310664 18.1898 1.90735e-07
    endloop
  endfacet
  facet normal 0.986647 0.162876 0
    outer loop
      vertex -4.65873 12.5233 10.7
      vertex -4.70936 12.83 1.90735e-07
      vertex -4.70936 12.83 10.7
    endloop
  endfacet
  facet normal 0.986647 0.162876 0
    outer loop
      vertex -4.70936 12.83 1.90735e-07
      vertex -4.65873 12.5233 10.7
      vertex -4.65873 12.5233 1.90735e-07
    endloop
  endfacet
  facet normal -0.58247 0.812852 0
    outer loop
      vertex 2.89162 9.68157 1.90735e-07
      vertex 2.63896 9.50052 10.7
      vertex 2.89162 9.68157 10.7
    endloop
  endfacet
  facet normal -0.58247 0.812852 0
    outer loop
      vertex 2.63896 9.50052 10.7
      vertex 2.89162 9.68157 1.90735e-07
      vertex 2.63896 9.50052 1.90735e-07
    endloop
  endfacet
  facet normal 0.773041 -0.634357 0
    outer loop
      vertex -3.76843 16.3416 10.7
      vertex -3.57124 16.5819 1.90735e-07
      vertex -3.57124 16.5819 10.7
    endloop
  endfacet
  facet normal 0.773041 -0.634357 0
    outer loop
      vertex -3.57124 16.5819 1.90735e-07
      vertex -3.76843 16.3416 10.7
      vertex -3.76843 16.3416 1.90735e-07
    endloop
  endfacet
  facet normal 0.986647 -0.162876 0
    outer loop
      vertex -4.70936 14.07 10.7
      vertex -4.65873 14.3767 1.90735e-07
      vertex -4.65873 14.3767 10.7
    endloop
  endfacet
  facet normal 0.986647 -0.162876 0
    outer loop
      vertex -4.65873 14.3767 1.90735e-07
      vertex -4.70936 14.07 10.7
      vertex -4.70936 14.07 1.90735e-07
    endloop
  endfacet
  facet normal 0.22713 -0.973864 0
    outer loop
      vertex -1.22939 18.0381 1.90735e-07
      vertex -0.926679 18.1087 10.7
      vertex -1.22939 18.0381 10.7
    endloop
  endfacet
  facet normal 0.22713 -0.973864 0
    outer loop
      vertex -0.926679 18.1087 10.7
      vertex -1.22939 18.0381 1.90735e-07
      vertex -0.926679 18.1087 1.90735e-07
    endloop
  endfacet
  facet normal -0.812787 -0.582561 0
    outer loop
      vertex 3.94948 16.089 1.90735e-07
      vertex 3.76843 16.3416 10.7
      vertex 3.76843 16.3416 1.90735e-07
    endloop
  endfacet
  facet normal -0.812787 -0.582561 0
    outer loop
      vertex 3.76843 16.3416 10.7
      vertex 3.94948 16.089 1.90735e-07
      vertex 3.94948 16.089 10.7
    endloop
  endfacet
  facet normal -0.849239 -0.528008 0
    outer loop
      vertex 4.11362 15.825 1.90735e-07
      vertex 3.94948 16.089 10.7
      vertex 3.94948 16.089 1.90735e-07
    endloop
  endfacet
  facet normal -0.849239 -0.528008 0
    outer loop
      vertex 3.94948 16.089 10.7
      vertex 4.11362 15.825 1.90735e-07
      vertex 4.11362 15.825 10.7
    endloop
  endfacet
  facet normal 0.812787 -0.582561 0
    outer loop
      vertex -3.94948 16.089 10.7
      vertex -3.76843 16.3416 1.90735e-07
      vertex -3.76843 16.3416 10.7
    endloop
  endfacet
  facet normal 0.812787 -0.582561 0
    outer loop
      vertex -3.76843 16.3416 1.90735e-07
      vertex -3.94948 16.089 10.7
      vertex -3.94948 16.089 1.90735e-07
    endloop
  endfacet
  facet normal 0.973877 -0.227077 0
    outer loop
      vertex -4.65873 14.3767 10.7
      vertex -4.58815 14.6794 1.90735e-07
      vertex -4.58815 14.6794 10.7
    endloop
  endfacet
  facet normal 0.973877 -0.227077 0
    outer loop
      vertex -4.58815 14.6794 1.90735e-07
      vertex -4.65873 14.3767 10.7
      vertex -4.65873 14.3767 1.90735e-07
    endloop
  endfacet
  facet normal -0.0328152 -0.999461 0
    outer loop
      vertex 0 18.2 1.90735e-07
      vertex 0.310664 18.1898 10.7
      vertex 0 18.2 10.7
    endloop
  endfacet
  facet normal -0.0328152 -0.999461 -0
    outer loop
      vertex 0.310664 18.1898 10.7
      vertex 0 18.2 1.90735e-07
      vertex 0.310664 18.1898 1.90735e-07
    endloop
  endfacet
  facet normal 0.412707 0.910864 -0
    outer loop
      vertex -1.81775 9.06157 1.90735e-07
      vertex -2.10087 9.18985 10.7
      vertex -1.81775 9.06157 10.7
    endloop
  endfacet
  facet normal 0.412707 0.910864 0
    outer loop
      vertex -2.10087 9.18985 10.7
      vertex -1.81775 9.06157 1.90735e-07
      vertex -2.10087 9.18985 1.90735e-07
    endloop
  endfacet
  facet normal 0.0980272 0.995184 -0
    outer loop
      vertex -0.310664 8.71017 1.90735e-07
      vertex -0.619999 8.74064 10.7
      vertex -0.310664 8.71017 10.7
    endloop
  endfacet
  facet normal 0.0980272 0.995184 0
    outer loop
      vertex -0.619999 8.74064 10.7
      vertex -0.310664 8.71017 1.90735e-07
      vertex -0.619999 8.74064 1.90735e-07
    endloop
  endfacet
  facet normal 0.58247 0.812852 -0
    outer loop
      vertex -2.63896 9.50052 1.90735e-07
      vertex -2.89162 9.68157 10.7
      vertex -2.63896 9.50052 10.7
    endloop
  endfacet
  facet normal 0.58247 0.812852 0
    outer loop
      vertex -2.89162 9.68157 10.7
      vertex -2.63896 9.50052 1.90735e-07
      vertex -2.89162 9.68157 1.90735e-07
    endloop
  endfacet
  facet normal 0.634423 -0.772986 0
    outer loop
      vertex -3.13189 17.0212 1.90735e-07
      vertex -2.89162 17.2184 10.7
      vertex -3.13189 17.0212 10.7
    endloop
  endfacet
  facet normal 0.634423 -0.772986 0
    outer loop
      vertex -2.89162 17.2184 10.7
      vertex -3.13189 17.0212 1.90735e-07
      vertex -2.89162 17.2184 1.90735e-07
    endloop
  endfacet
  facet normal 0.72992 -0.683532 0
    outer loop
      vertex -3.57124 16.5819 10.7
      vertex -3.35876 16.8088 1.90735e-07
      vertex -3.35876 16.8088 10.7
    endloop
  endfacet
  facet normal 0.72992 -0.683532 0
    outer loop
      vertex -3.35876 16.8088 1.90735e-07
      vertex -3.57124 16.5819 10.7
      vertex -3.57124 16.5819 1.90735e-07
    endloop
  endfacet
  facet normal -0.881894 -0.471448 0
    outer loop
      vertex 4.26015 15.5509 1.90735e-07
      vertex 4.11362 15.825 10.7
      vertex 4.11362 15.825 1.90735e-07
    endloop
  endfacet
  facet normal -0.881894 -0.471448 0
    outer loop
      vertex 4.11362 15.825 10.7
      vertex 4.26015 15.5509 1.90735e-07
      vertex 4.26015 15.5509 10.7
    endloop
  endfacet
  facet normal 0.849239 -0.528008 0
    outer loop
      vertex -4.11362 15.825 10.7
      vertex -3.94948 16.089 1.90735e-07
      vertex -3.94948 16.089 10.7
    endloop
  endfacet
  facet normal 0.849239 -0.528008 0
    outer loop
      vertex -3.94948 16.089 1.90735e-07
      vertex -4.11362 15.825 10.7
      vertex -4.11362 15.825 1.90735e-07
    endloop
  endfacet
  facet normal 0 0 -1
    outer loop
      vertex 2.75 13.45 10.7
      vertex 4.75 13.45 10.7
      vertex 4.73983 13.1393 10.7
    endloop
  endfacet
  facet normal 0 0 -1
    outer loop
      vertex 2.74411 13.2701 10.7
      vertex 4.73983 13.1393 10.7
      vertex 4.70936 12.83 10.7
    endloop
  endfacet
  facet normal 0 0 -1
    outer loop
      vertex 4.75 13.45 10.7
      vertex 2.75 13.45 10.7
      vertex 4.73983 13.7607 10.7
    endloop
  endfacet
  facet normal 0 0 -1
    outer loop
      vertex 2.72647 13.0911 10.7
      vertex 4.70936 12.83 10.7
      vertex 4.65873 12.5233 10.7
    endloop
  endfacet
  facet normal 0 0 -1
    outer loop
      vertex 2.74411 13.6299 10.7
      vertex 4.73983 13.7607 10.7
      vertex 2.75 13.45 10.7
    endloop
  endfacet
  facet normal 0 0 -1
    outer loop
      vertex 2.69716 12.9135 10.7
      vertex 4.65873 12.5233 10.7
      vertex 4.58815 12.2206 10.7
    endloop
  endfacet
  facet normal -0 0 -1
    outer loop
      vertex 4.73983 13.7607 10.7
      vertex 2.74411 13.6299 10.7
      vertex 4.70936 14.07 10.7
    endloop
  endfacet
  facet normal 0 0 -1
    outer loop
      vertex 2.6563 12.7382 10.7
      vertex 4.58815 12.2206 10.7
      vertex 4.49792 11.9232 10.7
    endloop
  endfacet
  facet normal 0 0 -1
    outer loop
      vertex 2.72647 13.8089 10.7
      vertex 4.70936 14.07 10.7
      vertex 2.74411 13.6299 10.7
    endloop
  endfacet
  facet normal 0 0 -1
    outer loop
      vertex 2.60406 12.566 10.7
      vertex 4.49792 11.9232 10.7
      vertex 4.38843 11.6323 10.7
    endloop
  endfacet
  facet normal -0 0 -1
    outer loop
      vertex 4.70936 14.07 10.7
      vertex 2.72647 13.8089 10.7
      vertex 4.65873 14.3767 10.7
    endloop
  endfacet
  facet normal 0 0 -1
    outer loop
      vertex 2.54067 12.3976 10.7
      vertex 4.38843 11.6323 10.7
      vertex 4.26015 11.3491 10.7
    endloop
  endfacet
  facet normal 0 0 -1
    outer loop
      vertex 2.69716 13.9865 10.7
      vertex 4.65873 14.3767 10.7
      vertex 2.72647 13.8089 10.7
    endloop
  endfacet
  facet normal 0 0 -1
    outer loop
      vertex 2.4664 12.2337 10.7
      vertex 4.26015 11.3491 10.7
      vertex 4.11362 11.075 10.7
    endloop
  endfacet
  facet normal -0 0 -1
    outer loop
      vertex 4.65873 14.3767 10.7
      vertex 2.69716 13.9865 10.7
      vertex 4.58815 14.6794 10.7
    endloop
  endfacet
  facet normal 0 0 -1
    outer loop
      vertex 2.38157 12.075 10.7
      vertex 4.11362 11.075 10.7
      vertex 3.94948 10.811 10.7
    endloop
  endfacet
  facet normal 0 0 -1
    outer loop
      vertex 2.6563 14.1618 10.7
      vertex 4.58815 14.6794 10.7
      vertex 2.69716 13.9865 10.7
    endloop
  endfacet
  facet normal 0 0 -1
    outer loop
      vertex 2.28654 11.9222 10.7
      vertex 3.94948 10.811 10.7
      vertex 3.76843 10.5584 10.7
    endloop
  endfacet
  facet normal -0 0 -1
    outer loop
      vertex 4.58815 14.6794 10.7
      vertex 2.6563 14.1618 10.7
      vertex 4.49792 14.9768 10.7
    endloop
  endfacet
  facet normal 0 0 -1
    outer loop
      vertex 2.18172 11.7759 10.7
      vertex 3.76843 10.5584 10.7
      vertex 3.57124 10.3181 10.7
    endloop
  endfacet
  facet normal 0 0 -1
    outer loop
      vertex 2.60406 14.334 10.7
      vertex 4.49792 14.9768 10.7
      vertex 2.6563 14.1618 10.7
    endloop
  endfacet
  facet normal 0 0 -1
    outer loop
      vertex 2.06756 11.6368 10.7
      vertex 3.57124 10.3181 10.7
      vertex 3.35876 10.0912 10.7
    endloop
  endfacet
  facet normal -0 0 -1
    outer loop
      vertex 4.49792 14.9768 10.7
      vertex 2.60406 14.334 10.7
      vertex 4.38843 15.2677 10.7
    endloop
  endfacet
  facet normal 0 0 -1
    outer loop
      vertex 1.94454 11.5055 10.7
      vertex 3.35876 10.0912 10.7
      vertex 3.13189 9.87876 10.7
    endloop
  endfacet
  facet normal 0 0 -1
    outer loop
      vertex 2.54067 14.5024 10.7
      vertex 4.38843 15.2677 10.7
      vertex 2.60406 14.334 10.7
    endloop
  endfacet
  facet normal 0 0 -1
    outer loop
      vertex 1.8132 11.3824 10.7
      vertex 3.13189 9.87876 10.7
      vertex 2.89162 9.68157 10.7
    endloop
  endfacet
  facet normal -0 0 -1
    outer loop
      vertex 4.38843 15.2677 10.7
      vertex 2.54067 14.5024 10.7
      vertex 4.26015 15.5509 10.7
    endloop
  endfacet
  facet normal 0 0 -1
    outer loop
      vertex 2.4664 14.6663 10.7
      vertex 4.26015 15.5509 10.7
      vertex 2.54067 14.5024 10.7
    endloop
  endfacet
  facet normal 0 0 -1
    outer loop
      vertex 4.73983 13.1393 10.7
      vertex 2.74411 13.2701 10.7
      vertex 2.75 13.45 10.7
    endloop
  endfacet
  facet normal 0 0 -1
    outer loop
      vertex 4.70936 12.83 10.7
      vertex 2.72647 13.0911 10.7
      vertex 2.74411 13.2701 10.7
    endloop
  endfacet
  facet normal 0 0 -1
    outer loop
      vertex 4.65873 12.5233 10.7
      vertex 2.69716 12.9135 10.7
      vertex 2.72647 13.0911 10.7
    endloop
  endfacet
  facet normal 0 0 -1
    outer loop
      vertex 4.58815 12.2206 10.7
      vertex 2.6563 12.7382 10.7
      vertex 2.69716 12.9135 10.7
    endloop
  endfacet
  facet normal 0 0 -1
    outer loop
      vertex 1.67409 11.2683 10.7
      vertex 2.89162 9.68157 10.7
      vertex 2.63896 9.50052 10.7
    endloop
  endfacet
  facet normal 0 0 -1
    outer loop
      vertex 4.49792 11.9232 10.7
      vertex 2.60406 12.566 10.7
      vertex 2.6563 12.7382 10.7
    endloop
  endfacet
  facet normal 0 0 -1
    outer loop
      vertex 4.38843 11.6323 10.7
      vertex 2.54067 12.3976 10.7
      vertex 2.60406 12.566 10.7
    endloop
  endfacet
  facet normal 0 0 -1
    outer loop
      vertex 4.26015 11.3491 10.7
      vertex 2.4664 12.2337 10.7
      vertex 2.54067 12.3976 10.7
    endloop
  endfacet
  facet normal 0 0 -1
    outer loop
      vertex 4.11362 11.075 10.7
      vertex 2.38157 12.075 10.7
      vertex 2.4664 12.2337 10.7
    endloop
  endfacet
  facet normal 0 0 -1
    outer loop
      vertex 1.52782 11.1635 10.7
      vertex 2.63896 9.50052 10.7
      vertex 2.375 9.33638 10.7
    endloop
  endfacet
  facet normal 0 0 -1
    outer loop
      vertex 3.94948 10.811 10.7
      vertex 2.28654 11.9222 10.7
      vertex 2.38157 12.075 10.7
    endloop
  endfacet
  facet normal 0 0 -1
    outer loop
      vertex 3.76843 10.5584 10.7
      vertex 2.18172 11.7759 10.7
      vertex 2.28654 11.9222 10.7
    endloop
  endfacet
  facet normal 0 0 -1
    outer loop
      vertex 1.375 11.0684 10.7
      vertex 2.375 9.33638 10.7
      vertex 2.10087 9.18985 10.7
    endloop
  endfacet
  facet normal 0 0 -1
    outer loop
      vertex 3.57124 10.3181 10.7
      vertex 2.06756 11.6368 10.7
      vertex 2.18172 11.7759 10.7
    endloop
  endfacet
  facet normal 0 0 -1
    outer loop
      vertex 3.35876 10.0912 10.7
      vertex 1.94454 11.5055 10.7
      vertex 2.06756 11.6368 10.7
    endloop
  endfacet
  facet normal 0 0 -1
    outer loop
      vertex 1.21629 10.9836 10.7
      vertex 2.10087 9.18985 10.7
      vertex 1.81775 9.06157 10.7
    endloop
  endfacet
  facet normal 0 0 -1
    outer loop
      vertex 3.13189 9.87876 10.7
      vertex 1.8132 11.3824 10.7
      vertex 1.94454 11.5055 10.7
    endloop
  endfacet
  facet normal 0 0 -1
    outer loop
      vertex 2.89162 9.68157 10.7
      vertex 1.67409 11.2683 10.7
      vertex 1.8132 11.3824 10.7
    endloop
  endfacet
  facet normal 0 0 -1
    outer loop
      vertex 2.63896 9.50052 10.7
      vertex 1.52782 11.1635 10.7
      vertex 1.67409 11.2683 10.7
    endloop
  endfacet
  facet normal 0 0 -1
    outer loop
      vertex 1.05238 10.9093 10.7
      vertex 1.81775 9.06157 10.7
      vertex 1.52684 8.95208 10.7
    endloop
  endfacet
  facet normal 0 0 -1
    outer loop
      vertex 2.375 9.33638 10.7
      vertex 1.375 11.0684 10.7
      vertex 1.52782 11.1635 10.7
    endloop
  endfacet
  facet normal 0 0 -1
    outer loop
      vertex 0.883958 10.8459 10.7
      vertex 1.52684 8.95208 10.7
      vertex 1.22939 8.86185 10.7
    endloop
  endfacet
  facet normal 0 0 -1
    outer loop
      vertex 2.10087 9.18985 10.7
      vertex 1.21629 10.9836 10.7
      vertex 1.375 11.0684 10.7
    endloop
  endfacet
  facet normal 0 0 -1
    outer loop
      vertex 1.81775 9.06157 10.7
      vertex 1.05238 10.9093 10.7
      vertex 1.21629 10.9836 10.7
    endloop
  endfacet
  facet normal 0 0 -1
    outer loop
      vertex 0.711752 10.7937 10.7
      vertex 1.22939 8.86185 10.7
      vertex 0.926679 8.79127 10.7
    endloop
  endfacet
  facet normal 0 0 -1
    outer loop
      vertex 1.52684 8.95208 10.7
      vertex 0.883958 10.8459 10.7
      vertex 1.05238 10.9093 10.7
    endloop
  endfacet
  facet normal 0 0 -1
    outer loop
      vertex 1.22939 8.86185 10.7
      vertex 0.711752 10.7937 10.7
      vertex 0.883958 10.8459 10.7
    endloop
  endfacet
  facet normal 0 0 -1
    outer loop
      vertex 0.536498 10.7528 10.7
      vertex 0.926679 8.79127 10.7
      vertex 0.619999 8.74064 10.7
    endloop
  endfacet
  facet normal 0 0 -1
    outer loop
      vertex 0.926679 8.79127 10.7
      vertex 0.536498 10.7528 10.7
      vertex 0.711752 10.7937 10.7
    endloop
  endfacet
  facet normal 0 0 -1
    outer loop
      vertex 0.619999 8.74064 10.7
      vertex 0.358947 10.7235 10.7
      vertex 0.536498 10.7528 10.7
    endloop
  endfacet
  facet normal 0 0 -1
    outer loop
      vertex 0.310664 8.71017 10.7
      vertex 0.358947 10.7235 10.7
      vertex 0.619999 8.74064 10.7
    endloop
  endfacet
  facet normal 0 0 -1
    outer loop
      vertex 0.310664 8.71017 10.7
      vertex 0.179858 10.7059 10.7
      vertex 0.358947 10.7235 10.7
    endloop
  endfacet
  facet normal 0 0 -1
    outer loop
      vertex 0 8.7 10.7
      vertex 0.179858 10.7059 10.7
      vertex 0.310664 8.71017 10.7
    endloop
  endfacet
  facet normal 0 0 -1
    outer loop
      vertex 0 8.7 10.7
      vertex 0 10.7 10.7
      vertex 0.179858 10.7059 10.7
    endloop
  endfacet
  facet normal 0 0 -1
    outer loop
      vertex 0 8.7 10.7
      vertex -0.179858 10.7059 10.7
      vertex 0 10.7 10.7
    endloop
  endfacet
  facet normal 0 0 -1
    outer loop
      vertex -0.310664 8.71017 10.7
      vertex -0.179858 10.7059 10.7
      vertex 0 8.7 10.7
    endloop
  endfacet
  facet normal 0 0 -1
    outer loop
      vertex -0.310664 8.71017 10.7
      vertex -0.358947 10.7235 10.7
      vertex -0.179858 10.7059 10.7
    endloop
  endfacet
  facet normal 0 0 -1
    outer loop
      vertex -0.619999 8.74064 10.7
      vertex -0.358947 10.7235 10.7
      vertex -0.310664 8.71017 10.7
    endloop
  endfacet
  facet normal -0 0 -1
    outer loop
      vertex -0.358947 10.7235 10.7
      vertex -0.619999 8.74064 10.7
      vertex -0.536498 10.7528 10.7
    endloop
  endfacet
  facet normal 0 0 -1
    outer loop
      vertex -0.926679 8.79127 10.7
      vertex -0.536498 10.7528 10.7
      vertex -0.619999 8.74064 10.7
    endloop
  endfacet
  facet normal -0 0 -1
    outer loop
      vertex -0.536498 10.7528 10.7
      vertex -0.926679 8.79127 10.7
      vertex -0.711752 10.7937 10.7
    endloop
  endfacet
  facet normal 0 0 -1
    outer loop
      vertex -1.22939 8.86185 10.7
      vertex -0.711752 10.7937 10.7
      vertex -0.926679 8.79127 10.7
    endloop
  endfacet
  facet normal -0 0 -1
    outer loop
      vertex -0.711752 10.7937 10.7
      vertex -1.22939 8.86185 10.7
      vertex -0.883958 10.8459 10.7
    endloop
  endfacet
  facet normal 0 0 -1
    outer loop
      vertex -1.52684 8.95208 10.7
      vertex -0.883958 10.8459 10.7
      vertex -1.22939 8.86185 10.7
    endloop
  endfacet
  facet normal -0 0 -1
    outer loop
      vertex -0.883958 10.8459 10.7
      vertex -1.52684 8.95208 10.7
      vertex -1.05238 10.9093 10.7
    endloop
  endfacet
  facet normal 0 0 -1
    outer loop
      vertex -1.81775 9.06157 10.7
      vertex -1.05238 10.9093 10.7
      vertex -1.52684 8.95208 10.7
    endloop
  endfacet
  facet normal -0 0 -1
    outer loop
      vertex -1.05238 10.9093 10.7
      vertex -1.81775 9.06157 10.7
      vertex -1.21629 10.9836 10.7
    endloop
  endfacet
  facet normal 0 0 -1
    outer loop
      vertex -2.10087 9.18985 10.7
      vertex -1.21629 10.9836 10.7
      vertex -1.81775 9.06157 10.7
    endloop
  endfacet
  facet normal -0 0 -1
    outer loop
      vertex -1.21629 10.9836 10.7
      vertex -2.10087 9.18985 10.7
      vertex -1.375 11.0684 10.7
    endloop
  endfacet
  facet normal 0 0 -1
    outer loop
      vertex -2.375 9.33638 10.7
      vertex -1.375 11.0684 10.7
      vertex -2.10087 9.18985 10.7
    endloop
  endfacet
  facet normal -0 0 -1
    outer loop
      vertex -1.375 11.0684 10.7
      vertex -2.375 9.33638 10.7
      vertex -1.52782 11.1635 10.7
    endloop
  endfacet
  facet normal 0 0 -1
    outer loop
      vertex -2.63896 9.50052 10.7
      vertex -1.52782 11.1635 10.7
      vertex -2.375 9.33638 10.7
    endloop
  endfacet
  facet normal -0 0 -1
    outer loop
      vertex -1.52782 11.1635 10.7
      vertex -2.63896 9.50052 10.7
      vertex -1.67409 11.2683 10.7
    endloop
  endfacet
  facet normal 0 0 -1
    outer loop
      vertex -2.89162 9.68157 10.7
      vertex -1.67409 11.2683 10.7
      vertex -2.63896 9.50052 10.7
    endloop
  endfacet
  facet normal -0 0 -1
    outer loop
      vertex -1.67409 11.2683 10.7
      vertex -2.89162 9.68157 10.7
      vertex -1.8132 11.3824 10.7
    endloop
  endfacet
  facet normal 0 0 -1
    outer loop
      vertex -3.13189 9.87876 10.7
      vertex -1.8132 11.3824 10.7
      vertex -2.89162 9.68157 10.7
    endloop
  endfacet
  facet normal -0 0 -1
    outer loop
      vertex -1.8132 11.3824 10.7
      vertex -3.13189 9.87876 10.7
      vertex -1.94454 11.5055 10.7
    endloop
  endfacet
  facet normal 0 0 -1
    outer loop
      vertex -3.35876 10.0912 10.7
      vertex -1.94454 11.5055 10.7
      vertex -3.13189 9.87876 10.7
    endloop
  endfacet
  facet normal -0 0 -1
    outer loop
      vertex -1.94454 11.5055 10.7
      vertex -3.35876 10.0912 10.7
      vertex -2.06756 11.6368 10.7
    endloop
  endfacet
  facet normal 0 0 -1
    outer loop
      vertex -3.57124 10.3181 10.7
      vertex -2.06756 11.6368 10.7
      vertex -3.35876 10.0912 10.7
    endloop
  endfacet
  facet normal -0 0 -1
    outer loop
      vertex -2.06756 11.6368 10.7
      vertex -3.57124 10.3181 10.7
      vertex -2.18172 11.7759 10.7
    endloop
  endfacet
  facet normal 0 0 -1
    outer loop
      vertex -3.76843 10.5584 10.7
      vertex -2.18172 11.7759 10.7
      vertex -3.57124 10.3181 10.7
    endloop
  endfacet
  facet normal -0 0 -1
    outer loop
      vertex -2.18172 11.7759 10.7
      vertex -3.76843 10.5584 10.7
      vertex -2.28654 11.9222 10.7
    endloop
  endfacet
  facet normal 0 0 -1
    outer loop
      vertex -3.94948 10.811 10.7
      vertex -2.28654 11.9222 10.7
      vertex -3.76843 10.5584 10.7
    endloop
  endfacet
  facet normal -0 0 -1
    outer loop
      vertex -2.28654 11.9222 10.7
      vertex -3.94948 10.811 10.7
      vertex -2.38157 12.075 10.7
    endloop
  endfacet
  facet normal 0 0 -1
    outer loop
      vertex -4.11362 11.075 10.7
      vertex -2.38157 12.075 10.7
      vertex -3.94948 10.811 10.7
    endloop
  endfacet
  facet normal -0 0 -1
    outer loop
      vertex -2.38157 12.075 10.7
      vertex -4.11362 11.075 10.7
      vertex -2.4664 12.2337 10.7
    endloop
  endfacet
  facet normal 0 0 -1
    outer loop
      vertex -4.26015 11.3491 10.7
      vertex -2.4664 12.2337 10.7
      vertex -4.11362 11.075 10.7
    endloop
  endfacet
  facet normal -0 0 -1
    outer loop
      vertex 4.26015 15.5509 10.7
      vertex 2.4664 14.6663 10.7
      vertex 4.11362 15.825 10.7
    endloop
  endfacet
  facet normal 0 0 -1
    outer loop
      vertex 2.38157 14.825 10.7
      vertex 4.11362 15.825 10.7
      vertex 2.4664 14.6663 10.7
    endloop
  endfacet
  facet normal -0 0 -1
    outer loop
      vertex 4.11362 15.825 10.7
      vertex 2.38157 14.825 10.7
      vertex 3.94948 16.089 10.7
    endloop
  endfacet
  facet normal 0 0 -1
    outer loop
      vertex 2.28654 14.9778 10.7
      vertex 3.94948 16.089 10.7
      vertex 2.38157 14.825 10.7
    endloop
  endfacet
  facet normal -0 0 -1
    outer loop
      vertex 3.94948 16.089 10.7
      vertex 2.28654 14.9778 10.7
      vertex 3.76843 16.3416 10.7
    endloop
  endfacet
  facet normal 0 0 -1
    outer loop
      vertex 2.18172 15.1241 10.7
      vertex 3.76843 16.3416 10.7
      vertex 2.28654 14.9778 10.7
    endloop
  endfacet
  facet normal -0 0 -1
    outer loop
      vertex 3.76843 16.3416 10.7
      vertex 2.18172 15.1241 10.7
      vertex 3.57124 16.5819 10.7
    endloop
  endfacet
  facet normal 0 0 -1
    outer loop
      vertex 2.06756 15.2632 10.7
      vertex 3.57124 16.5819 10.7
      vertex 2.18172 15.1241 10.7
    endloop
  endfacet
  facet normal -0 0 -1
    outer loop
      vertex 3.57124 16.5819 10.7
      vertex 2.06756 15.2632 10.7
      vertex 3.35876 16.8088 10.7
    endloop
  endfacet
  facet normal 0 0 -1
    outer loop
      vertex 1.94454 15.3945 10.7
      vertex 3.35876 16.8088 10.7
      vertex 2.06756 15.2632 10.7
    endloop
  endfacet
  facet normal -0 0 -1
    outer loop
      vertex 3.35876 16.8088 10.7
      vertex 1.94454 15.3945 10.7
      vertex 3.13189 17.0212 10.7
    endloop
  endfacet
  facet normal 0 0 -1
    outer loop
      vertex 1.8132 15.5176 10.7
      vertex 3.13189 17.0212 10.7
      vertex 1.94454 15.3945 10.7
    endloop
  endfacet
  facet normal -0 0 -1
    outer loop
      vertex 3.13189 17.0212 10.7
      vertex 1.8132 15.5176 10.7
      vertex 2.89162 17.2184 10.7
    endloop
  endfacet
  facet normal 0 0 -1
    outer loop
      vertex 1.67409 15.6317 10.7
      vertex 2.89162 17.2184 10.7
      vertex 1.8132 15.5176 10.7
    endloop
  endfacet
  facet normal -0 0 -1
    outer loop
      vertex 2.89162 17.2184 10.7
      vertex 1.67409 15.6317 10.7
      vertex 2.63896 17.3995 10.7
    endloop
  endfacet
  facet normal 0 0 -1
    outer loop
      vertex 1.52782 15.7365 10.7
      vertex 2.63896 17.3995 10.7
      vertex 1.67409 15.6317 10.7
    endloop
  endfacet
  facet normal -0 0 -1
    outer loop
      vertex 2.63896 17.3995 10.7
      vertex 1.52782 15.7365 10.7
      vertex 2.375 17.5636 10.7
    endloop
  endfacet
  facet normal 0 0 -1
    outer loop
      vertex 1.375 15.8316 10.7
      vertex 2.375 17.5636 10.7
      vertex 1.52782 15.7365 10.7
    endloop
  endfacet
  facet normal -0 0 -1
    outer loop
      vertex 2.375 17.5636 10.7
      vertex 1.375 15.8316 10.7
      vertex 2.10087 17.7101 10.7
    endloop
  endfacet
  facet normal 0 0 -1
    outer loop
      vertex 1.21629 15.9164 10.7
      vertex 2.10087 17.7101 10.7
      vertex 1.375 15.8316 10.7
    endloop
  endfacet
  facet normal -0 0 -1
    outer loop
      vertex 2.10087 17.7101 10.7
      vertex 1.21629 15.9164 10.7
      vertex 1.81775 17.8384 10.7
    endloop
  endfacet
  facet normal 0 0 -1
    outer loop
      vertex 1.05238 15.9907 10.7
      vertex 1.81775 17.8384 10.7
      vertex 1.21629 15.9164 10.7
    endloop
  endfacet
  facet normal -0 0 -1
    outer loop
      vertex 1.81775 17.8384 10.7
      vertex 1.05238 15.9907 10.7
      vertex 1.52684 17.9479 10.7
    endloop
  endfacet
  facet normal 0 0 -1
    outer loop
      vertex 0.883958 16.0541 10.7
      vertex 1.52684 17.9479 10.7
      vertex 1.05238 15.9907 10.7
    endloop
  endfacet
  facet normal -0 0 -1
    outer loop
      vertex 1.52684 17.9479 10.7
      vertex 0.883958 16.0541 10.7
      vertex 1.22939 18.0381 10.7
    endloop
  endfacet
  facet normal 0 0 -1
    outer loop
      vertex 0.711752 16.1063 10.7
      vertex 1.22939 18.0381 10.7
      vertex 0.883958 16.0541 10.7
    endloop
  endfacet
  facet normal -0 0 -1
    outer loop
      vertex 1.22939 18.0381 10.7
      vertex 0.711752 16.1063 10.7
      vertex 0.926679 18.1087 10.7
    endloop
  endfacet
  facet normal 0 0 -1
    outer loop
      vertex 0.536498 16.1472 10.7
      vertex 0.926679 18.1087 10.7
      vertex 0.711752 16.1063 10.7
    endloop
  endfacet
  facet normal -0 0 -1
    outer loop
      vertex 0.926679 18.1087 10.7
      vertex 0.536498 16.1472 10.7
      vertex 0.619999 18.1594 10.7
    endloop
  endfacet
  facet normal 0 0 -1
    outer loop
      vertex 0.358947 16.1765 10.7
      vertex 0.619999 18.1594 10.7
      vertex 0.536498 16.1472 10.7
    endloop
  endfacet
  facet normal 0 0 -1
    outer loop
      vertex 0.358947 16.1765 10.7
      vertex 0.310664 18.1898 10.7
      vertex 0.619999 18.1594 10.7
    endloop
  endfacet
  facet normal 0 0 -1
    outer loop
      vertex 0.179858 16.1941 10.7
      vertex 0.310664 18.1898 10.7
      vertex 0.358947 16.1765 10.7
    endloop
  endfacet
  facet normal 0 0 -1
    outer loop
      vertex 0 16.2 10.7
      vertex 0.310664 18.1898 10.7
      vertex 0.179858 16.1941 10.7
    endloop
  endfacet
  facet normal 0 0 -1
    outer loop
      vertex 0 16.2 10.7
      vertex 0 18.2 10.7
      vertex 0.310664 18.1898 10.7
    endloop
  endfacet
  facet normal 0 0 -1
    outer loop
      vertex -0.179858 16.1941 10.7
      vertex 0 18.2 10.7
      vertex 0 16.2 10.7
    endloop
  endfacet
  facet normal 0 0 -1
    outer loop
      vertex -0.179858 16.1941 10.7
      vertex -0.310664 18.1898 10.7
      vertex 0 18.2 10.7
    endloop
  endfacet
  facet normal 0 0 -1
    outer loop
      vertex -0.358947 16.1765 10.7
      vertex -0.310664 18.1898 10.7
      vertex -0.179858 16.1941 10.7
    endloop
  endfacet
  facet normal 0 0 -1
    outer loop
      vertex -0.619999 18.1594 10.7
      vertex -0.358947 16.1765 10.7
      vertex -0.536498 16.1472 10.7
    endloop
  endfacet
  facet normal 0 0 -1
    outer loop
      vertex -0.358947 16.1765 10.7
      vertex -0.619999 18.1594 10.7
      vertex -0.310664 18.1898 10.7
    endloop
  endfacet
  facet normal 0 0 -1
    outer loop
      vertex -0.926679 18.1087 10.7
      vertex -0.536498 16.1472 10.7
      vertex -0.711752 16.1063 10.7
    endloop
  endfacet
  facet normal 0 0 -1
    outer loop
      vertex -1.22939 18.0381 10.7
      vertex -0.711752 16.1063 10.7
      vertex -0.883958 16.0541 10.7
    endloop
  endfacet
  facet normal 0 0 -1
    outer loop
      vertex -0.536498 16.1472 10.7
      vertex -0.926679 18.1087 10.7
      vertex -0.619999 18.1594 10.7
    endloop
  endfacet
  facet normal 0 0 -1
    outer loop
      vertex -1.52684 17.9479 10.7
      vertex -0.883958 16.0541 10.7
      vertex -1.05238 15.9907 10.7
    endloop
  endfacet
  facet normal 0 0 -1
    outer loop
      vertex -1.81775 17.8384 10.7
      vertex -1.05238 15.9907 10.7
      vertex -1.21629 15.9164 10.7
    endloop
  endfacet
  facet normal 0 0 -1
    outer loop
      vertex -0.711752 16.1063 10.7
      vertex -1.22939 18.0381 10.7
      vertex -0.926679 18.1087 10.7
    endloop
  endfacet
  facet normal 0 0 -1
    outer loop
      vertex -2.10087 17.7101 10.7
      vertex -1.21629 15.9164 10.7
      vertex -1.375 15.8316 10.7
    endloop
  endfacet
  facet normal 0 0 -1
    outer loop
      vertex -0.883958 16.0541 10.7
      vertex -1.52684 17.9479 10.7
      vertex -1.22939 18.0381 10.7
    endloop
  endfacet
  facet normal 0 0 -1
    outer loop
      vertex -2.375 17.5636 10.7
      vertex -1.375 15.8316 10.7
      vertex -1.52782 15.7365 10.7
    endloop
  endfacet
  facet normal 0 0 -1
    outer loop
      vertex -2.63896 17.3995 10.7
      vertex -1.52782 15.7365 10.7
      vertex -1.67409 15.6317 10.7
    endloop
  endfacet
  facet normal 0 0 -1
    outer loop
      vertex -2.89162 17.2184 10.7
      vertex -1.67409 15.6317 10.7
      vertex -1.8132 15.5176 10.7
    endloop
  endfacet
  facet normal 0 0 -1
    outer loop
      vertex -1.05238 15.9907 10.7
      vertex -1.81775 17.8384 10.7
      vertex -1.52684 17.9479 10.7
    endloop
  endfacet
  facet normal 0 0 -1
    outer loop
      vertex -3.13189 17.0212 10.7
      vertex -1.8132 15.5176 10.7
      vertex -1.94454 15.3945 10.7
    endloop
  endfacet
  facet normal 0 0 -1
    outer loop
      vertex -3.35876 16.8088 10.7
      vertex -1.94454 15.3945 10.7
      vertex -2.06756 15.2632 10.7
    endloop
  endfacet
  facet normal 0 0 -1
    outer loop
      vertex -1.21629 15.9164 10.7
      vertex -2.10087 17.7101 10.7
      vertex -1.81775 17.8384 10.7
    endloop
  endfacet
  facet normal 0 0 -1
    outer loop
      vertex -3.57124 16.5819 10.7
      vertex -2.06756 15.2632 10.7
      vertex -2.18172 15.1241 10.7
    endloop
  endfacet
  facet normal 0 0 -1
    outer loop
      vertex -3.76843 16.3416 10.7
      vertex -2.18172 15.1241 10.7
      vertex -2.28654 14.9778 10.7
    endloop
  endfacet
  facet normal 0 0 -1
    outer loop
      vertex -1.375 15.8316 10.7
      vertex -2.375 17.5636 10.7
      vertex -2.10087 17.7101 10.7
    endloop
  endfacet
  facet normal 0 0 -1
    outer loop
      vertex -3.94948 16.089 10.7
      vertex -2.28654 14.9778 10.7
      vertex -2.38157 14.825 10.7
    endloop
  endfacet
  facet normal 0 0 -1
    outer loop
      vertex -4.11362 15.825 10.7
      vertex -2.38157 14.825 10.7
      vertex -2.4664 14.6663 10.7
    endloop
  endfacet
  facet normal 0 0 -1
    outer loop
      vertex -4.26015 15.5509 10.7
      vertex -2.4664 14.6663 10.7
      vertex -2.54067 14.5024 10.7
    endloop
  endfacet
  facet normal 0 0 -1
    outer loop
      vertex -4.38843 15.2677 10.7
      vertex -2.54067 14.5024 10.7
      vertex -2.60406 14.334 10.7
    endloop
  endfacet
  facet normal 0 0 -1
    outer loop
      vertex -1.52782 15.7365 10.7
      vertex -2.63896 17.3995 10.7
      vertex -2.375 17.5636 10.7
    endloop
  endfacet
  facet normal 0 0 -1
    outer loop
      vertex -4.49792 14.9768 10.7
      vertex -2.60406 14.334 10.7
      vertex -2.6563 14.1618 10.7
    endloop
  endfacet
  facet normal 0 0 -1
    outer loop
      vertex -4.58815 14.6794 10.7
      vertex -2.6563 14.1618 10.7
      vertex -2.69716 13.9865 10.7
    endloop
  endfacet
  facet normal 0 0 -1
    outer loop
      vertex -4.65873 14.3767 10.7
      vertex -2.69716 13.9865 10.7
      vertex -2.72647 13.8089 10.7
    endloop
  endfacet
  facet normal 0 0 -1
    outer loop
      vertex -4.70936 14.07 10.7
      vertex -2.72647 13.8089 10.7
      vertex -2.74411 13.6299 10.7
    endloop
  endfacet
  facet normal 0 0 -1
    outer loop
      vertex -4.73983 13.7607 10.7
      vertex -2.74411 13.6299 10.7
      vertex -2.75 13.45 10.7
    endloop
  endfacet
  facet normal -0 0 -1
    outer loop
      vertex -2.4664 12.2337 10.7
      vertex -4.26015 11.3491 10.7
      vertex -2.54067 12.3976 10.7
    endloop
  endfacet
  facet normal 0 0 -1
    outer loop
      vertex -1.67409 15.6317 10.7
      vertex -2.89162 17.2184 10.7
      vertex -2.63896 17.3995 10.7
    endloop
  endfacet
  facet normal 0 0 -1
    outer loop
      vertex -4.38843 11.6323 10.7
      vertex -2.54067 12.3976 10.7
      vertex -4.26015 11.3491 10.7
    endloop
  endfacet
  facet normal 0 0 -1
    outer loop
      vertex -1.8132 15.5176 10.7
      vertex -3.13189 17.0212 10.7
      vertex -2.89162 17.2184 10.7
    endloop
  endfacet
  facet normal -0 0 -1
    outer loop
      vertex -2.54067 12.3976 10.7
      vertex -4.38843 11.6323 10.7
      vertex -2.60406 12.566 10.7
    endloop
  endfacet
  facet normal 0 0 -1
    outer loop
      vertex -1.94454 15.3945 10.7
      vertex -3.35876 16.8088 10.7
      vertex -3.13189 17.0212 10.7
    endloop
  endfacet
  facet normal 0 0 -1
    outer loop
      vertex -4.49792 11.9232 10.7
      vertex -2.60406 12.566 10.7
      vertex -4.38843 11.6323 10.7
    endloop
  endfacet
  facet normal 0 0 -1
    outer loop
      vertex -2.06756 15.2632 10.7
      vertex -3.57124 16.5819 10.7
      vertex -3.35876 16.8088 10.7
    endloop
  endfacet
  facet normal -0 0 -1
    outer loop
      vertex -2.60406 12.566 10.7
      vertex -4.49792 11.9232 10.7
      vertex -2.6563 12.7382 10.7
    endloop
  endfacet
  facet normal 0 0 -1
    outer loop
      vertex -2.18172 15.1241 10.7
      vertex -3.76843 16.3416 10.7
      vertex -3.57124 16.5819 10.7
    endloop
  endfacet
  facet normal 0 0 -1
    outer loop
      vertex -4.58815 12.2206 10.7
      vertex -2.6563 12.7382 10.7
      vertex -4.49792 11.9232 10.7
    endloop
  endfacet
  facet normal 0 0 -1
    outer loop
      vertex -2.28654 14.9778 10.7
      vertex -3.94948 16.089 10.7
      vertex -3.76843 16.3416 10.7
    endloop
  endfacet
  facet normal -0 0 -1
    outer loop
      vertex -2.6563 12.7382 10.7
      vertex -4.58815 12.2206 10.7
      vertex -2.69716 12.9135 10.7
    endloop
  endfacet
  facet normal 0 0 -1
    outer loop
      vertex -2.38157 14.825 10.7
      vertex -4.11362 15.825 10.7
      vertex -3.94948 16.089 10.7
    endloop
  endfacet
  facet normal 0 0 -1
    outer loop
      vertex -4.65873 12.5233 10.7
      vertex -2.69716 12.9135 10.7
      vertex -4.58815 12.2206 10.7
    endloop
  endfacet
  facet normal 0 0 -1
    outer loop
      vertex -2.4664 14.6663 10.7
      vertex -4.26015 15.5509 10.7
      vertex -4.11362 15.825 10.7
    endloop
  endfacet
  facet normal -0 0 -1
    outer loop
      vertex -2.69716 12.9135 10.7
      vertex -4.65873 12.5233 10.7
      vertex -2.72647 13.0911 10.7
    endloop
  endfacet
  facet normal 0 0 -1
    outer loop
      vertex -2.54067 14.5024 10.7
      vertex -4.38843 15.2677 10.7
      vertex -4.26015 15.5509 10.7
    endloop
  endfacet
  facet normal 0 0 -1
    outer loop
      vertex -4.70936 12.83 10.7
      vertex -2.72647 13.0911 10.7
      vertex -4.65873 12.5233 10.7
    endloop
  endfacet
  facet normal 0 0 -1
    outer loop
      vertex -2.60406 14.334 10.7
      vertex -4.49792 14.9768 10.7
      vertex -4.38843 15.2677 10.7
    endloop
  endfacet
  facet normal -0 0 -1
    outer loop
      vertex -2.72647 13.0911 10.7
      vertex -4.70936 12.83 10.7
      vertex -2.74411 13.2701 10.7
    endloop
  endfacet
  facet normal 0 0 -1
    outer loop
      vertex -2.6563 14.1618 10.7
      vertex -4.58815 14.6794 10.7
      vertex -4.49792 14.9768 10.7
    endloop
  endfacet
  facet normal 0 0 -1
    outer loop
      vertex -4.73983 13.1393 10.7
      vertex -2.74411 13.2701 10.7
      vertex -4.70936 12.83 10.7
    endloop
  endfacet
  facet normal 0 0 -1
    outer loop
      vertex -2.69716 13.9865 10.7
      vertex -4.65873 14.3767 10.7
      vertex -4.58815 14.6794 10.7
    endloop
  endfacet
  facet normal -0 0 -1
    outer loop
      vertex -2.74411 13.2701 10.7
      vertex -4.73983 13.1393 10.7
      vertex -2.75 13.45 10.7
    endloop
  endfacet
  facet normal 0 0 -1
    outer loop
      vertex -2.72647 13.8089 10.7
      vertex -4.70936 14.07 10.7
      vertex -4.65873 14.3767 10.7
    endloop
  endfacet
  facet normal 0 0 -1
    outer loop
      vertex -4.75 13.45 10.7
      vertex -2.75 13.45 10.7
      vertex -4.73983 13.1393 10.7
    endloop
  endfacet
  facet normal 0 0 -1
    outer loop
      vertex -2.74411 13.6299 10.7
      vertex -4.73983 13.7607 10.7
      vertex -4.70936 14.07 10.7
    endloop
  endfacet
  facet normal 0 0 -1
    outer loop
      vertex -2.75 13.45 10.7
      vertex -4.75 13.45 10.7
      vertex -4.73983 13.7607 10.7
    endloop
  endfacet
  facet normal 0.956927 0.290328 0
    outer loop
      vertex -4.49792 11.9232 10.7
      vertex -4.58815 12.2206 1.90735e-07
      vertex -4.58815 12.2206 10.7
    endloop
  endfacet
  facet normal 0.956927 0.290328 0
    outer loop
      vertex -4.58815 12.2206 1.90735e-07
      vertex -4.49792 11.9232 10.7
      vertex -4.49792 11.9232 1.90735e-07
    endloop
  endfacet
  facet normal 0.72992 0.683532 0
    outer loop
      vertex -3.35876 10.0912 10.7
      vertex -3.57124 10.3181 1.90735e-07
      vertex -3.57124 10.3181 10.7
    endloop
  endfacet
  facet normal 0.72992 0.683532 0
    outer loop
      vertex -3.57124 10.3181 1.90735e-07
      vertex -3.35876 10.0912 10.7
      vertex -3.35876 10.0912 1.90735e-07
    endloop
  endfacet
  facet normal -0.72992 -0.683532 0
    outer loop
      vertex 3.57124 16.5819 1.90735e-07
      vertex 3.35876 16.8088 10.7
      vertex 3.35876 16.8088 1.90735e-07
    endloop
  endfacet
  facet normal -0.72992 -0.683532 0
    outer loop
      vertex 3.35876 16.8088 10.7
      vertex 3.57124 16.5819 1.90735e-07
      vertex 3.57124 16.5819 10.7
    endloop
  endfacet
  facet normal 0.0328152 -0.999461 0
    outer loop
      vertex -0.310664 18.1898 1.90735e-07
      vertex 0 18.2 10.7
      vertex -0.310664 18.1898 10.7
    endloop
  endfacet
  facet normal 0.0328152 -0.999461 0
    outer loop
      vertex 0 18.2 10.7
      vertex -0.310664 18.1898 1.90735e-07
      vertex 0 18.2 1.90735e-07
    endloop
  endfacet
  facet normal 0.0327188 0.999465 -0
    outer loop
      vertex 0 8.7 1.90735e-07
      vertex -0.310664 8.71017 10.7
      vertex 0 8.7 10.7
    endloop
  endfacet
  facet normal 0.0327188 0.999465 0
    outer loop
      vertex -0.310664 8.71017 10.7
      vertex 0 8.7 1.90735e-07
      vertex -0.310664 8.71017 1.90735e-07
    endloop
  endfacet
  facet normal -0.773041 0.634357 0
    outer loop
      vertex 3.57124 10.3181 1.90735e-07
      vertex 3.76843 10.5584 10.7
      vertex 3.76843 10.5584 1.90735e-07
    endloop
  endfacet
  facet normal -0.773041 0.634357 0
    outer loop
      vertex 3.76843 10.5584 10.7
      vertex 3.57124 10.3181 1.90735e-07
      vertex 3.57124 10.3181 10.7
    endloop
  endfacet
  facet normal -0.72992 0.683532 0
    outer loop
      vertex 3.35876 10.0912 1.90735e-07
      vertex 3.57124 10.3181 10.7
      vertex 3.57124 10.3181 1.90735e-07
    endloop
  endfacet
  facet normal -0.72992 0.683532 0
    outer loop
      vertex 3.57124 10.3181 10.7
      vertex 3.35876 10.0912 1.90735e-07
      vertex 3.35876 10.0912 10.7
    endloop
  endfacet
  facet normal 0.935903 0.352258 0
    outer loop
      vertex -4.38843 11.6323 10.7
      vertex -4.49792 11.9232 1.90735e-07
      vertex -4.49792 11.9232 10.7
    endloop
  endfacet
  facet normal 0.935903 0.352258 0
    outer loop
      vertex -4.49792 11.9232 1.90735e-07
      vertex -4.38843 11.6323 10.7
      vertex -4.38843 11.6323 1.90735e-07
    endloop
  endfacet
  facet normal 0.999465 -0.032715 0
    outer loop
      vertex -4.75 13.45 10.7
      vertex -4.73983 13.7607 1.90735e-07
      vertex -4.73983 13.7607 10.7
    endloop
  endfacet
  facet normal 0.999465 -0.032715 0
    outer loop
      vertex -4.73983 13.7607 1.90735e-07
      vertex -4.75 13.45 10.7
      vertex -4.75 13.45 1.90735e-07
    endloop
  endfacet
  facet normal 0.683443 -0.730004 0
    outer loop
      vertex -3.35876 16.8088 1.90735e-07
      vertex -3.13189 17.0212 10.7
      vertex -3.35876 16.8088 10.7
    endloop
  endfacet
  facet normal 0.683443 -0.730004 0
    outer loop
      vertex -3.13189 17.0212 10.7
      vertex -3.35876 16.8088 1.90735e-07
      vertex -3.13189 17.0212 1.90735e-07
    endloop
  endfacet
  facet normal 0.995183 -0.0980382 0
    outer loop
      vertex -4.73983 13.7607 10.7
      vertex -4.70936 14.07 1.90735e-07
      vertex -4.70936 14.07 10.7
    endloop
  endfacet
  facet normal 0.995183 -0.0980382 0
    outer loop
      vertex -4.70936 14.07 1.90735e-07
      vertex -4.73983 13.7607 10.7
      vertex -4.73983 13.7607 1.90735e-07
    endloop
  endfacet
  facet normal 0.910908 -0.41261 0
    outer loop
      vertex -4.38843 15.2677 10.7
      vertex -4.26015 15.5509 1.90735e-07
      vertex -4.26015 15.5509 10.7
    endloop
  endfacet
  facet normal 0.910908 -0.41261 0
    outer loop
      vertex -4.26015 15.5509 1.90735e-07
      vertex -4.38843 15.2677 10.7
      vertex -4.38843 15.2677 1.90735e-07
    endloop
  endfacet
  facet normal -0.290283 0.956941 0
    outer loop
      vertex 1.52684 8.95208 1.90735e-07
      vertex 1.22939 8.86185 10.7
      vertex 1.52684 8.95208 10.7
    endloop
  endfacet
  facet normal -0.290283 0.956941 0
    outer loop
      vertex 1.22939 8.86185 10.7
      vertex 1.52684 8.95208 1.90735e-07
      vertex 1.22939 8.86185 1.90735e-07
    endloop
  endfacet
  facet normal 0.881894 -0.471448 0
    outer loop
      vertex -4.26015 15.5509 10.7
      vertex -4.11362 15.825 1.90735e-07
      vertex -4.11362 15.825 10.7
    endloop
  endfacet
  facet normal 0.881894 -0.471448 0
    outer loop
      vertex -4.11362 15.825 1.90735e-07
      vertex -4.26015 15.5509 10.7
      vertex -4.26015 15.5509 1.90735e-07
    endloop
  endfacet
  facet normal 0.812787 0.582561 0
    outer loop
      vertex -3.76843 10.5584 10.7
      vertex -3.94948 10.811 1.90735e-07
      vertex -3.94948 10.811 10.7
    endloop
  endfacet
  facet normal 0.812787 0.582561 0
    outer loop
      vertex -3.94948 10.811 1.90735e-07
      vertex -3.76843 10.5584 10.7
      vertex -3.76843 10.5584 1.90735e-07
    endloop
  endfacet
  facet normal -0.527973 -0.849261 0
    outer loop
      vertex 2.375 17.5636 1.90735e-07
      vertex 2.63896 17.3995 10.7
      vertex 2.375 17.5636 10.7
    endloop
  endfacet
  facet normal -0.527973 -0.849261 -0
    outer loop
      vertex 2.63896 17.3995 10.7
      vertex 2.375 17.5636 1.90735e-07
      vertex 2.63896 17.3995 1.90735e-07
    endloop
  endfacet
  facet normal -0.471333 -0.881955 0
    outer loop
      vertex 2.10087 17.7101 1.90735e-07
      vertex 2.375 17.5636 10.7
      vertex 2.10087 17.7101 10.7
    endloop
  endfacet
  facet normal -0.471333 -0.881955 -0
    outer loop
      vertex 2.375 17.5636 10.7
      vertex 2.10087 17.7101 1.90735e-07
      vertex 2.375 17.5636 1.90735e-07
    endloop
  endfacet
  facet normal 0.582576 -0.812776 0
    outer loop
      vertex -2.89162 17.2184 1.90735e-07
      vertex -2.63896 17.3995 10.7
      vertex -2.89162 17.2184 10.7
    endloop
  endfacet
  facet normal 0.582576 -0.812776 0
    outer loop
      vertex -2.63896 17.3995 10.7
      vertex -2.89162 17.2184 1.90735e-07
      vertex -2.63896 17.3995 1.90735e-07
    endloop
  endfacet
  facet normal -0.995183 0.0980382 0
    outer loop
      vertex 4.70936 -14.07 1.90735e-07
      vertex 4.73983 -13.7607 10.7
      vertex 4.73983 -13.7607 1.90735e-07
    endloop
  endfacet
  facet normal -0.995183 0.0980382 0
    outer loop
      vertex 4.73983 -13.7607 10.7
      vertex 4.70936 -14.07 1.90735e-07
      vertex 4.70936 -14.07 10.7
    endloop
  endfacet
  facet normal -0.999465 0.032715 0
    outer loop
      vertex 4.73983 -13.7607 1.90735e-07
      vertex 4.75 -13.45 10.7
      vertex 4.75 -13.45 1.90735e-07
    endloop
  endfacet
  facet normal -0.999465 0.032715 0
    outer loop
      vertex 4.75 -13.45 10.7
      vertex 4.73983 -13.7607 1.90735e-07
      vertex 4.73983 -13.7607 10.7
    endloop
  endfacet
  facet normal 0.773041 -0.634357 0
    outer loop
      vertex -3.76843 -10.5584 10.7
      vertex -3.57124 -10.3181 1.90735e-07
      vertex -3.57124 -10.3181 10.7
    endloop
  endfacet
  facet normal 0.773041 -0.634357 0
    outer loop
      vertex -3.57124 -10.3181 1.90735e-07
      vertex -3.76843 -10.5584 10.7
      vertex -3.76843 -10.5584 1.90735e-07
    endloop
  endfacet
  facet normal 0.773041 0.634357 0
    outer loop
      vertex -3.57124 -16.5819 10.7
      vertex -3.76843 -16.3416 1.90735e-07
      vertex -3.76843 -16.3416 10.7
    endloop
  endfacet
  facet normal 0.773041 0.634357 0
    outer loop
      vertex -3.76843 -16.3416 1.90735e-07
      vertex -3.57124 -16.5819 10.7
      vertex -3.57124 -16.5819 1.90735e-07
    endloop
  endfacet
  facet normal -0.58247 -0.812852 0
    outer loop
      vertex 2.63896 -9.50052 1.90735e-07
      vertex 2.89162 -9.68157 10.7
      vertex 2.63896 -9.50052 10.7
    endloop
  endfacet
  facet normal -0.58247 -0.812852 -0
    outer loop
      vertex 2.89162 -9.68157 10.7
      vertex 2.63896 -9.50052 1.90735e-07
      vertex 2.89162 -9.68157 1.90735e-07
    endloop
  endfacet
  facet normal 0.634404 -0.773002 0
    outer loop
      vertex -3.13189 -9.87876 1.90735e-07
      vertex -2.89162 -9.68157 10.7
      vertex -3.13189 -9.87876 10.7
    endloop
  endfacet
  facet normal 0.634404 -0.773002 0
    outer loop
      vertex -2.89162 -9.68157 10.7
      vertex -3.13189 -9.87876 1.90735e-07
      vertex -2.89162 -9.68157 1.90735e-07
    endloop
  endfacet
  facet normal -0.773041 0.634357 0
    outer loop
      vertex 3.57124 -16.5819 1.90735e-07
      vertex 3.76843 -16.3416 10.7
      vertex 3.76843 -16.3416 1.90735e-07
    endloop
  endfacet
  facet normal -0.773041 0.634357 0
    outer loop
      vertex 3.76843 -16.3416 10.7
      vertex 3.57124 -16.5819 1.90735e-07
      vertex 3.57124 -16.5819 10.7
    endloop
  endfacet
  facet normal 0.290283 -0.956941 0
    outer loop
      vertex -1.52684 -8.95208 1.90735e-07
      vertex -1.22939 -8.86185 10.7
      vertex -1.52684 -8.95208 10.7
    endloop
  endfacet
  facet normal 0.290283 -0.956941 0
    outer loop
      vertex -1.22939 -8.86185 10.7
      vertex -1.52684 -8.95208 1.90735e-07
      vertex -1.22939 -8.86185 1.90735e-07
    endloop
  endfacet
  facet normal 0.0980272 -0.995184 0
    outer loop
      vertex -0.619999 -8.74064 1.90735e-07
      vertex -0.310664 -8.71017 10.7
      vertex -0.619999 -8.74064 10.7
    endloop
  endfacet
  facet normal 0.0980272 -0.995184 0
    outer loop
      vertex -0.310664 -8.71017 10.7
      vertex -0.619999 -8.74064 1.90735e-07
      vertex -0.310664 -8.71017 1.90735e-07
    endloop
  endfacet
  facet normal -0.227069 -0.973879 0
    outer loop
      vertex 0.926679 -8.79127 1.90735e-07
      vertex 1.22939 -8.86185 10.7
      vertex 0.926679 -8.79127 10.7
    endloop
  endfacet
  facet normal -0.227069 -0.973879 -0
    outer loop
      vertex 1.22939 -8.86185 10.7
      vertex 0.926679 -8.79127 1.90735e-07
      vertex 1.22939 -8.86185 1.90735e-07
    endloop
  endfacet
  facet normal 0.0978042 0.995206 -0
    outer loop
      vertex -0.310664 -18.1898 1.90735e-07
      vertex -0.619999 -18.1594 10.7
      vertex -0.310664 -18.1898 10.7
    endloop
  endfacet
  facet normal 0.0978042 0.995206 0
    outer loop
      vertex -0.619999 -18.1594 10.7
      vertex -0.310664 -18.1898 1.90735e-07
      vertex -0.619999 -18.1594 1.90735e-07
    endloop
  endfacet
  facet normal -0.973877 0.227077 0
    outer loop
      vertex 4.58815 -14.6794 1.90735e-07
      vertex 4.65873 -14.3767 10.7
      vertex 4.65873 -14.3767 1.90735e-07
    endloop
  endfacet
  facet normal -0.973877 0.227077 0
    outer loop
      vertex 4.65873 -14.3767 10.7
      vertex 4.58815 -14.6794 1.90735e-07
      vertex 4.58815 -14.6794 10.7
    endloop
  endfacet
  facet normal -0.527973 0.849261 0
    outer loop
      vertex 2.63896 -17.3995 1.90735e-07
      vertex 2.375 -17.5636 10.7
      vertex 2.63896 -17.3995 10.7
    endloop
  endfacet
  facet normal -0.527973 0.849261 0
    outer loop
      vertex 2.375 -17.5636 10.7
      vertex 2.63896 -17.3995 1.90735e-07
      vertex 2.375 -17.5636 1.90735e-07
    endloop
  endfacet
  facet normal 0.0328152 0.999461 -0
    outer loop
      vertex 0 -18.2 1.90735e-07
      vertex -0.310664 -18.1898 10.7
      vertex 0 -18.2 10.7
    endloop
  endfacet
  facet normal 0.0328152 0.999461 0
    outer loop
      vertex -0.310664 -18.1898 10.7
      vertex 0 -18.2 1.90735e-07
      vertex -0.310664 -18.1898 1.90735e-07
    endloop
  endfacet
  facet normal 0.935903 0.352258 0
    outer loop
      vertex -4.38843 -15.2677 10.7
      vertex -4.49792 -14.9768 1.90735e-07
      vertex -4.49792 -14.9768 10.7
    endloop
  endfacet
  facet normal 0.935903 0.352258 0
    outer loop
      vertex -4.49792 -14.9768 1.90735e-07
      vertex -4.38843 -15.2677 10.7
      vertex -4.38843 -15.2677 1.90735e-07
    endloop
  endfacet
  facet normal 0.910908 -0.41261 0
    outer loop
      vertex -4.38843 -11.6323 10.7
      vertex -4.26015 -11.3491 1.90735e-07
      vertex -4.26015 -11.3491 10.7
    endloop
  endfacet
  facet normal 0.910908 -0.41261 0
    outer loop
      vertex -4.26015 -11.3491 1.90735e-07
      vertex -4.38843 -11.6323 10.7
      vertex -4.38843 -11.6323 1.90735e-07
    endloop
  endfacet
  facet normal 0.683512 -0.729939 0
    outer loop
      vertex -3.35876 -10.0912 1.90735e-07
      vertex -3.13189 -9.87876 10.7
      vertex -3.35876 -10.0912 10.7
    endloop
  endfacet
  facet normal 0.683512 -0.729939 0
    outer loop
      vertex -3.13189 -9.87876 10.7
      vertex -3.35876 -10.0912 1.90735e-07
      vertex -3.13189 -9.87876 1.90735e-07
    endloop
  endfacet
  facet normal -0.352276 0.935896 0
    outer loop
      vertex 1.81775 -17.8384 1.90735e-07
      vertex 1.52684 -17.9479 10.7
      vertex 1.81775 -17.8384 10.7
    endloop
  endfacet
  facet normal -0.352276 0.935896 0
    outer loop
      vertex 1.52684 -17.9479 10.7
      vertex 1.81775 -17.8384 1.90735e-07
      vertex 1.52684 -17.9479 1.90735e-07
    endloop
  endfacet
  facet normal 0.995183 -0.0980382 0
    outer loop
      vertex -4.73983 -13.1393 10.7
      vertex -4.70936 -12.83 1.90735e-07
      vertex -4.70936 -12.83 10.7
    endloop
  endfacet
  facet normal 0.995183 -0.0980382 0
    outer loop
      vertex -4.70936 -12.83 1.90735e-07
      vertex -4.73983 -13.1393 10.7
      vertex -4.73983 -13.1393 1.90735e-07
    endloop
  endfacet
  facet normal -0.849239 0.528008 0
    outer loop
      vertex 3.94948 -16.089 1.90735e-07
      vertex 4.11362 -15.825 10.7
      vertex 4.11362 -15.825 1.90735e-07
    endloop
  endfacet
  facet normal -0.849239 0.528008 0
    outer loop
      vertex 4.11362 -15.825 10.7
      vertex 3.94948 -16.089 1.90735e-07
      vertex 3.94948 -16.089 10.7
    endloop
  endfacet
  facet normal 0.634423 0.772986 -0
    outer loop
      vertex -2.89162 -17.2184 1.90735e-07
      vertex -3.13189 -17.0212 10.7
      vertex -2.89162 -17.2184 10.7
    endloop
  endfacet
  facet normal 0.634423 0.772986 0
    outer loop
      vertex -3.13189 -17.0212 10.7
      vertex -2.89162 -17.2184 1.90735e-07
      vertex -3.13189 -17.0212 1.90735e-07
    endloop
  endfacet
  facet normal -0.683512 -0.729939 0
    outer loop
      vertex 3.13189 -9.87876 1.90735e-07
      vertex 3.35876 -10.0912 10.7
      vertex 3.13189 -9.87876 10.7
    endloop
  endfacet
  facet normal -0.683512 -0.729939 -0
    outer loop
      vertex 3.35876 -10.0912 10.7
      vertex 3.13189 -9.87876 1.90735e-07
      vertex 3.35876 -10.0912 1.90735e-07
    endloop
  endfacet
  facet normal -0.956927 -0.290328 0
    outer loop
      vertex 4.58815 -12.2206 1.90735e-07
      vertex 4.49792 -11.9232 10.7
      vertex 4.49792 -11.9232 1.90735e-07
    endloop
  endfacet
  facet normal -0.956927 -0.290328 0
    outer loop
      vertex 4.49792 -11.9232 10.7
      vertex 4.58815 -12.2206 1.90735e-07
      vertex 4.58815 -12.2206 10.7
    endloop
  endfacet
  facet normal 0.582576 0.812776 -0
    outer loop
      vertex -2.63896 -17.3995 1.90735e-07
      vertex -2.89162 -17.2184 10.7
      vertex -2.63896 -17.3995 10.7
    endloop
  endfacet
  facet normal 0.582576 0.812776 0
    outer loop
      vertex -2.89162 -17.2184 10.7
      vertex -2.63896 -17.3995 1.90735e-07
      vertex -2.89162 -17.2184 1.90735e-07
    endloop
  endfacet
  facet normal -0.0327188 -0.999465 0
    outer loop
      vertex 0 -8.7 1.90735e-07
      vertex 0.310664 -8.71017 10.7
      vertex 0 -8.7 10.7
    endloop
  endfacet
  facet normal -0.0327188 -0.999465 -0
    outer loop
      vertex 0.310664 -8.71017 10.7
      vertex 0 -8.7 1.90735e-07
      vertex 0.310664 -8.71017 1.90735e-07
    endloop
  endfacet
  facet normal 0 0 -1
    outer loop
      vertex 2.75 -13.45 10.7
      vertex 4.75 -13.45 10.7
      vertex 4.73983 -13.7607 10.7
    endloop
  endfacet
  facet normal 0 0 -1
    outer loop
      vertex 2.74411 -13.6299 10.7
      vertex 4.73983 -13.7607 10.7
      vertex 4.70936 -14.07 10.7
    endloop
  endfacet
  facet normal 0 0 -1
    outer loop
      vertex 4.75 -13.45 10.7
      vertex 2.75 -13.45 10.7
      vertex 4.73983 -13.1393 10.7
    endloop
  endfacet
  facet normal 0 0 -1
    outer loop
      vertex 2.72647 -13.8089 10.7
      vertex 4.70936 -14.07 10.7
      vertex 4.65873 -14.3767 10.7
    endloop
  endfacet
  facet normal 0 0 -1
    outer loop
      vertex 2.74411 -13.2701 10.7
      vertex 4.73983 -13.1393 10.7
      vertex 2.75 -13.45 10.7
    endloop
  endfacet
  facet normal 0 0 -1
    outer loop
      vertex 2.69716 -13.9865 10.7
      vertex 4.65873 -14.3767 10.7
      vertex 4.58815 -14.6794 10.7
    endloop
  endfacet
  facet normal -0 0 -1
    outer loop
      vertex 4.73983 -13.1393 10.7
      vertex 2.74411 -13.2701 10.7
      vertex 4.70936 -12.83 10.7
    endloop
  endfacet
  facet normal 0 0 -1
    outer loop
      vertex 2.6563 -14.1618 10.7
      vertex 4.58815 -14.6794 10.7
      vertex 4.49792 -14.9768 10.7
    endloop
  endfacet
  facet normal 0 0 -1
    outer loop
      vertex 2.72647 -13.0911 10.7
      vertex 4.70936 -12.83 10.7
      vertex 2.74411 -13.2701 10.7
    endloop
  endfacet
  facet normal 0 0 -1
    outer loop
      vertex 2.60406 -14.334 10.7
      vertex 4.49792 -14.9768 10.7
      vertex 4.38843 -15.2677 10.7
    endloop
  endfacet
  facet normal -0 0 -1
    outer loop
      vertex 4.70936 -12.83 10.7
      vertex 2.72647 -13.0911 10.7
      vertex 4.65873 -12.5233 10.7
    endloop
  endfacet
  facet normal 0 0 -1
    outer loop
      vertex 2.54067 -14.5024 10.7
      vertex 4.38843 -15.2677 10.7
      vertex 4.26015 -15.5509 10.7
    endloop
  endfacet
  facet normal 0 0 -1
    outer loop
      vertex 2.69716 -12.9135 10.7
      vertex 4.65873 -12.5233 10.7
      vertex 2.72647 -13.0911 10.7
    endloop
  endfacet
  facet normal 0 0 -1
    outer loop
      vertex 2.4664 -14.6663 10.7
      vertex 4.26015 -15.5509 10.7
      vertex 4.11362 -15.825 10.7
    endloop
  endfacet
  facet normal -0 0 -1
    outer loop
      vertex 4.65873 -12.5233 10.7
      vertex 2.69716 -12.9135 10.7
      vertex 4.58815 -12.2206 10.7
    endloop
  endfacet
  facet normal 0 0 -1
    outer loop
      vertex 2.38157 -14.825 10.7
      vertex 4.11362 -15.825 10.7
      vertex 3.94948 -16.089 10.7
    endloop
  endfacet
  facet normal 0 0 -1
    outer loop
      vertex 2.6563 -12.7382 10.7
      vertex 4.58815 -12.2206 10.7
      vertex 2.69716 -12.9135 10.7
    endloop
  endfacet
  facet normal 0 0 -1
    outer loop
      vertex 2.28654 -14.9778 10.7
      vertex 3.94948 -16.089 10.7
      vertex 3.76843 -16.3416 10.7
    endloop
  endfacet
  facet normal -0 0 -1
    outer loop
      vertex 4.58815 -12.2206 10.7
      vertex 2.6563 -12.7382 10.7
      vertex 4.49792 -11.9232 10.7
    endloop
  endfacet
  facet normal 0 0 -1
    outer loop
      vertex 2.18172 -15.1241 10.7
      vertex 3.76843 -16.3416 10.7
      vertex 3.57124 -16.5819 10.7
    endloop
  endfacet
  facet normal 0 0 -1
    outer loop
      vertex 2.60406 -12.566 10.7
      vertex 4.49792 -11.9232 10.7
      vertex 2.6563 -12.7382 10.7
    endloop
  endfacet
  facet normal 0 0 -1
    outer loop
      vertex 2.06756 -15.2632 10.7
      vertex 3.57124 -16.5819 10.7
      vertex 3.35876 -16.8088 10.7
    endloop
  endfacet
  facet normal -0 0 -1
    outer loop
      vertex 4.49792 -11.9232 10.7
      vertex 2.60406 -12.566 10.7
      vertex 4.38843 -11.6323 10.7
    endloop
  endfacet
  facet normal 0 0 -1
    outer loop
      vertex 1.94454 -15.3945 10.7
      vertex 3.35876 -16.8088 10.7
      vertex 3.13189 -17.0212 10.7
    endloop
  endfacet
  facet normal 0 0 -1
    outer loop
      vertex 2.54067 -12.3976 10.7
      vertex 4.38843 -11.6323 10.7
      vertex 2.60406 -12.566 10.7
    endloop
  endfacet
  facet normal 0 0 -1
    outer loop
      vertex 1.8132 -15.5176 10.7
      vertex 3.13189 -17.0212 10.7
      vertex 2.89162 -17.2184 10.7
    endloop
  endfacet
  facet normal -0 0 -1
    outer loop
      vertex 4.38843 -11.6323 10.7
      vertex 2.54067 -12.3976 10.7
      vertex 4.26015 -11.3491 10.7
    endloop
  endfacet
  facet normal 0 0 -1
    outer loop
      vertex 2.4664 -12.2337 10.7
      vertex 4.26015 -11.3491 10.7
      vertex 2.54067 -12.3976 10.7
    endloop
  endfacet
  facet normal 0 0 -1
    outer loop
      vertex 4.73983 -13.7607 10.7
      vertex 2.74411 -13.6299 10.7
      vertex 2.75 -13.45 10.7
    endloop
  endfacet
  facet normal 0 0 -1
    outer loop
      vertex 4.70936 -14.07 10.7
      vertex 2.72647 -13.8089 10.7
      vertex 2.74411 -13.6299 10.7
    endloop
  endfacet
  facet normal 0 0 -1
    outer loop
      vertex 4.65873 -14.3767 10.7
      vertex 2.69716 -13.9865 10.7
      vertex 2.72647 -13.8089 10.7
    endloop
  endfacet
  facet normal 0 0 -1
    outer loop
      vertex 4.58815 -14.6794 10.7
      vertex 2.6563 -14.1618 10.7
      vertex 2.69716 -13.9865 10.7
    endloop
  endfacet
  facet normal 0 0 -1
    outer loop
      vertex 1.67409 -15.6317 10.7
      vertex 2.89162 -17.2184 10.7
      vertex 2.63896 -17.3995 10.7
    endloop
  endfacet
  facet normal 0 0 -1
    outer loop
      vertex 4.49792 -14.9768 10.7
      vertex 2.60406 -14.334 10.7
      vertex 2.6563 -14.1618 10.7
    endloop
  endfacet
  facet normal 0 0 -1
    outer loop
      vertex 4.38843 -15.2677 10.7
      vertex 2.54067 -14.5024 10.7
      vertex 2.60406 -14.334 10.7
    endloop
  endfacet
  facet normal 0 0 -1
    outer loop
      vertex 4.26015 -15.5509 10.7
      vertex 2.4664 -14.6663 10.7
      vertex 2.54067 -14.5024 10.7
    endloop
  endfacet
  facet normal 0 0 -1
    outer loop
      vertex 4.11362 -15.825 10.7
      vertex 2.38157 -14.825 10.7
      vertex 2.4664 -14.6663 10.7
    endloop
  endfacet
  facet normal 0 0 -1
    outer loop
      vertex 1.52782 -15.7365 10.7
      vertex 2.63896 -17.3995 10.7
      vertex 2.375 -17.5636 10.7
    endloop
  endfacet
  facet normal 0 0 -1
    outer loop
      vertex 3.94948 -16.089 10.7
      vertex 2.28654 -14.9778 10.7
      vertex 2.38157 -14.825 10.7
    endloop
  endfacet
  facet normal 0 0 -1
    outer loop
      vertex 3.76843 -16.3416 10.7
      vertex 2.18172 -15.1241 10.7
      vertex 2.28654 -14.9778 10.7
    endloop
  endfacet
  facet normal 0 0 -1
    outer loop
      vertex 1.375 -15.8316 10.7
      vertex 2.375 -17.5636 10.7
      vertex 2.10087 -17.7101 10.7
    endloop
  endfacet
  facet normal 0 0 -1
    outer loop
      vertex 3.57124 -16.5819 10.7
      vertex 2.06756 -15.2632 10.7
      vertex 2.18172 -15.1241 10.7
    endloop
  endfacet
  facet normal 0 0 -1
    outer loop
      vertex 3.35876 -16.8088 10.7
      vertex 1.94454 -15.3945 10.7
      vertex 2.06756 -15.2632 10.7
    endloop
  endfacet
  facet normal 0 0 -1
    outer loop
      vertex 1.21629 -15.9164 10.7
      vertex 2.10087 -17.7101 10.7
      vertex 1.81775 -17.8384 10.7
    endloop
  endfacet
  facet normal 0 0 -1
    outer loop
      vertex 3.13189 -17.0212 10.7
      vertex 1.8132 -15.5176 10.7
      vertex 1.94454 -15.3945 10.7
    endloop
  endfacet
  facet normal 0 0 -1
    outer loop
      vertex 2.89162 -17.2184 10.7
      vertex 1.67409 -15.6317 10.7
      vertex 1.8132 -15.5176 10.7
    endloop
  endfacet
  facet normal 0 0 -1
    outer loop
      vertex 2.63896 -17.3995 10.7
      vertex 1.52782 -15.7365 10.7
      vertex 1.67409 -15.6317 10.7
    endloop
  endfacet
  facet normal 0 0 -1
    outer loop
      vertex 1.05238 -15.9907 10.7
      vertex 1.81775 -17.8384 10.7
      vertex 1.52684 -17.9479 10.7
    endloop
  endfacet
  facet normal 0 0 -1
    outer loop
      vertex 2.375 -17.5636 10.7
      vertex 1.375 -15.8316 10.7
      vertex 1.52782 -15.7365 10.7
    endloop
  endfacet
  facet normal 0 0 -1
    outer loop
      vertex 0.883958 -16.0541 10.7
      vertex 1.52684 -17.9479 10.7
      vertex 1.22939 -18.0381 10.7
    endloop
  endfacet
  facet normal 0 0 -1
    outer loop
      vertex 2.10087 -17.7101 10.7
      vertex 1.21629 -15.9164 10.7
      vertex 1.375 -15.8316 10.7
    endloop
  endfacet
  facet normal 0 0 -1
    outer loop
      vertex 1.81775 -17.8384 10.7
      vertex 1.05238 -15.9907 10.7
      vertex 1.21629 -15.9164 10.7
    endloop
  endfacet
  facet normal 0 0 -1
    outer loop
      vertex 0.711752 -16.1063 10.7
      vertex 1.22939 -18.0381 10.7
      vertex 0.926679 -18.1087 10.7
    endloop
  endfacet
  facet normal 0 0 -1
    outer loop
      vertex 1.52684 -17.9479 10.7
      vertex 0.883958 -16.0541 10.7
      vertex 1.05238 -15.9907 10.7
    endloop
  endfacet
  facet normal 0 0 -1
    outer loop
      vertex 1.22939 -18.0381 10.7
      vertex 0.711752 -16.1063 10.7
      vertex 0.883958 -16.0541 10.7
    endloop
  endfacet
  facet normal 0 0 -1
    outer loop
      vertex 0.536498 -16.1472 10.7
      vertex 0.926679 -18.1087 10.7
      vertex 0.619999 -18.1594 10.7
    endloop
  endfacet
  facet normal 0 0 -1
    outer loop
      vertex 0.926679 -18.1087 10.7
      vertex 0.536498 -16.1472 10.7
      vertex 0.711752 -16.1063 10.7
    endloop
  endfacet
  facet normal 0 0 -1
    outer loop
      vertex 0.619999 -18.1594 10.7
      vertex 0.358947 -16.1765 10.7
      vertex 0.536498 -16.1472 10.7
    endloop
  endfacet
  facet normal 0 0 -1
    outer loop
      vertex 0.310664 -18.1898 10.7
      vertex 0.358947 -16.1765 10.7
      vertex 0.619999 -18.1594 10.7
    endloop
  endfacet
  facet normal 0 0 -1
    outer loop
      vertex 0.310664 -18.1898 10.7
      vertex 0.179858 -16.1941 10.7
      vertex 0.358947 -16.1765 10.7
    endloop
  endfacet
  facet normal 0 0 -1
    outer loop
      vertex 0 -18.2 10.7
      vertex 0.179858 -16.1941 10.7
      vertex 0.310664 -18.1898 10.7
    endloop
  endfacet
  facet normal 0 0 -1
    outer loop
      vertex 0 -18.2 10.7
      vertex 0 -16.2 10.7
      vertex 0.179858 -16.1941 10.7
    endloop
  endfacet
  facet normal 0 0 -1
    outer loop
      vertex 0 -18.2 10.7
      vertex -0.179858 -16.1941 10.7
      vertex 0 -16.2 10.7
    endloop
  endfacet
  facet normal 0 0 -1
    outer loop
      vertex -0.310664 -18.1898 10.7
      vertex -0.179858 -16.1941 10.7
      vertex 0 -18.2 10.7
    endloop
  endfacet
  facet normal 0 0 -1
    outer loop
      vertex -0.310664 -18.1898 10.7
      vertex -0.358947 -16.1765 10.7
      vertex -0.179858 -16.1941 10.7
    endloop
  endfacet
  facet normal 0 0 -1
    outer loop
      vertex -0.619999 -18.1594 10.7
      vertex -0.358947 -16.1765 10.7
      vertex -0.310664 -18.1898 10.7
    endloop
  endfacet
  facet normal -0 0 -1
    outer loop
      vertex -0.358947 -16.1765 10.7
      vertex -0.619999 -18.1594 10.7
      vertex -0.536498 -16.1472 10.7
    endloop
  endfacet
  facet normal 0 0 -1
    outer loop
      vertex -0.926679 -18.1087 10.7
      vertex -0.536498 -16.1472 10.7
      vertex -0.619999 -18.1594 10.7
    endloop
  endfacet
  facet normal -0 0 -1
    outer loop
      vertex -0.536498 -16.1472 10.7
      vertex -0.926679 -18.1087 10.7
      vertex -0.711752 -16.1063 10.7
    endloop
  endfacet
  facet normal 0 0 -1
    outer loop
      vertex -1.22939 -18.0381 10.7
      vertex -0.711752 -16.1063 10.7
      vertex -0.926679 -18.1087 10.7
    endloop
  endfacet
  facet normal -0 0 -1
    outer loop
      vertex -0.711752 -16.1063 10.7
      vertex -1.22939 -18.0381 10.7
      vertex -0.883958 -16.0541 10.7
    endloop
  endfacet
  facet normal 0 0 -1
    outer loop
      vertex -1.52684 -17.9479 10.7
      vertex -0.883958 -16.0541 10.7
      vertex -1.22939 -18.0381 10.7
    endloop
  endfacet
  facet normal -0 0 -1
    outer loop
      vertex -0.883958 -16.0541 10.7
      vertex -1.52684 -17.9479 10.7
      vertex -1.05238 -15.9907 10.7
    endloop
  endfacet
  facet normal 0 0 -1
    outer loop
      vertex -1.81775 -17.8384 10.7
      vertex -1.05238 -15.9907 10.7
      vertex -1.52684 -17.9479 10.7
    endloop
  endfacet
  facet normal -0 0 -1
    outer loop
      vertex -1.05238 -15.9907 10.7
      vertex -1.81775 -17.8384 10.7
      vertex -1.21629 -15.9164 10.7
    endloop
  endfacet
  facet normal 0 0 -1
    outer loop
      vertex -2.10087 -17.7101 10.7
      vertex -1.21629 -15.9164 10.7
      vertex -1.81775 -17.8384 10.7
    endloop
  endfacet
  facet normal -0 0 -1
    outer loop
      vertex -1.21629 -15.9164 10.7
      vertex -2.10087 -17.7101 10.7
      vertex -1.375 -15.8316 10.7
    endloop
  endfacet
  facet normal 0 0 -1
    outer loop
      vertex -2.375 -17.5636 10.7
      vertex -1.375 -15.8316 10.7
      vertex -2.10087 -17.7101 10.7
    endloop
  endfacet
  facet normal -0 0 -1
    outer loop
      vertex -1.375 -15.8316 10.7
      vertex -2.375 -17.5636 10.7
      vertex -1.52782 -15.7365 10.7
    endloop
  endfacet
  facet normal 0 0 -1
    outer loop
      vertex -2.63896 -17.3995 10.7
      vertex -1.52782 -15.7365 10.7
      vertex -2.375 -17.5636 10.7
    endloop
  endfacet
  facet normal -0 0 -1
    outer loop
      vertex -1.52782 -15.7365 10.7
      vertex -2.63896 -17.3995 10.7
      vertex -1.67409 -15.6317 10.7
    endloop
  endfacet
  facet normal 0 0 -1
    outer loop
      vertex -2.89162 -17.2184 10.7
      vertex -1.67409 -15.6317 10.7
      vertex -2.63896 -17.3995 10.7
    endloop
  endfacet
  facet normal -0 0 -1
    outer loop
      vertex -1.67409 -15.6317 10.7
      vertex -2.89162 -17.2184 10.7
      vertex -1.8132 -15.5176 10.7
    endloop
  endfacet
  facet normal 0 0 -1
    outer loop
      vertex -3.13189 -17.0212 10.7
      vertex -1.8132 -15.5176 10.7
      vertex -2.89162 -17.2184 10.7
    endloop
  endfacet
  facet normal -0 0 -1
    outer loop
      vertex -1.8132 -15.5176 10.7
      vertex -3.13189 -17.0212 10.7
      vertex -1.94454 -15.3945 10.7
    endloop
  endfacet
  facet normal 0 0 -1
    outer loop
      vertex -3.35876 -16.8088 10.7
      vertex -1.94454 -15.3945 10.7
      vertex -3.13189 -17.0212 10.7
    endloop
  endfacet
  facet normal -0 0 -1
    outer loop
      vertex -1.94454 -15.3945 10.7
      vertex -3.35876 -16.8088 10.7
      vertex -2.06756 -15.2632 10.7
    endloop
  endfacet
  facet normal 0 0 -1
    outer loop
      vertex -3.57124 -16.5819 10.7
      vertex -2.06756 -15.2632 10.7
      vertex -3.35876 -16.8088 10.7
    endloop
  endfacet
  facet normal -0 0 -1
    outer loop
      vertex -2.06756 -15.2632 10.7
      vertex -3.57124 -16.5819 10.7
      vertex -2.18172 -15.1241 10.7
    endloop
  endfacet
  facet normal 0 0 -1
    outer loop
      vertex -3.76843 -16.3416 10.7
      vertex -2.18172 -15.1241 10.7
      vertex -3.57124 -16.5819 10.7
    endloop
  endfacet
  facet normal -0 0 -1
    outer loop
      vertex -2.18172 -15.1241 10.7
      vertex -3.76843 -16.3416 10.7
      vertex -2.28654 -14.9778 10.7
    endloop
  endfacet
  facet normal 0 0 -1
    outer loop
      vertex -3.94948 -16.089 10.7
      vertex -2.28654 -14.9778 10.7
      vertex -3.76843 -16.3416 10.7
    endloop
  endfacet
  facet normal -0 0 -1
    outer loop
      vertex -2.28654 -14.9778 10.7
      vertex -3.94948 -16.089 10.7
      vertex -2.38157 -14.825 10.7
    endloop
  endfacet
  facet normal 0 0 -1
    outer loop
      vertex -4.11362 -15.825 10.7
      vertex -2.38157 -14.825 10.7
      vertex -3.94948 -16.089 10.7
    endloop
  endfacet
  facet normal -0 0 -1
    outer loop
      vertex -2.38157 -14.825 10.7
      vertex -4.11362 -15.825 10.7
      vertex -2.4664 -14.6663 10.7
    endloop
  endfacet
  facet normal 0 0 -1
    outer loop
      vertex -4.26015 -15.5509 10.7
      vertex -2.4664 -14.6663 10.7
      vertex -4.11362 -15.825 10.7
    endloop
  endfacet
  facet normal -0 0 -1
    outer loop
      vertex 4.26015 -11.3491 10.7
      vertex 2.4664 -12.2337 10.7
      vertex 4.11362 -11.075 10.7
    endloop
  endfacet
  facet normal 0 0 -1
    outer loop
      vertex 2.38157 -12.075 10.7
      vertex 4.11362 -11.075 10.7
      vertex 2.4664 -12.2337 10.7
    endloop
  endfacet
  facet normal -0 0 -1
    outer loop
      vertex 4.11362 -11.075 10.7
      vertex 2.38157 -12.075 10.7
      vertex 3.94948 -10.811 10.7
    endloop
  endfacet
  facet normal 0 0 -1
    outer loop
      vertex 2.28654 -11.9222 10.7
      vertex 3.94948 -10.811 10.7
      vertex 2.38157 -12.075 10.7
    endloop
  endfacet
  facet normal -0 0 -1
    outer loop
      vertex 3.94948 -10.811 10.7
      vertex 2.28654 -11.9222 10.7
      vertex 3.76843 -10.5584 10.7
    endloop
  endfacet
  facet normal 0 0 -1
    outer loop
      vertex 2.18172 -11.7759 10.7
      vertex 3.76843 -10.5584 10.7
      vertex 2.28654 -11.9222 10.7
    endloop
  endfacet
  facet normal -0 0 -1
    outer loop
      vertex 3.76843 -10.5584 10.7
      vertex 2.18172 -11.7759 10.7
      vertex 3.57124 -10.3181 10.7
    endloop
  endfacet
  facet normal 0 0 -1
    outer loop
      vertex 2.06756 -11.6368 10.7
      vertex 3.57124 -10.3181 10.7
      vertex 2.18172 -11.7759 10.7
    endloop
  endfacet
  facet normal -0 0 -1
    outer loop
      vertex 3.57124 -10.3181 10.7
      vertex 2.06756 -11.6368 10.7
      vertex 3.35876 -10.0912 10.7
    endloop
  endfacet
  facet normal 0 0 -1
    outer loop
      vertex 1.94454 -11.5055 10.7
      vertex 3.35876 -10.0912 10.7
      vertex 2.06756 -11.6368 10.7
    endloop
  endfacet
  facet normal -0 0 -1
    outer loop
      vertex 3.35876 -10.0912 10.7
      vertex 1.94454 -11.5055 10.7
      vertex 3.13189 -9.87876 10.7
    endloop
  endfacet
  facet normal 0 0 -1
    outer loop
      vertex 1.8132 -11.3824 10.7
      vertex 3.13189 -9.87876 10.7
      vertex 1.94454 -11.5055 10.7
    endloop
  endfacet
  facet normal -0 0 -1
    outer loop
      vertex 3.13189 -9.87876 10.7
      vertex 1.8132 -11.3824 10.7
      vertex 2.89162 -9.68157 10.7
    endloop
  endfacet
  facet normal 0 0 -1
    outer loop
      vertex 1.67409 -11.2683 10.7
      vertex 2.89162 -9.68157 10.7
      vertex 1.8132 -11.3824 10.7
    endloop
  endfacet
  facet normal -0 0 -1
    outer loop
      vertex 2.89162 -9.68157 10.7
      vertex 1.67409 -11.2683 10.7
      vertex 2.63896 -9.50052 10.7
    endloop
  endfacet
  facet normal 0 0 -1
    outer loop
      vertex 1.52782 -11.1635 10.7
      vertex 2.63896 -9.50052 10.7
      vertex 1.67409 -11.2683 10.7
    endloop
  endfacet
  facet normal -0 0 -1
    outer loop
      vertex 2.63896 -9.50052 10.7
      vertex 1.52782 -11.1635 10.7
      vertex 2.375 -9.33638 10.7
    endloop
  endfacet
  facet normal 0 0 -1
    outer loop
      vertex 1.375 -11.0684 10.7
      vertex 2.375 -9.33638 10.7
      vertex 1.52782 -11.1635 10.7
    endloop
  endfacet
  facet normal -0 0 -1
    outer loop
      vertex 2.375 -9.33638 10.7
      vertex 1.375 -11.0684 10.7
      vertex 2.10087 -9.18985 10.7
    endloop
  endfacet
  facet normal 0 0 -1
    outer loop
      vertex 1.21629 -10.9836 10.7
      vertex 2.10087 -9.18985 10.7
      vertex 1.375 -11.0684 10.7
    endloop
  endfacet
  facet normal -0 0 -1
    outer loop
      vertex 2.10087 -9.18985 10.7
      vertex 1.21629 -10.9836 10.7
      vertex 1.81775 -9.06157 10.7
    endloop
  endfacet
  facet normal 0 0 -1
    outer loop
      vertex 1.05238 -10.9093 10.7
      vertex 1.81775 -9.06157 10.7
      vertex 1.21629 -10.9836 10.7
    endloop
  endfacet
  facet normal -0 0 -1
    outer loop
      vertex 1.81775 -9.06157 10.7
      vertex 1.05238 -10.9093 10.7
      vertex 1.52684 -8.95208 10.7
    endloop
  endfacet
  facet normal 0 0 -1
    outer loop
      vertex 0.883958 -10.8459 10.7
      vertex 1.52684 -8.95208 10.7
      vertex 1.05238 -10.9093 10.7
    endloop
  endfacet
  facet normal -0 0 -1
    outer loop
      vertex 1.52684 -8.95208 10.7
      vertex 0.883958 -10.8459 10.7
      vertex 1.22939 -8.86185 10.7
    endloop
  endfacet
  facet normal 0 0 -1
    outer loop
      vertex 0.711752 -10.7937 10.7
      vertex 1.22939 -8.86185 10.7
      vertex 0.883958 -10.8459 10.7
    endloop
  endfacet
  facet normal -0 0 -1
    outer loop
      vertex 1.22939 -8.86185 10.7
      vertex 0.711752 -10.7937 10.7
      vertex 0.926679 -8.79127 10.7
    endloop
  endfacet
  facet normal 0 0 -1
    outer loop
      vertex 0.536498 -10.7528 10.7
      vertex 0.926679 -8.79127 10.7
      vertex 0.711752 -10.7937 10.7
    endloop
  endfacet
  facet normal -0 0 -1
    outer loop
      vertex 0.926679 -8.79127 10.7
      vertex 0.536498 -10.7528 10.7
      vertex 0.619999 -8.74064 10.7
    endloop
  endfacet
  facet normal 0 0 -1
    outer loop
      vertex 0.358947 -10.7235 10.7
      vertex 0.619999 -8.74064 10.7
      vertex 0.536498 -10.7528 10.7
    endloop
  endfacet
  facet normal 0 0 -1
    outer loop
      vertex 0.358947 -10.7235 10.7
      vertex 0.310664 -8.71017 10.7
      vertex 0.619999 -8.74064 10.7
    endloop
  endfacet
  facet normal 0 0 -1
    outer loop
      vertex 0.179858 -10.7059 10.7
      vertex 0.310664 -8.71017 10.7
      vertex 0.358947 -10.7235 10.7
    endloop
  endfacet
  facet normal 0 0 -1
    outer loop
      vertex 0 -10.7 10.7
      vertex 0.310664 -8.71017 10.7
      vertex 0.179858 -10.7059 10.7
    endloop
  endfacet
  facet normal 0 0 -1
    outer loop
      vertex 0 -10.7 10.7
      vertex 0 -8.7 10.7
      vertex 0.310664 -8.71017 10.7
    endloop
  endfacet
  facet normal 0 0 -1
    outer loop
      vertex -0.179858 -10.7059 10.7
      vertex 0 -8.7 10.7
      vertex 0 -10.7 10.7
    endloop
  endfacet
  facet normal 0 0 -1
    outer loop
      vertex -0.179858 -10.7059 10.7
      vertex -0.310664 -8.71017 10.7
      vertex 0 -8.7 10.7
    endloop
  endfacet
  facet normal 0 0 -1
    outer loop
      vertex -0.358947 -10.7235 10.7
      vertex -0.310664 -8.71017 10.7
      vertex -0.179858 -10.7059 10.7
    endloop
  endfacet
  facet normal 0 0 -1
    outer loop
      vertex -0.619999 -8.74064 10.7
      vertex -0.358947 -10.7235 10.7
      vertex -0.536498 -10.7528 10.7
    endloop
  endfacet
  facet normal 0 0 -1
    outer loop
      vertex -0.358947 -10.7235 10.7
      vertex -0.619999 -8.74064 10.7
      vertex -0.310664 -8.71017 10.7
    endloop
  endfacet
  facet normal 0 0 -1
    outer loop
      vertex -0.926679 -8.79127 10.7
      vertex -0.536498 -10.7528 10.7
      vertex -0.711752 -10.7937 10.7
    endloop
  endfacet
  facet normal 0 0 -1
    outer loop
      vertex -1.22939 -8.86185 10.7
      vertex -0.711752 -10.7937 10.7
      vertex -0.883958 -10.8459 10.7
    endloop
  endfacet
  facet normal 0 0 -1
    outer loop
      vertex -0.536498 -10.7528 10.7
      vertex -0.926679 -8.79127 10.7
      vertex -0.619999 -8.74064 10.7
    endloop
  endfacet
  facet normal 0 0 -1
    outer loop
      vertex -1.52684 -8.95208 10.7
      vertex -0.883958 -10.8459 10.7
      vertex -1.05238 -10.9093 10.7
    endloop
  endfacet
  facet normal 0 0 -1
    outer loop
      vertex -1.81775 -9.06157 10.7
      vertex -1.05238 -10.9093 10.7
      vertex -1.21629 -10.9836 10.7
    endloop
  endfacet
  facet normal 0 0 -1
    outer loop
      vertex -0.711752 -10.7937 10.7
      vertex -1.22939 -8.86185 10.7
      vertex -0.926679 -8.79127 10.7
    endloop
  endfacet
  facet normal 0 0 -1
    outer loop
      vertex -2.10087 -9.18985 10.7
      vertex -1.21629 -10.9836 10.7
      vertex -1.375 -11.0684 10.7
    endloop
  endfacet
  facet normal 0 0 -1
    outer loop
      vertex -0.883958 -10.8459 10.7
      vertex -1.52684 -8.95208 10.7
      vertex -1.22939 -8.86185 10.7
    endloop
  endfacet
  facet normal 0 0 -1
    outer loop
      vertex -2.375 -9.33638 10.7
      vertex -1.375 -11.0684 10.7
      vertex -1.52782 -11.1635 10.7
    endloop
  endfacet
  facet normal 0 0 -1
    outer loop
      vertex -2.63896 -9.50052 10.7
      vertex -1.52782 -11.1635 10.7
      vertex -1.67409 -11.2683 10.7
    endloop
  endfacet
  facet normal 0 0 -1
    outer loop
      vertex -2.89162 -9.68157 10.7
      vertex -1.67409 -11.2683 10.7
      vertex -1.8132 -11.3824 10.7
    endloop
  endfacet
  facet normal 0 0 -1
    outer loop
      vertex -1.05238 -10.9093 10.7
      vertex -1.81775 -9.06157 10.7
      vertex -1.52684 -8.95208 10.7
    endloop
  endfacet
  facet normal 0 0 -1
    outer loop
      vertex -3.13189 -9.87876 10.7
      vertex -1.8132 -11.3824 10.7
      vertex -1.94454 -11.5055 10.7
    endloop
  endfacet
  facet normal 0 0 -1
    outer loop
      vertex -3.35876 -10.0912 10.7
      vertex -1.94454 -11.5055 10.7
      vertex -2.06756 -11.6368 10.7
    endloop
  endfacet
  facet normal 0 0 -1
    outer loop
      vertex -1.21629 -10.9836 10.7
      vertex -2.10087 -9.18985 10.7
      vertex -1.81775 -9.06157 10.7
    endloop
  endfacet
  facet normal 0 0 -1
    outer loop
      vertex -3.57124 -10.3181 10.7
      vertex -2.06756 -11.6368 10.7
      vertex -2.18172 -11.7759 10.7
    endloop
  endfacet
  facet normal 0 0 -1
    outer loop
      vertex -3.76843 -10.5584 10.7
      vertex -2.18172 -11.7759 10.7
      vertex -2.28654 -11.9222 10.7
    endloop
  endfacet
  facet normal 0 0 -1
    outer loop
      vertex -1.375 -11.0684 10.7
      vertex -2.375 -9.33638 10.7
      vertex -2.10087 -9.18985 10.7
    endloop
  endfacet
  facet normal 0 0 -1
    outer loop
      vertex -3.94948 -10.811 10.7
      vertex -2.28654 -11.9222 10.7
      vertex -2.38157 -12.075 10.7
    endloop
  endfacet
  facet normal 0 0 -1
    outer loop
      vertex -4.11362 -11.075 10.7
      vertex -2.38157 -12.075 10.7
      vertex -2.4664 -12.2337 10.7
    endloop
  endfacet
  facet normal 0 0 -1
    outer loop
      vertex -4.26015 -11.3491 10.7
      vertex -2.4664 -12.2337 10.7
      vertex -2.54067 -12.3976 10.7
    endloop
  endfacet
  facet normal 0 0 -1
    outer loop
      vertex -4.38843 -11.6323 10.7
      vertex -2.54067 -12.3976 10.7
      vertex -2.60406 -12.566 10.7
    endloop
  endfacet
  facet normal 0 0 -1
    outer loop
      vertex -1.52782 -11.1635 10.7
      vertex -2.63896 -9.50052 10.7
      vertex -2.375 -9.33638 10.7
    endloop
  endfacet
  facet normal 0 0 -1
    outer loop
      vertex -4.49792 -11.9232 10.7
      vertex -2.60406 -12.566 10.7
      vertex -2.6563 -12.7382 10.7
    endloop
  endfacet
  facet normal 0 0 -1
    outer loop
      vertex -4.58815 -12.2206 10.7
      vertex -2.6563 -12.7382 10.7
      vertex -2.69716 -12.9135 10.7
    endloop
  endfacet
  facet normal 0 0 -1
    outer loop
      vertex -4.65873 -12.5233 10.7
      vertex -2.69716 -12.9135 10.7
      vertex -2.72647 -13.0911 10.7
    endloop
  endfacet
  facet normal 0 0 -1
    outer loop
      vertex -4.70936 -12.83 10.7
      vertex -2.72647 -13.0911 10.7
      vertex -2.74411 -13.2701 10.7
    endloop
  endfacet
  facet normal 0 0 -1
    outer loop
      vertex -4.73983 -13.1393 10.7
      vertex -2.74411 -13.2701 10.7
      vertex -2.75 -13.45 10.7
    endloop
  endfacet
  facet normal -0 0 -1
    outer loop
      vertex -2.4664 -14.6663 10.7
      vertex -4.26015 -15.5509 10.7
      vertex -2.54067 -14.5024 10.7
    endloop
  endfacet
  facet normal 0 0 -1
    outer loop
      vertex -1.67409 -11.2683 10.7
      vertex -2.89162 -9.68157 10.7
      vertex -2.63896 -9.50052 10.7
    endloop
  endfacet
  facet normal 0 0 -1
    outer loop
      vertex -4.38843 -15.2677 10.7
      vertex -2.54067 -14.5024 10.7
      vertex -4.26015 -15.5509 10.7
    endloop
  endfacet
  facet normal 0 0 -1
    outer loop
      vertex -1.8132 -11.3824 10.7
      vertex -3.13189 -9.87876 10.7
      vertex -2.89162 -9.68157 10.7
    endloop
  endfacet
  facet normal -0 0 -1
    outer loop
      vertex -2.54067 -14.5024 10.7
      vertex -4.38843 -15.2677 10.7
      vertex -2.60406 -14.334 10.7
    endloop
  endfacet
  facet normal 0 0 -1
    outer loop
      vertex -1.94454 -11.5055 10.7
      vertex -3.35876 -10.0912 10.7
      vertex -3.13189 -9.87876 10.7
    endloop
  endfacet
  facet normal 0 0 -1
    outer loop
      vertex -4.49792 -14.9768 10.7
      vertex -2.60406 -14.334 10.7
      vertex -4.38843 -15.2677 10.7
    endloop
  endfacet
  facet normal 0 0 -1
    outer loop
      vertex -2.06756 -11.6368 10.7
      vertex -3.57124 -10.3181 10.7
      vertex -3.35876 -10.0912 10.7
    endloop
  endfacet
  facet normal -0 0 -1
    outer loop
      vertex -2.60406 -14.334 10.7
      vertex -4.49792 -14.9768 10.7
      vertex -2.6563 -14.1618 10.7
    endloop
  endfacet
  facet normal 0 0 -1
    outer loop
      vertex -2.18172 -11.7759 10.7
      vertex -3.76843 -10.5584 10.7
      vertex -3.57124 -10.3181 10.7
    endloop
  endfacet
  facet normal 0 0 -1
    outer loop
      vertex -4.58815 -14.6794 10.7
      vertex -2.6563 -14.1618 10.7
      vertex -4.49792 -14.9768 10.7
    endloop
  endfacet
  facet normal 0 0 -1
    outer loop
      vertex -2.28654 -11.9222 10.7
      vertex -3.94948 -10.811 10.7
      vertex -3.76843 -10.5584 10.7
    endloop
  endfacet
  facet normal -0 0 -1
    outer loop
      vertex -2.6563 -14.1618 10.7
      vertex -4.58815 -14.6794 10.7
      vertex -2.69716 -13.9865 10.7
    endloop
  endfacet
  facet normal 0 0 -1
    outer loop
      vertex -2.38157 -12.075 10.7
      vertex -4.11362 -11.075 10.7
      vertex -3.94948 -10.811 10.7
    endloop
  endfacet
  facet normal 0 0 -1
    outer loop
      vertex -4.65873 -14.3767 10.7
      vertex -2.69716 -13.9865 10.7
      vertex -4.58815 -14.6794 10.7
    endloop
  endfacet
  facet normal 0 0 -1
    outer loop
      vertex -2.4664 -12.2337 10.7
      vertex -4.26015 -11.3491 10.7
      vertex -4.11362 -11.075 10.7
    endloop
  endfacet
  facet normal -0 0 -1
    outer loop
      vertex -2.69716 -13.9865 10.7
      vertex -4.65873 -14.3767 10.7
      vertex -2.72647 -13.8089 10.7
    endloop
  endfacet
  facet normal 0 0 -1
    outer loop
      vertex -2.54067 -12.3976 10.7
      vertex -4.38843 -11.6323 10.7
      vertex -4.26015 -11.3491 10.7
    endloop
  endfacet
  facet normal 0 0 -1
    outer loop
      vertex -4.70936 -14.07 10.7
      vertex -2.72647 -13.8089 10.7
      vertex -4.65873 -14.3767 10.7
    endloop
  endfacet
  facet normal 0 0 -1
    outer loop
      vertex -2.60406 -12.566 10.7
      vertex -4.49792 -11.9232 10.7
      vertex -4.38843 -11.6323 10.7
    endloop
  endfacet
  facet normal -0 0 -1
    outer loop
      vertex -2.72647 -13.8089 10.7
      vertex -4.70936 -14.07 10.7
      vertex -2.74411 -13.6299 10.7
    endloop
  endfacet
  facet normal 0 0 -1
    outer loop
      vertex -2.6563 -12.7382 10.7
      vertex -4.58815 -12.2206 10.7
      vertex -4.49792 -11.9232 10.7
    endloop
  endfacet
  facet normal 0 0 -1
    outer loop
      vertex -4.73983 -13.7607 10.7
      vertex -2.74411 -13.6299 10.7
      vertex -4.70936 -14.07 10.7
    endloop
  endfacet
  facet normal 0 0 -1
    outer loop
      vertex -2.69716 -12.9135 10.7
      vertex -4.65873 -12.5233 10.7
      vertex -4.58815 -12.2206 10.7
    endloop
  endfacet
  facet normal -0 0 -1
    outer loop
      vertex -2.74411 -13.6299 10.7
      vertex -4.73983 -13.7607 10.7
      vertex -2.75 -13.45 10.7
    endloop
  endfacet
  facet normal 0 0 -1
    outer loop
      vertex -2.72647 -13.0911 10.7
      vertex -4.70936 -12.83 10.7
      vertex -4.65873 -12.5233 10.7
    endloop
  endfacet
  facet normal 0 0 -1
    outer loop
      vertex -4.75 -13.45 10.7
      vertex -2.75 -13.45 10.7
      vertex -4.73983 -13.7607 10.7
    endloop
  endfacet
  facet normal 0 0 -1
    outer loop
      vertex -2.74411 -13.2701 10.7
      vertex -4.73983 -13.1393 10.7
      vertex -4.70936 -12.83 10.7
    endloop
  endfacet
  facet normal 0 0 -1
    outer loop
      vertex -2.75 -13.45 10.7
      vertex -4.75 -13.45 10.7
      vertex -4.73983 -13.1393 10.7
    endloop
  endfacet
  facet normal 0.72992 0.683532 0
    outer loop
      vertex -3.35876 -16.8088 10.7
      vertex -3.57124 -16.5819 1.90735e-07
      vertex -3.57124 -16.5819 10.7
    endloop
  endfacet
  facet normal 0.72992 0.683532 0
    outer loop
      vertex -3.57124 -16.5819 1.90735e-07
      vertex -3.35876 -16.8088 10.7
      vertex -3.35876 -16.8088 1.90735e-07
    endloop
  endfacet
  facet normal 0.956927 0.290328 0
    outer loop
      vertex -4.49792 -14.9768 10.7
      vertex -4.58815 -14.6794 1.90735e-07
      vertex -4.58815 -14.6794 10.7
    endloop
  endfacet
  facet normal 0.956927 0.290328 0
    outer loop
      vertex -4.58815 -14.6794 1.90735e-07
      vertex -4.49792 -14.9768 10.7
      vertex -4.49792 -14.9768 1.90735e-07
    endloop
  endfacet
  facet normal 0.849239 -0.528008 0
    outer loop
      vertex -4.11362 -11.075 10.7
      vertex -3.94948 -10.811 1.90735e-07
      vertex -3.94948 -10.811 10.7
    endloop
  endfacet
  facet normal 0.849239 -0.528008 0
    outer loop
      vertex -3.94948 -10.811 1.90735e-07
      vertex -4.11362 -11.075 10.7
      vertex -4.11362 -11.075 1.90735e-07
    endloop
  endfacet
  facet normal 0.986647 0.162876 0
    outer loop
      vertex -4.65873 -14.3767 10.7
      vertex -4.70936 -14.07 1.90735e-07
      vertex -4.70936 -14.07 10.7
    endloop
  endfacet
  facet normal 0.986647 0.162876 0
    outer loop
      vertex -4.70936 -14.07 1.90735e-07
      vertex -4.65873 -14.3767 10.7
      vertex -4.65873 -14.3767 1.90735e-07
    endloop
  endfacet
  facet normal -0.986647 -0.162876 0
    outer loop
      vertex 4.70936 -12.83 1.90735e-07
      vertex 4.65873 -12.5233 10.7
      vertex 4.65873 -12.5233 1.90735e-07
    endloop
  endfacet
  facet normal -0.986647 -0.162876 0
    outer loop
      vertex 4.65873 -12.5233 10.7
      vertex 4.70936 -12.83 1.90735e-07
      vertex 4.70936 -12.83 10.7
    endloop
  endfacet
  facet normal -0.72992 -0.683532 0
    outer loop
      vertex 3.57124 -10.3181 1.90735e-07
      vertex 3.35876 -10.0912 10.7
      vertex 3.35876 -10.0912 1.90735e-07
    endloop
  endfacet
  facet normal -0.72992 -0.683532 0
    outer loop
      vertex 3.35876 -10.0912 10.7
      vertex 3.57124 -10.3181 1.90735e-07
      vertex 3.57124 -10.3181 10.7
    endloop
  endfacet
  facet normal -0.290195 0.956968 0
    outer loop
      vertex 1.52684 -17.9479 1.90735e-07
      vertex 1.22939 -18.0381 10.7
      vertex 1.52684 -17.9479 10.7
    endloop
  endfacet
  facet normal -0.290195 0.956968 0
    outer loop
      vertex 1.22939 -18.0381 10.7
      vertex 1.52684 -17.9479 1.90735e-07
      vertex 1.22939 -18.0381 1.90735e-07
    endloop
  endfacet
  facet normal 0.227069 -0.973879 0
    outer loop
      vertex -1.22939 -8.86185 1.90735e-07
      vertex -0.926679 -8.79127 10.7
      vertex -1.22939 -8.86185 10.7
    endloop
  endfacet
  facet normal 0.227069 -0.973879 0
    outer loop
      vertex -0.926679 -8.79127 10.7
      vertex -1.22939 -8.86185 1.90735e-07
      vertex -0.926679 -8.79127 1.90735e-07
    endloop
  endfacet
  facet normal -0.634423 0.772986 0
    outer loop
      vertex 3.13189 -17.0212 1.90735e-07
      vertex 2.89162 -17.2184 10.7
      vertex 3.13189 -17.0212 10.7
    endloop
  endfacet
  facet normal -0.634423 0.772986 0
    outer loop
      vertex 2.89162 -17.2184 10.7
      vertex 3.13189 -17.0212 1.90735e-07
      vertex 2.89162 -17.2184 1.90735e-07
    endloop
  endfacet
  facet normal -0.881894 -0.471448 0
    outer loop
      vertex 4.26015 -11.3491 1.90735e-07
      vertex 4.11362 -11.075 10.7
      vertex 4.11362 -11.075 1.90735e-07
    endloop
  endfacet
  facet normal -0.881894 -0.471448 0
    outer loop
      vertex 4.11362 -11.075 10.7
      vertex 4.26015 -11.3491 1.90735e-07
      vertex 4.26015 -11.3491 10.7
    endloop
  endfacet
  facet normal -0.0978042 0.995206 0
    outer loop
      vertex 0.619999 -18.1594 1.90735e-07
      vertex 0.310664 -18.1898 10.7
      vertex 0.619999 -18.1594 10.7
    endloop
  endfacet
  facet normal -0.0978042 0.995206 0
    outer loop
      vertex 0.310664 -18.1898 10.7
      vertex 0.619999 -18.1594 1.90735e-07
      vertex 0.310664 -18.1898 1.90735e-07
    endloop
  endfacet
  facet normal 0.41276 0.91084 -0
    outer loop
      vertex -1.81775 -17.8384 1.90735e-07
      vertex -2.10087 -17.7101 10.7
      vertex -1.81775 -17.8384 10.7
    endloop
  endfacet
  facet normal 0.41276 0.91084 0
    outer loop
      vertex -2.10087 -17.7101 10.7
      vertex -1.81775 -17.8384 1.90735e-07
      vertex -2.10087 -17.7101 1.90735e-07
    endloop
  endfacet
  facet normal -0.849239 -0.528008 0
    outer loop
      vertex 4.11362 -11.075 1.90735e-07
      vertex 3.94948 -10.811 10.7
      vertex 3.94948 -10.811 1.90735e-07
    endloop
  endfacet
  facet normal -0.849239 -0.528008 0
    outer loop
      vertex 3.94948 -10.811 10.7
      vertex 4.11362 -11.075 1.90735e-07
      vertex 4.11362 -11.075 10.7
    endloop
  endfacet
  facet normal -0.683443 0.730004 0
    outer loop
      vertex 3.35876 -16.8088 1.90735e-07
      vertex 3.13189 -17.0212 10.7
      vertex 3.35876 -16.8088 10.7
    endloop
  endfacet
  facet normal -0.683443 0.730004 0
    outer loop
      vertex 3.13189 -17.0212 10.7
      vertex 3.35876 -16.8088 1.90735e-07
      vertex 3.13189 -17.0212 1.90735e-07
    endloop
  endfacet
  facet normal 0.352248 -0.935907 0
    outer loop
      vertex -1.81775 -9.06157 1.90735e-07
      vertex -1.52684 -8.95208 10.7
      vertex -1.81775 -9.06157 10.7
    endloop
  endfacet
  facet normal 0.352248 -0.935907 0
    outer loop
      vertex -1.52684 -8.95208 10.7
      vertex -1.81775 -9.06157 1.90735e-07
      vertex -1.52684 -8.95208 1.90735e-07
    endloop
  endfacet
  facet normal 0.58247 -0.812852 0
    outer loop
      vertex -2.89162 -9.68157 1.90735e-07
      vertex -2.63896 -9.50052 10.7
      vertex -2.89162 -9.68157 10.7
    endloop
  endfacet
  facet normal 0.58247 -0.812852 0
    outer loop
      vertex -2.63896 -9.50052 10.7
      vertex -2.89162 -9.68157 1.90735e-07
      vertex -2.63896 -9.50052 1.90735e-07
    endloop
  endfacet
  facet normal -0.910908 -0.41261 0
    outer loop
      vertex 4.38843 -11.6323 1.90735e-07
      vertex 4.26015 -11.3491 10.7
      vertex 4.26015 -11.3491 1.90735e-07
    endloop
  endfacet
  facet normal -0.910908 -0.41261 0
    outer loop
      vertex 4.26015 -11.3491 10.7
      vertex 4.38843 -11.6323 1.90735e-07
      vertex 4.38843 -11.6323 10.7
    endloop
  endfacet
  facet normal -0.999465 -0.032715 0
    outer loop
      vertex 4.75 -13.45 1.90735e-07
      vertex 4.73983 -13.1393 10.7
      vertex 4.73983 -13.1393 1.90735e-07
    endloop
  endfacet
  facet normal -0.999465 -0.032715 0
    outer loop
      vertex 4.73983 -13.1393 10.7
      vertex 4.75 -13.45 1.90735e-07
      vertex 4.75 -13.45 10.7
    endloop
  endfacet
  facet normal 0.995183 0.0980382 0
    outer loop
      vertex -4.70936 -14.07 10.7
      vertex -4.73983 -13.7607 1.90735e-07
      vertex -4.73983 -13.7607 10.7
    endloop
  endfacet
  facet normal 0.995183 0.0980382 0
    outer loop
      vertex -4.73983 -13.7607 1.90735e-07
      vertex -4.70936 -14.07 10.7
      vertex -4.70936 -14.07 1.90735e-07
    endloop
  endfacet
  facet normal -0.773041 -0.634357 0
    outer loop
      vertex 3.76843 -10.5584 1.90735e-07
      vertex 3.57124 -10.3181 10.7
      vertex 3.57124 -10.3181 1.90735e-07
    endloop
  endfacet
  facet normal -0.773041 -0.634357 0
    outer loop
      vertex 3.57124 -10.3181 10.7
      vertex 3.76843 -10.5584 1.90735e-07
      vertex 3.76843 -10.5584 10.7
    endloop
  endfacet
  facet normal -0.910908 0.41261 0
    outer loop
      vertex 4.26015 -15.5509 1.90735e-07
      vertex 4.38843 -15.2677 10.7
      vertex 4.38843 -15.2677 1.90735e-07
    endloop
  endfacet
  facet normal -0.910908 0.41261 0
    outer loop
      vertex 4.38843 -15.2677 10.7
      vertex 4.26015 -15.5509 1.90735e-07
      vertex 4.26015 -15.5509 10.7
    endloop
  endfacet
  facet normal -0.290283 -0.956941 0
    outer loop
      vertex 1.22939 -8.86185 1.90735e-07
      vertex 1.52684 -8.95208 10.7
      vertex 1.22939 -8.86185 10.7
    endloop
  endfacet
  facet normal -0.290283 -0.956941 -0
    outer loop
      vertex 1.52684 -8.95208 10.7
      vertex 1.22939 -8.86185 1.90735e-07
      vertex 1.52684 -8.95208 1.90735e-07
    endloop
  endfacet
  facet normal -0.956927 0.290328 0
    outer loop
      vertex 4.49792 -14.9768 1.90735e-07
      vertex 4.58815 -14.6794 10.7
      vertex 4.58815 -14.6794 1.90735e-07
    endloop
  endfacet
  facet normal -0.956927 0.290328 0
    outer loop
      vertex 4.58815 -14.6794 10.7
      vertex 4.49792 -14.9768 1.90735e-07
      vertex 4.49792 -14.9768 10.7
    endloop
  endfacet
  facet normal -0.881894 0.471448 0
    outer loop
      vertex 4.11362 -15.825 1.90735e-07
      vertex 4.26015 -15.5509 10.7
      vertex 4.26015 -15.5509 1.90735e-07
    endloop
  endfacet
  facet normal -0.881894 0.471448 0
    outer loop
      vertex 4.26015 -15.5509 10.7
      vertex 4.11362 -15.825 1.90735e-07
      vertex 4.11362 -15.825 10.7
    endloop
  endfacet
  facet normal -0.162886 -0.986645 0
    outer loop
      vertex 0.619999 -8.74064 1.90735e-07
      vertex 0.926679 -8.79127 10.7
      vertex 0.619999 -8.74064 10.7
    endloop
  endfacet
  facet normal -0.162886 -0.986645 -0
    outer loop
      vertex 0.926679 -8.79127 10.7
      vertex 0.619999 -8.74064 1.90735e-07
      vertex 0.926679 -8.79127 1.90735e-07
    endloop
  endfacet
  facet normal -0.995183 -0.0980382 0
    outer loop
      vertex 4.73983 -13.1393 1.90735e-07
      vertex 4.70936 -12.83 10.7
      vertex 4.70936 -12.83 1.90735e-07
    endloop
  endfacet
  facet normal -0.995183 -0.0980382 0
    outer loop
      vertex 4.70936 -12.83 10.7
      vertex 4.73983 -13.1393 1.90735e-07
      vertex 4.73983 -13.1393 10.7
    endloop
  endfacet
  facet normal 0.471333 0.881955 -0
    outer loop
      vertex -2.10087 -17.7101 1.90735e-07
      vertex -2.375 -17.5636 10.7
      vertex -2.10087 -17.7101 10.7
    endloop
  endfacet
  facet normal 0.471333 0.881955 0
    outer loop
      vertex -2.375 -17.5636 10.7
      vertex -2.10087 -17.7101 1.90735e-07
      vertex -2.375 -17.5636 1.90735e-07
    endloop
  endfacet
  facet normal -0.41276 0.91084 0
    outer loop
      vertex 2.10087 -17.7101 1.90735e-07
      vertex 1.81775 -17.8384 10.7
      vertex 2.10087 -17.7101 10.7
    endloop
  endfacet
  facet normal -0.41276 0.91084 0
    outer loop
      vertex 1.81775 -17.8384 10.7
      vertex 2.10087 -17.7101 1.90735e-07
      vertex 1.81775 -17.8384 1.90735e-07
    endloop
  endfacet
  facet normal -0.0980272 -0.995184 0
    outer loop
      vertex 0.310664 -8.71017 1.90735e-07
      vertex 0.619999 -8.74064 10.7
      vertex 0.310664 -8.71017 10.7
    endloop
  endfacet
  facet normal -0.0980272 -0.995184 -0
    outer loop
      vertex 0.619999 -8.74064 10.7
      vertex 0.310664 -8.71017 1.90735e-07
      vertex 0.619999 -8.74064 1.90735e-07
    endloop
  endfacet
  facet normal 0.290195 0.956968 -0
    outer loop
      vertex -1.22939 -18.0381 1.90735e-07
      vertex -1.52684 -17.9479 10.7
      vertex -1.22939 -18.0381 10.7
    endloop
  endfacet
  facet normal 0.290195 0.956968 0
    outer loop
      vertex -1.52684 -17.9479 10.7
      vertex -1.22939 -18.0381 1.90735e-07
      vertex -1.52684 -17.9479 1.90735e-07
    endloop
  endfacet
  facet normal 0.999465 -0.032715 0
    outer loop
      vertex -4.75 -13.45 10.7
      vertex -4.73983 -13.1393 1.90735e-07
      vertex -4.73983 -13.1393 10.7
    endloop
  endfacet
  facet normal 0.999465 -0.032715 0
    outer loop
      vertex -4.73983 -13.1393 1.90735e-07
      vertex -4.75 -13.45 10.7
      vertex -4.75 -13.45 1.90735e-07
    endloop
  endfacet
  facet normal 0.163105 0.986609 -0
    outer loop
      vertex -0.619999 -18.1594 1.90735e-07
      vertex -0.926679 -18.1087 10.7
      vertex -0.619999 -18.1594 10.7
    endloop
  endfacet
  facet normal 0.163105 0.986609 0
    outer loop
      vertex -0.926679 -18.1087 10.7
      vertex -0.619999 -18.1594 1.90735e-07
      vertex -0.926679 -18.1087 1.90735e-07
    endloop
  endfacet
  facet normal -0.22713 0.973864 0
    outer loop
      vertex 1.22939 -18.0381 1.90735e-07
      vertex 0.926679 -18.1087 10.7
      vertex 1.22939 -18.0381 10.7
    endloop
  endfacet
  facet normal -0.22713 0.973864 0
    outer loop
      vertex 0.926679 -18.1087 10.7
      vertex 1.22939 -18.0381 1.90735e-07
      vertex 0.926679 -18.1087 1.90735e-07
    endloop
  endfacet
  facet normal -0.935903 -0.352258 0
    outer loop
      vertex 4.49792 -11.9232 1.90735e-07
      vertex 4.38843 -11.6323 10.7
      vertex 4.38843 -11.6323 1.90735e-07
    endloop
  endfacet
  facet normal -0.935903 -0.352258 0
    outer loop
      vertex 4.38843 -11.6323 10.7
      vertex 4.49792 -11.9232 1.90735e-07
      vertex 4.49792 -11.9232 10.7
    endloop
  endfacet
  facet normal 0.812787 0.582561 0
    outer loop
      vertex -3.76843 -16.3416 10.7
      vertex -3.94948 -16.089 1.90735e-07
      vertex -3.94948 -16.089 10.7
    endloop
  endfacet
  facet normal 0.812787 0.582561 0
    outer loop
      vertex -3.94948 -16.089 1.90735e-07
      vertex -3.76843 -16.3416 10.7
      vertex -3.76843 -16.3416 1.90735e-07
    endloop
  endfacet
  facet normal -0.582576 0.812776 0
    outer loop
      vertex 2.89162 -17.2184 1.90735e-07
      vertex 2.63896 -17.3995 10.7
      vertex 2.89162 -17.2184 10.7
    endloop
  endfacet
  facet normal -0.582576 0.812776 0
    outer loop
      vertex 2.63896 -17.3995 10.7
      vertex 2.89162 -17.2184 1.90735e-07
      vertex 2.63896 -17.3995 1.90735e-07
    endloop
  endfacet
  facet normal -0.471408 -0.881915 0
    outer loop
      vertex 2.10087 -9.18985 1.90735e-07
      vertex 2.375 -9.33638 10.7
      vertex 2.10087 -9.18985 10.7
    endloop
  endfacet
  facet normal -0.471408 -0.881915 -0
    outer loop
      vertex 2.375 -9.33638 10.7
      vertex 2.10087 -9.18985 1.90735e-07
      vertex 2.375 -9.33638 1.90735e-07
    endloop
  endfacet
  facet normal -0.973877 -0.227077 0
    outer loop
      vertex 4.65873 -12.5233 1.90735e-07
      vertex 4.58815 -12.2206 10.7
      vertex 4.58815 -12.2206 1.90735e-07
    endloop
  endfacet
  facet normal -0.973877 -0.227077 0
    outer loop
      vertex 4.58815 -12.2206 10.7
      vertex 4.65873 -12.5233 1.90735e-07
      vertex 4.65873 -12.5233 10.7
    endloop
  endfacet
  facet normal -0.812787 -0.582561 0
    outer loop
      vertex 3.94948 -10.811 1.90735e-07
      vertex 3.76843 -10.5584 10.7
      vertex 3.76843 -10.5584 1.90735e-07
    endloop
  endfacet
  facet normal -0.812787 -0.582561 0
    outer loop
      vertex 3.76843 -10.5584 10.7
      vertex 3.94948 -10.811 1.90735e-07
      vertex 3.94948 -10.811 10.7
    endloop
  endfacet
  facet normal 0.528066 -0.849203 0
    outer loop
      vertex -2.63896 -9.50052 1.90735e-07
      vertex -2.375 -9.33638 10.7
      vertex -2.63896 -9.50052 10.7
    endloop
  endfacet
  facet normal 0.528066 -0.849203 0
    outer loop
      vertex -2.375 -9.33638 10.7
      vertex -2.63896 -9.50052 1.90735e-07
      vertex -2.375 -9.33638 1.90735e-07
    endloop
  endfacet
  facet normal 0.999465 0.032715 0
    outer loop
      vertex -4.73983 -13.7607 10.7
      vertex -4.75 -13.45 1.90735e-07
      vertex -4.75 -13.45 10.7
    endloop
  endfacet
  facet normal 0.999465 0.032715 0
    outer loop
      vertex -4.75 -13.45 1.90735e-07
      vertex -4.73983 -13.7607 10.7
      vertex -4.73983 -13.7607 1.90735e-07
    endloop
  endfacet
  facet normal 0.352276 0.935896 -0
    outer loop
      vertex -1.52684 -17.9479 1.90735e-07
      vertex -1.81775 -17.8384 10.7
      vertex -1.52684 -17.9479 10.7
    endloop
  endfacet
  facet normal 0.352276 0.935896 0
    outer loop
      vertex -1.81775 -17.8384 10.7
      vertex -1.52684 -17.9479 1.90735e-07
      vertex -1.81775 -17.8384 1.90735e-07
    endloop
  endfacet
  facet normal 0.881894 0.471448 0
    outer loop
      vertex -4.11362 -15.825 10.7
      vertex -4.26015 -15.5509 1.90735e-07
      vertex -4.26015 -15.5509 10.7
    endloop
  endfacet
  facet normal 0.881894 0.471448 0
    outer loop
      vertex -4.26015 -15.5509 1.90735e-07
      vertex -4.11362 -15.825 10.7
      vertex -4.11362 -15.825 1.90735e-07
    endloop
  endfacet
  facet normal -0.812787 0.582561 0
    outer loop
      vertex 3.76843 -16.3416 1.90735e-07
      vertex 3.94948 -16.089 10.7
      vertex 3.94948 -16.089 1.90735e-07
    endloop
  endfacet
  facet normal -0.812787 0.582561 0
    outer loop
      vertex 3.94948 -16.089 10.7
      vertex 3.76843 -16.3416 1.90735e-07
      vertex 3.76843 -16.3416 10.7
    endloop
  endfacet
  facet normal -0.935903 0.352258 0
    outer loop
      vertex 4.38843 -15.2677 1.90735e-07
      vertex 4.49792 -14.9768 10.7
      vertex 4.49792 -14.9768 1.90735e-07
    endloop
  endfacet
  facet normal -0.935903 0.352258 0
    outer loop
      vertex 4.49792 -14.9768 10.7
      vertex 4.38843 -15.2677 1.90735e-07
      vertex 4.38843 -15.2677 10.7
    endloop
  endfacet
  facet normal 0.527973 0.849261 -0
    outer loop
      vertex -2.375 -17.5636 1.90735e-07
      vertex -2.63896 -17.3995 10.7
      vertex -2.375 -17.5636 10.7
    endloop
  endfacet
  facet normal 0.527973 0.849261 0
    outer loop
      vertex -2.63896 -17.3995 10.7
      vertex -2.375 -17.5636 1.90735e-07
      vertex -2.63896 -17.3995 1.90735e-07
    endloop
  endfacet
  facet normal -0.471333 0.881955 0
    outer loop
      vertex 2.375 -17.5636 1.90735e-07
      vertex 2.10087 -17.7101 10.7
      vertex 2.375 -17.5636 10.7
    endloop
  endfacet
  facet normal -0.471333 0.881955 0
    outer loop
      vertex 2.10087 -17.7101 10.7
      vertex 2.375 -17.5636 1.90735e-07
      vertex 2.10087 -17.7101 1.90735e-07
    endloop
  endfacet
  facet normal 0.162886 -0.986645 0
    outer loop
      vertex -0.926679 -8.79127 1.90735e-07
      vertex -0.619999 -8.74064 10.7
      vertex -0.926679 -8.79127 10.7
    endloop
  endfacet
  facet normal 0.162886 -0.986645 0
    outer loop
      vertex -0.619999 -8.74064 10.7
      vertex -0.926679 -8.79127 1.90735e-07
      vertex -0.619999 -8.74064 1.90735e-07
    endloop
  endfacet
  facet normal -0.986647 0.162876 0
    outer loop
      vertex 4.65873 -14.3767 1.90735e-07
      vertex 4.70936 -14.07 10.7
      vertex 4.70936 -14.07 1.90735e-07
    endloop
  endfacet
  facet normal -0.986647 0.162876 0
    outer loop
      vertex 4.70936 -14.07 10.7
      vertex 4.65873 -14.3767 1.90735e-07
      vertex 4.65873 -14.3767 10.7
    endloop
  endfacet
  facet normal 0.849239 0.528008 0
    outer loop
      vertex -3.94948 -16.089 10.7
      vertex -4.11362 -15.825 1.90735e-07
      vertex -4.11362 -15.825 10.7
    endloop
  endfacet
  facet normal 0.849239 0.528008 0
    outer loop
      vertex -4.11362 -15.825 1.90735e-07
      vertex -3.94948 -16.089 10.7
      vertex -3.94948 -16.089 1.90735e-07
    endloop
  endfacet
  facet normal -0.0328152 0.999461 0
    outer loop
      vertex 0.310664 -18.1898 1.90735e-07
      vertex 0 -18.2 10.7
      vertex 0.310664 -18.1898 10.7
    endloop
  endfacet
  facet normal -0.0328152 0.999461 0
    outer loop
      vertex 0 -18.2 10.7
      vertex 0.310664 -18.1898 1.90735e-07
      vertex 0 -18.2 1.90735e-07
    endloop
  endfacet
  facet normal -0.163105 0.986609 0
    outer loop
      vertex 0.926679 -18.1087 1.90735e-07
      vertex 0.619999 -18.1594 10.7
      vertex 0.926679 -18.1087 10.7
    endloop
  endfacet
  facet normal -0.163105 0.986609 0
    outer loop
      vertex 0.619999 -18.1594 10.7
      vertex 0.926679 -18.1087 1.90735e-07
      vertex 0.619999 -18.1594 1.90735e-07
    endloop
  endfacet
  facet normal 0.471408 -0.881915 0
    outer loop
      vertex -2.375 -9.33638 1.90735e-07
      vertex -2.10087 -9.18985 10.7
      vertex -2.375 -9.33638 10.7
    endloop
  endfacet
  facet normal 0.471408 -0.881915 0
    outer loop
      vertex -2.10087 -9.18985 10.7
      vertex -2.375 -9.33638 1.90735e-07
      vertex -2.10087 -9.18985 1.90735e-07
    endloop
  endfacet
  facet normal 0.812787 -0.582561 0
    outer loop
      vertex -3.94948 -10.811 10.7
      vertex -3.76843 -10.5584 1.90735e-07
      vertex -3.76843 -10.5584 10.7
    endloop
  endfacet
  facet normal 0.812787 -0.582561 0
    outer loop
      vertex -3.76843 -10.5584 1.90735e-07
      vertex -3.94948 -10.811 10.7
      vertex -3.94948 -10.811 1.90735e-07
    endloop
  endfacet
  facet normal 0.973877 -0.227077 0
    outer loop
      vertex -4.65873 -12.5233 10.7
      vertex -4.58815 -12.2206 1.90735e-07
      vertex -4.58815 -12.2206 10.7
    endloop
  endfacet
  facet normal 0.973877 -0.227077 0
    outer loop
      vertex -4.58815 -12.2206 1.90735e-07
      vertex -4.65873 -12.5233 10.7
      vertex -4.65873 -12.5233 1.90735e-07
    endloop
  endfacet
  facet normal 0.22713 0.973864 -0
    outer loop
      vertex -0.926679 -18.1087 1.90735e-07
      vertex -1.22939 -18.0381 10.7
      vertex -0.926679 -18.1087 10.7
    endloop
  endfacet
  facet normal 0.22713 0.973864 0
    outer loop
      vertex -1.22939 -18.0381 10.7
      vertex -0.926679 -18.1087 1.90735e-07
      vertex -1.22939 -18.0381 1.90735e-07
    endloop
  endfacet
  facet normal -0.412707 -0.910864 0
    outer loop
      vertex 1.81775 -9.06157 1.90735e-07
      vertex 2.10087 -9.18985 10.7
      vertex 1.81775 -9.06157 10.7
    endloop
  endfacet
  facet normal -0.412707 -0.910864 -0
    outer loop
      vertex 2.10087 -9.18985 10.7
      vertex 1.81775 -9.06157 1.90735e-07
      vertex 2.10087 -9.18985 1.90735e-07
    endloop
  endfacet
  facet normal 0.683443 0.730004 -0
    outer loop
      vertex -3.13189 -17.0212 1.90735e-07
      vertex -3.35876 -16.8088 10.7
      vertex -3.13189 -17.0212 10.7
    endloop
  endfacet
  facet normal 0.683443 0.730004 0
    outer loop
      vertex -3.35876 -16.8088 10.7
      vertex -3.13189 -17.0212 1.90735e-07
      vertex -3.35876 -16.8088 1.90735e-07
    endloop
  endfacet
  facet normal 0.986647 -0.162876 0
    outer loop
      vertex -4.70936 -12.83 10.7
      vertex -4.65873 -12.5233 1.90735e-07
      vertex -4.65873 -12.5233 10.7
    endloop
  endfacet
  facet normal 0.986647 -0.162876 0
    outer loop
      vertex -4.65873 -12.5233 1.90735e-07
      vertex -4.70936 -12.83 10.7
      vertex -4.70936 -12.83 1.90735e-07
    endloop
  endfacet
  facet normal -0.528066 -0.849203 0
    outer loop
      vertex 2.375 -9.33638 1.90735e-07
      vertex 2.63896 -9.50052 10.7
      vertex 2.375 -9.33638 10.7
    endloop
  endfacet
  facet normal -0.528066 -0.849203 -0
    outer loop
      vertex 2.63896 -9.50052 10.7
      vertex 2.375 -9.33638 1.90735e-07
      vertex 2.63896 -9.50052 1.90735e-07
    endloop
  endfacet
  facet normal -0.72992 0.683532 0
    outer loop
      vertex 3.35876 -16.8088 1.90735e-07
      vertex 3.57124 -16.5819 10.7
      vertex 3.57124 -16.5819 1.90735e-07
    endloop
  endfacet
  facet normal -0.72992 0.683532 0
    outer loop
      vertex 3.57124 -16.5819 10.7
      vertex 3.35876 -16.8088 1.90735e-07
      vertex 3.35876 -16.8088 10.7
    endloop
  endfacet
  facet normal 0.973877 0.227077 0
    outer loop
      vertex -4.58815 -14.6794 10.7
      vertex -4.65873 -14.3767 1.90735e-07
      vertex -4.65873 -14.3767 10.7
    endloop
  endfacet
  facet normal 0.973877 0.227077 0
    outer loop
      vertex -4.65873 -14.3767 1.90735e-07
      vertex -4.58815 -14.6794 10.7
      vertex -4.58815 -14.6794 1.90735e-07
    endloop
  endfacet
  facet normal -0.352248 -0.935907 0
    outer loop
      vertex 1.52684 -8.95208 1.90735e-07
      vertex 1.81775 -9.06157 10.7
      vertex 1.52684 -8.95208 10.7
    endloop
  endfacet
  facet normal -0.352248 -0.935907 -0
    outer loop
      vertex 1.81775 -9.06157 10.7
      vertex 1.52684 -8.95208 1.90735e-07
      vertex 1.81775 -9.06157 1.90735e-07
    endloop
  endfacet
  facet normal -0.634404 -0.773002 0
    outer loop
      vertex 2.89162 -9.68157 1.90735e-07
      vertex 3.13189 -9.87876 10.7
      vertex 2.89162 -9.68157 10.7
    endloop
  endfacet
  facet normal -0.634404 -0.773002 -0
    outer loop
      vertex 3.13189 -9.87876 10.7
      vertex 2.89162 -9.68157 1.90735e-07
      vertex 3.13189 -9.87876 1.90735e-07
    endloop
  endfacet
  facet normal 0.412707 -0.910864 0
    outer loop
      vertex -2.10087 -9.18985 1.90735e-07
      vertex -1.81775 -9.06157 10.7
      vertex -2.10087 -9.18985 10.7
    endloop
  endfacet
  facet normal 0.412707 -0.910864 0
    outer loop
      vertex -1.81775 -9.06157 10.7
      vertex -2.10087 -9.18985 1.90735e-07
      vertex -1.81775 -9.06157 1.90735e-07
    endloop
  endfacet
  facet normal 0.0327188 -0.999465 0
    outer loop
      vertex -0.310664 -8.71017 1.90735e-07
      vertex 0 -8.7 10.7
      vertex -0.310664 -8.71017 10.7
    endloop
  endfacet
  facet normal 0.0327188 -0.999465 0
    outer loop
      vertex 0 -8.7 10.7
      vertex -0.310664 -8.71017 1.90735e-07
      vertex 0 -8.7 1.90735e-07
    endloop
  endfacet
  facet normal 0.72992 -0.683532 0
    outer loop
      vertex -3.57124 -10.3181 10.7
      vertex -3.35876 -10.0912 1.90735e-07
      vertex -3.35876 -10.0912 10.7
    endloop
  endfacet
  facet normal 0.72992 -0.683532 0
    outer loop
      vertex -3.35876 -10.0912 1.90735e-07
      vertex -3.57124 -10.3181 10.7
      vertex -3.57124 -10.3181 1.90735e-07
    endloop
  endfacet
  facet normal 0.935903 -0.352258 0
    outer loop
      vertex -4.49792 -11.9232 10.7
      vertex -4.38843 -11.6323 1.90735e-07
      vertex -4.38843 -11.6323 10.7
    endloop
  endfacet
  facet normal 0.935903 -0.352258 0
    outer loop
      vertex -4.38843 -11.6323 1.90735e-07
      vertex -4.49792 -11.9232 10.7
      vertex -4.49792 -11.9232 1.90735e-07
    endloop
  endfacet
  facet normal 0.956927 -0.290328 0
    outer loop
      vertex -4.58815 -12.2206 10.7
      vertex -4.49792 -11.9232 1.90735e-07
      vertex -4.49792 -11.9232 10.7
    endloop
  endfacet
  facet normal 0.956927 -0.290328 0
    outer loop
      vertex -4.49792 -11.9232 1.90735e-07
      vertex -4.58815 -12.2206 10.7
      vertex -4.58815 -12.2206 1.90735e-07
    endloop
  endfacet
  facet normal 0.881894 -0.471448 0
    outer loop
      vertex -4.26015 -11.3491 10.7
      vertex -4.11362 -11.075 1.90735e-07
      vertex -4.11362 -11.075 10.7
    endloop
  endfacet
  facet normal 0.881894 -0.471448 0
    outer loop
      vertex -4.11362 -11.075 1.90735e-07
      vertex -4.26015 -11.3491 10.7
      vertex -4.26015 -11.3491 1.90735e-07
    endloop
  endfacet
  facet normal 0.910908 0.41261 0
    outer loop
      vertex -4.26015 -15.5509 10.7
      vertex -4.38843 -15.2677 1.90735e-07
      vertex -4.38843 -15.2677 10.7
    endloop
  endfacet
  facet normal 0.910908 0.41261 0
    outer loop
      vertex -4.38843 -15.2677 1.90735e-07
      vertex -4.26015 -15.5509 10.7
      vertex -4.26015 -15.5509 1.90735e-07
    endloop
  endfacet
  facet normal 0.68396 0.72952 -0
    outer loop
      vertex -16.8132 22.7824 1.90735e-07
      vertex -16.9445 22.9055 5
      vertex -16.8132 22.7824 5
    endloop
  endfacet
  facet normal 0.68396 0.72952 0
    outer loop
      vertex -16.9445 22.9055 5
      vertex -16.8132 22.7824 1.90735e-07
      vertex -16.9445 22.9055 1.90735e-07
    endloop
  endfacet
  facet normal -0.72952 0.68396 0
    outer loop
      vertex -13.0555 22.9055 1.90735e-07
      vertex -12.9324 23.0368 5
      vertex -12.9324 23.0368 1.90735e-07
    endloop
  endfacet
  facet normal -0.72952 0.68396 0
    outer loop
      vertex -12.9324 23.0368 5
      vertex -13.0555 22.9055 1.90735e-07
      vertex -13.0555 22.9055 5
    endloop
  endfacet
  facet normal 0.352341 0.935872 -0
    outer loop
      vertex -15.884 22.2459 1.90735e-07
      vertex -16.0524 22.3093 5
      vertex -15.884 22.2459 5
    endloop
  endfacet
  facet normal 0.352341 0.935872 0
    outer loop
      vertex -16.0524 22.3093 5
      vertex -15.884 22.2459 1.90735e-07
      vertex -16.0524 22.3093 1.90735e-07
    endloop
  endfacet
  facet normal -0.973845 0.227212 0
    outer loop
      vertex -12.3437 24.1382 1.90735e-07
      vertex -12.3028 24.3135 5
      vertex -12.3028 24.3135 1.90735e-07
    endloop
  endfacet
  facet normal -0.973845 0.227212 0
    outer loop
      vertex -12.3028 24.3135 5
      vertex -12.3437 24.1382 1.90735e-07
      vertex -12.3437 24.1382 5
    endloop
  endfacet
  facet normal -0.935872 0.352341 0
    outer loop
      vertex -12.4593 23.7976 1.90735e-07
      vertex -12.3959 23.966 5
      vertex -12.3959 23.966 1.90735e-07
    endloop
  endfacet
  facet normal -0.935872 0.352341 0
    outer loop
      vertex -12.3959 23.966 5
      vertex -12.4593 23.7976 1.90735e-07
      vertex -12.4593 23.7976 5
    endloop
  endfacet
  facet normal 0.881983 -0.47128 0
    outer loop
      vertex -17.4664 36.0663 5
      vertex -17.3816 36.225 1.90735e-07
      vertex -17.3816 36.225 5
    endloop
  endfacet
  facet normal 0.881983 -0.47128 0
    outer loop
      vertex -17.3816 36.225 1.90735e-07
      vertex -17.4664 36.0663 5
      vertex -17.4664 36.0663 1.90735e-07
    endloop
  endfacet
  facet normal -0.999463 0.0327784 0
    outer loop
      vertex -12.2559 24.6701 1.90735e-07
      vertex -12.25 24.85 5
      vertex -12.25 24.85 1.90735e-07
    endloop
  endfacet
  facet normal -0.999463 0.0327784 0
    outer loop
      vertex -12.25 24.85 5
      vertex -12.2559 24.6701 1.90735e-07
      vertex -12.2559 24.6701 5
    endloop
  endfacet
  facet normal -0.634206 0.773164 0
    outer loop
      vertex -13.1868 22.7824 1.90735e-07
      vertex -13.3259 22.6683 5
      vertex -13.1868 22.7824 5
    endloop
  endfacet
  facet normal -0.634206 0.773164 0
    outer loop
      vertex -13.3259 22.6683 5
      vertex -13.1868 22.7824 1.90735e-07
      vertex -13.3259 22.6683 1.90735e-07
    endloop
  endfacet
  facet normal 0.227212 0.973845 -0
    outer loop
      vertex -15.5365 22.1528 1.90735e-07
      vertex -15.7118 22.1937 5
      vertex -15.5365 22.1528 5
    endloop
  endfacet
  facet normal 0.227212 0.973845 0
    outer loop
      vertex -15.7118 22.1937 5
      vertex -15.5365 22.1528 1.90735e-07
      vertex -15.7118 22.1937 1.90735e-07
    endloop
  endfacet
  facet normal 0.995201 -0.0978522 0
    outer loop
      vertex -17.7441 35.0299 5
      vertex -17.7265 35.2089 1.90735e-07
      vertex -17.7265 35.2089 5
    endloop
  endfacet
  facet normal 0.995201 -0.0978522 0
    outer loop
      vertex -17.7265 35.2089 1.90735e-07
      vertex -17.7441 35.0299 5
      vertex -17.7441 35.0299 1.90735e-07
    endloop
  endfacet
  facet normal 0.162777 -0.986663 0
    outer loop
      vertex -15.5365 37.5472 1.90735e-07
      vertex -15.3589 37.5765 5
      vertex -15.5365 37.5472 5
    endloop
  endfacet
  facet normal 0.162777 -0.986663 0
    outer loop
      vertex -15.3589 37.5765 5
      vertex -15.5365 37.5472 1.90735e-07
      vertex -15.3589 37.5765 1.90735e-07
    endloop
  endfacet
  facet normal 0.352341 -0.935872 0
    outer loop
      vertex -16.0524 37.3907 1.90735e-07
      vertex -15.884 37.4541 5
      vertex -16.0524 37.3907 5
    endloop
  endfacet
  facet normal 0.352341 -0.935872 0
    outer loop
      vertex -15.884 37.4541 5
      vertex -16.0524 37.3907 1.90735e-07
      vertex -15.884 37.4541 1.90735e-07
    endloop
  endfacet
  facet normal -0.352341 0.935872 0
    outer loop
      vertex -13.9476 22.3093 1.90735e-07
      vertex -14.116 22.2459 5
      vertex -13.9476 22.3093 5
    endloop
  endfacet
  facet normal -0.352341 0.935872 0
    outer loop
      vertex -14.116 22.2459 5
      vertex -13.9476 22.3093 1.90735e-07
      vertex -14.116 22.2459 1.90735e-07
    endloop
  endfacet
  facet normal 0.162777 0.986663 -0
    outer loop
      vertex -15.3589 22.1235 1.90735e-07
      vertex -15.5365 22.1528 5
      vertex -15.3589 22.1235 5
    endloop
  endfacet
  facet normal 0.162777 0.986663 0
    outer loop
      vertex -15.5365 22.1528 5
      vertex -15.3589 22.1235 1.90735e-07
      vertex -15.5365 22.1528 1.90735e-07
    endloop
  endfacet
  facet normal 0.634206 -0.773164 0
    outer loop
      vertex -16.8132 36.9176 1.90735e-07
      vertex -16.6741 37.0317 5
      vertex -16.8132 36.9176 5
    endloop
  endfacet
  facet normal 0.634206 -0.773164 0
    outer loop
      vertex -16.6741 37.0317 5
      vertex -16.8132 36.9176 1.90735e-07
      vertex -16.6741 37.0317 1.90735e-07
    endloop
  endfacet
  facet normal -0.881983 -0.47128 0
    outer loop
      vertex -12.5336 36.0663 1.90735e-07
      vertex -12.6184 36.225 5
      vertex -12.6184 36.225 1.90735e-07
    endloop
  endfacet
  facet normal -0.881983 -0.47128 0
    outer loop
      vertex -12.6184 36.225 5
      vertex -12.5336 36.0663 1.90735e-07
      vertex -12.5336 36.0663 5
    endloop
  endfacet
  facet normal -0.773164 0.634206 0
    outer loop
      vertex -12.9324 23.0368 1.90735e-07
      vertex -12.8183 23.1759 5
      vertex -12.8183 23.1759 1.90735e-07
    endloop
  endfacet
  facet normal -0.773164 0.634206 0
    outer loop
      vertex -12.8183 23.1759 5
      vertex -12.9324 23.0368 1.90735e-07
      vertex -12.9324 23.0368 5
    endloop
  endfacet
  facet normal 0.956996 0.2901 0
    outer loop
      vertex -17.6041 23.966 5
      vertex -17.6563 24.1382 1.90735e-07
      vertex -17.6563 24.1382 5
    endloop
  endfacet
  facet normal 0.956996 0.2901 0
    outer loop
      vertex -17.6563 24.1382 1.90735e-07
      vertex -17.6041 23.966 5
      vertex -17.6041 23.966 1.90735e-07
    endloop
  endfacet
  facet normal 0.973845 0.227212 0
    outer loop
      vertex -17.6563 24.1382 5
      vertex -17.6972 24.3135 1.90735e-07
      vertex -17.6972 24.3135 5
    endloop
  endfacet
  facet normal 0.973845 0.227212 0
    outer loop
      vertex -17.6972 24.3135 1.90735e-07
      vertex -17.6563 24.1382 5
      vertex -17.6563 24.1382 1.90735e-07
    endloop
  endfacet
  facet normal -0.582341 0.812944 0
    outer loop
      vertex -13.3259 22.6683 1.90735e-07
      vertex -13.4722 22.5635 5
      vertex -13.3259 22.6683 5
    endloop
  endfacet
  facet normal -0.582341 0.812944 0
    outer loop
      vertex -13.4722 22.5635 5
      vertex -13.3259 22.6683 1.90735e-07
      vertex -13.4722 22.5635 1.90735e-07
    endloop
  endfacet
  facet normal 0.773164 -0.634206 0
    outer loop
      vertex -17.1817 36.5241 5
      vertex -17.0676 36.6632 1.90735e-07
      vertex -17.0676 36.6632 5
    endloop
  endfacet
  facet normal 0.773164 -0.634206 0
    outer loop
      vertex -17.0676 36.6632 1.90735e-07
      vertex -17.1817 36.5241 5
      vertex -17.1817 36.5241 1.90735e-07
    endloop
  endfacet
  facet normal -0.848996 0.5284 0
    outer loop
      vertex -12.7135 23.3222 1.90735e-07
      vertex -12.6184 23.475 5
      vertex -12.6184 23.475 1.90735e-07
    endloop
  endfacet
  facet normal -0.848996 0.5284 0
    outer loop
      vertex -12.6184 23.475 5
      vertex -12.7135 23.3222 1.90735e-07
      vertex -12.7135 23.3222 5
    endloop
  endfacet
  facet normal 0.5284 -0.848996 0
    outer loop
      vertex -16.5278 37.1365 1.90735e-07
      vertex -16.375 37.2316 5
      vertex -16.5278 37.1365 5
    endloop
  endfacet
  facet normal 0.5284 -0.848996 0
    outer loop
      vertex -16.375 37.2316 5
      vertex -16.5278 37.1365 1.90735e-07
      vertex -16.375 37.2316 1.90735e-07
    endloop
  endfacet
  facet normal -0.812944 0.582341 0
    outer loop
      vertex -12.8183 23.1759 1.90735e-07
      vertex -12.7135 23.3222 5
      vertex -12.7135 23.3222 1.90735e-07
    endloop
  endfacet
  facet normal -0.812944 0.582341 0
    outer loop
      vertex -12.7135 23.3222 5
      vertex -12.8183 23.1759 1.90735e-07
      vertex -12.8183 23.1759 5
    endloop
  endfacet
  facet normal -1 0 0
    outer loop
      vertex -12.25 24.85 1.90735e-07
      vertex -12.25 34.85 5
      vertex -12.25 34.85 1.90735e-07
    endloop
  endfacet
  facet normal -1 -0 0
    outer loop
      vertex -12.25 34.85 5
      vertex -12.25 24.85 1.90735e-07
      vertex -12.25 24.85 5
    endloop
  endfacet
  facet normal 0.634206 0.773164 -0
    outer loop
      vertex -16.6741 22.6683 1.90735e-07
      vertex -16.8132 22.7824 5
      vertex -16.6741 22.6683 5
    endloop
  endfacet
  facet normal 0.634206 0.773164 0
    outer loop
      vertex -16.8132 22.7824 5
      vertex -16.6741 22.6683 1.90735e-07
      vertex -16.8132 22.7824 1.90735e-07
    endloop
  endfacet
  facet normal -0.68396 0.72952 0
    outer loop
      vertex -13.0555 22.9055 1.90735e-07
      vertex -13.1868 22.7824 5
      vertex -13.0555 22.9055 5
    endloop
  endfacet
  facet normal -0.68396 0.72952 0
    outer loop
      vertex -13.1868 22.7824 5
      vertex -13.0555 22.9055 1.90735e-07
      vertex -13.1868 22.7824 1.90735e-07
    endloop
  endfacet
  facet normal 0.986663 0.162777 0
    outer loop
      vertex -17.6972 24.3135 5
      vertex -17.7265 24.4911 1.90735e-07
      vertex -17.7265 24.4911 5
    endloop
  endfacet
  facet normal 0.986663 0.162777 0
    outer loop
      vertex -17.7265 24.4911 1.90735e-07
      vertex -17.6972 24.3135 5
      vertex -17.6972 24.3135 1.90735e-07
    endloop
  endfacet
  facet normal 0.935872 0.352341 0
    outer loop
      vertex -17.5407 23.7976 5
      vertex -17.6041 23.966 1.90735e-07
      vertex -17.6041 23.966 5
    endloop
  endfacet
  facet normal 0.935872 0.352341 0
    outer loop
      vertex -17.6041 23.966 1.90735e-07
      vertex -17.5407 23.7976 5
      vertex -17.5407 23.7976 1.90735e-07
    endloop
  endfacet
  facet normal -0.47128 -0.881983 0
    outer loop
      vertex -13.7837 37.3164 1.90735e-07
      vertex -13.625 37.2316 5
      vertex -13.7837 37.3164 5
    endloop
  endfacet
  facet normal -0.47128 -0.881983 -0
    outer loop
      vertex -13.625 37.2316 5
      vertex -13.7837 37.3164 1.90735e-07
      vertex -13.625 37.2316 1.90735e-07
    endloop
  endfacet
  facet normal -0.47128 0.881983 0
    outer loop
      vertex -13.625 22.4684 1.90735e-07
      vertex -13.7837 22.3836 5
      vertex -13.625 22.4684 5
    endloop
  endfacet
  facet normal -0.47128 0.881983 0
    outer loop
      vertex -13.7837 22.3836 5
      vertex -13.625 22.4684 1.90735e-07
      vertex -13.7837 22.3836 1.90735e-07
    endloop
  endfacet
  facet normal -0.973845 -0.227212 0
    outer loop
      vertex -12.3028 35.3865 1.90735e-07
      vertex -12.3437 35.5618 5
      vertex -12.3437 35.5618 1.90735e-07
    endloop
  endfacet
  facet normal -0.973845 -0.227212 0
    outer loop
      vertex -12.3437 35.5618 5
      vertex -12.3028 35.3865 1.90735e-07
      vertex -12.3028 35.3865 5
    endloop
  endfacet
  facet normal 0.999463 -0.0327784 0
    outer loop
      vertex -17.75 34.85 5
      vertex -17.7441 35.0299 1.90735e-07
      vertex -17.7441 35.0299 5
    endloop
  endfacet
  facet normal 0.999463 -0.0327784 0
    outer loop
      vertex -17.7441 35.0299 1.90735e-07
      vertex -17.75 34.85 5
      vertex -17.75 34.85 1.90735e-07
    endloop
  endfacet
  facet normal 0.910785 -0.412882 0
    outer loop
      vertex -17.5407 35.9024 5
      vertex -17.4664 36.0663 1.90735e-07
      vertex -17.4664 36.0663 5
    endloop
  endfacet
  facet normal 0.910785 -0.412882 0
    outer loop
      vertex -17.4664 36.0663 1.90735e-07
      vertex -17.5407 35.9024 5
      vertex -17.5407 35.9024 1.90735e-07
    endloop
  endfacet
  facet normal 0.935872 -0.352341 0
    outer loop
      vertex -17.6041 35.734 5
      vertex -17.5407 35.9024 1.90735e-07
      vertex -17.5407 35.9024 5
    endloop
  endfacet
  facet normal 0.935872 -0.352341 0
    outer loop
      vertex -17.5407 35.9024 1.90735e-07
      vertex -17.6041 35.734 5
      vertex -17.6041 35.734 1.90735e-07
    endloop
  endfacet
  facet normal 0.0327784 -0.999463 0
    outer loop
      vertex -15.1799 37.5941 1.90735e-07
      vertex -15 37.6 5
      vertex -15.1799 37.5941 5
    endloop
  endfacet
  facet normal 0.0327784 -0.999463 0
    outer loop
      vertex -15 37.6 5
      vertex -15.1799 37.5941 1.90735e-07
      vertex -15 37.6 1.90735e-07
    endloop
  endfacet
  facet normal 0.72952 -0.68396 0
    outer loop
      vertex -17.0676 36.6632 5
      vertex -16.9445 36.7945 1.90735e-07
      vertex -16.9445 36.7945 5
    endloop
  endfacet
  facet normal 0.72952 -0.68396 0
    outer loop
      vertex -16.9445 36.7945 1.90735e-07
      vertex -17.0676 36.6632 5
      vertex -17.0676 36.6632 1.90735e-07
    endloop
  endfacet
  facet normal 0.995201 0.0978522 0
    outer loop
      vertex -17.7265 24.4911 5
      vertex -17.7441 24.6701 1.90735e-07
      vertex -17.7441 24.6701 5
    endloop
  endfacet
  facet normal 0.995201 0.0978522 0
    outer loop
      vertex -17.7441 24.6701 1.90735e-07
      vertex -17.7265 24.4911 5
      vertex -17.7265 24.4911 1.90735e-07
    endloop
  endfacet
  facet normal 0.973845 -0.227212 0
    outer loop
      vertex -17.6972 35.3865 5
      vertex -17.6563 35.5618 1.90735e-07
      vertex -17.6563 35.5618 5
    endloop
  endfacet
  facet normal 0.973845 -0.227212 0
    outer loop
      vertex -17.6563 35.5618 1.90735e-07
      vertex -17.6972 35.3865 5
      vertex -17.6972 35.3865 1.90735e-07
    endloop
  endfacet
  facet normal -0.773164 -0.634206 0
    outer loop
      vertex -12.8183 36.5241 1.90735e-07
      vertex -12.9324 36.6632 5
      vertex -12.9324 36.6632 1.90735e-07
    endloop
  endfacet
  facet normal -0.773164 -0.634206 0
    outer loop
      vertex -12.9324 36.6632 5
      vertex -12.8183 36.5241 1.90735e-07
      vertex -12.8183 36.5241 5
    endloop
  endfacet
  facet normal -0.995201 0.0978522 0
    outer loop
      vertex -12.2735 24.4911 1.90735e-07
      vertex -12.2559 24.6701 5
      vertex -12.2559 24.6701 1.90735e-07
    endloop
  endfacet
  facet normal -0.995201 0.0978522 0
    outer loop
      vertex -12.2559 24.6701 5
      vertex -12.2735 24.4911 1.90735e-07
      vertex -12.2735 24.4911 5
    endloop
  endfacet
  facet normal -0.68396 -0.72952 0
    outer loop
      vertex -13.1868 36.9176 1.90735e-07
      vertex -13.0555 36.7945 5
      vertex -13.1868 36.9176 5
    endloop
  endfacet
  facet normal -0.68396 -0.72952 -0
    outer loop
      vertex -13.0555 36.7945 5
      vertex -13.1868 36.9176 1.90735e-07
      vertex -13.0555 36.7945 1.90735e-07
    endloop
  endfacet
  facet normal 0.812944 0.582341 0
    outer loop
      vertex -17.1817 23.1759 5
      vertex -17.2865 23.3222 1.90735e-07
      vertex -17.2865 23.3222 5
    endloop
  endfacet
  facet normal 0.812944 0.582341 0
    outer loop
      vertex -17.2865 23.3222 1.90735e-07
      vertex -17.1817 23.1759 5
      vertex -17.1817 23.1759 1.90735e-07
    endloop
  endfacet
  facet normal 1 -0 0
    outer loop
      vertex -17.75 24.85 5
      vertex -17.75 34.85 1.90735e-07
      vertex -17.75 34.85 5
    endloop
  endfacet
  facet normal 1 0 0
    outer loop
      vertex -17.75 34.85 1.90735e-07
      vertex -17.75 24.85 5
      vertex -17.75 24.85 1.90735e-07
    endloop
  endfacet
  facet normal 0.2901 -0.956996 0
    outer loop
      vertex -15.884 37.4541 1.90735e-07
      vertex -15.7118 37.5063 5
      vertex -15.884 37.4541 5
    endloop
  endfacet
  facet normal 0.2901 -0.956996 0
    outer loop
      vertex -15.7118 37.5063 5
      vertex -15.884 37.4541 1.90735e-07
      vertex -15.7118 37.5063 1.90735e-07
    endloop
  endfacet
  facet normal 0.2901 0.956996 -0
    outer loop
      vertex -15.7118 22.1937 1.90735e-07
      vertex -15.884 22.2459 5
      vertex -15.7118 22.1937 5
    endloop
  endfacet
  facet normal 0.2901 0.956996 0
    outer loop
      vertex -15.884 22.2459 5
      vertex -15.7118 22.1937 1.90735e-07
      vertex -15.884 22.2459 1.90735e-07
    endloop
  endfacet
  facet normal -0.0327784 -0.999463 0
    outer loop
      vertex -15 37.6 1.90735e-07
      vertex -14.8201 37.5941 5
      vertex -15 37.6 5
    endloop
  endfacet
  facet normal -0.0327784 -0.999463 -0
    outer loop
      vertex -14.8201 37.5941 5
      vertex -15 37.6 1.90735e-07
      vertex -14.8201 37.5941 1.90735e-07
    endloop
  endfacet
  facet normal -0.986663 -0.162777 0
    outer loop
      vertex -12.2735 35.2089 1.90735e-07
      vertex -12.3028 35.3865 5
      vertex -12.3028 35.3865 1.90735e-07
    endloop
  endfacet
  facet normal -0.986663 -0.162777 0
    outer loop
      vertex -12.3028 35.3865 5
      vertex -12.2735 35.2089 1.90735e-07
      vertex -12.2735 35.2089 5
    endloop
  endfacet
  facet normal 0.0978522 -0.995201 0
    outer loop
      vertex -15.3589 37.5765 1.90735e-07
      vertex -15.1799 37.5941 5
      vertex -15.3589 37.5765 5
    endloop
  endfacet
  facet normal 0.0978522 -0.995201 0
    outer loop
      vertex -15.1799 37.5941 5
      vertex -15.3589 37.5765 1.90735e-07
      vertex -15.1799 37.5941 1.90735e-07
    endloop
  endfacet
  facet normal -0.5284 -0.848996 0
    outer loop
      vertex -13.625 37.2316 1.90735e-07
      vertex -13.4722 37.1365 5
      vertex -13.625 37.2316 5
    endloop
  endfacet
  facet normal -0.5284 -0.848996 -0
    outer loop
      vertex -13.4722 37.1365 5
      vertex -13.625 37.2316 1.90735e-07
      vertex -13.4722 37.1365 1.90735e-07
    endloop
  endfacet
  facet normal -0.956996 -0.2901 0
    outer loop
      vertex -12.3437 35.5618 1.90735e-07
      vertex -12.3959 35.734 5
      vertex -12.3959 35.734 1.90735e-07
    endloop
  endfacet
  facet normal -0.956996 -0.2901 0
    outer loop
      vertex -12.3959 35.734 5
      vertex -12.3437 35.5618 1.90735e-07
      vertex -12.3437 35.5618 5
    endloop
  endfacet
  facet normal 0.812944 -0.582341 0
    outer loop
      vertex -17.2865 36.3778 5
      vertex -17.1817 36.5241 1.90735e-07
      vertex -17.1817 36.5241 5
    endloop
  endfacet
  facet normal 0.812944 -0.582341 0
    outer loop
      vertex -17.1817 36.5241 1.90735e-07
      vertex -17.2865 36.3778 5
      vertex -17.2865 36.3778 1.90735e-07
    endloop
  endfacet
  facet normal -0.910785 0.412882 0
    outer loop
      vertex -12.5336 23.6337 1.90735e-07
      vertex -12.4593 23.7976 5
      vertex -12.4593 23.7976 1.90735e-07
    endloop
  endfacet
  facet normal -0.910785 0.412882 0
    outer loop
      vertex -12.4593 23.7976 5
      vertex -12.5336 23.6337 1.90735e-07
      vertex -12.5336 23.6337 5
    endloop
  endfacet
  facet normal -0.881983 0.47128 0
    outer loop
      vertex -12.6184 23.475 1.90735e-07
      vertex -12.5336 23.6337 5
      vertex -12.5336 23.6337 1.90735e-07
    endloop
  endfacet
  facet normal -0.881983 0.47128 0
    outer loop
      vertex -12.5336 23.6337 5
      vertex -12.6184 23.475 1.90735e-07
      vertex -12.6184 23.475 5
    endloop
  endfacet
  facet normal -0.910785 -0.412882 0
    outer loop
      vertex -12.4593 35.9024 1.90735e-07
      vertex -12.5336 36.0663 5
      vertex -12.5336 36.0663 1.90735e-07
    endloop
  endfacet
  facet normal -0.910785 -0.412882 0
    outer loop
      vertex -12.5336 36.0663 5
      vertex -12.4593 35.9024 1.90735e-07
      vertex -12.4593 35.9024 5
    endloop
  endfacet
  facet normal -0.0978522 0.995201 0
    outer loop
      vertex -14.6411 22.1235 1.90735e-07
      vertex -14.8201 22.1059 5
      vertex -14.6411 22.1235 5
    endloop
  endfacet
  facet normal -0.0978522 0.995201 0
    outer loop
      vertex -14.8201 22.1059 5
      vertex -14.6411 22.1235 1.90735e-07
      vertex -14.8201 22.1059 1.90735e-07
    endloop
  endfacet
  facet normal 0.227212 -0.973845 0
    outer loop
      vertex -15.7118 37.5063 1.90735e-07
      vertex -15.5365 37.5472 5
      vertex -15.7118 37.5063 5
    endloop
  endfacet
  facet normal 0.227212 -0.973845 0
    outer loop
      vertex -15.5365 37.5472 5
      vertex -15.7118 37.5063 1.90735e-07
      vertex -15.5365 37.5472 1.90735e-07
    endloop
  endfacet
  facet normal 0.956996 -0.2901 0
    outer loop
      vertex -17.6563 35.5618 5
      vertex -17.6041 35.734 1.90735e-07
      vertex -17.6041 35.734 5
    endloop
  endfacet
  facet normal 0.956996 -0.2901 0
    outer loop
      vertex -17.6041 35.734 1.90735e-07
      vertex -17.6563 35.5618 5
      vertex -17.6563 35.5618 1.90735e-07
    endloop
  endfacet
  facet normal 0.773164 0.634206 0
    outer loop
      vertex -17.0676 23.0368 5
      vertex -17.1817 23.1759 1.90735e-07
      vertex -17.1817 23.1759 5
    endloop
  endfacet
  facet normal 0.773164 0.634206 0
    outer loop
      vertex -17.1817 23.1759 1.90735e-07
      vertex -17.0676 23.0368 5
      vertex -17.0676 23.0368 1.90735e-07
    endloop
  endfacet
  facet normal -0.2901 -0.956996 0
    outer loop
      vertex -14.2882 37.5063 1.90735e-07
      vertex -14.116 37.4541 5
      vertex -14.2882 37.5063 5
    endloop
  endfacet
  facet normal -0.2901 -0.956996 -0
    outer loop
      vertex -14.116 37.4541 5
      vertex -14.2882 37.5063 1.90735e-07
      vertex -14.116 37.4541 1.90735e-07
    endloop
  endfacet
  facet normal -0.0978522 -0.995201 0
    outer loop
      vertex -14.8201 37.5941 1.90735e-07
      vertex -14.6411 37.5765 5
      vertex -14.8201 37.5941 5
    endloop
  endfacet
  facet normal -0.0978522 -0.995201 -0
    outer loop
      vertex -14.6411 37.5765 5
      vertex -14.8201 37.5941 1.90735e-07
      vertex -14.6411 37.5765 1.90735e-07
    endloop
  endfacet
  facet normal -0.995201 -0.0978522 0
    outer loop
      vertex -12.2559 35.0299 1.90735e-07
      vertex -12.2735 35.2089 5
      vertex -12.2735 35.2089 1.90735e-07
    endloop
  endfacet
  facet normal -0.995201 -0.0978522 0
    outer loop
      vertex -12.2735 35.2089 5
      vertex -12.2559 35.0299 1.90735e-07
      vertex -12.2559 35.0299 5
    endloop
  endfacet
  facet normal -0.2901 0.956996 0
    outer loop
      vertex -14.116 22.2459 1.90735e-07
      vertex -14.2882 22.1937 5
      vertex -14.116 22.2459 5
    endloop
  endfacet
  facet normal -0.2901 0.956996 0
    outer loop
      vertex -14.2882 22.1937 5
      vertex -14.116 22.2459 1.90735e-07
      vertex -14.2882 22.1937 1.90735e-07
    endloop
  endfacet
  facet normal -0.412882 -0.910785 0
    outer loop
      vertex -13.9476 37.3907 1.90735e-07
      vertex -13.7837 37.3164 5
      vertex -13.9476 37.3907 5
    endloop
  endfacet
  facet normal -0.412882 -0.910785 -0
    outer loop
      vertex -13.7837 37.3164 5
      vertex -13.9476 37.3907 1.90735e-07
      vertex -13.7837 37.3164 1.90735e-07
    endloop
  endfacet
  facet normal -0.986663 0.162777 0
    outer loop
      vertex -12.3028 24.3135 1.90735e-07
      vertex -12.2735 24.4911 5
      vertex -12.2735 24.4911 1.90735e-07
    endloop
  endfacet
  facet normal -0.986663 0.162777 0
    outer loop
      vertex -12.2735 24.4911 5
      vertex -12.3028 24.3135 1.90735e-07
      vertex -12.3028 24.3135 5
    endloop
  endfacet
  facet normal -0.935872 -0.352341 0
    outer loop
      vertex -12.3959 35.734 1.90735e-07
      vertex -12.4593 35.9024 5
      vertex -12.4593 35.9024 1.90735e-07
    endloop
  endfacet
  facet normal -0.935872 -0.352341 0
    outer loop
      vertex -12.4593 35.9024 5
      vertex -12.3959 35.734 1.90735e-07
      vertex -12.3959 35.734 5
    endloop
  endfacet
  facet normal -0.999463 -0.0327784 0
    outer loop
      vertex -12.25 34.85 1.90735e-07
      vertex -12.2559 35.0299 5
      vertex -12.2559 35.0299 1.90735e-07
    endloop
  endfacet
  facet normal -0.999463 -0.0327784 0
    outer loop
      vertex -12.2559 35.0299 5
      vertex -12.25 34.85 1.90735e-07
      vertex -12.25 34.85 5
    endloop
  endfacet
  facet normal 0.999463 0.0327784 0
    outer loop
      vertex -17.7441 24.6701 5
      vertex -17.75 24.85 1.90735e-07
      vertex -17.75 24.85 5
    endloop
  endfacet
  facet normal 0.999463 0.0327784 0
    outer loop
      vertex -17.75 24.85 1.90735e-07
      vertex -17.7441 24.6701 5
      vertex -17.7441 24.6701 1.90735e-07
    endloop
  endfacet
  facet normal -0.352341 -0.935872 0
    outer loop
      vertex -14.116 37.4541 1.90735e-07
      vertex -13.9476 37.3907 5
      vertex -14.116 37.4541 5
    endloop
  endfacet
  facet normal -0.352341 -0.935872 -0
    outer loop
      vertex -13.9476 37.3907 5
      vertex -14.116 37.4541 1.90735e-07
      vertex -13.9476 37.3907 1.90735e-07
    endloop
  endfacet
  facet normal -0.956996 0.2901 0
    outer loop
      vertex -12.3959 23.966 1.90735e-07
      vertex -12.3437 24.1382 5
      vertex -12.3437 24.1382 1.90735e-07
    endloop
  endfacet
  facet normal -0.956996 0.2901 0
    outer loop
      vertex -12.3437 24.1382 5
      vertex -12.3959 23.966 1.90735e-07
      vertex -12.3959 23.966 5
    endloop
  endfacet
  facet normal 0.68396 -0.72952 0
    outer loop
      vertex -16.9445 36.7945 1.90735e-07
      vertex -16.8132 36.9176 5
      vertex -16.9445 36.7945 5
    endloop
  endfacet
  facet normal 0.68396 -0.72952 0
    outer loop
      vertex -16.8132 36.9176 5
      vertex -16.9445 36.7945 1.90735e-07
      vertex -16.8132 36.9176 1.90735e-07
    endloop
  endfacet
  facet normal 0.5284 0.848996 -0
    outer loop
      vertex -16.375 22.4684 1.90735e-07
      vertex -16.5278 22.5635 5
      vertex -16.375 22.4684 5
    endloop
  endfacet
  facet normal 0.5284 0.848996 0
    outer loop
      vertex -16.5278 22.5635 5
      vertex -16.375 22.4684 1.90735e-07
      vertex -16.5278 22.5635 1.90735e-07
    endloop
  endfacet
  facet normal 0.848996 -0.5284 0
    outer loop
      vertex -17.3816 36.225 5
      vertex -17.2865 36.3778 1.90735e-07
      vertex -17.2865 36.3778 5
    endloop
  endfacet
  facet normal 0.848996 -0.5284 0
    outer loop
      vertex -17.2865 36.3778 1.90735e-07
      vertex -17.3816 36.225 5
      vertex -17.3816 36.225 1.90735e-07
    endloop
  endfacet
  facet normal -0.812944 -0.582341 0
    outer loop
      vertex -12.7135 36.3778 1.90735e-07
      vertex -12.8183 36.5241 5
      vertex -12.8183 36.5241 1.90735e-07
    endloop
  endfacet
  facet normal -0.812944 -0.582341 0
    outer loop
      vertex -12.8183 36.5241 5
      vertex -12.7135 36.3778 1.90735e-07
      vertex -12.7135 36.3778 5
    endloop
  endfacet
  facet normal -0.5284 0.848996 0
    outer loop
      vertex -13.4722 22.5635 1.90735e-07
      vertex -13.625 22.4684 5
      vertex -13.4722 22.5635 5
    endloop
  endfacet
  facet normal -0.5284 0.848996 0
    outer loop
      vertex -13.625 22.4684 5
      vertex -13.4722 22.5635 1.90735e-07
      vertex -13.625 22.4684 1.90735e-07
    endloop
  endfacet
  facet normal 0.0327784 0.999463 -0
    outer loop
      vertex -15 22.1 1.90735e-07
      vertex -15.1799 22.1059 5
      vertex -15 22.1 5
    endloop
  endfacet
  facet normal 0.0327784 0.999463 0
    outer loop
      vertex -15.1799 22.1059 5
      vertex -15 22.1 1.90735e-07
      vertex -15.1799 22.1059 1.90735e-07
    endloop
  endfacet
  facet normal 0.582341 0.812944 -0
    outer loop
      vertex -16.5278 22.5635 1.90735e-07
      vertex -16.6741 22.6683 5
      vertex -16.5278 22.5635 5
    endloop
  endfacet
  facet normal 0.582341 0.812944 0
    outer loop
      vertex -16.6741 22.6683 5
      vertex -16.5278 22.5635 1.90735e-07
      vertex -16.6741 22.6683 1.90735e-07
    endloop
  endfacet
  facet normal 0.910785 0.412882 0
    outer loop
      vertex -17.4664 23.6337 5
      vertex -17.5407 23.7976 1.90735e-07
      vertex -17.5407 23.7976 5
    endloop
  endfacet
  facet normal 0.910785 0.412882 0
    outer loop
      vertex -17.5407 23.7976 1.90735e-07
      vertex -17.4664 23.6337 5
      vertex -17.4664 23.6337 1.90735e-07
    endloop
  endfacet
  facet normal -0.634206 -0.773164 0
    outer loop
      vertex -13.3259 37.0317 1.90735e-07
      vertex -13.1868 36.9176 5
      vertex -13.3259 37.0317 5
    endloop
  endfacet
  facet normal -0.634206 -0.773164 -0
    outer loop
      vertex -13.1868 36.9176 5
      vertex -13.3259 37.0317 1.90735e-07
      vertex -13.1868 36.9176 1.90735e-07
    endloop
  endfacet
  facet normal -0.162777 0.986663 0
    outer loop
      vertex -14.4635 22.1528 1.90735e-07
      vertex -14.6411 22.1235 5
      vertex -14.4635 22.1528 5
    endloop
  endfacet
  facet normal -0.162777 0.986663 0
    outer loop
      vertex -14.6411 22.1235 5
      vertex -14.4635 22.1528 1.90735e-07
      vertex -14.6411 22.1235 1.90735e-07
    endloop
  endfacet
  facet normal 0.412882 -0.910785 0
    outer loop
      vertex -16.2163 37.3164 1.90735e-07
      vertex -16.0524 37.3907 5
      vertex -16.2163 37.3164 5
    endloop
  endfacet
  facet normal 0.412882 -0.910785 0
    outer loop
      vertex -16.0524 37.3907 5
      vertex -16.2163 37.3164 1.90735e-07
      vertex -16.0524 37.3907 1.90735e-07
    endloop
  endfacet
  facet normal 0.881983 0.47128 0
    outer loop
      vertex -17.3816 23.475 5
      vertex -17.4664 23.6337 1.90735e-07
      vertex -17.4664 23.6337 5
    endloop
  endfacet
  facet normal 0.881983 0.47128 0
    outer loop
      vertex -17.4664 23.6337 1.90735e-07
      vertex -17.3816 23.475 5
      vertex -17.3816 23.475 1.90735e-07
    endloop
  endfacet
  facet normal -0.412882 0.910785 0
    outer loop
      vertex -13.7837 22.3836 1.90735e-07
      vertex -13.9476 22.3093 5
      vertex -13.7837 22.3836 5
    endloop
  endfacet
  facet normal -0.412882 0.910785 0
    outer loop
      vertex -13.9476 22.3093 5
      vertex -13.7837 22.3836 1.90735e-07
      vertex -13.9476 22.3093 1.90735e-07
    endloop
  endfacet
  facet normal -0.227212 -0.973845 0
    outer loop
      vertex -14.4635 37.5472 1.90735e-07
      vertex -14.2882 37.5063 5
      vertex -14.4635 37.5472 5
    endloop
  endfacet
  facet normal -0.227212 -0.973845 -0
    outer loop
      vertex -14.2882 37.5063 5
      vertex -14.4635 37.5472 1.90735e-07
      vertex -14.2882 37.5063 1.90735e-07
    endloop
  endfacet
  facet normal -0.227212 0.973845 0
    outer loop
      vertex -14.2882 22.1937 1.90735e-07
      vertex -14.4635 22.1528 5
      vertex -14.2882 22.1937 5
    endloop
  endfacet
  facet normal -0.227212 0.973845 0
    outer loop
      vertex -14.4635 22.1528 5
      vertex -14.2882 22.1937 1.90735e-07
      vertex -14.4635 22.1528 1.90735e-07
    endloop
  endfacet
  facet normal -0.0327784 0.999463 0
    outer loop
      vertex -14.8201 22.1059 1.90735e-07
      vertex -15 22.1 5
      vertex -14.8201 22.1059 5
    endloop
  endfacet
  facet normal -0.0327784 0.999463 0
    outer loop
      vertex -15 22.1 5
      vertex -14.8201 22.1059 1.90735e-07
      vertex -15 22.1 1.90735e-07
    endloop
  endfacet
  facet normal 0.47128 0.881983 -0
    outer loop
      vertex -16.2163 22.3836 1.90735e-07
      vertex -16.375 22.4684 5
      vertex -16.2163 22.3836 5
    endloop
  endfacet
  facet normal 0.47128 0.881983 0
    outer loop
      vertex -16.375 22.4684 5
      vertex -16.2163 22.3836 1.90735e-07
      vertex -16.375 22.4684 1.90735e-07
    endloop
  endfacet
  facet normal 0.582341 -0.812944 0
    outer loop
      vertex -16.6741 37.0317 1.90735e-07
      vertex -16.5278 37.1365 5
      vertex -16.6741 37.0317 5
    endloop
  endfacet
  facet normal 0.582341 -0.812944 0
    outer loop
      vertex -16.5278 37.1365 5
      vertex -16.6741 37.0317 1.90735e-07
      vertex -16.5278 37.1365 1.90735e-07
    endloop
  endfacet
  facet normal 0.412882 0.910785 -0
    outer loop
      vertex -16.0524 22.3093 1.90735e-07
      vertex -16.2163 22.3836 5
      vertex -16.0524 22.3093 5
    endloop
  endfacet
  facet normal 0.412882 0.910785 0
    outer loop
      vertex -16.2163 22.3836 5
      vertex -16.0524 22.3093 1.90735e-07
      vertex -16.2163 22.3836 1.90735e-07
    endloop
  endfacet
  facet normal -0.162777 -0.986663 0
    outer loop
      vertex -14.6411 37.5765 1.90735e-07
      vertex -14.4635 37.5472 5
      vertex -14.6411 37.5765 5
    endloop
  endfacet
  facet normal -0.162777 -0.986663 -0
    outer loop
      vertex -14.4635 37.5472 5
      vertex -14.6411 37.5765 1.90735e-07
      vertex -14.4635 37.5472 1.90735e-07
    endloop
  endfacet
  facet normal 0.986663 -0.162777 0
    outer loop
      vertex -17.7265 35.2089 5
      vertex -17.6972 35.3865 1.90735e-07
      vertex -17.6972 35.3865 5
    endloop
  endfacet
  facet normal 0.986663 -0.162777 0
    outer loop
      vertex -17.6972 35.3865 1.90735e-07
      vertex -17.7265 35.2089 5
      vertex -17.7265 35.2089 1.90735e-07
    endloop
  endfacet
  facet normal 0.72952 0.68396 0
    outer loop
      vertex -16.9445 22.9055 5
      vertex -17.0676 23.0368 1.90735e-07
      vertex -17.0676 23.0368 5
    endloop
  endfacet
  facet normal 0.72952 0.68396 0
    outer loop
      vertex -17.0676 23.0368 1.90735e-07
      vertex -16.9445 22.9055 5
      vertex -16.9445 22.9055 1.90735e-07
    endloop
  endfacet
  facet normal 0.47128 -0.881983 0
    outer loop
      vertex -16.375 37.2316 1.90735e-07
      vertex -16.2163 37.3164 5
      vertex -16.375 37.2316 5
    endloop
  endfacet
  facet normal 0.47128 -0.881983 0
    outer loop
      vertex -16.2163 37.3164 5
      vertex -16.375 37.2316 1.90735e-07
      vertex -16.2163 37.3164 1.90735e-07
    endloop
  endfacet
  facet normal -0.582341 -0.812944 0
    outer loop
      vertex -13.4722 37.1365 1.90735e-07
      vertex -13.3259 37.0317 5
      vertex -13.4722 37.1365 5
    endloop
  endfacet
  facet normal -0.582341 -0.812944 -0
    outer loop
      vertex -13.3259 37.0317 5
      vertex -13.4722 37.1365 1.90735e-07
      vertex -13.3259 37.0317 1.90735e-07
    endloop
  endfacet
  facet normal -0.848996 -0.5284 0
    outer loop
      vertex -12.6184 36.225 1.90735e-07
      vertex -12.7135 36.3778 5
      vertex -12.7135 36.3778 1.90735e-07
    endloop
  endfacet
  facet normal -0.848996 -0.5284 0
    outer loop
      vertex -12.7135 36.3778 5
      vertex -12.6184 36.225 1.90735e-07
      vertex -12.6184 36.225 5
    endloop
  endfacet
  facet normal 0.0978522 0.995201 -0
    outer loop
      vertex -15.1799 22.1059 1.90735e-07
      vertex -15.3589 22.1235 5
      vertex -15.1799 22.1059 5
    endloop
  endfacet
  facet normal 0.0978522 0.995201 0
    outer loop
      vertex -15.3589 22.1235 5
      vertex -15.1799 22.1059 1.90735e-07
      vertex -15.3589 22.1235 1.90735e-07
    endloop
  endfacet
  facet normal 0.848996 0.5284 0
    outer loop
      vertex -17.2865 23.3222 5
      vertex -17.3816 23.475 1.90735e-07
      vertex -17.3816 23.475 5
    endloop
  endfacet
  facet normal 0.848996 0.5284 0
    outer loop
      vertex -17.3816 23.475 1.90735e-07
      vertex -17.2865 23.3222 5
      vertex -17.2865 23.3222 1.90735e-07
    endloop
  endfacet
  facet normal -0.72952 -0.68396 0
    outer loop
      vertex -12.9324 36.6632 1.90735e-07
      vertex -13.0555 36.7945 5
      vertex -13.0555 36.7945 1.90735e-07
    endloop
  endfacet
  facet normal -0.72952 -0.68396 0
    outer loop
      vertex -13.0555 36.7945 5
      vertex -12.9324 36.6632 1.90735e-07
      vertex -12.9324 36.6632 5
    endloop
  endfacet
  facet normal 0.999463 0.0327784 0
    outer loop
      vertex -17.7441 -35.0299 5
      vertex -17.75 -34.85 1.90735e-07
      vertex -17.75 -34.85 5
    endloop
  endfacet
  facet normal 0.999463 0.0327784 0
    outer loop
      vertex -17.75 -34.85 1.90735e-07
      vertex -17.7441 -35.0299 5
      vertex -17.7441 -35.0299 1.90735e-07
    endloop
  endfacet
  facet normal 0.973845 -0.227212 0
    outer loop
      vertex -17.6972 -24.3135 5
      vertex -17.6563 -24.1382 1.90735e-07
      vertex -17.6563 -24.1382 5
    endloop
  endfacet
  facet normal 0.973845 -0.227212 0
    outer loop
      vertex -17.6563 -24.1382 1.90735e-07
      vertex -17.6972 -24.3135 5
      vertex -17.6972 -24.3135 1.90735e-07
    endloop
  endfacet
  facet normal 0.412882 0.910785 -0
    outer loop
      vertex -16.0524 -37.3907 1.90735e-07
      vertex -16.2163 -37.3164 5
      vertex -16.0524 -37.3907 5
    endloop
  endfacet
  facet normal 0.412882 0.910785 0
    outer loop
      vertex -16.2163 -37.3164 5
      vertex -16.0524 -37.3907 1.90735e-07
      vertex -16.2163 -37.3164 1.90735e-07
    endloop
  endfacet
  facet normal 0.935872 -0.352341 0
    outer loop
      vertex -17.6041 -23.966 5
      vertex -17.5407 -23.7976 1.90735e-07
      vertex -17.5407 -23.7976 5
    endloop
  endfacet
  facet normal 0.935872 -0.352341 0
    outer loop
      vertex -17.5407 -23.7976 1.90735e-07
      vertex -17.6041 -23.966 5
      vertex -17.6041 -23.966 1.90735e-07
    endloop
  endfacet
  facet normal -0.47128 0.881983 0
    outer loop
      vertex -13.625 -37.2316 1.90735e-07
      vertex -13.7837 -37.3164 5
      vertex -13.625 -37.2316 5
    endloop
  endfacet
  facet normal -0.47128 0.881983 0
    outer loop
      vertex -13.7837 -37.3164 5
      vertex -13.625 -37.2316 1.90735e-07
      vertex -13.7837 -37.3164 1.90735e-07
    endloop
  endfacet
  facet normal 1 -0 0
    outer loop
      vertex -17.75 -34.85 5
      vertex -17.75 -24.85 1.90735e-07
      vertex -17.75 -24.85 5
    endloop
  endfacet
  facet normal 1 0 0
    outer loop
      vertex -17.75 -24.85 1.90735e-07
      vertex -17.75 -34.85 5
      vertex -17.75 -34.85 1.90735e-07
    endloop
  endfacet
  facet normal -0.773164 0.634206 0
    outer loop
      vertex -12.9324 -36.6632 1.90735e-07
      vertex -12.8183 -36.5241 5
      vertex -12.8183 -36.5241 1.90735e-07
    endloop
  endfacet
  facet normal -0.773164 0.634206 0
    outer loop
      vertex -12.8183 -36.5241 5
      vertex -12.9324 -36.6632 1.90735e-07
      vertex -12.9324 -36.6632 5
    endloop
  endfacet
  facet normal 0.881983 -0.47128 0
    outer loop
      vertex -17.4664 -23.6337 5
      vertex -17.3816 -23.475 1.90735e-07
      vertex -17.3816 -23.475 5
    endloop
  endfacet
  facet normal 0.881983 -0.47128 0
    outer loop
      vertex -17.3816 -23.475 1.90735e-07
      vertex -17.4664 -23.6337 5
      vertex -17.4664 -23.6337 1.90735e-07
    endloop
  endfacet
  facet normal -0.5284 0.848996 0
    outer loop
      vertex -13.4722 -37.1365 1.90735e-07
      vertex -13.625 -37.2316 5
      vertex -13.4722 -37.1365 5
    endloop
  endfacet
  facet normal -0.5284 0.848996 0
    outer loop
      vertex -13.625 -37.2316 5
      vertex -13.4722 -37.1365 1.90735e-07
      vertex -13.625 -37.2316 1.90735e-07
    endloop
  endfacet
  facet normal -0.0978522 -0.995201 0
    outer loop
      vertex -14.8201 -22.1059 1.90735e-07
      vertex -14.6411 -22.1235 5
      vertex -14.8201 -22.1059 5
    endloop
  endfacet
  facet normal -0.0978522 -0.995201 -0
    outer loop
      vertex -14.6411 -22.1235 5
      vertex -14.8201 -22.1059 1.90735e-07
      vertex -14.6411 -22.1235 1.90735e-07
    endloop
  endfacet
  facet normal 0.999463 -0.0327784 0
    outer loop
      vertex -17.75 -24.85 5
      vertex -17.7441 -24.6701 1.90735e-07
      vertex -17.7441 -24.6701 5
    endloop
  endfacet
  facet normal 0.999463 -0.0327784 0
    outer loop
      vertex -17.7441 -24.6701 1.90735e-07
      vertex -17.75 -24.85 5
      vertex -17.75 -24.85 1.90735e-07
    endloop
  endfacet
  facet normal -0.935872 -0.352341 0
    outer loop
      vertex -12.3959 -23.966 1.90735e-07
      vertex -12.4593 -23.7976 5
      vertex -12.4593 -23.7976 1.90735e-07
    endloop
  endfacet
  facet normal -0.935872 -0.352341 0
    outer loop
      vertex -12.4593 -23.7976 5
      vertex -12.3959 -23.966 1.90735e-07
      vertex -12.3959 -23.966 5
    endloop
  endfacet
  facet normal -0.0327784 -0.999463 0
    outer loop
      vertex -15 -22.1 1.90735e-07
      vertex -14.8201 -22.1059 5
      vertex -15 -22.1 5
    endloop
  endfacet
  facet normal -0.0327784 -0.999463 -0
    outer loop
      vertex -14.8201 -22.1059 5
      vertex -15 -22.1 1.90735e-07
      vertex -14.8201 -22.1059 1.90735e-07
    endloop
  endfacet
  facet normal 0.0978522 0.995201 -0
    outer loop
      vertex -15.1799 -37.5941 1.90735e-07
      vertex -15.3589 -37.5765 5
      vertex -15.1799 -37.5941 5
    endloop
  endfacet
  facet normal 0.0978522 0.995201 0
    outer loop
      vertex -15.3589 -37.5765 5
      vertex -15.1799 -37.5941 1.90735e-07
      vertex -15.3589 -37.5765 1.90735e-07
    endloop
  endfacet
  facet normal -0.910785 -0.412882 0
    outer loop
      vertex -12.4593 -23.7976 1.90735e-07
      vertex -12.5336 -23.6337 5
      vertex -12.5336 -23.6337 1.90735e-07
    endloop
  endfacet
  facet normal -0.910785 -0.412882 0
    outer loop
      vertex -12.5336 -23.6337 5
      vertex -12.4593 -23.7976 1.90735e-07
      vertex -12.4593 -23.7976 5
    endloop
  endfacet
  facet normal 0.986663 0.162777 0
    outer loop
      vertex -17.6972 -35.3865 5
      vertex -17.7265 -35.2089 1.90735e-07
      vertex -17.7265 -35.2089 5
    endloop
  endfacet
  facet normal 0.986663 0.162777 0
    outer loop
      vertex -17.7265 -35.2089 1.90735e-07
      vertex -17.6972 -35.3865 5
      vertex -17.6972 -35.3865 1.90735e-07
    endloop
  endfacet
  facet normal -0.848996 0.5284 0
    outer loop
      vertex -12.7135 -36.3778 1.90735e-07
      vertex -12.6184 -36.225 5
      vertex -12.6184 -36.225 1.90735e-07
    endloop
  endfacet
  facet normal -0.848996 0.5284 0
    outer loop
      vertex -12.6184 -36.225 5
      vertex -12.7135 -36.3778 1.90735e-07
      vertex -12.7135 -36.3778 5
    endloop
  endfacet
  facet normal 0.352341 -0.935872 0
    outer loop
      vertex -16.0524 -22.3093 1.90735e-07
      vertex -15.884 -22.2459 5
      vertex -16.0524 -22.3093 5
    endloop
  endfacet
  facet normal 0.352341 -0.935872 0
    outer loop
      vertex -15.884 -22.2459 5
      vertex -16.0524 -22.3093 1.90735e-07
      vertex -15.884 -22.2459 1.90735e-07
    endloop
  endfacet
  facet normal 0.995201 -0.0978522 0
    outer loop
      vertex -17.7441 -24.6701 5
      vertex -17.7265 -24.4911 1.90735e-07
      vertex -17.7265 -24.4911 5
    endloop
  endfacet
  facet normal 0.995201 -0.0978522 0
    outer loop
      vertex -17.7265 -24.4911 1.90735e-07
      vertex -17.7441 -24.6701 5
      vertex -17.7441 -24.6701 1.90735e-07
    endloop
  endfacet
  facet normal -0.956996 0.2901 0
    outer loop
      vertex -12.3959 -35.734 1.90735e-07
      vertex -12.3437 -35.5618 5
      vertex -12.3437 -35.5618 1.90735e-07
    endloop
  endfacet
  facet normal -0.956996 0.2901 0
    outer loop
      vertex -12.3437 -35.5618 5
      vertex -12.3959 -35.734 1.90735e-07
      vertex -12.3959 -35.734 5
    endloop
  endfacet
  facet normal 0.973845 0.227212 0
    outer loop
      vertex -17.6563 -35.5618 5
      vertex -17.6972 -35.3865 1.90735e-07
      vertex -17.6972 -35.3865 5
    endloop
  endfacet
  facet normal 0.973845 0.227212 0
    outer loop
      vertex -17.6972 -35.3865 1.90735e-07
      vertex -17.6563 -35.5618 5
      vertex -17.6563 -35.5618 1.90735e-07
    endloop
  endfacet
  facet normal -0.582341 0.812944 0
    outer loop
      vertex -13.3259 -37.0317 1.90735e-07
      vertex -13.4722 -37.1365 5
      vertex -13.3259 -37.0317 5
    endloop
  endfacet
  facet normal -0.582341 0.812944 0
    outer loop
      vertex -13.4722 -37.1365 5
      vertex -13.3259 -37.0317 1.90735e-07
      vertex -13.4722 -37.1365 1.90735e-07
    endloop
  endfacet
  facet normal 0.227212 -0.973845 0
    outer loop
      vertex -15.7118 -22.1937 1.90735e-07
      vertex -15.5365 -22.1528 5
      vertex -15.7118 -22.1937 5
    endloop
  endfacet
  facet normal 0.227212 -0.973845 0
    outer loop
      vertex -15.5365 -22.1528 5
      vertex -15.7118 -22.1937 1.90735e-07
      vertex -15.5365 -22.1528 1.90735e-07
    endloop
  endfacet
  facet normal -1 0 0
    outer loop
      vertex -12.25 -34.85 1.90735e-07
      vertex -12.25 -24.85 5
      vertex -12.25 -24.85 1.90735e-07
    endloop
  endfacet
  facet normal -1 -0 0
    outer loop
      vertex -12.25 -24.85 5
      vertex -12.25 -34.85 1.90735e-07
      vertex -12.25 -34.85 5
    endloop
  endfacet
  facet normal -0.227212 -0.973845 0
    outer loop
      vertex -14.4635 -22.1528 1.90735e-07
      vertex -14.2882 -22.1937 5
      vertex -14.4635 -22.1528 5
    endloop
  endfacet
  facet normal -0.227212 -0.973845 -0
    outer loop
      vertex -14.2882 -22.1937 5
      vertex -14.4635 -22.1528 1.90735e-07
      vertex -14.2882 -22.1937 1.90735e-07
    endloop
  endfacet
  facet normal -0.47128 -0.881983 0
    outer loop
      vertex -13.7837 -22.3836 1.90735e-07
      vertex -13.625 -22.4684 5
      vertex -13.7837 -22.3836 5
    endloop
  endfacet
  facet normal -0.47128 -0.881983 -0
    outer loop
      vertex -13.625 -22.4684 5
      vertex -13.7837 -22.3836 1.90735e-07
      vertex -13.625 -22.4684 1.90735e-07
    endloop
  endfacet
  facet normal -0.634206 -0.773164 0
    outer loop
      vertex -13.3259 -22.6683 1.90735e-07
      vertex -13.1868 -22.7824 5
      vertex -13.3259 -22.6683 5
    endloop
  endfacet
  facet normal -0.634206 -0.773164 -0
    outer loop
      vertex -13.1868 -22.7824 5
      vertex -13.3259 -22.6683 1.90735e-07
      vertex -13.1868 -22.7824 1.90735e-07
    endloop
  endfacet
  facet normal 0.5284 0.848996 -0
    outer loop
      vertex -16.375 -37.2316 1.90735e-07
      vertex -16.5278 -37.1365 5
      vertex -16.375 -37.2316 5
    endloop
  endfacet
  facet normal 0.5284 0.848996 0
    outer loop
      vertex -16.5278 -37.1365 5
      vertex -16.375 -37.2316 1.90735e-07
      vertex -16.5278 -37.1365 1.90735e-07
    endloop
  endfacet
  facet normal -0.227212 0.973845 0
    outer loop
      vertex -14.2882 -37.5063 1.90735e-07
      vertex -14.4635 -37.5472 5
      vertex -14.2882 -37.5063 5
    endloop
  endfacet
  facet normal -0.227212 0.973845 0
    outer loop
      vertex -14.4635 -37.5472 5
      vertex -14.2882 -37.5063 1.90735e-07
      vertex -14.4635 -37.5472 1.90735e-07
    endloop
  endfacet
  facet normal 0.72952 -0.68396 0
    outer loop
      vertex -17.0676 -23.0368 5
      vertex -16.9445 -22.9055 1.90735e-07
      vertex -16.9445 -22.9055 5
    endloop
  endfacet
  facet normal 0.72952 -0.68396 0
    outer loop
      vertex -16.9445 -22.9055 1.90735e-07
      vertex -17.0676 -23.0368 5
      vertex -17.0676 -23.0368 1.90735e-07
    endloop
  endfacet
  facet normal 0.352341 0.935872 -0
    outer loop
      vertex -15.884 -37.4541 1.90735e-07
      vertex -16.0524 -37.3907 5
      vertex -15.884 -37.4541 5
    endloop
  endfacet
  facet normal 0.352341 0.935872 0
    outer loop
      vertex -16.0524 -37.3907 5
      vertex -15.884 -37.4541 1.90735e-07
      vertex -16.0524 -37.3907 1.90735e-07
    endloop
  endfacet
  facet normal -0.881983 0.47128 0
    outer loop
      vertex -12.6184 -36.225 1.90735e-07
      vertex -12.5336 -36.0663 5
      vertex -12.5336 -36.0663 1.90735e-07
    endloop
  endfacet
  facet normal -0.881983 0.47128 0
    outer loop
      vertex -12.5336 -36.0663 5
      vertex -12.6184 -36.225 1.90735e-07
      vertex -12.6184 -36.225 5
    endloop
  endfacet
  facet normal -0.352341 0.935872 0
    outer loop
      vertex -13.9476 -37.3907 1.90735e-07
      vertex -14.116 -37.4541 5
      vertex -13.9476 -37.3907 5
    endloop
  endfacet
  facet normal -0.352341 0.935872 0
    outer loop
      vertex -14.116 -37.4541 5
      vertex -13.9476 -37.3907 1.90735e-07
      vertex -14.116 -37.4541 1.90735e-07
    endloop
  endfacet
  facet normal -0.72952 -0.68396 0
    outer loop
      vertex -12.9324 -23.0368 1.90735e-07
      vertex -13.0555 -22.9055 5
      vertex -13.0555 -22.9055 1.90735e-07
    endloop
  endfacet
  facet normal -0.72952 -0.68396 0
    outer loop
      vertex -13.0555 -22.9055 5
      vertex -12.9324 -23.0368 1.90735e-07
      vertex -12.9324 -23.0368 5
    endloop
  endfacet
  facet normal 0.162777 0.986663 -0
    outer loop
      vertex -15.3589 -37.5765 1.90735e-07
      vertex -15.5365 -37.5472 5
      vertex -15.3589 -37.5765 5
    endloop
  endfacet
  facet normal 0.162777 0.986663 0
    outer loop
      vertex -15.5365 -37.5472 5
      vertex -15.3589 -37.5765 1.90735e-07
      vertex -15.5365 -37.5472 1.90735e-07
    endloop
  endfacet
  facet normal 0.935872 0.352341 0
    outer loop
      vertex -17.5407 -35.9024 5
      vertex -17.6041 -35.734 1.90735e-07
      vertex -17.6041 -35.734 5
    endloop
  endfacet
  facet normal 0.935872 0.352341 0
    outer loop
      vertex -17.6041 -35.734 1.90735e-07
      vertex -17.5407 -35.9024 5
      vertex -17.5407 -35.9024 1.90735e-07
    endloop
  endfacet
  facet normal -0.812944 0.582341 0
    outer loop
      vertex -12.8183 -36.5241 1.90735e-07
      vertex -12.7135 -36.3778 5
      vertex -12.7135 -36.3778 1.90735e-07
    endloop
  endfacet
  facet normal -0.812944 0.582341 0
    outer loop
      vertex -12.7135 -36.3778 5
      vertex -12.8183 -36.5241 1.90735e-07
      vertex -12.8183 -36.5241 5
    endloop
  endfacet
  facet normal -0.848996 -0.5284 0
    outer loop
      vertex -12.6184 -23.475 1.90735e-07
      vertex -12.7135 -23.3222 5
      vertex -12.7135 -23.3222 1.90735e-07
    endloop
  endfacet
  facet normal -0.848996 -0.5284 0
    outer loop
      vertex -12.7135 -23.3222 5
      vertex -12.6184 -23.475 1.90735e-07
      vertex -12.6184 -23.475 5
    endloop
  endfacet
  facet normal 0.68396 -0.72952 0
    outer loop
      vertex -16.9445 -22.9055 1.90735e-07
      vertex -16.8132 -22.7824 5
      vertex -16.9445 -22.9055 5
    endloop
  endfacet
  facet normal 0.68396 -0.72952 0
    outer loop
      vertex -16.8132 -22.7824 5
      vertex -16.9445 -22.9055 1.90735e-07
      vertex -16.8132 -22.7824 1.90735e-07
    endloop
  endfacet
  facet normal -0.935872 0.352341 0
    outer loop
      vertex -12.4593 -35.9024 1.90735e-07
      vertex -12.3959 -35.734 5
      vertex -12.3959 -35.734 1.90735e-07
    endloop
  endfacet
  facet normal -0.935872 0.352341 0
    outer loop
      vertex -12.3959 -35.734 5
      vertex -12.4593 -35.9024 1.90735e-07
      vertex -12.4593 -35.9024 5
    endloop
  endfacet
  facet normal 0.910785 0.412882 0
    outer loop
      vertex -17.4664 -36.0663 5
      vertex -17.5407 -35.9024 1.90735e-07
      vertex -17.5407 -35.9024 5
    endloop
  endfacet
  facet normal 0.910785 0.412882 0
    outer loop
      vertex -17.5407 -35.9024 1.90735e-07
      vertex -17.4664 -36.0663 5
      vertex -17.4664 -36.0663 1.90735e-07
    endloop
  endfacet
  facet normal -0.0327784 0.999463 0
    outer loop
      vertex -14.8201 -37.5941 1.90735e-07
      vertex -15 -37.6 5
      vertex -14.8201 -37.5941 5
    endloop
  endfacet
  facet normal -0.0327784 0.999463 0
    outer loop
      vertex -15 -37.6 5
      vertex -14.8201 -37.5941 1.90735e-07
      vertex -15 -37.6 1.90735e-07
    endloop
  endfacet
  facet normal -0.986663 -0.162777 0
    outer loop
      vertex -12.2735 -24.4911 1.90735e-07
      vertex -12.3028 -24.3135 5
      vertex -12.3028 -24.3135 1.90735e-07
    endloop
  endfacet
  facet normal -0.986663 -0.162777 0
    outer loop
      vertex -12.3028 -24.3135 5
      vertex -12.2735 -24.4911 1.90735e-07
      vertex -12.2735 -24.4911 5
    endloop
  endfacet
  facet normal -0.412882 0.910785 0
    outer loop
      vertex -13.7837 -37.3164 1.90735e-07
      vertex -13.9476 -37.3907 5
      vertex -13.7837 -37.3164 5
    endloop
  endfacet
  facet normal -0.412882 0.910785 0
    outer loop
      vertex -13.9476 -37.3907 5
      vertex -13.7837 -37.3164 1.90735e-07
      vertex -13.9476 -37.3907 1.90735e-07
    endloop
  endfacet
  facet normal 0.910785 -0.412882 0
    outer loop
      vertex -17.5407 -23.7976 5
      vertex -17.4664 -23.6337 1.90735e-07
      vertex -17.4664 -23.6337 5
    endloop
  endfacet
  facet normal 0.910785 -0.412882 0
    outer loop
      vertex -17.4664 -23.6337 1.90735e-07
      vertex -17.5407 -23.7976 5
      vertex -17.5407 -23.7976 1.90735e-07
    endloop
  endfacet
  facet normal -0.995201 0.0978522 0
    outer loop
      vertex -12.2735 -35.2089 1.90735e-07
      vertex -12.2559 -35.0299 5
      vertex -12.2559 -35.0299 1.90735e-07
    endloop
  endfacet
  facet normal -0.995201 0.0978522 0
    outer loop
      vertex -12.2559 -35.0299 5
      vertex -12.2735 -35.2089 1.90735e-07
      vertex -12.2735 -35.2089 5
    endloop
  endfacet
  facet normal -0.999463 -0.0327784 0
    outer loop
      vertex -12.25 -24.85 1.90735e-07
      vertex -12.2559 -24.6701 5
      vertex -12.2559 -24.6701 1.90735e-07
    endloop
  endfacet
  facet normal -0.999463 -0.0327784 0
    outer loop
      vertex -12.2559 -24.6701 5
      vertex -12.25 -24.85 1.90735e-07
      vertex -12.25 -24.85 5
    endloop
  endfacet
  facet normal 0.812944 0.582341 0
    outer loop
      vertex -17.1817 -36.5241 5
      vertex -17.2865 -36.3778 1.90735e-07
      vertex -17.2865 -36.3778 5
    endloop
  endfacet
  facet normal 0.812944 0.582341 0
    outer loop
      vertex -17.2865 -36.3778 1.90735e-07
      vertex -17.1817 -36.5241 5
      vertex -17.1817 -36.5241 1.90735e-07
    endloop
  endfacet
  facet normal -0.999463 0.0327784 0
    outer loop
      vertex -12.2559 -35.0299 1.90735e-07
      vertex -12.25 -34.85 5
      vertex -12.25 -34.85 1.90735e-07
    endloop
  endfacet
  facet normal -0.999463 0.0327784 0
    outer loop
      vertex -12.25 -34.85 5
      vertex -12.2559 -35.0299 1.90735e-07
      vertex -12.2559 -35.0299 5
    endloop
  endfacet
  facet normal 0.881983 0.47128 0
    outer loop
      vertex -17.3816 -36.225 5
      vertex -17.4664 -36.0663 1.90735e-07
      vertex -17.4664 -36.0663 5
    endloop
  endfacet
  facet normal 0.881983 0.47128 0
    outer loop
      vertex -17.4664 -36.0663 1.90735e-07
      vertex -17.3816 -36.225 5
      vertex -17.3816 -36.225 1.90735e-07
    endloop
  endfacet
  facet normal -0.68396 0.72952 0
    outer loop
      vertex -13.0555 -36.7945 1.90735e-07
      vertex -13.1868 -36.9176 5
      vertex -13.0555 -36.7945 5
    endloop
  endfacet
  facet normal -0.68396 0.72952 0
    outer loop
      vertex -13.1868 -36.9176 5
      vertex -13.0555 -36.7945 1.90735e-07
      vertex -13.1868 -36.9176 1.90735e-07
    endloop
  endfacet
  facet normal 0.582341 -0.812944 0
    outer loop
      vertex -16.6741 -22.6683 1.90735e-07
      vertex -16.5278 -22.5635 5
      vertex -16.6741 -22.6683 5
    endloop
  endfacet
  facet normal 0.582341 -0.812944 0
    outer loop
      vertex -16.5278 -22.5635 5
      vertex -16.6741 -22.6683 1.90735e-07
      vertex -16.5278 -22.5635 1.90735e-07
    endloop
  endfacet
  facet normal 0.634206 -0.773164 0
    outer loop
      vertex -16.8132 -22.7824 1.90735e-07
      vertex -16.6741 -22.6683 5
      vertex -16.8132 -22.7824 5
    endloop
  endfacet
  facet normal 0.634206 -0.773164 0
    outer loop
      vertex -16.6741 -22.6683 5
      vertex -16.8132 -22.7824 1.90735e-07
      vertex -16.6741 -22.6683 1.90735e-07
    endloop
  endfacet
  facet normal 0.773164 -0.634206 0
    outer loop
      vertex -17.1817 -23.1759 5
      vertex -17.0676 -23.0368 1.90735e-07
      vertex -17.0676 -23.0368 5
    endloop
  endfacet
  facet normal 0.773164 -0.634206 0
    outer loop
      vertex -17.0676 -23.0368 1.90735e-07
      vertex -17.1817 -23.1759 5
      vertex -17.1817 -23.1759 1.90735e-07
    endloop
  endfacet
  facet normal -0.2901 0.956996 0
    outer loop
      vertex -14.116 -37.4541 1.90735e-07
      vertex -14.2882 -37.5063 5
      vertex -14.116 -37.4541 5
    endloop
  endfacet
  facet normal -0.2901 0.956996 0
    outer loop
      vertex -14.2882 -37.5063 5
      vertex -14.116 -37.4541 1.90735e-07
      vertex -14.2882 -37.5063 1.90735e-07
    endloop
  endfacet
  facet normal 0.0327784 -0.999463 0
    outer loop
      vertex -15.1799 -22.1059 1.90735e-07
      vertex -15 -22.1 5
      vertex -15.1799 -22.1059 5
    endloop
  endfacet
  facet normal 0.0327784 -0.999463 0
    outer loop
      vertex -15 -22.1 5
      vertex -15.1799 -22.1059 1.90735e-07
      vertex -15 -22.1 1.90735e-07
    endloop
  endfacet
  facet normal -0.0978522 0.995201 0
    outer loop
      vertex -14.6411 -37.5765 1.90735e-07
      vertex -14.8201 -37.5941 5
      vertex -14.6411 -37.5765 5
    endloop
  endfacet
  facet normal -0.0978522 0.995201 0
    outer loop
      vertex -14.8201 -37.5941 5
      vertex -14.6411 -37.5765 1.90735e-07
      vertex -14.8201 -37.5941 1.90735e-07
    endloop
  endfacet
  facet normal 0.986663 -0.162777 0
    outer loop
      vertex -17.7265 -24.4911 5
      vertex -17.6972 -24.3135 1.90735e-07
      vertex -17.6972 -24.3135 5
    endloop
  endfacet
  facet normal 0.986663 -0.162777 0
    outer loop
      vertex -17.6972 -24.3135 1.90735e-07
      vertex -17.7265 -24.4911 5
      vertex -17.7265 -24.4911 1.90735e-07
    endloop
  endfacet
  facet normal -0.910785 0.412882 0
    outer loop
      vertex -12.5336 -36.0663 1.90735e-07
      vertex -12.4593 -35.9024 5
      vertex -12.4593 -35.9024 1.90735e-07
    endloop
  endfacet
  facet normal -0.910785 0.412882 0
    outer loop
      vertex -12.4593 -35.9024 5
      vertex -12.5336 -36.0663 1.90735e-07
      vertex -12.5336 -36.0663 5
    endloop
  endfacet
  facet normal 0.0978522 -0.995201 0
    outer loop
      vertex -15.3589 -22.1235 1.90735e-07
      vertex -15.1799 -22.1059 5
      vertex -15.3589 -22.1235 5
    endloop
  endfacet
  facet normal 0.0978522 -0.995201 0
    outer loop
      vertex -15.1799 -22.1059 5
      vertex -15.3589 -22.1235 1.90735e-07
      vertex -15.1799 -22.1059 1.90735e-07
    endloop
  endfacet
  facet normal -0.812944 -0.582341 0
    outer loop
      vertex -12.7135 -23.3222 1.90735e-07
      vertex -12.8183 -23.1759 5
      vertex -12.8183 -23.1759 1.90735e-07
    endloop
  endfacet
  facet normal -0.812944 -0.582341 0
    outer loop
      vertex -12.8183 -23.1759 5
      vertex -12.7135 -23.3222 1.90735e-07
      vertex -12.7135 -23.3222 5
    endloop
  endfacet
  facet normal -0.956996 -0.2901 0
    outer loop
      vertex -12.3437 -24.1382 1.90735e-07
      vertex -12.3959 -23.966 5
      vertex -12.3959 -23.966 1.90735e-07
    endloop
  endfacet
  facet normal -0.956996 -0.2901 0
    outer loop
      vertex -12.3959 -23.966 5
      vertex -12.3437 -24.1382 1.90735e-07
      vertex -12.3437 -24.1382 5
    endloop
  endfacet
  facet normal -0.72952 0.68396 0
    outer loop
      vertex -13.0555 -36.7945 1.90735e-07
      vertex -12.9324 -36.6632 5
      vertex -12.9324 -36.6632 1.90735e-07
    endloop
  endfacet
  facet normal -0.72952 0.68396 0
    outer loop
      vertex -12.9324 -36.6632 5
      vertex -13.0555 -36.7945 1.90735e-07
      vertex -13.0555 -36.7945 5
    endloop
  endfacet
  facet normal 0.47128 -0.881983 0
    outer loop
      vertex -16.375 -22.4684 1.90735e-07
      vertex -16.2163 -22.3836 5
      vertex -16.375 -22.4684 5
    endloop
  endfacet
  facet normal 0.47128 -0.881983 0
    outer loop
      vertex -16.2163 -22.3836 5
      vertex -16.375 -22.4684 1.90735e-07
      vertex -16.2163 -22.3836 1.90735e-07
    endloop
  endfacet
  facet normal 0.412882 -0.910785 0
    outer loop
      vertex -16.2163 -22.3836 1.90735e-07
      vertex -16.0524 -22.3093 5
      vertex -16.2163 -22.3836 5
    endloop
  endfacet
  facet normal 0.412882 -0.910785 0
    outer loop
      vertex -16.0524 -22.3093 5
      vertex -16.2163 -22.3836 1.90735e-07
      vertex -16.0524 -22.3093 1.90735e-07
    endloop
  endfacet
  facet normal 0.848996 -0.5284 0
    outer loop
      vertex -17.3816 -23.475 5
      vertex -17.2865 -23.3222 1.90735e-07
      vertex -17.2865 -23.3222 5
    endloop
  endfacet
  facet normal 0.848996 -0.5284 0
    outer loop
      vertex -17.2865 -23.3222 1.90735e-07
      vertex -17.3816 -23.475 5
      vertex -17.3816 -23.475 1.90735e-07
    endloop
  endfacet
  facet normal 0.812944 -0.582341 0
    outer loop
      vertex -17.2865 -23.3222 5
      vertex -17.1817 -23.1759 1.90735e-07
      vertex -17.1817 -23.1759 5
    endloop
  endfacet
  facet normal 0.812944 -0.582341 0
    outer loop
      vertex -17.1817 -23.1759 1.90735e-07
      vertex -17.2865 -23.3222 5
      vertex -17.2865 -23.3222 1.90735e-07
    endloop
  endfacet
  facet normal 0.0327784 0.999463 -0
    outer loop
      vertex -15 -37.6 1.90735e-07
      vertex -15.1799 -37.5941 5
      vertex -15 -37.6 5
    endloop
  endfacet
  facet normal 0.0327784 0.999463 0
    outer loop
      vertex -15.1799 -37.5941 5
      vertex -15 -37.6 1.90735e-07
      vertex -15.1799 -37.5941 1.90735e-07
    endloop
  endfacet
  facet normal -0.986663 0.162777 0
    outer loop
      vertex -12.3028 -35.3865 1.90735e-07
      vertex -12.2735 -35.2089 5
      vertex -12.2735 -35.2089 1.90735e-07
    endloop
  endfacet
  facet normal -0.986663 0.162777 0
    outer loop
      vertex -12.2735 -35.2089 5
      vertex -12.3028 -35.3865 1.90735e-07
      vertex -12.3028 -35.3865 5
    endloop
  endfacet
  facet normal -0.973845 0.227212 0
    outer loop
      vertex -12.3437 -35.5618 1.90735e-07
      vertex -12.3028 -35.3865 5
      vertex -12.3028 -35.3865 1.90735e-07
    endloop
  endfacet
  facet normal -0.973845 0.227212 0
    outer loop
      vertex -12.3028 -35.3865 5
      vertex -12.3437 -35.5618 1.90735e-07
      vertex -12.3437 -35.5618 5
    endloop
  endfacet
  facet normal -0.973845 -0.227212 0
    outer loop
      vertex -12.3028 -24.3135 1.90735e-07
      vertex -12.3437 -24.1382 5
      vertex -12.3437 -24.1382 1.90735e-07
    endloop
  endfacet
  facet normal -0.973845 -0.227212 0
    outer loop
      vertex -12.3437 -24.1382 5
      vertex -12.3028 -24.3135 1.90735e-07
      vertex -12.3028 -24.3135 5
    endloop
  endfacet
  facet normal 0.773164 0.634206 0
    outer loop
      vertex -17.0676 -36.6632 5
      vertex -17.1817 -36.5241 1.90735e-07
      vertex -17.1817 -36.5241 5
    endloop
  endfacet
  facet normal 0.773164 0.634206 0
    outer loop
      vertex -17.1817 -36.5241 1.90735e-07
      vertex -17.0676 -36.6632 5
      vertex -17.0676 -36.6632 1.90735e-07
    endloop
  endfacet
  facet normal -0.773164 -0.634206 0
    outer loop
      vertex -12.8183 -23.1759 1.90735e-07
      vertex -12.9324 -23.0368 5
      vertex -12.9324 -23.0368 1.90735e-07
    endloop
  endfacet
  facet normal -0.773164 -0.634206 0
    outer loop
      vertex -12.9324 -23.0368 5
      vertex -12.8183 -23.1759 1.90735e-07
      vertex -12.8183 -23.1759 5
    endloop
  endfacet
  facet normal 0.2901 -0.956996 0
    outer loop
      vertex -15.884 -22.2459 1.90735e-07
      vertex -15.7118 -22.1937 5
      vertex -15.884 -22.2459 5
    endloop
  endfacet
  facet normal 0.2901 -0.956996 0
    outer loop
      vertex -15.7118 -22.1937 5
      vertex -15.884 -22.2459 1.90735e-07
      vertex -15.7118 -22.1937 1.90735e-07
    endloop
  endfacet
  facet normal -0.881983 -0.47128 0
    outer loop
      vertex -12.5336 -23.6337 1.90735e-07
      vertex -12.6184 -23.475 5
      vertex -12.6184 -23.475 1.90735e-07
    endloop
  endfacet
  facet normal -0.881983 -0.47128 0
    outer loop
      vertex -12.6184 -23.475 5
      vertex -12.5336 -23.6337 1.90735e-07
      vertex -12.5336 -23.6337 5
    endloop
  endfacet
  facet normal -0.995201 -0.0978522 0
    outer loop
      vertex -12.2559 -24.6701 1.90735e-07
      vertex -12.2735 -24.4911 5
      vertex -12.2735 -24.4911 1.90735e-07
    endloop
  endfacet
  facet normal -0.995201 -0.0978522 0
    outer loop
      vertex -12.2735 -24.4911 5
      vertex -12.2559 -24.6701 1.90735e-07
      vertex -12.2559 -24.6701 5
    endloop
  endfacet
  facet normal 0.634206 0.773164 -0
    outer loop
      vertex -16.6741 -37.0317 1.90735e-07
      vertex -16.8132 -36.9176 5
      vertex -16.6741 -37.0317 5
    endloop
  endfacet
  facet normal 0.634206 0.773164 0
    outer loop
      vertex -16.8132 -36.9176 5
      vertex -16.6741 -37.0317 1.90735e-07
      vertex -16.8132 -36.9176 1.90735e-07
    endloop
  endfacet
  facet normal 0.995201 0.0978522 0
    outer loop
      vertex -17.7265 -35.2089 5
      vertex -17.7441 -35.0299 1.90735e-07
      vertex -17.7441 -35.0299 5
    endloop
  endfacet
  facet normal 0.995201 0.0978522 0
    outer loop
      vertex -17.7441 -35.0299 1.90735e-07
      vertex -17.7265 -35.2089 5
      vertex -17.7265 -35.2089 1.90735e-07
    endloop
  endfacet
  facet normal -0.582341 -0.812944 0
    outer loop
      vertex -13.4722 -22.5635 1.90735e-07
      vertex -13.3259 -22.6683 5
      vertex -13.4722 -22.5635 5
    endloop
  endfacet
  facet normal -0.582341 -0.812944 -0
    outer loop
      vertex -13.3259 -22.6683 5
      vertex -13.4722 -22.5635 1.90735e-07
      vertex -13.3259 -22.6683 1.90735e-07
    endloop
  endfacet
  facet normal -0.5284 -0.848996 0
    outer loop
      vertex -13.625 -22.4684 1.90735e-07
      vertex -13.4722 -22.5635 5
      vertex -13.625 -22.4684 5
    endloop
  endfacet
  facet normal -0.5284 -0.848996 -0
    outer loop
      vertex -13.4722 -22.5635 5
      vertex -13.625 -22.4684 1.90735e-07
      vertex -13.4722 -22.5635 1.90735e-07
    endloop
  endfacet
  facet normal 0.47128 0.881983 -0
    outer loop
      vertex -16.2163 -37.3164 1.90735e-07
      vertex -16.375 -37.2316 5
      vertex -16.2163 -37.3164 5
    endloop
  endfacet
  facet normal 0.47128 0.881983 0
    outer loop
      vertex -16.375 -37.2316 5
      vertex -16.2163 -37.3164 1.90735e-07
      vertex -16.375 -37.2316 1.90735e-07
    endloop
  endfacet
  facet normal -0.162777 -0.986663 0
    outer loop
      vertex -14.6411 -22.1235 1.90735e-07
      vertex -14.4635 -22.1528 5
      vertex -14.6411 -22.1235 5
    endloop
  endfacet
  facet normal -0.162777 -0.986663 -0
    outer loop
      vertex -14.4635 -22.1528 5
      vertex -14.6411 -22.1235 1.90735e-07
      vertex -14.4635 -22.1528 1.90735e-07
    endloop
  endfacet
  facet normal 0.162777 -0.986663 0
    outer loop
      vertex -15.5365 -22.1528 1.90735e-07
      vertex -15.3589 -22.1235 5
      vertex -15.5365 -22.1528 5
    endloop
  endfacet
  facet normal 0.162777 -0.986663 0
    outer loop
      vertex -15.3589 -22.1235 5
      vertex -15.5365 -22.1528 1.90735e-07
      vertex -15.3589 -22.1235 1.90735e-07
    endloop
  endfacet
  facet normal 0.227212 0.973845 -0
    outer loop
      vertex -15.5365 -37.5472 1.90735e-07
      vertex -15.7118 -37.5063 5
      vertex -15.5365 -37.5472 5
    endloop
  endfacet
  facet normal 0.227212 0.973845 0
    outer loop
      vertex -15.7118 -37.5063 5
      vertex -15.5365 -37.5472 1.90735e-07
      vertex -15.7118 -37.5063 1.90735e-07
    endloop
  endfacet
  facet normal -0.2901 -0.956996 0
    outer loop
      vertex -14.2882 -22.1937 1.90735e-07
      vertex -14.116 -22.2459 5
      vertex -14.2882 -22.1937 5
    endloop
  endfacet
  facet normal -0.2901 -0.956996 -0
    outer loop
      vertex -14.116 -22.2459 5
      vertex -14.2882 -22.1937 1.90735e-07
      vertex -14.116 -22.2459 1.90735e-07
    endloop
  endfacet
  facet normal 0.2901 0.956996 -0
    outer loop
      vertex -15.7118 -37.5063 1.90735e-07
      vertex -15.884 -37.4541 5
      vertex -15.7118 -37.5063 5
    endloop
  endfacet
  facet normal 0.2901 0.956996 0
    outer loop
      vertex -15.884 -37.4541 5
      vertex -15.7118 -37.5063 1.90735e-07
      vertex -15.884 -37.4541 1.90735e-07
    endloop
  endfacet
  facet normal -0.162777 0.986663 0
    outer loop
      vertex -14.4635 -37.5472 1.90735e-07
      vertex -14.6411 -37.5765 5
      vertex -14.4635 -37.5472 5
    endloop
  endfacet
  facet normal -0.162777 0.986663 0
    outer loop
      vertex -14.6411 -37.5765 5
      vertex -14.4635 -37.5472 1.90735e-07
      vertex -14.6411 -37.5765 1.90735e-07
    endloop
  endfacet
  facet normal 0.956996 -0.2901 0
    outer loop
      vertex -17.6563 -24.1382 5
      vertex -17.6041 -23.966 1.90735e-07
      vertex -17.6041 -23.966 5
    endloop
  endfacet
  facet normal 0.956996 -0.2901 0
    outer loop
      vertex -17.6041 -23.966 1.90735e-07
      vertex -17.6563 -24.1382 5
      vertex -17.6563 -24.1382 1.90735e-07
    endloop
  endfacet
  facet normal 0.956996 0.2901 0
    outer loop
      vertex -17.6041 -35.734 5
      vertex -17.6563 -35.5618 1.90735e-07
      vertex -17.6563 -35.5618 5
    endloop
  endfacet
  facet normal 0.956996 0.2901 0
    outer loop
      vertex -17.6563 -35.5618 1.90735e-07
      vertex -17.6041 -35.734 5
      vertex -17.6041 -35.734 1.90735e-07
    endloop
  endfacet
  facet normal -0.68396 -0.72952 0
    outer loop
      vertex -13.1868 -22.7824 1.90735e-07
      vertex -13.0555 -22.9055 5
      vertex -13.1868 -22.7824 5
    endloop
  endfacet
  facet normal -0.68396 -0.72952 -0
    outer loop
      vertex -13.0555 -22.9055 5
      vertex -13.1868 -22.7824 1.90735e-07
      vertex -13.0555 -22.9055 1.90735e-07
    endloop
  endfacet
  facet normal 0.5284 -0.848996 0
    outer loop
      vertex -16.5278 -22.5635 1.90735e-07
      vertex -16.375 -22.4684 5
      vertex -16.5278 -22.5635 5
    endloop
  endfacet
  facet normal 0.5284 -0.848996 0
    outer loop
      vertex -16.375 -22.4684 5
      vertex -16.5278 -22.5635 1.90735e-07
      vertex -16.375 -22.4684 1.90735e-07
    endloop
  endfacet
  facet normal -0.634206 0.773164 0
    outer loop
      vertex -13.1868 -36.9176 1.90735e-07
      vertex -13.3259 -37.0317 5
      vertex -13.1868 -36.9176 5
    endloop
  endfacet
  facet normal -0.634206 0.773164 0
    outer loop
      vertex -13.3259 -37.0317 5
      vertex -13.1868 -36.9176 1.90735e-07
      vertex -13.3259 -37.0317 1.90735e-07
    endloop
  endfacet
  facet normal 0.68396 0.72952 -0
    outer loop
      vertex -16.8132 -36.9176 1.90735e-07
      vertex -16.9445 -36.7945 5
      vertex -16.8132 -36.9176 5
    endloop
  endfacet
  facet normal 0.68396 0.72952 0
    outer loop
      vertex -16.9445 -36.7945 5
      vertex -16.8132 -36.9176 1.90735e-07
      vertex -16.9445 -36.7945 1.90735e-07
    endloop
  endfacet
  facet normal 0.848996 0.5284 0
    outer loop
      vertex -17.2865 -36.3778 5
      vertex -17.3816 -36.225 1.90735e-07
      vertex -17.3816 -36.225 5
    endloop
  endfacet
  facet normal 0.848996 0.5284 0
    outer loop
      vertex -17.3816 -36.225 1.90735e-07
      vertex -17.2865 -36.3778 5
      vertex -17.2865 -36.3778 1.90735e-07
    endloop
  endfacet
  facet normal 0.72952 0.68396 0
    outer loop
      vertex -16.9445 -36.7945 5
      vertex -17.0676 -36.6632 1.90735e-07
      vertex -17.0676 -36.6632 5
    endloop
  endfacet
  facet normal 0.72952 0.68396 0
    outer loop
      vertex -17.0676 -36.6632 1.90735e-07
      vertex -16.9445 -36.7945 5
      vertex -16.9445 -36.7945 1.90735e-07
    endloop
  endfacet
  facet normal -0.352341 -0.935872 0
    outer loop
      vertex -14.116 -22.2459 1.90735e-07
      vertex -13.9476 -22.3093 5
      vertex -14.116 -22.2459 5
    endloop
  endfacet
  facet normal -0.352341 -0.935872 -0
    outer loop
      vertex -13.9476 -22.3093 5
      vertex -14.116 -22.2459 1.90735e-07
      vertex -13.9476 -22.3093 1.90735e-07
    endloop
  endfacet
  facet normal -0.412882 -0.910785 0
    outer loop
      vertex -13.9476 -22.3093 1.90735e-07
      vertex -13.7837 -22.3836 5
      vertex -13.9476 -22.3093 5
    endloop
  endfacet
  facet normal -0.412882 -0.910785 -0
    outer loop
      vertex -13.7837 -22.3836 5
      vertex -13.9476 -22.3093 1.90735e-07
      vertex -13.7837 -22.3836 1.90735e-07
    endloop
  endfacet
  facet normal 0.582341 0.812944 -0
    outer loop
      vertex -16.5278 -37.1365 1.90735e-07
      vertex -16.6741 -37.0317 5
      vertex -16.5278 -37.1365 5
    endloop
  endfacet
  facet normal 0.582341 0.812944 0
    outer loop
      vertex -16.6741 -37.0317 5
      vertex -16.5278 -37.1365 1.90735e-07
      vertex -16.6741 -37.0317 1.90735e-07
    endloop
  endfacet
  facet normal -0.412882 -0.910785 0
    outer loop
      vertex 16.0524 37.3907 1.90735e-07
      vertex 16.2163 37.3164 5
      vertex 16.0524 37.3907 5
    endloop
  endfacet
  facet normal -0.412882 -0.910785 -0
    outer loop
      vertex 16.2163 37.3164 5
      vertex 16.0524 37.3907 1.90735e-07
      vertex 16.2163 37.3164 1.90735e-07
    endloop
  endfacet
  facet normal -0.999463 -0.0327784 0
    outer loop
      vertex 17.75 34.85 1.90735e-07
      vertex 17.7441 35.0299 5
      vertex 17.7441 35.0299 1.90735e-07
    endloop
  endfacet
  facet normal -0.999463 -0.0327784 0
    outer loop
      vertex 17.7441 35.0299 5
      vertex 17.75 34.85 1.90735e-07
      vertex 17.75 34.85 5
    endloop
  endfacet
  facet normal 0.935872 -0.352341 0
    outer loop
      vertex 12.3959 35.734 5
      vertex 12.4593 35.9024 1.90735e-07
      vertex 12.4593 35.9024 5
    endloop
  endfacet
  facet normal 0.935872 -0.352341 0
    outer loop
      vertex 12.4593 35.9024 1.90735e-07
      vertex 12.3959 35.734 5
      vertex 12.3959 35.734 1.90735e-07
    endloop
  endfacet
  facet normal -0.227212 0.973845 0
    outer loop
      vertex 15.7118 22.1937 1.90735e-07
      vertex 15.5365 22.1528 5
      vertex 15.7118 22.1937 5
    endloop
  endfacet
  facet normal -0.227212 0.973845 0
    outer loop
      vertex 15.5365 22.1528 5
      vertex 15.7118 22.1937 1.90735e-07
      vertex 15.5365 22.1528 1.90735e-07
    endloop
  endfacet
  facet normal -0.973845 0.227212 0
    outer loop
      vertex 17.6563 24.1382 1.90735e-07
      vertex 17.6972 24.3135 5
      vertex 17.6972 24.3135 1.90735e-07
    endloop
  endfacet
  facet normal -0.973845 0.227212 0
    outer loop
      vertex 17.6972 24.3135 5
      vertex 17.6563 24.1382 1.90735e-07
      vertex 17.6563 24.1382 5
    endloop
  endfacet
  facet normal 0.973845 0.227212 0
    outer loop
      vertex 12.3437 24.1382 5
      vertex 12.3028 24.3135 1.90735e-07
      vertex 12.3028 24.3135 5
    endloop
  endfacet
  facet normal 0.973845 0.227212 0
    outer loop
      vertex 12.3028 24.3135 1.90735e-07
      vertex 12.3437 24.1382 5
      vertex 12.3437 24.1382 1.90735e-07
    endloop
  endfacet
  facet normal 0.582341 -0.812944 0
    outer loop
      vertex 13.3259 37.0317 1.90735e-07
      vertex 13.4722 37.1365 5
      vertex 13.3259 37.0317 5
    endloop
  endfacet
  facet normal 0.582341 -0.812944 0
    outer loop
      vertex 13.4722 37.1365 5
      vertex 13.3259 37.0317 1.90735e-07
      vertex 13.4722 37.1365 1.90735e-07
    endloop
  endfacet
  facet normal -0.2901 -0.956996 0
    outer loop
      vertex 15.7118 37.5063 1.90735e-07
      vertex 15.884 37.4541 5
      vertex 15.7118 37.5063 5
    endloop
  endfacet
  facet normal -0.2901 -0.956996 -0
    outer loop
      vertex 15.884 37.4541 5
      vertex 15.7118 37.5063 1.90735e-07
      vertex 15.884 37.4541 1.90735e-07
    endloop
  endfacet
  facet normal 0.162777 -0.986663 0
    outer loop
      vertex 14.4635 37.5472 1.90735e-07
      vertex 14.6411 37.5765 5
      vertex 14.4635 37.5472 5
    endloop
  endfacet
  facet normal 0.162777 -0.986663 0
    outer loop
      vertex 14.6411 37.5765 5
      vertex 14.4635 37.5472 1.90735e-07
      vertex 14.6411 37.5765 1.90735e-07
    endloop
  endfacet
  facet normal 0.68396 -0.72952 0
    outer loop
      vertex 13.0555 36.7945 1.90735e-07
      vertex 13.1868 36.9176 5
      vertex 13.0555 36.7945 5
    endloop
  endfacet
  facet normal 0.68396 -0.72952 0
    outer loop
      vertex 13.1868 36.9176 5
      vertex 13.0555 36.7945 1.90735e-07
      vertex 13.1868 36.9176 1.90735e-07
    endloop
  endfacet
  facet normal 0.5284 0.848996 -0
    outer loop
      vertex 13.625 22.4684 1.90735e-07
      vertex 13.4722 22.5635 5
      vertex 13.625 22.4684 5
    endloop
  endfacet
  facet normal 0.5284 0.848996 0
    outer loop
      vertex 13.4722 22.5635 5
      vertex 13.625 22.4684 1.90735e-07
      vertex 13.4722 22.5635 1.90735e-07
    endloop
  endfacet
  facet normal -0.986663 -0.162777 0
    outer loop
      vertex 17.7265 35.2089 1.90735e-07
      vertex 17.6972 35.3865 5
      vertex 17.6972 35.3865 1.90735e-07
    endloop
  endfacet
  facet normal -0.986663 -0.162777 0
    outer loop
      vertex 17.6972 35.3865 5
      vertex 17.7265 35.2089 1.90735e-07
      vertex 17.7265 35.2089 5
    endloop
  endfacet
  facet normal 0.2901 -0.956996 0
    outer loop
      vertex 14.116 37.4541 1.90735e-07
      vertex 14.2882 37.5063 5
      vertex 14.116 37.4541 5
    endloop
  endfacet
  facet normal 0.2901 -0.956996 0
    outer loop
      vertex 14.2882 37.5063 5
      vertex 14.116 37.4541 1.90735e-07
      vertex 14.2882 37.5063 1.90735e-07
    endloop
  endfacet
  facet normal -0.634206 0.773164 0
    outer loop
      vertex 16.8132 22.7824 1.90735e-07
      vertex 16.6741 22.6683 5
      vertex 16.8132 22.7824 5
    endloop
  endfacet
  facet normal -0.634206 0.773164 0
    outer loop
      vertex 16.6741 22.6683 5
      vertex 16.8132 22.7824 1.90735e-07
      vertex 16.6741 22.6683 1.90735e-07
    endloop
  endfacet
  facet normal -0.773164 0.634206 0
    outer loop
      vertex 17.0676 23.0368 1.90735e-07
      vertex 17.1817 23.1759 5
      vertex 17.1817 23.1759 1.90735e-07
    endloop
  endfacet
  facet normal -0.773164 0.634206 0
    outer loop
      vertex 17.1817 23.1759 5
      vertex 17.0676 23.0368 1.90735e-07
      vertex 17.0676 23.0368 5
    endloop
  endfacet
  facet normal -0.0978522 -0.995201 0
    outer loop
      vertex 15.1799 37.5941 1.90735e-07
      vertex 15.3589 37.5765 5
      vertex 15.1799 37.5941 5
    endloop
  endfacet
  facet normal -0.0978522 -0.995201 -0
    outer loop
      vertex 15.3589 37.5765 5
      vertex 15.1799 37.5941 1.90735e-07
      vertex 15.3589 37.5765 1.90735e-07
    endloop
  endfacet
  facet normal 0.0327784 0.999463 -0
    outer loop
      vertex 15 22.1 1.90735e-07
      vertex 14.8201 22.1059 5
      vertex 15 22.1 5
    endloop
  endfacet
  facet normal 0.0327784 0.999463 0
    outer loop
      vertex 14.8201 22.1059 5
      vertex 15 22.1 1.90735e-07
      vertex 14.8201 22.1059 1.90735e-07
    endloop
  endfacet
  facet normal -0.68396 0.72952 0
    outer loop
      vertex 16.9445 22.9055 1.90735e-07
      vertex 16.8132 22.7824 5
      vertex 16.9445 22.9055 5
    endloop
  endfacet
  facet normal -0.68396 0.72952 0
    outer loop
      vertex 16.8132 22.7824 5
      vertex 16.9445 22.9055 1.90735e-07
      vertex 16.8132 22.7824 1.90735e-07
    endloop
  endfacet
  facet normal 0.995201 -0.0978522 0
    outer loop
      vertex 12.2559 35.0299 5
      vertex 12.2735 35.2089 1.90735e-07
      vertex 12.2735 35.2089 5
    endloop
  endfacet
  facet normal 0.995201 -0.0978522 0
    outer loop
      vertex 12.2735 35.2089 1.90735e-07
      vertex 12.2559 35.0299 5
      vertex 12.2559 35.0299 1.90735e-07
    endloop
  endfacet
  facet normal -0.995201 -0.0978522 0
    outer loop
      vertex 17.7441 35.0299 1.90735e-07
      vertex 17.7265 35.2089 5
      vertex 17.7265 35.2089 1.90735e-07
    endloop
  endfacet
  facet normal -0.995201 -0.0978522 0
    outer loop
      vertex 17.7265 35.2089 5
      vertex 17.7441 35.0299 1.90735e-07
      vertex 17.7441 35.0299 5
    endloop
  endfacet
  facet normal 0.634206 -0.773164 0
    outer loop
      vertex 13.1868 36.9176 1.90735e-07
      vertex 13.3259 37.0317 5
      vertex 13.1868 36.9176 5
    endloop
  endfacet
  facet normal 0.634206 -0.773164 0
    outer loop
      vertex 13.3259 37.0317 5
      vertex 13.1868 36.9176 1.90735e-07
      vertex 13.3259 37.0317 1.90735e-07
    endloop
  endfacet
  facet normal 0.999463 -0.0327784 0
    outer loop
      vertex 12.25 34.85 5
      vertex 12.2559 35.0299 1.90735e-07
      vertex 12.2559 35.0299 5
    endloop
  endfacet
  facet normal 0.999463 -0.0327784 0
    outer loop
      vertex 12.2559 35.0299 1.90735e-07
      vertex 12.25 34.85 5
      vertex 12.25 34.85 1.90735e-07
    endloop
  endfacet
  facet normal 0.956996 0.2901 0
    outer loop
      vertex 12.3959 23.966 5
      vertex 12.3437 24.1382 1.90735e-07
      vertex 12.3437 24.1382 5
    endloop
  endfacet
  facet normal 0.956996 0.2901 0
    outer loop
      vertex 12.3437 24.1382 1.90735e-07
      vertex 12.3959 23.966 5
      vertex 12.3959 23.966 1.90735e-07
    endloop
  endfacet
  facet normal 0.848996 0.5284 0
    outer loop
      vertex 12.7135 23.3222 5
      vertex 12.6184 23.475 1.90735e-07
      vertex 12.6184 23.475 5
    endloop
  endfacet
  facet normal 0.848996 0.5284 0
    outer loop
      vertex 12.6184 23.475 1.90735e-07
      vertex 12.7135 23.3222 5
      vertex 12.7135 23.3222 1.90735e-07
    endloop
  endfacet
  facet normal 0.68396 0.72952 -0
    outer loop
      vertex 13.1868 22.7824 1.90735e-07
      vertex 13.0555 22.9055 5
      vertex 13.1868 22.7824 5
    endloop
  endfacet
  facet normal 0.68396 0.72952 0
    outer loop
      vertex 13.0555 22.9055 5
      vertex 13.1868 22.7824 1.90735e-07
      vertex 13.0555 22.9055 1.90735e-07
    endloop
  endfacet
  facet normal -0.995201 0.0978522 0
    outer loop
      vertex 17.7265 24.4911 1.90735e-07
      vertex 17.7441 24.6701 5
      vertex 17.7441 24.6701 1.90735e-07
    endloop
  endfacet
  facet normal -0.995201 0.0978522 0
    outer loop
      vertex 17.7441 24.6701 5
      vertex 17.7265 24.4911 1.90735e-07
      vertex 17.7265 24.4911 5
    endloop
  endfacet
  facet normal -0.910785 0.412882 0
    outer loop
      vertex 17.4664 23.6337 1.90735e-07
      vertex 17.5407 23.7976 5
      vertex 17.5407 23.7976 1.90735e-07
    endloop
  endfacet
  facet normal -0.910785 0.412882 0
    outer loop
      vertex 17.5407 23.7976 5
      vertex 17.4664 23.6337 1.90735e-07
      vertex 17.4664 23.6337 5
    endloop
  endfacet
  facet normal 0.910785 -0.412882 0
    outer loop
      vertex 12.4593 35.9024 5
      vertex 12.5336 36.0663 1.90735e-07
      vertex 12.5336 36.0663 5
    endloop
  endfacet
  facet normal 0.910785 -0.412882 0
    outer loop
      vertex 12.5336 36.0663 1.90735e-07
      vertex 12.4593 35.9024 5
      vertex 12.4593 35.9024 1.90735e-07
    endloop
  endfacet
  facet normal -0.881983 0.47128 0
    outer loop
      vertex 17.3816 23.475 1.90735e-07
      vertex 17.4664 23.6337 5
      vertex 17.4664 23.6337 1.90735e-07
    endloop
  endfacet
  facet normal -0.881983 0.47128 0
    outer loop
      vertex 17.4664 23.6337 5
      vertex 17.3816 23.475 1.90735e-07
      vertex 17.3816 23.475 5
    endloop
  endfacet
  facet normal -0.72952 0.68396 0
    outer loop
      vertex 16.9445 22.9055 1.90735e-07
      vertex 17.0676 23.0368 5
      vertex 17.0676 23.0368 1.90735e-07
    endloop
  endfacet
  facet normal -0.72952 0.68396 0
    outer loop
      vertex 17.0676 23.0368 5
      vertex 16.9445 22.9055 1.90735e-07
      vertex 16.9445 22.9055 5
    endloop
  endfacet
  facet normal 0.412882 -0.910785 0
    outer loop
      vertex 13.7837 37.3164 1.90735e-07
      vertex 13.9476 37.3907 5
      vertex 13.7837 37.3164 5
    endloop
  endfacet
  facet normal 0.412882 -0.910785 0
    outer loop
      vertex 13.9476 37.3907 5
      vertex 13.7837 37.3164 1.90735e-07
      vertex 13.9476 37.3907 1.90735e-07
    endloop
  endfacet
  facet normal -0.634206 -0.773164 0
    outer loop
      vertex 16.6741 37.0317 1.90735e-07
      vertex 16.8132 36.9176 5
      vertex 16.6741 37.0317 5
    endloop
  endfacet
  facet normal -0.634206 -0.773164 -0
    outer loop
      vertex 16.8132 36.9176 5
      vertex 16.6741 37.0317 1.90735e-07
      vertex 16.8132 36.9176 1.90735e-07
    endloop
  endfacet
  facet normal 0.812944 -0.582341 0
    outer loop
      vertex 12.7135 36.3778 5
      vertex 12.8183 36.5241 1.90735e-07
      vertex 12.8183 36.5241 5
    endloop
  endfacet
  facet normal 0.812944 -0.582341 0
    outer loop
      vertex 12.8183 36.5241 1.90735e-07
      vertex 12.7135 36.3778 5
      vertex 12.7135 36.3778 1.90735e-07
    endloop
  endfacet
  facet normal -0.5284 0.848996 0
    outer loop
      vertex 16.5278 22.5635 1.90735e-07
      vertex 16.375 22.4684 5
      vertex 16.5278 22.5635 5
    endloop
  endfacet
  facet normal -0.5284 0.848996 0
    outer loop
      vertex 16.375 22.4684 5
      vertex 16.5278 22.5635 1.90735e-07
      vertex 16.375 22.4684 1.90735e-07
    endloop
  endfacet
  facet normal -0.352341 -0.935872 0
    outer loop
      vertex 15.884 37.4541 1.90735e-07
      vertex 16.0524 37.3907 5
      vertex 15.884 37.4541 5
    endloop
  endfacet
  facet normal -0.352341 -0.935872 -0
    outer loop
      vertex 16.0524 37.3907 5
      vertex 15.884 37.4541 1.90735e-07
      vertex 16.0524 37.3907 1.90735e-07
    endloop
  endfacet
  facet normal 0.986663 -0.162777 0
    outer loop
      vertex 12.2735 35.2089 5
      vertex 12.3028 35.3865 1.90735e-07
      vertex 12.3028 35.3865 5
    endloop
  endfacet
  facet normal 0.986663 -0.162777 0
    outer loop
      vertex 12.3028 35.3865 1.90735e-07
      vertex 12.2735 35.2089 5
      vertex 12.2735 35.2089 1.90735e-07
    endloop
  endfacet
  facet normal 0.773164 0.634206 0
    outer loop
      vertex 12.9324 23.0368 5
      vertex 12.8183 23.1759 1.90735e-07
      vertex 12.8183 23.1759 5
    endloop
  endfacet
  facet normal 0.773164 0.634206 0
    outer loop
      vertex 12.8183 23.1759 1.90735e-07
      vertex 12.9324 23.0368 5
      vertex 12.9324 23.0368 1.90735e-07
    endloop
  endfacet
  facet normal -0.47128 0.881983 0
    outer loop
      vertex 16.375 22.4684 1.90735e-07
      vertex 16.2163 22.3836 5
      vertex 16.375 22.4684 5
    endloop
  endfacet
  facet normal -0.47128 0.881983 0
    outer loop
      vertex 16.2163 22.3836 5
      vertex 16.375 22.4684 1.90735e-07
      vertex 16.2163 22.3836 1.90735e-07
    endloop
  endfacet
  facet normal 0.0327784 -0.999463 0
    outer loop
      vertex 14.8201 37.5941 1.90735e-07
      vertex 15 37.6 5
      vertex 14.8201 37.5941 5
    endloop
  endfacet
  facet normal 0.0327784 -0.999463 0
    outer loop
      vertex 15 37.6 5
      vertex 14.8201 37.5941 1.90735e-07
      vertex 15 37.6 1.90735e-07
    endloop
  endfacet
  facet normal -0.910785 -0.412882 0
    outer loop
      vertex 17.5407 35.9024 1.90735e-07
      vertex 17.4664 36.0663 5
      vertex 17.4664 36.0663 1.90735e-07
    endloop
  endfacet
  facet normal -0.910785 -0.412882 0
    outer loop
      vertex 17.4664 36.0663 5
      vertex 17.5407 35.9024 1.90735e-07
      vertex 17.5407 35.9024 5
    endloop
  endfacet
  facet normal -0.0978522 0.995201 0
    outer loop
      vertex 15.3589 22.1235 1.90735e-07
      vertex 15.1799 22.1059 5
      vertex 15.3589 22.1235 5
    endloop
  endfacet
  facet normal -0.0978522 0.995201 0
    outer loop
      vertex 15.1799 22.1059 5
      vertex 15.3589 22.1235 1.90735e-07
      vertex 15.1799 22.1059 1.90735e-07
    endloop
  endfacet
  facet normal -0.881983 -0.47128 0
    outer loop
      vertex 17.4664 36.0663 1.90735e-07
      vertex 17.3816 36.225 5
      vertex 17.3816 36.225 1.90735e-07
    endloop
  endfacet
  facet normal -0.881983 -0.47128 0
    outer loop
      vertex 17.3816 36.225 5
      vertex 17.4664 36.0663 1.90735e-07
      vertex 17.4664 36.0663 5
    endloop
  endfacet
  facet normal -0.773164 -0.634206 0
    outer loop
      vertex 17.1817 36.5241 1.90735e-07
      vertex 17.0676 36.6632 5
      vertex 17.0676 36.6632 1.90735e-07
    endloop
  endfacet
  facet normal -0.773164 -0.634206 0
    outer loop
      vertex 17.0676 36.6632 5
      vertex 17.1817 36.5241 1.90735e-07
      vertex 17.1817 36.5241 5
    endloop
  endfacet
  facet normal 0.227212 0.973845 -0
    outer loop
      vertex 14.4635 22.1528 1.90735e-07
      vertex 14.2882 22.1937 5
      vertex 14.4635 22.1528 5
    endloop
  endfacet
  facet normal 0.227212 0.973845 0
    outer loop
      vertex 14.2882 22.1937 5
      vertex 14.4635 22.1528 1.90735e-07
      vertex 14.2882 22.1937 1.90735e-07
    endloop
  endfacet
  facet normal 1 -0 0
    outer loop
      vertex 12.25 24.85 5
      vertex 12.25 34.85 1.90735e-07
      vertex 12.25 34.85 5
    endloop
  endfacet
  facet normal 1 0 0
    outer loop
      vertex 12.25 34.85 1.90735e-07
      vertex 12.25 24.85 5
      vertex 12.25 24.85 1.90735e-07
    endloop
  endfacet
  facet normal -1 0 0
    outer loop
      vertex 17.75 24.85 1.90735e-07
      vertex 17.75 34.85 5
      vertex 17.75 34.85 1.90735e-07
    endloop
  endfacet
  facet normal -1 -0 0
    outer loop
      vertex 17.75 34.85 5
      vertex 17.75 24.85 1.90735e-07
      vertex 17.75 24.85 5
    endloop
  endfacet
  facet normal 0.973845 -0.227212 0
    outer loop
      vertex 12.3028 35.3865 5
      vertex 12.3437 35.5618 1.90735e-07
      vertex 12.3437 35.5618 5
    endloop
  endfacet
  facet normal 0.973845 -0.227212 0
    outer loop
      vertex 12.3437 35.5618 1.90735e-07
      vertex 12.3028 35.3865 5
      vertex 12.3028 35.3865 1.90735e-07
    endloop
  endfacet
  facet normal 0.634206 0.773164 -0
    outer loop
      vertex 13.3259 22.6683 1.90735e-07
      vertex 13.1868 22.7824 5
      vertex 13.3259 22.6683 5
    endloop
  endfacet
  facet normal 0.634206 0.773164 0
    outer loop
      vertex 13.1868 22.7824 5
      vertex 13.3259 22.6683 1.90735e-07
      vertex 13.1868 22.7824 1.90735e-07
    endloop
  endfacet
  facet normal 0.72952 -0.68396 0
    outer loop
      vertex 12.9324 36.6632 5
      vertex 13.0555 36.7945 1.90735e-07
      vertex 13.0555 36.7945 5
    endloop
  endfacet
  facet normal 0.72952 -0.68396 0
    outer loop
      vertex 13.0555 36.7945 1.90735e-07
      vertex 12.9324 36.6632 5
      vertex 12.9324 36.6632 1.90735e-07
    endloop
  endfacet
  facet normal -0.999463 0.0327784 0
    outer loop
      vertex 17.7441 24.6701 1.90735e-07
      vertex 17.75 24.85 5
      vertex 17.75 24.85 1.90735e-07
    endloop
  endfacet
  facet normal -0.999463 0.0327784 0
    outer loop
      vertex 17.75 24.85 5
      vertex 17.7441 24.6701 1.90735e-07
      vertex 17.7441 24.6701 5
    endloop
  endfacet
  facet normal -0.162777 -0.986663 0
    outer loop
      vertex 15.3589 37.5765 1.90735e-07
      vertex 15.5365 37.5472 5
      vertex 15.3589 37.5765 5
    endloop
  endfacet
  facet normal -0.162777 -0.986663 -0
    outer loop
      vertex 15.5365 37.5472 5
      vertex 15.3589 37.5765 1.90735e-07
      vertex 15.5365 37.5472 1.90735e-07
    endloop
  endfacet
  facet normal 0.5284 -0.848996 0
    outer loop
      vertex 13.4722 37.1365 1.90735e-07
      vertex 13.625 37.2316 5
      vertex 13.4722 37.1365 5
    endloop
  endfacet
  facet normal 0.5284 -0.848996 0
    outer loop
      vertex 13.625 37.2316 5
      vertex 13.4722 37.1365 1.90735e-07
      vertex 13.625 37.2316 1.90735e-07
    endloop
  endfacet
  facet normal 0.47128 0.881983 -0
    outer loop
      vertex 13.7837 22.3836 1.90735e-07
      vertex 13.625 22.4684 5
      vertex 13.7837 22.3836 5
    endloop
  endfacet
  facet normal 0.47128 0.881983 0
    outer loop
      vertex 13.625 22.4684 5
      vertex 13.7837 22.3836 1.90735e-07
      vertex 13.625 22.4684 1.90735e-07
    endloop
  endfacet
  facet normal 0.956996 -0.2901 0
    outer loop
      vertex 12.3437 35.5618 5
      vertex 12.3959 35.734 1.90735e-07
      vertex 12.3959 35.734 5
    endloop
  endfacet
  facet normal 0.956996 -0.2901 0
    outer loop
      vertex 12.3959 35.734 1.90735e-07
      vertex 12.3437 35.5618 5
      vertex 12.3437 35.5618 1.90735e-07
    endloop
  endfacet
  facet normal 0.47128 -0.881983 0
    outer loop
      vertex 13.625 37.2316 1.90735e-07
      vertex 13.7837 37.3164 5
      vertex 13.625 37.2316 5
    endloop
  endfacet
  facet normal 0.47128 -0.881983 0
    outer loop
      vertex 13.7837 37.3164 5
      vertex 13.625 37.2316 1.90735e-07
      vertex 13.7837 37.3164 1.90735e-07
    endloop
  endfacet
  facet normal -0.5284 -0.848996 0
    outer loop
      vertex 16.375 37.2316 1.90735e-07
      vertex 16.5278 37.1365 5
      vertex 16.375 37.2316 5
    endloop
  endfacet
  facet normal -0.5284 -0.848996 -0
    outer loop
      vertex 16.5278 37.1365 5
      vertex 16.375 37.2316 1.90735e-07
      vertex 16.5278 37.1365 1.90735e-07
    endloop
  endfacet
  facet normal 0.812944 0.582341 0
    outer loop
      vertex 12.8183 23.1759 5
      vertex 12.7135 23.3222 1.90735e-07
      vertex 12.7135 23.3222 5
    endloop
  endfacet
  facet normal 0.812944 0.582341 0
    outer loop
      vertex 12.7135 23.3222 1.90735e-07
      vertex 12.8183 23.1759 5
      vertex 12.8183 23.1759 1.90735e-07
    endloop
  endfacet
  facet normal -0.2901 0.956996 0
    outer loop
      vertex 15.884 22.2459 1.90735e-07
      vertex 15.7118 22.1937 5
      vertex 15.884 22.2459 5
    endloop
  endfacet
  facet normal -0.2901 0.956996 0
    outer loop
      vertex 15.7118 22.1937 5
      vertex 15.884 22.2459 1.90735e-07
      vertex 15.7118 22.1937 1.90735e-07
    endloop
  endfacet
  facet normal -0.72952 -0.68396 0
    outer loop
      vertex 17.0676 36.6632 1.90735e-07
      vertex 16.9445 36.7945 5
      vertex 16.9445 36.7945 1.90735e-07
    endloop
  endfacet
  facet normal -0.72952 -0.68396 0
    outer loop
      vertex 16.9445 36.7945 5
      vertex 17.0676 36.6632 1.90735e-07
      vertex 17.0676 36.6632 5
    endloop
  endfacet
  facet normal -0.582341 -0.812944 0
    outer loop
      vertex 16.5278 37.1365 1.90735e-07
      vertex 16.6741 37.0317 5
      vertex 16.5278 37.1365 5
    endloop
  endfacet
  facet normal -0.582341 -0.812944 -0
    outer loop
      vertex 16.6741 37.0317 5
      vertex 16.5278 37.1365 1.90735e-07
      vertex 16.6741 37.0317 1.90735e-07
    endloop
  endfacet
  facet normal -0.47128 -0.881983 0
    outer loop
      vertex 16.2163 37.3164 1.90735e-07
      vertex 16.375 37.2316 5
      vertex 16.2163 37.3164 5
    endloop
  endfacet
  facet normal -0.47128 -0.881983 -0
    outer loop
      vertex 16.375 37.2316 5
      vertex 16.2163 37.3164 1.90735e-07
      vertex 16.375 37.2316 1.90735e-07
    endloop
  endfacet
  facet normal -0.352341 0.935872 0
    outer loop
      vertex 16.0524 22.3093 1.90735e-07
      vertex 15.884 22.2459 5
      vertex 16.0524 22.3093 5
    endloop
  endfacet
  facet normal -0.352341 0.935872 0
    outer loop
      vertex 15.884 22.2459 5
      vertex 16.0524 22.3093 1.90735e-07
      vertex 15.884 22.2459 1.90735e-07
    endloop
  endfacet
  facet normal -0.68396 -0.72952 0
    outer loop
      vertex 16.8132 36.9176 1.90735e-07
      vertex 16.9445 36.7945 5
      vertex 16.8132 36.9176 5
    endloop
  endfacet
  facet normal -0.68396 -0.72952 -0
    outer loop
      vertex 16.9445 36.7945 5
      vertex 16.8132 36.9176 1.90735e-07
      vertex 16.9445 36.7945 1.90735e-07
    endloop
  endfacet
  facet normal 0.352341 0.935872 -0
    outer loop
      vertex 14.116 22.2459 1.90735e-07
      vertex 13.9476 22.3093 5
      vertex 14.116 22.2459 5
    endloop
  endfacet
  facet normal 0.352341 0.935872 0
    outer loop
      vertex 13.9476 22.3093 5
      vertex 14.116 22.2459 1.90735e-07
      vertex 13.9476 22.3093 1.90735e-07
    endloop
  endfacet
  facet normal -0.973845 -0.227212 0
    outer loop
      vertex 17.6972 35.3865 1.90735e-07
      vertex 17.6563 35.5618 5
      vertex 17.6563 35.5618 1.90735e-07
    endloop
  endfacet
  facet normal -0.973845 -0.227212 0
    outer loop
      vertex 17.6563 35.5618 5
      vertex 17.6972 35.3865 1.90735e-07
      vertex 17.6972 35.3865 5
    endloop
  endfacet
  facet normal 0.2901 0.956996 -0
    outer loop
      vertex 14.2882 22.1937 1.90735e-07
      vertex 14.116 22.2459 5
      vertex 14.2882 22.1937 5
    endloop
  endfacet
  facet normal 0.2901 0.956996 0
    outer loop
      vertex 14.116 22.2459 5
      vertex 14.2882 22.1937 1.90735e-07
      vertex 14.116 22.2459 1.90735e-07
    endloop
  endfacet
  facet normal 0.72952 0.68396 0
    outer loop
      vertex 13.0555 22.9055 5
      vertex 12.9324 23.0368 1.90735e-07
      vertex 12.9324 23.0368 5
    endloop
  endfacet
  facet normal 0.72952 0.68396 0
    outer loop
      vertex 12.9324 23.0368 1.90735e-07
      vertex 13.0555 22.9055 5
      vertex 13.0555 22.9055 1.90735e-07
    endloop
  endfacet
  facet normal 0.773164 -0.634206 0
    outer loop
      vertex 12.8183 36.5241 5
      vertex 12.9324 36.6632 1.90735e-07
      vertex 12.9324 36.6632 5
    endloop
  endfacet
  facet normal 0.773164 -0.634206 0
    outer loop
      vertex 12.9324 36.6632 1.90735e-07
      vertex 12.8183 36.5241 5
      vertex 12.8183 36.5241 1.90735e-07
    endloop
  endfacet
  facet normal 0.162777 0.986663 -0
    outer loop
      vertex 14.6411 22.1235 1.90735e-07
      vertex 14.4635 22.1528 5
      vertex 14.6411 22.1235 5
    endloop
  endfacet
  facet normal 0.162777 0.986663 0
    outer loop
      vertex 14.4635 22.1528 5
      vertex 14.6411 22.1235 1.90735e-07
      vertex 14.4635 22.1528 1.90735e-07
    endloop
  endfacet
  facet normal 0.935872 0.352341 0
    outer loop
      vertex 12.4593 23.7976 5
      vertex 12.3959 23.966 1.90735e-07
      vertex 12.3959 23.966 5
    endloop
  endfacet
  facet normal 0.935872 0.352341 0
    outer loop
      vertex 12.3959 23.966 1.90735e-07
      vertex 12.4593 23.7976 5
      vertex 12.4593 23.7976 1.90735e-07
    endloop
  endfacet
  facet normal -0.162777 0.986663 0
    outer loop
      vertex 15.5365 22.1528 1.90735e-07
      vertex 15.3589 22.1235 5
      vertex 15.5365 22.1528 5
    endloop
  endfacet
  facet normal -0.162777 0.986663 0
    outer loop
      vertex 15.3589 22.1235 5
      vertex 15.5365 22.1528 1.90735e-07
      vertex 15.3589 22.1235 1.90735e-07
    endloop
  endfacet
  facet normal -0.848996 -0.5284 0
    outer loop
      vertex 17.3816 36.225 1.90735e-07
      vertex 17.2865 36.3778 5
      vertex 17.2865 36.3778 1.90735e-07
    endloop
  endfacet
  facet normal -0.848996 -0.5284 0
    outer loop
      vertex 17.2865 36.3778 5
      vertex 17.3816 36.225 1.90735e-07
      vertex 17.3816 36.225 5
    endloop
  endfacet
  facet normal 0.995201 0.0978522 0
    outer loop
      vertex 12.2735 24.4911 5
      vertex 12.2559 24.6701 1.90735e-07
      vertex 12.2559 24.6701 5
    endloop
  endfacet
  facet normal 0.995201 0.0978522 0
    outer loop
      vertex 12.2559 24.6701 1.90735e-07
      vertex 12.2735 24.4911 5
      vertex 12.2735 24.4911 1.90735e-07
    endloop
  endfacet
  facet normal 0.999463 0.0327784 0
    outer loop
      vertex 12.2559 24.6701 5
      vertex 12.25 24.85 1.90735e-07
      vertex 12.25 24.85 5
    endloop
  endfacet
  facet normal 0.999463 0.0327784 0
    outer loop
      vertex 12.25 24.85 1.90735e-07
      vertex 12.2559 24.6701 5
      vertex 12.2559 24.6701 1.90735e-07
    endloop
  endfacet
  facet normal -0.956996 0.2901 0
    outer loop
      vertex 17.6041 23.966 1.90735e-07
      vertex 17.6563 24.1382 5
      vertex 17.6563 24.1382 1.90735e-07
    endloop
  endfacet
  facet normal -0.956996 0.2901 0
    outer loop
      vertex 17.6563 24.1382 5
      vertex 17.6041 23.966 1.90735e-07
      vertex 17.6041 23.966 5
    endloop
  endfacet
  facet normal 0.582341 0.812944 -0
    outer loop
      vertex 13.4722 22.5635 1.90735e-07
      vertex 13.3259 22.6683 5
      vertex 13.4722 22.5635 5
    endloop
  endfacet
  facet normal 0.582341 0.812944 0
    outer loop
      vertex 13.3259 22.6683 5
      vertex 13.4722 22.5635 1.90735e-07
      vertex 13.3259 22.6683 1.90735e-07
    endloop
  endfacet
  facet normal -0.0327784 -0.999463 0
    outer loop
      vertex 15 37.6 1.90735e-07
      vertex 15.1799 37.5941 5
      vertex 15 37.6 5
    endloop
  endfacet
  facet normal -0.0327784 -0.999463 -0
    outer loop
      vertex 15.1799 37.5941 5
      vertex 15 37.6 1.90735e-07
      vertex 15.1799 37.5941 1.90735e-07
    endloop
  endfacet
  facet normal 0.986663 0.162777 0
    outer loop
      vertex 12.3028 24.3135 5
      vertex 12.2735 24.4911 1.90735e-07
      vertex 12.2735 24.4911 5
    endloop
  endfacet
  facet normal 0.986663 0.162777 0
    outer loop
      vertex 12.2735 24.4911 1.90735e-07
      vertex 12.3028 24.3135 5
      vertex 12.3028 24.3135 1.90735e-07
    endloop
  endfacet
  facet normal -0.227212 -0.973845 0
    outer loop
      vertex 15.5365 37.5472 1.90735e-07
      vertex 15.7118 37.5063 5
      vertex 15.5365 37.5472 5
    endloop
  endfacet
  facet normal -0.227212 -0.973845 -0
    outer loop
      vertex 15.7118 37.5063 5
      vertex 15.5365 37.5472 1.90735e-07
      vertex 15.7118 37.5063 1.90735e-07
    endloop
  endfacet
  facet normal -0.935872 -0.352341 0
    outer loop
      vertex 17.6041 35.734 1.90735e-07
      vertex 17.5407 35.9024 5
      vertex 17.5407 35.9024 1.90735e-07
    endloop
  endfacet
  facet normal -0.935872 -0.352341 0
    outer loop
      vertex 17.5407 35.9024 5
      vertex 17.6041 35.734 1.90735e-07
      vertex 17.6041 35.734 5
    endloop
  endfacet
  facet normal -0.956996 -0.2901 0
    outer loop
      vertex 17.6563 35.5618 1.90735e-07
      vertex 17.6041 35.734 5
      vertex 17.6041 35.734 1.90735e-07
    endloop
  endfacet
  facet normal -0.956996 -0.2901 0
    outer loop
      vertex 17.6041 35.734 5
      vertex 17.6563 35.5618 1.90735e-07
      vertex 17.6563 35.5618 5
    endloop
  endfacet
  facet normal 0.910785 0.412882 0
    outer loop
      vertex 12.5336 23.6337 5
      vertex 12.4593 23.7976 1.90735e-07
      vertex 12.4593 23.7976 5
    endloop
  endfacet
  facet normal 0.910785 0.412882 0
    outer loop
      vertex 12.4593 23.7976 1.90735e-07
      vertex 12.5336 23.6337 5
      vertex 12.5336 23.6337 1.90735e-07
    endloop
  endfacet
  facet normal -0.412882 0.910785 0
    outer loop
      vertex 16.2163 22.3836 1.90735e-07
      vertex 16.0524 22.3093 5
      vertex 16.2163 22.3836 5
    endloop
  endfacet
  facet normal -0.412882 0.910785 0
    outer loop
      vertex 16.0524 22.3093 5
      vertex 16.2163 22.3836 1.90735e-07
      vertex 16.0524 22.3093 1.90735e-07
    endloop
  endfacet
  facet normal -0.935872 0.352341 0
    outer loop
      vertex 17.5407 23.7976 1.90735e-07
      vertex 17.6041 23.966 5
      vertex 17.6041 23.966 1.90735e-07
    endloop
  endfacet
  facet normal -0.935872 0.352341 0
    outer loop
      vertex 17.6041 23.966 5
      vertex 17.5407 23.7976 1.90735e-07
      vertex 17.5407 23.7976 5
    endloop
  endfacet
  facet normal -0.848996 0.5284 0
    outer loop
      vertex 17.2865 23.3222 1.90735e-07
      vertex 17.3816 23.475 5
      vertex 17.3816 23.475 1.90735e-07
    endloop
  endfacet
  facet normal -0.848996 0.5284 0
    outer loop
      vertex 17.3816 23.475 5
      vertex 17.2865 23.3222 1.90735e-07
      vertex 17.2865 23.3222 5
    endloop
  endfacet
  facet normal 0.227212 -0.973845 0
    outer loop
      vertex 14.2882 37.5063 1.90735e-07
      vertex 14.4635 37.5472 5
      vertex 14.2882 37.5063 5
    endloop
  endfacet
  facet normal 0.227212 -0.973845 0
    outer loop
      vertex 14.4635 37.5472 5
      vertex 14.2882 37.5063 1.90735e-07
      vertex 14.4635 37.5472 1.90735e-07
    endloop
  endfacet
  facet normal -0.582341 0.812944 0
    outer loop
      vertex 16.6741 22.6683 1.90735e-07
      vertex 16.5278 22.5635 5
      vertex 16.6741 22.6683 5
    endloop
  endfacet
  facet normal -0.582341 0.812944 0
    outer loop
      vertex 16.5278 22.5635 5
      vertex 16.6741 22.6683 1.90735e-07
      vertex 16.5278 22.5635 1.90735e-07
    endloop
  endfacet
  facet normal 0.881983 -0.47128 0
    outer loop
      vertex 12.5336 36.0663 5
      vertex 12.6184 36.225 1.90735e-07
      vertex 12.6184 36.225 5
    endloop
  endfacet
  facet normal 0.881983 -0.47128 0
    outer loop
      vertex 12.6184 36.225 1.90735e-07
      vertex 12.5336 36.0663 5
      vertex 12.5336 36.0663 1.90735e-07
    endloop
  endfacet
  facet normal -0.0327784 0.999463 0
    outer loop
      vertex 15.1799 22.1059 1.90735e-07
      vertex 15 22.1 5
      vertex 15.1799 22.1059 5
    endloop
  endfacet
  facet normal -0.0327784 0.999463 0
    outer loop
      vertex 15 22.1 5
      vertex 15.1799 22.1059 1.90735e-07
      vertex 15 22.1 1.90735e-07
    endloop
  endfacet
  facet normal 0.848996 -0.5284 0
    outer loop
      vertex 12.6184 36.225 5
      vertex 12.7135 36.3778 1.90735e-07
      vertex 12.7135 36.3778 5
    endloop
  endfacet
  facet normal 0.848996 -0.5284 0
    outer loop
      vertex 12.7135 36.3778 1.90735e-07
      vertex 12.6184 36.225 5
      vertex 12.6184 36.225 1.90735e-07
    endloop
  endfacet
  facet normal 0.412882 0.910785 -0
    outer loop
      vertex 13.9476 22.3093 1.90735e-07
      vertex 13.7837 22.3836 5
      vertex 13.9476 22.3093 5
    endloop
  endfacet
  facet normal 0.412882 0.910785 0
    outer loop
      vertex 13.7837 22.3836 5
      vertex 13.9476 22.3093 1.90735e-07
      vertex 13.7837 22.3836 1.90735e-07
    endloop
  endfacet
  facet normal -0.812944 0.582341 0
    outer loop
      vertex 17.1817 23.1759 1.90735e-07
      vertex 17.2865 23.3222 5
      vertex 17.2865 23.3222 1.90735e-07
    endloop
  endfacet
  facet normal -0.812944 0.582341 0
    outer loop
      vertex 17.2865 23.3222 5
      vertex 17.1817 23.1759 1.90735e-07
      vertex 17.1817 23.1759 5
    endloop
  endfacet
  facet normal 0.881983 0.47128 0
    outer loop
      vertex 12.6184 23.475 5
      vertex 12.5336 23.6337 1.90735e-07
      vertex 12.5336 23.6337 5
    endloop
  endfacet
  facet normal 0.881983 0.47128 0
    outer loop
      vertex 12.5336 23.6337 1.90735e-07
      vertex 12.6184 23.475 5
      vertex 12.6184 23.475 1.90735e-07
    endloop
  endfacet
  facet normal 0.0978522 0.995201 -0
    outer loop
      vertex 14.8201 22.1059 1.90735e-07
      vertex 14.6411 22.1235 5
      vertex 14.8201 22.1059 5
    endloop
  endfacet
  facet normal 0.0978522 0.995201 0
    outer loop
      vertex 14.6411 22.1235 5
      vertex 14.8201 22.1059 1.90735e-07
      vertex 14.6411 22.1235 1.90735e-07
    endloop
  endfacet
  facet normal -0.986663 0.162777 0
    outer loop
      vertex 17.6972 24.3135 1.90735e-07
      vertex 17.7265 24.4911 5
      vertex 17.7265 24.4911 1.90735e-07
    endloop
  endfacet
  facet normal -0.986663 0.162777 0
    outer loop
      vertex 17.7265 24.4911 5
      vertex 17.6972 24.3135 1.90735e-07
      vertex 17.6972 24.3135 5
    endloop
  endfacet
  facet normal 0.0978522 -0.995201 0
    outer loop
      vertex 14.6411 37.5765 1.90735e-07
      vertex 14.8201 37.5941 5
      vertex 14.6411 37.5765 5
    endloop
  endfacet
  facet normal 0.0978522 -0.995201 0
    outer loop
      vertex 14.8201 37.5941 5
      vertex 14.6411 37.5765 1.90735e-07
      vertex 14.8201 37.5941 1.90735e-07
    endloop
  endfacet
  facet normal -0.812944 -0.582341 0
    outer loop
      vertex 17.2865 36.3778 1.90735e-07
      vertex 17.1817 36.5241 5
      vertex 17.1817 36.5241 1.90735e-07
    endloop
  endfacet
  facet normal -0.812944 -0.582341 0
    outer loop
      vertex 17.1817 36.5241 5
      vertex 17.2865 36.3778 1.90735e-07
      vertex 17.2865 36.3778 5
    endloop
  endfacet
  facet normal 0.352341 -0.935872 0
    outer loop
      vertex 13.9476 37.3907 1.90735e-07
      vertex 14.116 37.4541 5
      vertex 13.9476 37.3907 5
    endloop
  endfacet
  facet normal 0.352341 -0.935872 0
    outer loop
      vertex 14.116 37.4541 5
      vertex 13.9476 37.3907 1.90735e-07
      vertex 14.116 37.4541 1.90735e-07
    endloop
  endfacet
  facet normal 0.2901 -0.956996 0
    outer loop
      vertex 14.116 -22.2459 1.90735e-07
      vertex 14.2882 -22.1937 5
      vertex 14.116 -22.2459 5
    endloop
  endfacet
  facet normal 0.2901 -0.956996 0
    outer loop
      vertex 14.2882 -22.1937 5
      vertex 14.116 -22.2459 1.90735e-07
      vertex 14.2882 -22.1937 1.90735e-07
    endloop
  endfacet
  facet normal 0.986663 -0.162777 0
    outer loop
      vertex 12.2735 -24.4911 5
      vertex 12.3028 -24.3135 1.90735e-07
      vertex 12.3028 -24.3135 5
    endloop
  endfacet
  facet normal 0.986663 -0.162777 0
    outer loop
      vertex 12.3028 -24.3135 1.90735e-07
      vertex 12.2735 -24.4911 5
      vertex 12.2735 -24.4911 1.90735e-07
    endloop
  endfacet
  facet normal 0.773164 0.634206 0
    outer loop
      vertex 12.9324 -36.6632 5
      vertex 12.8183 -36.5241 1.90735e-07
      vertex 12.8183 -36.5241 5
    endloop
  endfacet
  facet normal 0.773164 0.634206 0
    outer loop
      vertex 12.8183 -36.5241 1.90735e-07
      vertex 12.9324 -36.6632 5
      vertex 12.9324 -36.6632 1.90735e-07
    endloop
  endfacet
  facet normal 0.999463 -0.0327784 0
    outer loop
      vertex 12.25 -24.85 5
      vertex 12.2559 -24.6701 1.90735e-07
      vertex 12.2559 -24.6701 5
    endloop
  endfacet
  facet normal 0.999463 -0.0327784 0
    outer loop
      vertex 12.2559 -24.6701 1.90735e-07
      vertex 12.25 -24.85 5
      vertex 12.25 -24.85 1.90735e-07
    endloop
  endfacet
  facet normal -0.881983 -0.47128 0
    outer loop
      vertex 17.4664 -23.6337 1.90735e-07
      vertex 17.3816 -23.475 5
      vertex 17.3816 -23.475 1.90735e-07
    endloop
  endfacet
  facet normal -0.881983 -0.47128 0
    outer loop
      vertex 17.3816 -23.475 5
      vertex 17.4664 -23.6337 1.90735e-07
      vertex 17.4664 -23.6337 5
    endloop
  endfacet
  facet normal 0.0978522 0.995201 -0
    outer loop
      vertex 14.8201 -37.5941 1.90735e-07
      vertex 14.6411 -37.5765 5
      vertex 14.8201 -37.5941 5
    endloop
  endfacet
  facet normal 0.0978522 0.995201 0
    outer loop
      vertex 14.6411 -37.5765 5
      vertex 14.8201 -37.5941 1.90735e-07
      vertex 14.6411 -37.5765 1.90735e-07
    endloop
  endfacet
  facet normal 0.973845 -0.227212 0
    outer loop
      vertex 12.3028 -24.3135 5
      vertex 12.3437 -24.1382 1.90735e-07
      vertex 12.3437 -24.1382 5
    endloop
  endfacet
  facet normal 0.973845 -0.227212 0
    outer loop
      vertex 12.3437 -24.1382 1.90735e-07
      vertex 12.3028 -24.3135 5
      vertex 12.3028 -24.3135 1.90735e-07
    endloop
  endfacet
  facet normal -0.72952 0.68396 0
    outer loop
      vertex 16.9445 -36.7945 1.90735e-07
      vertex 17.0676 -36.6632 5
      vertex 17.0676 -36.6632 1.90735e-07
    endloop
  endfacet
  facet normal -0.72952 0.68396 0
    outer loop
      vertex 17.0676 -36.6632 5
      vertex 16.9445 -36.7945 1.90735e-07
      vertex 16.9445 -36.7945 5
    endloop
  endfacet
  facet normal 0.68396 -0.72952 0
    outer loop
      vertex 13.0555 -22.9055 1.90735e-07
      vertex 13.1868 -22.7824 5
      vertex 13.0555 -22.9055 5
    endloop
  endfacet
  facet normal 0.68396 -0.72952 0
    outer loop
      vertex 13.1868 -22.7824 5
      vertex 13.0555 -22.9055 1.90735e-07
      vertex 13.1868 -22.7824 1.90735e-07
    endloop
  endfacet
  facet normal -0.910785 -0.412882 0
    outer loop
      vertex 17.5407 -23.7976 1.90735e-07
      vertex 17.4664 -23.6337 5
      vertex 17.4664 -23.6337 1.90735e-07
    endloop
  endfacet
  facet normal -0.910785 -0.412882 0
    outer loop
      vertex 17.4664 -23.6337 5
      vertex 17.5407 -23.7976 1.90735e-07
      vertex 17.5407 -23.7976 5
    endloop
  endfacet
  facet normal -0.227212 0.973845 0
    outer loop
      vertex 15.7118 -37.5063 1.90735e-07
      vertex 15.5365 -37.5472 5
      vertex 15.7118 -37.5063 5
    endloop
  endfacet
  facet normal -0.227212 0.973845 0
    outer loop
      vertex 15.5365 -37.5472 5
      vertex 15.7118 -37.5063 1.90735e-07
      vertex 15.5365 -37.5472 1.90735e-07
    endloop
  endfacet
  facet normal -0.956996 0.2901 0
    outer loop
      vertex 17.6041 -35.734 1.90735e-07
      vertex 17.6563 -35.5618 5
      vertex 17.6563 -35.5618 1.90735e-07
    endloop
  endfacet
  facet normal -0.956996 0.2901 0
    outer loop
      vertex 17.6563 -35.5618 5
      vertex 17.6041 -35.734 1.90735e-07
      vertex 17.6041 -35.734 5
    endloop
  endfacet
  facet normal 0.956996 -0.2901 0
    outer loop
      vertex 12.3437 -24.1382 5
      vertex 12.3959 -23.966 1.90735e-07
      vertex 12.3959 -23.966 5
    endloop
  endfacet
  facet normal 0.956996 -0.2901 0
    outer loop
      vertex 12.3959 -23.966 1.90735e-07
      vertex 12.3437 -24.1382 5
      vertex 12.3437 -24.1382 1.90735e-07
    endloop
  endfacet
  facet normal 0.47128 -0.881983 0
    outer loop
      vertex 13.625 -22.4684 1.90735e-07
      vertex 13.7837 -22.3836 5
      vertex 13.625 -22.4684 5
    endloop
  endfacet
  facet normal 0.47128 -0.881983 0
    outer loop
      vertex 13.7837 -22.3836 5
      vertex 13.625 -22.4684 1.90735e-07
      vertex 13.7837 -22.3836 1.90735e-07
    endloop
  endfacet
  facet normal -0.956996 -0.2901 0
    outer loop
      vertex 17.6563 -24.1382 1.90735e-07
      vertex 17.6041 -23.966 5
      vertex 17.6041 -23.966 1.90735e-07
    endloop
  endfacet
  facet normal -0.956996 -0.2901 0
    outer loop
      vertex 17.6041 -23.966 5
      vertex 17.6563 -24.1382 1.90735e-07
      vertex 17.6563 -24.1382 5
    endloop
  endfacet
  facet normal 0.910785 -0.412882 0
    outer loop
      vertex 12.4593 -23.7976 5
      vertex 12.5336 -23.6337 1.90735e-07
      vertex 12.5336 -23.6337 5
    endloop
  endfacet
  facet normal 0.910785 -0.412882 0
    outer loop
      vertex 12.5336 -23.6337 1.90735e-07
      vertex 12.4593 -23.7976 5
      vertex 12.4593 -23.7976 1.90735e-07
    endloop
  endfacet
  facet normal 0.72952 -0.68396 0
    outer loop
      vertex 12.9324 -23.0368 5
      vertex 13.0555 -22.9055 1.90735e-07
      vertex 13.0555 -22.9055 5
    endloop
  endfacet
  facet normal 0.72952 -0.68396 0
    outer loop
      vertex 13.0555 -22.9055 1.90735e-07
      vertex 12.9324 -23.0368 5
      vertex 12.9324 -23.0368 1.90735e-07
    endloop
  endfacet
  facet normal 0.227212 -0.973845 0
    outer loop
      vertex 14.2882 -22.1937 1.90735e-07
      vertex 14.4635 -22.1528 5
      vertex 14.2882 -22.1937 5
    endloop
  endfacet
  facet normal 0.227212 -0.973845 0
    outer loop
      vertex 14.4635 -22.1528 5
      vertex 14.2882 -22.1937 1.90735e-07
      vertex 14.4635 -22.1528 1.90735e-07
    endloop
  endfacet
  facet normal -0.995201 -0.0978522 0
    outer loop
      vertex 17.7441 -24.6701 1.90735e-07
      vertex 17.7265 -24.4911 5
      vertex 17.7265 -24.4911 1.90735e-07
    endloop
  endfacet
  facet normal -0.995201 -0.0978522 0
    outer loop
      vertex 17.7265 -24.4911 5
      vertex 17.7441 -24.6701 1.90735e-07
      vertex 17.7441 -24.6701 5
    endloop
  endfacet
  facet normal -0.162777 -0.986663 0
    outer loop
      vertex 15.3589 -22.1235 1.90735e-07
      vertex 15.5365 -22.1528 5
      vertex 15.3589 -22.1235 5
    endloop
  endfacet
  facet normal -0.162777 -0.986663 -0
    outer loop
      vertex 15.5365 -22.1528 5
      vertex 15.3589 -22.1235 1.90735e-07
      vertex 15.5365 -22.1528 1.90735e-07
    endloop
  endfacet
  facet normal -0.910785 0.412882 0
    outer loop
      vertex 17.4664 -36.0663 1.90735e-07
      vertex 17.5407 -35.9024 5
      vertex 17.5407 -35.9024 1.90735e-07
    endloop
  endfacet
  facet normal -0.910785 0.412882 0
    outer loop
      vertex 17.5407 -35.9024 5
      vertex 17.4664 -36.0663 1.90735e-07
      vertex 17.4664 -36.0663 5
    endloop
  endfacet
  facet normal -0.812944 0.582341 0
    outer loop
      vertex 17.1817 -36.5241 1.90735e-07
      vertex 17.2865 -36.3778 5
      vertex 17.2865 -36.3778 1.90735e-07
    endloop
  endfacet
  facet normal -0.812944 0.582341 0
    outer loop
      vertex 17.2865 -36.3778 5
      vertex 17.1817 -36.5241 1.90735e-07
      vertex 17.1817 -36.5241 5
    endloop
  endfacet
  facet normal -0.47128 -0.881983 0
    outer loop
      vertex 16.2163 -22.3836 1.90735e-07
      vertex 16.375 -22.4684 5
      vertex 16.2163 -22.3836 5
    endloop
  endfacet
  facet normal -0.47128 -0.881983 -0
    outer loop
      vertex 16.375 -22.4684 5
      vertex 16.2163 -22.3836 1.90735e-07
      vertex 16.375 -22.4684 1.90735e-07
    endloop
  endfacet
  facet normal 0.773164 -0.634206 0
    outer loop
      vertex 12.8183 -23.1759 5
      vertex 12.9324 -23.0368 1.90735e-07
      vertex 12.9324 -23.0368 5
    endloop
  endfacet
  facet normal 0.773164 -0.634206 0
    outer loop
      vertex 12.9324 -23.0368 1.90735e-07
      vertex 12.8183 -23.1759 5
      vertex 12.8183 -23.1759 1.90735e-07
    endloop
  endfacet
  facet normal 0.162777 -0.986663 0
    outer loop
      vertex 14.4635 -22.1528 1.90735e-07
      vertex 14.6411 -22.1235 5
      vertex 14.4635 -22.1528 5
    endloop
  endfacet
  facet normal 0.162777 -0.986663 0
    outer loop
      vertex 14.6411 -22.1235 5
      vertex 14.4635 -22.1528 1.90735e-07
      vertex 14.6411 -22.1235 1.90735e-07
    endloop
  endfacet
  facet normal -0.2901 -0.956996 0
    outer loop
      vertex 15.7118 -22.1937 1.90735e-07
      vertex 15.884 -22.2459 5
      vertex 15.7118 -22.1937 5
    endloop
  endfacet
  facet normal -0.2901 -0.956996 -0
    outer loop
      vertex 15.884 -22.2459 5
      vertex 15.7118 -22.1937 1.90735e-07
      vertex 15.884 -22.2459 1.90735e-07
    endloop
  endfacet
  facet normal -0.582341 -0.812944 0
    outer loop
      vertex 16.5278 -22.5635 1.90735e-07
      vertex 16.6741 -22.6683 5
      vertex 16.5278 -22.5635 5
    endloop
  endfacet
  facet normal -0.582341 -0.812944 -0
    outer loop
      vertex 16.6741 -22.6683 5
      vertex 16.5278 -22.5635 1.90735e-07
      vertex 16.6741 -22.6683 1.90735e-07
    endloop
  endfacet
  facet normal 0.999463 0.0327784 0
    outer loop
      vertex 12.2559 -35.0299 5
      vertex 12.25 -34.85 1.90735e-07
      vertex 12.25 -34.85 5
    endloop
  endfacet
  facet normal 0.999463 0.0327784 0
    outer loop
      vertex 12.25 -34.85 1.90735e-07
      vertex 12.2559 -35.0299 5
      vertex 12.2559 -35.0299 1.90735e-07
    endloop
  endfacet
  facet normal 1 -0 0
    outer loop
      vertex 12.25 -34.85 5
      vertex 12.25 -24.85 1.90735e-07
      vertex 12.25 -24.85 5
    endloop
  endfacet
  facet normal 1 0 0
    outer loop
      vertex 12.25 -24.85 1.90735e-07
      vertex 12.25 -34.85 5
      vertex 12.25 -34.85 1.90735e-07
    endloop
  endfacet
  facet normal -0.634206 -0.773164 0
    outer loop
      vertex 16.6741 -22.6683 1.90735e-07
      vertex 16.8132 -22.7824 5
      vertex 16.6741 -22.6683 5
    endloop
  endfacet
  facet normal -0.634206 -0.773164 -0
    outer loop
      vertex 16.8132 -22.7824 5
      vertex 16.6741 -22.6683 1.90735e-07
      vertex 16.8132 -22.7824 1.90735e-07
    endloop
  endfacet
  facet normal 0.935872 -0.352341 0
    outer loop
      vertex 12.3959 -23.966 5
      vertex 12.4593 -23.7976 1.90735e-07
      vertex 12.4593 -23.7976 5
    endloop
  endfacet
  facet normal 0.935872 -0.352341 0
    outer loop
      vertex 12.4593 -23.7976 1.90735e-07
      vertex 12.3959 -23.966 5
      vertex 12.3959 -23.966 1.90735e-07
    endloop
  endfacet
  facet normal 0.227212 0.973845 -0
    outer loop
      vertex 14.4635 -37.5472 1.90735e-07
      vertex 14.2882 -37.5063 5
      vertex 14.4635 -37.5472 5
    endloop
  endfacet
  facet normal 0.227212 0.973845 0
    outer loop
      vertex 14.2882 -37.5063 5
      vertex 14.4635 -37.5472 1.90735e-07
      vertex 14.2882 -37.5063 1.90735e-07
    endloop
  endfacet
  facet normal 0.352341 -0.935872 0
    outer loop
      vertex 13.9476 -22.3093 1.90735e-07
      vertex 14.116 -22.2459 5
      vertex 13.9476 -22.3093 5
    endloop
  endfacet
  facet normal 0.352341 -0.935872 0
    outer loop
      vertex 14.116 -22.2459 5
      vertex 13.9476 -22.3093 1.90735e-07
      vertex 14.116 -22.2459 1.90735e-07
    endloop
  endfacet
  facet normal -0.935872 -0.352341 0
    outer loop
      vertex 17.6041 -23.966 1.90735e-07
      vertex 17.5407 -23.7976 5
      vertex 17.5407 -23.7976 1.90735e-07
    endloop
  endfacet
  facet normal -0.935872 -0.352341 0
    outer loop
      vertex 17.5407 -23.7976 5
      vertex 17.6041 -23.966 1.90735e-07
      vertex 17.6041 -23.966 5
    endloop
  endfacet
  facet normal 0.5284 -0.848996 0
    outer loop
      vertex 13.4722 -22.5635 1.90735e-07
      vertex 13.625 -22.4684 5
      vertex 13.4722 -22.5635 5
    endloop
  endfacet
  facet normal 0.5284 -0.848996 0
    outer loop
      vertex 13.625 -22.4684 5
      vertex 13.4722 -22.5635 1.90735e-07
      vertex 13.625 -22.4684 1.90735e-07
    endloop
  endfacet
  facet normal -0.773164 0.634206 0
    outer loop
      vertex 17.0676 -36.6632 1.90735e-07
      vertex 17.1817 -36.5241 5
      vertex 17.1817 -36.5241 1.90735e-07
    endloop
  endfacet
  facet normal -0.773164 0.634206 0
    outer loop
      vertex 17.1817 -36.5241 5
      vertex 17.0676 -36.6632 1.90735e-07
      vertex 17.0676 -36.6632 5
    endloop
  endfacet
  facet normal -0.935872 0.352341 0
    outer loop
      vertex 17.5407 -35.9024 1.90735e-07
      vertex 17.6041 -35.734 5
      vertex 17.6041 -35.734 1.90735e-07
    endloop
  endfacet
  facet normal -0.935872 0.352341 0
    outer loop
      vertex 17.6041 -35.734 5
      vertex 17.5407 -35.9024 1.90735e-07
      vertex 17.5407 -35.9024 5
    endloop
  endfacet
  facet normal -0.227212 -0.973845 0
    outer loop
      vertex 15.5365 -22.1528 1.90735e-07
      vertex 15.7118 -22.1937 5
      vertex 15.5365 -22.1528 5
    endloop
  endfacet
  facet normal -0.227212 -0.973845 -0
    outer loop
      vertex 15.7118 -22.1937 5
      vertex 15.5365 -22.1528 1.90735e-07
      vertex 15.7118 -22.1937 1.90735e-07
    endloop
  endfacet
  facet normal 0.0327784 -0.999463 0
    outer loop
      vertex 14.8201 -22.1059 1.90735e-07
      vertex 15 -22.1 5
      vertex 14.8201 -22.1059 5
    endloop
  endfacet
  facet normal 0.0327784 -0.999463 0
    outer loop
      vertex 15 -22.1 5
      vertex 14.8201 -22.1059 1.90735e-07
      vertex 15 -22.1 1.90735e-07
    endloop
  endfacet
  facet normal -0.881983 0.47128 0
    outer loop
      vertex 17.3816 -36.225 1.90735e-07
      vertex 17.4664 -36.0663 5
      vertex 17.4664 -36.0663 1.90735e-07
    endloop
  endfacet
  facet normal -0.881983 0.47128 0
    outer loop
      vertex 17.4664 -36.0663 5
      vertex 17.3816 -36.225 1.90735e-07
      vertex 17.3816 -36.225 5
    endloop
  endfacet
  facet normal -0.848996 -0.5284 0
    outer loop
      vertex 17.3816 -23.475 1.90735e-07
      vertex 17.2865 -23.3222 5
      vertex 17.2865 -23.3222 1.90735e-07
    endloop
  endfacet
  facet normal -0.848996 -0.5284 0
    outer loop
      vertex 17.2865 -23.3222 5
      vertex 17.3816 -23.475 1.90735e-07
      vertex 17.3816 -23.475 5
    endloop
  endfacet
  facet normal -0.848996 0.5284 0
    outer loop
      vertex 17.2865 -36.3778 1.90735e-07
      vertex 17.3816 -36.225 5
      vertex 17.3816 -36.225 1.90735e-07
    endloop
  endfacet
  facet normal -0.848996 0.5284 0
    outer loop
      vertex 17.3816 -36.225 5
      vertex 17.2865 -36.3778 1.90735e-07
      vertex 17.2865 -36.3778 5
    endloop
  endfacet
  facet normal 0.352341 0.935872 -0
    outer loop
      vertex 14.116 -37.4541 1.90735e-07
      vertex 13.9476 -37.3907 5
      vertex 14.116 -37.4541 5
    endloop
  endfacet
  facet normal 0.352341 0.935872 0
    outer loop
      vertex 13.9476 -37.3907 5
      vertex 14.116 -37.4541 1.90735e-07
      vertex 13.9476 -37.3907 1.90735e-07
    endloop
  endfacet
  facet normal -1 0 0
    outer loop
      vertex 17.75 -34.85 1.90735e-07
      vertex 17.75 -24.85 5
      vertex 17.75 -24.85 1.90735e-07
    endloop
  endfacet
  facet normal -1 -0 0
    outer loop
      vertex 17.75 -24.85 5
      vertex 17.75 -34.85 1.90735e-07
      vertex 17.75 -34.85 5
    endloop
  endfacet
  facet normal 0.995201 -0.0978522 0
    outer loop
      vertex 12.2559 -24.6701 5
      vertex 12.2735 -24.4911 1.90735e-07
      vertex 12.2735 -24.4911 5
    endloop
  endfacet
  facet normal 0.995201 -0.0978522 0
    outer loop
      vertex 12.2735 -24.4911 1.90735e-07
      vertex 12.2559 -24.6701 5
      vertex 12.2559 -24.6701 1.90735e-07
    endloop
  endfacet
  facet normal 0.973845 0.227212 0
    outer loop
      vertex 12.3437 -35.5618 5
      vertex 12.3028 -35.3865 1.90735e-07
      vertex 12.3028 -35.3865 5
    endloop
  endfacet
  facet normal 0.973845 0.227212 0
    outer loop
      vertex 12.3028 -35.3865 1.90735e-07
      vertex 12.3437 -35.5618 5
      vertex 12.3437 -35.5618 1.90735e-07
    endloop
  endfacet
  facet normal 0.0978522 -0.995201 0
    outer loop
      vertex 14.6411 -22.1235 1.90735e-07
      vertex 14.8201 -22.1059 5
      vertex 14.6411 -22.1235 5
    endloop
  endfacet
  facet normal 0.0978522 -0.995201 0
    outer loop
      vertex 14.8201 -22.1059 5
      vertex 14.6411 -22.1235 1.90735e-07
      vertex 14.8201 -22.1059 1.90735e-07
    endloop
  endfacet
  facet normal 0.72952 0.68396 0
    outer loop
      vertex 13.0555 -36.7945 5
      vertex 12.9324 -36.6632 1.90735e-07
      vertex 12.9324 -36.6632 5
    endloop
  endfacet
  facet normal 0.72952 0.68396 0
    outer loop
      vertex 12.9324 -36.6632 1.90735e-07
      vertex 13.0555 -36.7945 5
      vertex 13.0555 -36.7945 1.90735e-07
    endloop
  endfacet
  facet normal 0.412882 0.910785 -0
    outer loop
      vertex 13.9476 -37.3907 1.90735e-07
      vertex 13.7837 -37.3164 5
      vertex 13.9476 -37.3907 5
    endloop
  endfacet
  facet normal 0.412882 0.910785 0
    outer loop
      vertex 13.7837 -37.3164 5
      vertex 13.9476 -37.3907 1.90735e-07
      vertex 13.7837 -37.3164 1.90735e-07
    endloop
  endfacet
  facet normal 0.5284 0.848996 -0
    outer loop
      vertex 13.625 -37.2316 1.90735e-07
      vertex 13.4722 -37.1365 5
      vertex 13.625 -37.2316 5
    endloop
  endfacet
  facet normal 0.5284 0.848996 0
    outer loop
      vertex 13.4722 -37.1365 5
      vertex 13.625 -37.2316 1.90735e-07
      vertex 13.4722 -37.1365 1.90735e-07
    endloop
  endfacet
  facet normal -0.773164 -0.634206 0
    outer loop
      vertex 17.1817 -23.1759 1.90735e-07
      vertex 17.0676 -23.0368 5
      vertex 17.0676 -23.0368 1.90735e-07
    endloop
  endfacet
  facet normal -0.773164 -0.634206 0
    outer loop
      vertex 17.0676 -23.0368 5
      vertex 17.1817 -23.1759 1.90735e-07
      vertex 17.1817 -23.1759 5
    endloop
  endfacet
  facet normal 0.2901 0.956996 -0
    outer loop
      vertex 14.2882 -37.5063 1.90735e-07
      vertex 14.116 -37.4541 5
      vertex 14.2882 -37.5063 5
    endloop
  endfacet
  facet normal 0.2901 0.956996 0
    outer loop
      vertex 14.116 -37.4541 5
      vertex 14.2882 -37.5063 1.90735e-07
      vertex 14.116 -37.4541 1.90735e-07
    endloop
  endfacet
  facet normal -0.5284 -0.848996 0
    outer loop
      vertex 16.375 -22.4684 1.90735e-07
      vertex 16.5278 -22.5635 5
      vertex 16.375 -22.4684 5
    endloop
  endfacet
  facet normal -0.5284 -0.848996 -0
    outer loop
      vertex 16.5278 -22.5635 5
      vertex 16.375 -22.4684 1.90735e-07
      vertex 16.5278 -22.5635 1.90735e-07
    endloop
  endfacet
  facet normal 0.935872 0.352341 0
    outer loop
      vertex 12.4593 -35.9024 5
      vertex 12.3959 -35.734 1.90735e-07
      vertex 12.3959 -35.734 5
    endloop
  endfacet
  facet normal 0.935872 0.352341 0
    outer loop
      vertex 12.3959 -35.734 1.90735e-07
      vertex 12.4593 -35.9024 5
      vertex 12.4593 -35.9024 1.90735e-07
    endloop
  endfacet
  facet normal -0.0327784 -0.999463 0
    outer loop
      vertex 15 -22.1 1.90735e-07
      vertex 15.1799 -22.1059 5
      vertex 15 -22.1 5
    endloop
  endfacet
  facet normal -0.0327784 -0.999463 -0
    outer loop
      vertex 15.1799 -22.1059 5
      vertex 15 -22.1 1.90735e-07
      vertex 15.1799 -22.1059 1.90735e-07
    endloop
  endfacet
  facet normal 0.812944 0.582341 0
    outer loop
      vertex 12.8183 -36.5241 5
      vertex 12.7135 -36.3778 1.90735e-07
      vertex 12.7135 -36.3778 5
    endloop
  endfacet
  facet normal 0.812944 0.582341 0
    outer loop
      vertex 12.7135 -36.3778 1.90735e-07
      vertex 12.8183 -36.5241 5
      vertex 12.8183 -36.5241 1.90735e-07
    endloop
  endfacet
  facet normal -0.973845 -0.227212 0
    outer loop
      vertex 17.6972 -24.3135 1.90735e-07
      vertex 17.6563 -24.1382 5
      vertex 17.6563 -24.1382 1.90735e-07
    endloop
  endfacet
  facet normal -0.973845 -0.227212 0
    outer loop
      vertex 17.6563 -24.1382 5
      vertex 17.6972 -24.3135 1.90735e-07
      vertex 17.6972 -24.3135 5
    endloop
  endfacet
  facet normal -0.0978522 0.995201 0
    outer loop
      vertex 15.3589 -37.5765 1.90735e-07
      vertex 15.1799 -37.5941 5
      vertex 15.3589 -37.5765 5
    endloop
  endfacet
  facet normal -0.0978522 0.995201 0
    outer loop
      vertex 15.1799 -37.5941 5
      vertex 15.3589 -37.5765 1.90735e-07
      vertex 15.1799 -37.5941 1.90735e-07
    endloop
  endfacet
  facet normal 0.47128 0.881983 -0
    outer loop
      vertex 13.7837 -37.3164 1.90735e-07
      vertex 13.625 -37.2316 5
      vertex 13.7837 -37.3164 5
    endloop
  endfacet
  facet normal 0.47128 0.881983 0
    outer loop
      vertex 13.625 -37.2316 5
      vertex 13.7837 -37.3164 1.90735e-07
      vertex 13.625 -37.2316 1.90735e-07
    endloop
  endfacet
  facet normal 0.162777 0.986663 -0
    outer loop
      vertex 14.6411 -37.5765 1.90735e-07
      vertex 14.4635 -37.5472 5
      vertex 14.6411 -37.5765 5
    endloop
  endfacet
  facet normal 0.162777 0.986663 0
    outer loop
      vertex 14.4635 -37.5472 5
      vertex 14.6411 -37.5765 1.90735e-07
      vertex 14.4635 -37.5472 1.90735e-07
    endloop
  endfacet
  facet normal 0.582341 0.812944 -0
    outer loop
      vertex 13.4722 -37.1365 1.90735e-07
      vertex 13.3259 -37.0317 5
      vertex 13.4722 -37.1365 5
    endloop
  endfacet
  facet normal 0.582341 0.812944 0
    outer loop
      vertex 13.3259 -37.0317 5
      vertex 13.4722 -37.1365 1.90735e-07
      vertex 13.3259 -37.0317 1.90735e-07
    endloop
  endfacet
  facet normal -0.999463 -0.0327784 0
    outer loop
      vertex 17.75 -24.85 1.90735e-07
      vertex 17.7441 -24.6701 5
      vertex 17.7441 -24.6701 1.90735e-07
    endloop
  endfacet
  facet normal -0.999463 -0.0327784 0
    outer loop
      vertex 17.7441 -24.6701 5
      vertex 17.75 -24.85 1.90735e-07
      vertex 17.75 -24.85 5
    endloop
  endfacet
  facet normal -0.412882 -0.910785 0
    outer loop
      vertex 16.0524 -22.3093 1.90735e-07
      vertex 16.2163 -22.3836 5
      vertex 16.0524 -22.3093 5
    endloop
  endfacet
  facet normal -0.412882 -0.910785 -0
    outer loop
      vertex 16.2163 -22.3836 5
      vertex 16.0524 -22.3093 1.90735e-07
      vertex 16.2163 -22.3836 1.90735e-07
    endloop
  endfacet
  facet normal -0.999463 0.0327784 0
    outer loop
      vertex 17.7441 -35.0299 1.90735e-07
      vertex 17.75 -34.85 5
      vertex 17.75 -34.85 1.90735e-07
    endloop
  endfacet
  facet normal -0.999463 0.0327784 0
    outer loop
      vertex 17.75 -34.85 5
      vertex 17.7441 -35.0299 1.90735e-07
      vertex 17.7441 -35.0299 5
    endloop
  endfacet
  facet normal -0.68396 0.72952 0
    outer loop
      vertex 16.9445 -36.7945 1.90735e-07
      vertex 16.8132 -36.9176 5
      vertex 16.9445 -36.7945 5
    endloop
  endfacet
  facet normal -0.68396 0.72952 0
    outer loop
      vertex 16.8132 -36.9176 5
      vertex 16.9445 -36.7945 1.90735e-07
      vertex 16.8132 -36.9176 1.90735e-07
    endloop
  endfacet
  facet normal -0.352341 -0.935872 0
    outer loop
      vertex 15.884 -22.2459 1.90735e-07
      vertex 16.0524 -22.3093 5
      vertex 15.884 -22.2459 5
    endloop
  endfacet
  facet normal -0.352341 -0.935872 -0
    outer loop
      vertex 16.0524 -22.3093 5
      vertex 15.884 -22.2459 1.90735e-07
      vertex 16.0524 -22.3093 1.90735e-07
    endloop
  endfacet
  facet normal -0.812944 -0.582341 0
    outer loop
      vertex 17.2865 -23.3222 1.90735e-07
      vertex 17.1817 -23.1759 5
      vertex 17.1817 -23.1759 1.90735e-07
    endloop
  endfacet
  facet normal -0.812944 -0.582341 0
    outer loop
      vertex 17.1817 -23.1759 5
      vertex 17.2865 -23.3222 1.90735e-07
      vertex 17.2865 -23.3222 5
    endloop
  endfacet
  facet normal -0.412882 0.910785 0
    outer loop
      vertex 16.2163 -37.3164 1.90735e-07
      vertex 16.0524 -37.3907 5
      vertex 16.2163 -37.3164 5
    endloop
  endfacet
  facet normal -0.412882 0.910785 0
    outer loop
      vertex 16.0524 -37.3907 5
      vertex 16.2163 -37.3164 1.90735e-07
      vertex 16.0524 -37.3907 1.90735e-07
    endloop
  endfacet
  facet normal 0.812944 -0.582341 0
    outer loop
      vertex 12.7135 -23.3222 5
      vertex 12.8183 -23.1759 1.90735e-07
      vertex 12.8183 -23.1759 5
    endloop
  endfacet
  facet normal 0.812944 -0.582341 0
    outer loop
      vertex 12.8183 -23.1759 1.90735e-07
      vertex 12.7135 -23.3222 5
      vertex 12.7135 -23.3222 1.90735e-07
    endloop
  endfacet
  facet normal 0.68396 0.72952 -0
    outer loop
      vertex 13.1868 -36.9176 1.90735e-07
      vertex 13.0555 -36.7945 5
      vertex 13.1868 -36.9176 5
    endloop
  endfacet
  facet normal 0.68396 0.72952 0
    outer loop
      vertex 13.0555 -36.7945 5
      vertex 13.1868 -36.9176 1.90735e-07
      vertex 13.0555 -36.7945 1.90735e-07
    endloop
  endfacet
  facet normal -0.986663 -0.162777 0
    outer loop
      vertex 17.7265 -24.4911 1.90735e-07
      vertex 17.6972 -24.3135 5
      vertex 17.6972 -24.3135 1.90735e-07
    endloop
  endfacet
  facet normal -0.986663 -0.162777 0
    outer loop
      vertex 17.6972 -24.3135 5
      vertex 17.7265 -24.4911 1.90735e-07
      vertex 17.7265 -24.4911 5
    endloop
  endfacet
  facet normal 0.848996 0.5284 0
    outer loop
      vertex 12.7135 -36.3778 5
      vertex 12.6184 -36.225 1.90735e-07
      vertex 12.6184 -36.225 5
    endloop
  endfacet
  facet normal 0.848996 0.5284 0
    outer loop
      vertex 12.6184 -36.225 1.90735e-07
      vertex 12.7135 -36.3778 5
      vertex 12.7135 -36.3778 1.90735e-07
    endloop
  endfacet
  facet normal 0.634206 -0.773164 0
    outer loop
      vertex 13.1868 -22.7824 1.90735e-07
      vertex 13.3259 -22.6683 5
      vertex 13.1868 -22.7824 5
    endloop
  endfacet
  facet normal 0.634206 -0.773164 0
    outer loop
      vertex 13.3259 -22.6683 5
      vertex 13.1868 -22.7824 1.90735e-07
      vertex 13.3259 -22.6683 1.90735e-07
    endloop
  endfacet
  facet normal 0.412882 -0.910785 0
    outer loop
      vertex 13.7837 -22.3836 1.90735e-07
      vertex 13.9476 -22.3093 5
      vertex 13.7837 -22.3836 5
    endloop
  endfacet
  facet normal 0.412882 -0.910785 0
    outer loop
      vertex 13.9476 -22.3093 5
      vertex 13.7837 -22.3836 1.90735e-07
      vertex 13.9476 -22.3093 1.90735e-07
    endloop
  endfacet
  facet normal -0.5284 0.848996 0
    outer loop
      vertex 16.5278 -37.1365 1.90735e-07
      vertex 16.375 -37.2316 5
      vertex 16.5278 -37.1365 5
    endloop
  endfacet
  facet normal -0.5284 0.848996 0
    outer loop
      vertex 16.375 -37.2316 5
      vertex 16.5278 -37.1365 1.90735e-07
      vertex 16.375 -37.2316 1.90735e-07
    endloop
  endfacet
  facet normal 0.848996 -0.5284 0
    outer loop
      vertex 12.6184 -23.475 5
      vertex 12.7135 -23.3222 1.90735e-07
      vertex 12.7135 -23.3222 5
    endloop
  endfacet
  facet normal 0.848996 -0.5284 0
    outer loop
      vertex 12.7135 -23.3222 1.90735e-07
      vertex 12.6184 -23.475 5
      vertex 12.6184 -23.475 1.90735e-07
    endloop
  endfacet
  facet normal -0.0978522 -0.995201 0
    outer loop
      vertex 15.1799 -22.1059 1.90735e-07
      vertex 15.3589 -22.1235 5
      vertex 15.1799 -22.1059 5
    endloop
  endfacet
  facet normal -0.0978522 -0.995201 -0
    outer loop
      vertex 15.3589 -22.1235 5
      vertex 15.1799 -22.1059 1.90735e-07
      vertex 15.3589 -22.1235 1.90735e-07
    endloop
  endfacet
  facet normal 0.986663 0.162777 0
    outer loop
      vertex 12.3028 -35.3865 5
      vertex 12.2735 -35.2089 1.90735e-07
      vertex 12.2735 -35.2089 5
    endloop
  endfacet
  facet normal 0.986663 0.162777 0
    outer loop
      vertex 12.2735 -35.2089 1.90735e-07
      vertex 12.3028 -35.3865 5
      vertex 12.3028 -35.3865 1.90735e-07
    endloop
  endfacet
  facet normal -0.72952 -0.68396 0
    outer loop
      vertex 17.0676 -23.0368 1.90735e-07
      vertex 16.9445 -22.9055 5
      vertex 16.9445 -22.9055 1.90735e-07
    endloop
  endfacet
  facet normal -0.72952 -0.68396 0
    outer loop
      vertex 16.9445 -22.9055 5
      vertex 17.0676 -23.0368 1.90735e-07
      vertex 17.0676 -23.0368 5
    endloop
  endfacet
  facet normal -0.68396 -0.72952 0
    outer loop
      vertex 16.8132 -22.7824 1.90735e-07
      vertex 16.9445 -22.9055 5
      vertex 16.8132 -22.7824 5
    endloop
  endfacet
  facet normal -0.68396 -0.72952 -0
    outer loop
      vertex 16.9445 -22.9055 5
      vertex 16.8132 -22.7824 1.90735e-07
      vertex 16.9445 -22.9055 1.90735e-07
    endloop
  endfacet
  facet normal 0.0327784 0.999463 -0
    outer loop
      vertex 15 -37.6 1.90735e-07
      vertex 14.8201 -37.5941 5
      vertex 15 -37.6 5
    endloop
  endfacet
  facet normal 0.0327784 0.999463 0
    outer loop
      vertex 14.8201 -37.5941 5
      vertex 15 -37.6 1.90735e-07
      vertex 14.8201 -37.5941 1.90735e-07
    endloop
  endfacet
  facet normal -0.0327784 0.999463 0
    outer loop
      vertex 15.1799 -37.5941 1.90735e-07
      vertex 15 -37.6 5
      vertex 15.1799 -37.5941 5
    endloop
  endfacet
  facet normal -0.0327784 0.999463 0
    outer loop
      vertex 15 -37.6 5
      vertex 15.1799 -37.5941 1.90735e-07
      vertex 15 -37.6 1.90735e-07
    endloop
  endfacet
  facet normal 0.995201 0.0978522 0
    outer loop
      vertex 12.2735 -35.2089 5
      vertex 12.2559 -35.0299 1.90735e-07
      vertex 12.2559 -35.0299 5
    endloop
  endfacet
  facet normal 0.995201 0.0978522 0
    outer loop
      vertex 12.2559 -35.0299 1.90735e-07
      vertex 12.2735 -35.2089 5
      vertex 12.2735 -35.2089 1.90735e-07
    endloop
  endfacet
  facet normal 0.582341 -0.812944 0
    outer loop
      vertex 13.3259 -22.6683 1.90735e-07
      vertex 13.4722 -22.5635 5
      vertex 13.3259 -22.6683 5
    endloop
  endfacet
  facet normal 0.582341 -0.812944 0
    outer loop
      vertex 13.4722 -22.5635 5
      vertex 13.3259 -22.6683 1.90735e-07
      vertex 13.4722 -22.5635 1.90735e-07
    endloop
  endfacet
  facet normal -0.995201 0.0978522 0
    outer loop
      vertex 17.7265 -35.2089 1.90735e-07
      vertex 17.7441 -35.0299 5
      vertex 17.7441 -35.0299 1.90735e-07
    endloop
  endfacet
  facet normal -0.995201 0.0978522 0
    outer loop
      vertex 17.7441 -35.0299 5
      vertex 17.7265 -35.2089 1.90735e-07
      vertex 17.7265 -35.2089 5
    endloop
  endfacet
  facet normal -0.47128 0.881983 0
    outer loop
      vertex 16.375 -37.2316 1.90735e-07
      vertex 16.2163 -37.3164 5
      vertex 16.375 -37.2316 5
    endloop
  endfacet
  facet normal -0.47128 0.881983 0
    outer loop
      vertex 16.2163 -37.3164 5
      vertex 16.375 -37.2316 1.90735e-07
      vertex 16.2163 -37.3164 1.90735e-07
    endloop
  endfacet
  facet normal -0.582341 0.812944 0
    outer loop
      vertex 16.6741 -37.0317 1.90735e-07
      vertex 16.5278 -37.1365 5
      vertex 16.6741 -37.0317 5
    endloop
  endfacet
  facet normal -0.582341 0.812944 0
    outer loop
      vertex 16.5278 -37.1365 5
      vertex 16.6741 -37.0317 1.90735e-07
      vertex 16.5278 -37.1365 1.90735e-07
    endloop
  endfacet
  facet normal -0.986663 0.162777 0
    outer loop
      vertex 17.6972 -35.3865 1.90735e-07
      vertex 17.7265 -35.2089 5
      vertex 17.7265 -35.2089 1.90735e-07
    endloop
  endfacet
  facet normal -0.986663 0.162777 0
    outer loop
      vertex 17.7265 -35.2089 5
      vertex 17.6972 -35.3865 1.90735e-07
      vertex 17.6972 -35.3865 5
    endloop
  endfacet
  facet normal 0.634206 0.773164 -0
    outer loop
      vertex 13.3259 -37.0317 1.90735e-07
      vertex 13.1868 -36.9176 5
      vertex 13.3259 -37.0317 5
    endloop
  endfacet
  facet normal 0.634206 0.773164 0
    outer loop
      vertex 13.1868 -36.9176 5
      vertex 13.3259 -37.0317 1.90735e-07
      vertex 13.1868 -36.9176 1.90735e-07
    endloop
  endfacet
  facet normal -0.352341 0.935872 0
    outer loop
      vertex 16.0524 -37.3907 1.90735e-07
      vertex 15.884 -37.4541 5
      vertex 16.0524 -37.3907 5
    endloop
  endfacet
  facet normal -0.352341 0.935872 0
    outer loop
      vertex 15.884 -37.4541 5
      vertex 16.0524 -37.3907 1.90735e-07
      vertex 15.884 -37.4541 1.90735e-07
    endloop
  endfacet
  facet normal -0.2901 0.956996 0
    outer loop
      vertex 15.884 -37.4541 1.90735e-07
      vertex 15.7118 -37.5063 5
      vertex 15.884 -37.4541 5
    endloop
  endfacet
  facet normal -0.2901 0.956996 0
    outer loop
      vertex 15.7118 -37.5063 5
      vertex 15.884 -37.4541 1.90735e-07
      vertex 15.7118 -37.5063 1.90735e-07
    endloop
  endfacet
  facet normal 0.881983 -0.47128 0
    outer loop
      vertex 12.5336 -23.6337 5
      vertex 12.6184 -23.475 1.90735e-07
      vertex 12.6184 -23.475 5
    endloop
  endfacet
  facet normal 0.881983 -0.47128 0
    outer loop
      vertex 12.6184 -23.475 1.90735e-07
      vertex 12.5336 -23.6337 5
      vertex 12.5336 -23.6337 1.90735e-07
    endloop
  endfacet
  facet normal 0.956996 0.2901 0
    outer loop
      vertex 12.3959 -35.734 5
      vertex 12.3437 -35.5618 1.90735e-07
      vertex 12.3437 -35.5618 5
    endloop
  endfacet
  facet normal 0.956996 0.2901 0
    outer loop
      vertex 12.3437 -35.5618 1.90735e-07
      vertex 12.3959 -35.734 5
      vertex 12.3959 -35.734 1.90735e-07
    endloop
  endfacet
  facet normal -0.634206 0.773164 0
    outer loop
      vertex 16.8132 -36.9176 1.90735e-07
      vertex 16.6741 -37.0317 5
      vertex 16.8132 -36.9176 5
    endloop
  endfacet
  facet normal -0.634206 0.773164 0
    outer loop
      vertex 16.6741 -37.0317 5
      vertex 16.8132 -36.9176 1.90735e-07
      vertex 16.6741 -37.0317 1.90735e-07
    endloop
  endfacet
  facet normal 0.881983 0.47128 0
    outer loop
      vertex 12.6184 -36.225 5
      vertex 12.5336 -36.0663 1.90735e-07
      vertex 12.5336 -36.0663 5
    endloop
  endfacet
  facet normal 0.881983 0.47128 0
    outer loop
      vertex 12.5336 -36.0663 1.90735e-07
      vertex 12.6184 -36.225 5
      vertex 12.6184 -36.225 1.90735e-07
    endloop
  endfacet
  facet normal 0.910785 0.412882 0
    outer loop
      vertex 12.5336 -36.0663 5
      vertex 12.4593 -35.9024 1.90735e-07
      vertex 12.4593 -35.9024 5
    endloop
  endfacet
  facet normal 0.910785 0.412882 0
    outer loop
      vertex 12.4593 -35.9024 1.90735e-07
      vertex 12.5336 -36.0663 5
      vertex 12.5336 -36.0663 1.90735e-07
    endloop
  endfacet
  facet normal -0.162777 0.986663 0
    outer loop
      vertex 15.5365 -37.5472 1.90735e-07
      vertex 15.3589 -37.5765 5
      vertex 15.5365 -37.5472 5
    endloop
  endfacet
  facet normal -0.162777 0.986663 0
    outer loop
      vertex 15.3589 -37.5765 5
      vertex 15.5365 -37.5472 1.90735e-07
      vertex 15.3589 -37.5765 1.90735e-07
    endloop
  endfacet
  facet normal -0.973845 0.227212 0
    outer loop
      vertex 17.6563 -35.5618 1.90735e-07
      vertex 17.6972 -35.3865 5
      vertex 17.6972 -35.3865 1.90735e-07
    endloop
  endfacet
  facet normal -0.973845 0.227212 0
    outer loop
      vertex 17.6972 -35.3865 5
      vertex 17.6563 -35.5618 1.90735e-07
      vertex 17.6563 -35.5618 5
    endloop
  endfacet
endsolid OpenSCAD_Model
