solid OpenSCAD_Model
  facet normal -0.704608 0.709171 0.0245706
    outer loop
      vertex -25 60.2735 12.5822
      vertex -23.8472 61.4148 12.7
      vertex -23.745 61.5176 12.6637
    endloop
  endfacet
  facet normal -0.704549 0.709287 0.0228802
    outer loop
      vertex -23.8472 61.4148 12.7
      vertex -25 60.2735 12.5822
      vertex -25 60.2697 12.7
    endloop
  endfacet
  facet normal -0.704565 -0.249995 0.664146
    outer loop
      vertex -25 73.2303 4.44048
      vertex -23.745 72.838 5.62419
      vertex -25 73.3151 4.4724
    endloop
  endfacet
  facet normal -0.704566 -0.249976 0.664153
    outer loop
      vertex -23.745 72.838 5.62419
      vertex -25 73.2303 4.44048
      vertex -23.745 72.3358 5.43517
    endloop
  endfacet
  facet normal -0.704566 0.115604 0.700159
    outer loop
      vertex -25 67.9464 3.92007
      vertex -23.745 68.1003 5.15756
      vertex -23.745 68.6297 5.07015
    endloop
  endfacet
  facet normal -0.704566 0.115597 0.70016
    outer loop
      vertex -23.745 68.1003 5.15756
      vertex -25 67.9464 3.92007
      vertex -25 67.857 3.93483
    endloop
  endfacet
  facet normal -0.70457 -0.413177 0.576945
    outer loop
      vertex -25 75.3771 5.65266
      vertex -23.745 74.6918 6.6945
      vertex -25 75.4508 5.70544
    endloop
  endfacet
  facet normal -0.704565 -0.413389 0.5768
    outer loop
      vertex -23.745 74.6918 6.6945
      vertex -25 75.3771 5.65266
      vertex -23.745 74.2557 6.38195
    endloop
  endfacet
  facet normal -0.704563 -0.069603 0.70622
    outer loop
      vertex -25 70.8429 3.82525
      vertex -23.745 70.7703 5.07015
      vertex -25 70.933 3.83413
    endloop
  endfacet
  facet normal -0.704564 -0.0695512 0.706224
    outer loop
      vertex -23.745 70.7703 5.07015
      vertex -25 70.8429 3.82525
      vertex -23.745 70.2363 5.01756
    endloop
  endfacet
  facet normal -0.704569 0.548567 0.450174
    outer loop
      vertex -25 62.2629 7.37917
      vertex -23.745 63.1945 8.20816
      vertex -23.745 63.5349 7.79336
    endloop
  endfacet
  facet normal -0.704571 0.54851 0.45024
    outer loop
      vertex -23.745 63.1945 8.20816
      vertex -25 62.2629 7.37917
      vertex -25 62.2054 7.44922
    endloop
  endfacet
  facet normal -0.704544 -0.576838 0.413372
    outer loop
      vertex -23.745 76.5181 8.64432
      vertex -25 77.5546 7.9517
      vertex -25 77.2473 7.52288
    endloop
  endfacet
  facet normal -0.704562 -0.115583 0.700167
    outer loop
      vertex -23.745 70.7703 5.07015
      vertex -25 71.4536 3.92007
      vertex -25 70.933 3.83413
    endloop
  endfacet
  facet normal -0.704564 -0.679084 0.205997
    outer loop
      vertex -25 78.7985 10.6683
      vertex -23.745 77.6206 11.0777
      vertex -25 78.8248 10.755
    endloop
  endfacet
  facet normal -0.704565 -0.679071 0.206036
    outer loop
      vertex -23.745 77.6206 11.0777
      vertex -25 78.7985 10.6683
      vertex -23.745 77.4648 10.5642
    endloop
  endfacet
  facet normal -0.704559 -0.517737 0.485329
    outer loop
      vertex -23.745 75.4983 7.40172
      vertex -25 76.4418 6.58632
      vertex -25 76.3798 6.52018
    endloop
  endfacet
  facet normal -0.704566 -0.517947 0.485096
    outer loop
      vertex -25 76.4418 6.58632
      vertex -23.745 75.4983 7.40172
      vertex -23.745 75.8651 7.79336
    endloop
  endfacet
  facet normal -0.704578 -0.664119 0.25003
    outer loop
      vertex -23.745 77.4648 10.5642
      vertex -25 78.6454 10.1635
      vertex -25 78.4595 9.66972
    endloop
  endfacet
  facet normal -0.704563 0.0695466 0.706225
    outer loop
      vertex -23.745 69.1637 5.01756
      vertex -25 69.0822 3.77354
      vertex -25 68.5571 3.82525
    endloop
  endfacet
  facet normal -0.704571 -0.54851 0.45024
    outer loop
      vertex -25 77.1371 7.37917
      vertex -23.745 76.2055 8.20816
      vertex -25 77.1946 7.44922
    endloop
  endfacet
  facet normal -0.704569 -0.548567 0.450174
    outer loop
      vertex -23.745 76.2055 8.20816
      vertex -25 77.1371 7.37917
      vertex -23.745 75.8651 7.79336
    endloop
  endfacet
  facet normal -0.704566 0.249976 0.664153
    outer loop
      vertex -25 66.1697 4.44048
      vertex -23.745 66.562 5.62419
      vertex -23.745 67.0642 5.43517
    endloop
  endfacet
  facet normal -0.704565 0.249995 0.664146
    outer loop
      vertex -23.745 66.562 5.62419
      vertex -25 66.1697 4.44048
      vertex -25 66.0849 4.4724
    endloop
  endfacet
  facet normal -0.70458 -0.679079 0.205957
    outer loop
      vertex -23.745 77.4648 10.5642
      vertex -25 78.7985 10.6683
      vertex -25 78.6454 10.1635
    endloop
  endfacet
  facet normal -0.704557 -0.37462 0.60271
    outer loop
      vertex -25 74.8713 5.29751
      vertex -23.745 74.2557 6.38195
      vertex -25 74.9483 5.34537
    endloop
  endfacet
  facet normal -0.704554 -0.374731 0.602644
    outer loop
      vertex -23.745 74.2557 6.38195
      vertex -25 74.8713 5.29751
      vertex -23.745 73.8 6.09859
    endloop
  endfacet
  facet normal -0.704559 -0.206024 0.67908
    outer loop
      vertex -23.745 72.3358 5.43517
      vertex -25 72.7365 4.25465
      vertex -25 72.2317 4.1015
    endloop
  endfacet
  facet normal -0.704586 0.706204 0.069531
    outer loop
      vertex -23.745 61.5176 12.6637
      vertex -25 60.3252 12.0571
      vertex -25 60.2735 12.5822
    endloop
  endfacet
  facet normal -0.704566 -0.646379 0.292883
    outer loop
      vertex -25 78.3902 9.50237
      vertex -23.745 77.2758 10.062
      vertex -25 78.4276 9.58491
    endloop
  endfacet
  facet normal -0.704565 -0.646414 0.292809
    outer loop
      vertex -23.745 77.2758 10.062
      vertex -25 78.3902 9.50237
      vertex -23.745 77.0544 9.57323
    endloop
  endfacet
  facet normal -0.704563 -0.0695466 0.706225
    outer loop
      vertex -23.745 70.2363 5.01756
      vertex -25 70.8429 3.82525
      vertex -25 70.3178 3.77354
    endloop
  endfacet
  facet normal -0.704564 -0.577141 0.412915
    outer loop
      vertex -23.745 76.2055 8.20816
      vertex -25 77.2473 7.52288
      vertex -25 77.1946 7.44922
    endloop
  endfacet
  facet normal -0.704552 -0.576806 0.413402
    outer loop
      vertex -25 77.2473 7.52288
      vertex -23.745 76.2055 8.20816
      vertex -23.745 76.5181 8.64432
    endloop
  endfacet
  facet normal -0.704557 0.646405 0.292848
    outer loop
      vertex -23.745 62.3456 9.57323
      vertex -25 61.2275 9.02184
      vertex -25 61.0098 9.50237
    endloop
  endfacet
  facet normal -0.704571 0.450339 0.548429
    outer loop
      vertex -25 63.8792 5.76292
      vertex -23.745 64.7082 6.6945
      vertex -25 63.9492 5.70544
    endloop
  endfacet
  facet normal -0.704567 0.450183 0.548562
    outer loop
      vertex -23.745 64.7082 6.6945
      vertex -25 63.8792 5.76292
      vertex -23.745 64.2934 7.03491
    endloop
  endfacet
  facet normal -0.704564 0.577141 0.412915
    outer loop
      vertex -25 62.1527 7.52288
      vertex -23.745 63.1945 8.20816
      vertex -25 62.2054 7.44922
    endloop
  endfacet
  facet normal -0.704554 0.576867 0.413314
    outer loop
      vertex -23.745 63.1945 8.20816
      vertex -25 62.1527 7.52288
      vertex -23.745 62.882 8.64432
    endloop
  endfacet
  facet normal -0.704559 0.413367 0.576823
    outer loop
      vertex -23.745 65.1443 6.38195
      vertex -25 64.4517 5.34537
      vertex -25 64.0229 5.65266
    endloop
  endfacet
  facet normal -0.704828 -0.708991 0.0234377
    outer loop
      vertex -23.745 77.8824 12.6637
      vertex -23.745 77.8836 12.7
      vertex -23.8472 77.9852 12.7
    endloop
  endfacet
  facet normal -0.704557 -0.646405 0.292848
    outer loop
      vertex -23.745 77.0544 9.57323
      vertex -25 78.3902 9.50237
      vertex -25 78.1725 9.02184
    endloop
  endfacet
  facet normal -0.704559 0.206024 0.67908
    outer loop
      vertex -23.745 67.0642 5.43517
      vertex -25 67.1683 4.1015
      vertex -25 66.6635 4.25465
    endloop
  endfacet
  facet normal -0.704563 0.485066 0.51798
    outer loop
      vertex -25 63.0863 6.45824
      vertex -23.745 63.9017 7.40172
      vertex -23.745 64.2934 7.03491
    endloop
  endfacet
  facet normal -0.704558 0.485237 0.517826
    outer loop
      vertex -23.745 63.9017 7.40172
      vertex -25 63.0863 6.45824
      vertex -25 63.0202 6.52018
    endloop
  endfacet
  facet normal -0.704559 0.249945 0.664172
    outer loop
      vertex -23.745 67.0642 5.43517
      vertex -25 66.6635 4.25465
      vertex -25 66.1697 4.44048
    endloop
  endfacet
  facet normal -0.704559 -0.249945 0.664172
    outer loop
      vertex -23.745 72.3358 5.43517
      vertex -25 73.2303 4.44048
      vertex -25 72.7365 4.25465
    endloop
  endfacet
  facet normal -0.704562 0.334599 0.625807
    outer loop
      vertex -25 65.4419 4.77024
      vertex -23.745 66.0732 5.84564
      vertex -25 65.5218 4.72752
    endloop
  endfacet
  facet normal -0.704561 0.334543 0.625839
    outer loop
      vertex -23.745 66.0732 5.84564
      vertex -25 65.4419 4.77024
      vertex -23.745 65.6 6.09859
    endloop
  endfacet
  facet normal -0.704556 -0.374738 0.602637
    outer loop
      vertex -23.745 73.8 6.09859
      vertex -25 74.8713 5.29751
      vertex -25 74.4233 5.01893
    endloop
  endfacet
  facet normal -0.704828 0.708991 0.0234377
    outer loop
      vertex -23.745 61.5164 12.7
      vertex -23.745 61.5176 12.6637
      vertex -23.8472 61.4148 12.7
    endloop
  endfacet
  facet normal -0.704566 -0.115597 0.70016
    outer loop
      vertex -25 71.4536 3.92007
      vertex -23.745 71.2997 5.15756
      vertex -25 71.543 3.93483
    endloop
  endfacet
  facet normal -0.704566 -0.115604 0.700159
    outer loop
      vertex -23.745 71.2997 5.15756
      vertex -25 71.4536 3.92007
      vertex -23.745 70.7703 5.07015
    endloop
  endfacet
  facet normal -0.70456 -0.548544 0.450215
    outer loop
      vertex -23.745 75.8651 7.79336
      vertex -25 77.1371 7.37917
      vertex -25 76.8024 6.97137
    endloop
  endfacet
  facet normal -0.704572 -0.602616 0.374744
    outer loop
      vertex -23.745 76.8014 9.1
      vertex -25 77.8811 8.47666
      vertex -25 77.6025 8.02865
    endloop
  endfacet
  facet normal -0.704562 0.115583 0.700167
    outer loop
      vertex -23.745 68.6297 5.07015
      vertex -25 68.467 3.83413
      vertex -25 67.9464 3.92007
    endloop
  endfacet
  facet normal -0.70456 -0.62591 0.334414
    outer loop
      vertex -25 78.1298 8.94192
      vertex -23.745 77.0544 9.57323
      vertex -25 78.1725 9.02184
    endloop
  endfacet
  facet normal -0.704563 -0.625818 0.334577
    outer loop
      vertex -23.745 77.0544 9.57323
      vertex -25 78.1298 8.94192
      vertex -23.745 76.8014 9.1
    endloop
  endfacet
  facet normal -0.704565 0.485072 0.517971
    outer loop
      vertex -23.745 64.2934 7.03491
      vertex -25 63.4714 6.0976
      vertex -25 63.0863 6.45824
    endloop
  endfacet
  facet normal -0.704549 -0.709287 0.0228802
    outer loop
      vertex -25 79.1265 12.5822
      vertex -23.8472 77.9852 12.7
      vertex -25 79.1303 12.7
    endloop
  endfacet
  facet normal -0.704608 -0.709171 0.0245706
    outer loop
      vertex -23.8472 77.9852 12.7
      vertex -25 79.1265 12.5822
      vertex -23.745 77.8824 12.6637
    endloop
  endfacet
  facet normal -0.704572 -0.625832 0.334532
    outer loop
      vertex -23.745 76.8014 9.1
      vertex -25 78.1298 8.94192
      vertex -25 77.8811 8.47666
    endloop
  endfacet
  facet normal -0.704583 -0.700133 0.115658
    outer loop
      vertex -23.745 77.8298 12.1297
      vertex -25 79.0659 11.967
      vertex -25 78.9799 11.4464
    endloop
  endfacet
  facet normal -0.704578 -0.700223 0.115137
    outer loop
      vertex -23.745 77.7424 11.6003
      vertex -25 78.9799 11.4464
      vertex -25 78.9652 11.357
    endloop
  endfacet
  facet normal -0.704569 -0.700158 0.115591
    outer loop
      vertex -25 78.9799 11.4464
      vertex -23.745 77.7424 11.6003
      vertex -23.745 77.8298 12.1297
    endloop
  endfacet
  facet normal -0.704576 0.691106 0.161073
    outer loop
      vertex -25 60.4554 11.2688
      vertex -23.745 61.6576 11.6003
      vertex -23.745 61.7794 11.0777
    endloop
  endfacet
  facet normal -0.704583 0.691024 0.161396
    outer loop
      vertex -23.745 61.6576 11.6003
      vertex -25 60.4554 11.2688
      vertex -25 60.4348 11.357
    endloop
  endfacet
  facet normal -0.704567 0.205996 0.679081
    outer loop
      vertex -25 67.1683 4.1015
      vertex -23.745 67.5777 5.27941
      vertex -25 67.255 4.0752
    endloop
  endfacet
  facet normal -0.704567 0.205987 0.679084
    outer loop
      vertex -23.745 67.5777 5.27941
      vertex -25 67.1683 4.1015
      vertex -23.745 67.0642 5.43517
    endloop
  endfacet
  facet normal -0.704578 0.700223 0.115137
    outer loop
      vertex -25 60.4201 11.4464
      vertex -23.745 61.6576 11.6003
      vertex -25 60.4348 11.357
    endloop
  endfacet
  facet normal -0.704569 0.700158 0.115591
    outer loop
      vertex -23.745 61.6576 11.6003
      vertex -25 60.4201 11.4464
      vertex -23.745 61.5702 12.1297
    endloop
  endfacet
  facet normal -0.704563 -0.691104 0.161141
    outer loop
      vertex -23.745 77.6206 11.0777
      vertex -25 78.9446 11.2688
      vertex -25 78.8248 10.755
    endloop
  endfacet
  facet normal -0.704548 -0.602468 0.375025
    outer loop
      vertex -23.745 76.5181 8.64432
      vertex -25 77.6025 8.02865
      vertex -25 77.5546 7.9517
    endloop
  endfacet
  facet normal -0.704556 -0.60267 0.374685
    outer loop
      vertex -25 77.6025 8.02865
      vertex -23.745 76.5181 8.64432
      vertex -23.745 76.8014 9.1
    endloop
  endfacet
  facet normal -0.704565 0.413389 0.5768
    outer loop
      vertex -25 64.0229 5.65266
      vertex -23.745 64.7082 6.6945
      vertex -23.745 65.1443 6.38195
    endloop
  endfacet
  facet normal -0.70457 0.413177 0.576945
    outer loop
      vertex -23.745 64.7082 6.6945
      vertex -25 64.0229 5.65266
      vertex -25 63.9492 5.70544
    endloop
  endfacet
  facet normal -0.704557 -0.334562 0.625833
    outer loop
      vertex -23.745 73.8 6.09859
      vertex -25 74.4233 5.01893
      vertex -25 73.9581 4.77024
    endloop
  endfacet
  facet normal -0.704562 -0.334599 0.625807
    outer loop
      vertex -23.745 73.3268 5.84564
      vertex -25 73.9581 4.77024
      vertex -25 73.8782 4.72752
    endloop
  endfacet
  facet normal -0.704561 -0.334543 0.625839
    outer loop
      vertex -25 73.9581 4.77024
      vertex -23.745 73.3268 5.84564
      vertex -23.745 73.8 6.09859
    endloop
  endfacet
  facet normal -0.704564 0.0695512 0.706224
    outer loop
      vertex -25 68.5571 3.82525
      vertex -23.745 68.6297 5.07015
      vertex -23.745 69.1637 5.01756
    endloop
  endfacet
  facet normal -0.704563 0.069603 0.70622
    outer loop
      vertex -23.745 68.6297 5.07015
      vertex -25 68.5571 3.82525
      vertex -25 68.467 3.83413
    endloop
  endfacet
  facet normal -0.704564 -0.664209 0.249832
    outer loop
      vertex -23.745 77.2758 10.062
      vertex -25 78.4595 9.66972
      vertex -25 78.4276 9.58491
    endloop
  endfacet
  facet normal -0.704562 -0.664165 0.249955
    outer loop
      vertex -25 78.4595 9.66972
      vertex -23.745 77.2758 10.062
      vertex -23.745 77.4648 10.5642
    endloop
  endfacet
  facet normal -0.704564 0.0232506 0.70926
    outer loop
      vertex -25 69.6094 3.75628
      vertex -23.745 69.7 5
      vertex -25 69.7 3.75331
    endloop
  endfacet
  facet normal -0.704563 0.0232233 0.709261
    outer loop
      vertex -23.745 69.7 5
      vertex -25 69.6094 3.75628
      vertex -23.745 69.1637 5.01756
    endloop
  endfacet
  facet normal -0.704564 0.0232205 0.709261
    outer loop
      vertex -23.745 69.1637 5.01756
      vertex -25 69.6094 3.75628
      vertex -25 69.0822 3.77354
    endloop
  endfacet
  facet normal -0.704564 0.450197 0.548555
    outer loop
      vertex -23.745 64.2934 7.03491
      vertex -25 63.8792 5.76292
      vertex -25 63.4714 6.0976
    endloop
  endfacet
  facet normal -0.704563 0.292833 0.646405
    outer loop
      vertex -23.745 66.0732 5.84564
      vertex -25 66.0024 4.5098
      vertex -25 65.5218 4.72752
    endloop
  endfacet
  facet normal -0.704565 0.646414 0.292809
    outer loop
      vertex -25 61.0098 9.50237
      vertex -23.745 62.1242 10.062
      vertex -23.745 62.3456 9.57323
    endloop
  endfacet
  facet normal -0.704566 0.646379 0.292883
    outer loop
      vertex -23.745 62.1242 10.062
      vertex -25 61.0098 9.50237
      vertex -25 60.9724 9.58491
    endloop
  endfacet
  facet normal -0.704564 0.664209 0.249832
    outer loop
      vertex -25 60.9405 9.66972
      vertex -23.745 62.1242 10.062
      vertex -25 60.9724 9.58491
    endloop
  endfacet
  facet normal -0.704562 0.664165 0.249955
    outer loop
      vertex -23.745 62.1242 10.062
      vertex -25 60.9405 9.66972
      vertex -23.745 61.9352 10.5642
    endloop
  endfacet
  facet normal -0.70458 0.679079 0.205957
    outer loop
      vertex -23.745 61.9352 10.5642
      vertex -25 60.7546 10.1635
      vertex -25 60.6015 10.6683
    endloop
  endfacet
  facet normal -0.704563 -0.292833 0.646405
    outer loop
      vertex -23.745 73.3268 5.84564
      vertex -25 73.8782 4.72752
      vertex -25 73.3976 4.5098
    endloop
  endfacet
  facet normal -0.704563 0.691104 0.161141
    outer loop
      vertex -23.745 61.7794 11.0777
      vertex -25 60.5752 10.755
      vertex -25 60.4554 11.2688
    endloop
  endfacet
  facet normal -0.704567 0.576819 0.413359
    outer loop
      vertex -23.745 62.882 8.64432
      vertex -25 62.1527 7.52288
      vertex -25 61.8454 7.9517
    endloop
  endfacet
  facet normal -0.70456 0.51797 0.485079
    outer loop
      vertex -23.745 63.5349 7.79336
      vertex -25 62.9582 6.58632
      vertex -25 62.5976 6.97137
    endloop
  endfacet
  facet normal -0.704566 0.16114 0.691101
    outer loop
      vertex -23.745 67.5777 5.27941
      vertex -25 67.7688 3.9554
      vertex -25 67.255 4.0752
    endloop
  endfacet
  facet normal -0.704559 -0.413367 0.576823
    outer loop
      vertex -23.745 74.2557 6.38195
      vertex -25 75.3771 5.65266
      vertex -25 74.9483 5.34537
    endloop
  endfacet
  facet normal -0.704578 0.664119 0.25003
    outer loop
      vertex -23.745 61.9352 10.5642
      vertex -25 60.9405 9.66972
      vertex -25 60.7546 10.1635
    endloop
  endfacet
  facet normal -0.704563 -0.0232233 0.709261
    outer loop
      vertex -25 69.7906 3.75628
      vertex -23.745 69.7 5
      vertex -23.745 70.2363 5.01756
    endloop
  endfacet
  facet normal -0.704564 -0.0232506 0.70926
    outer loop
      vertex -23.745 69.7 5
      vertex -25 69.7906 3.75628
      vertex -25 69.7 3.75331
    endloop
  endfacet
  facet normal -0.704564 -0.0232205 0.709261
    outer loop
      vertex -23.745 70.2363 5.01756
      vertex -25 70.3178 3.77354
      vertex -25 69.7906 3.75628
    endloop
  endfacet
  facet normal -0.704592 -0.706195 0.0695615
    outer loop
      vertex -25 79.0748 12.0571
      vertex -23.745 77.8298 12.1297
      vertex -23.745 77.8824 12.6637
    endloop
  endfacet
  facet normal -0.704588 -0.70618 0.0697558
    outer loop
      vertex -23.745 77.8298 12.1297
      vertex -25 79.0748 12.0571
      vertex -25 79.0659 11.967
    endloop
  endfacet
  facet normal -0.704586 -0.706204 0.069531
    outer loop
      vertex -23.745 77.8824 12.6637
      vertex -25 79.1265 12.5822
      vertex -25 79.0748 12.0571
    endloop
  endfacet
  facet normal -0.704583 -0.691024 0.161396
    outer loop
      vertex -25 78.9446 11.2688
      vertex -23.745 77.7424 11.6003
      vertex -25 78.9652 11.357
    endloop
  endfacet
  facet normal -0.704576 -0.691106 0.161073
    outer loop
      vertex -23.745 77.7424 11.6003
      vertex -25 78.9446 11.2688
      vertex -23.745 77.6206 11.0777
    endloop
  endfacet
  facet normal -0.704563 0.625818 0.334577
    outer loop
      vertex -25 61.2702 8.94192
      vertex -23.745 62.3456 9.57323
      vertex -23.745 62.5986 9.1
    endloop
  endfacet
  facet normal -0.70456 0.62591 0.334414
    outer loop
      vertex -23.745 62.3456 9.57323
      vertex -25 61.2702 8.94192
      vertex -25 61.2275 9.02184
    endloop
  endfacet
  facet normal -0.704592 0.706195 0.0695615
    outer loop
      vertex -23.745 61.5702 12.1297
      vertex -25 60.3252 12.0571
      vertex -23.745 61.5176 12.6637
    endloop
  endfacet
  facet normal -0.704588 0.70618 0.0697558
    outer loop
      vertex -25 60.3252 12.0571
      vertex -23.745 61.5702 12.1297
      vertex -25 60.3341 11.967
    endloop
  endfacet
  facet normal -0.70456 -0.51797 0.485079
    outer loop
      vertex -23.745 75.8651 7.79336
      vertex -25 76.8024 6.97137
      vertex -25 76.4418 6.58632
    endloop
  endfacet
  facet normal -0.704567 -0.161176 0.691091
    outer loop
      vertex -23.745 71.2997 5.15756
      vertex -25 71.6312 3.9554
      vertex -25 71.543 3.93483
    endloop
  endfacet
  facet normal -0.704567 -0.161138 0.691101
    outer loop
      vertex -25 71.6312 3.9554
      vertex -23.745 71.2997 5.15756
      vertex -23.745 71.8223 5.27941
    endloop
  endfacet
  facet normal -0.704565 -0.485072 0.517971
    outer loop
      vertex -23.745 75.1066 7.03491
      vertex -25 76.3137 6.45824
      vertex -25 75.9286 6.0976
    endloop
  endfacet
  facet normal -0.70456 0.548544 0.450215
    outer loop
      vertex -23.745 63.5349 7.79336
      vertex -25 62.5976 6.97137
      vertex -25 62.2629 7.37917
    endloop
  endfacet
  facet normal -0.704559 0.517737 0.485329
    outer loop
      vertex -25 62.9582 6.58632
      vertex -23.745 63.9017 7.40172
      vertex -25 63.0202 6.52018
    endloop
  endfacet
  facet normal -0.704566 0.517947 0.485096
    outer loop
      vertex -23.745 63.9017 7.40172
      vertex -25 62.9582 6.58632
      vertex -23.745 63.5349 7.79336
    endloop
  endfacet
  facet normal -0.704558 -0.485237 0.517826
    outer loop
      vertex -25 76.3137 6.45824
      vertex -23.745 75.4983 7.40172
      vertex -25 76.3798 6.52018
    endloop
  endfacet
  facet normal -0.704563 -0.485066 0.51798
    outer loop
      vertex -23.745 75.4983 7.40172
      vertex -25 76.3137 6.45824
      vertex -23.745 75.1066 7.03491
    endloop
  endfacet
  facet normal -0.704564 -0.450197 0.548555
    outer loop
      vertex -23.745 75.1066 7.03491
      vertex -25 75.9286 6.0976
      vertex -25 75.5208 5.76292
    endloop
  endfacet
  facet normal -0.704583 0.700133 0.115658
    outer loop
      vertex -23.745 61.5702 12.1297
      vertex -25 60.4201 11.4464
      vertex -25 60.3341 11.967
    endloop
  endfacet
  facet normal -0.704566 -0.16114 0.691101
    outer loop
      vertex -23.745 71.8223 5.27941
      vertex -25 72.145 4.0752
      vertex -25 71.6312 3.9554
    endloop
  endfacet
  facet normal -0.704567 -0.205996 0.679081
    outer loop
      vertex -23.745 71.8223 5.27941
      vertex -25 72.2317 4.1015
      vertex -25 72.145 4.0752
    endloop
  endfacet
  facet normal -0.704567 -0.205987 0.679084
    outer loop
      vertex -25 72.2317 4.1015
      vertex -23.745 71.8223 5.27941
      vertex -23.745 72.3358 5.43517
    endloop
  endfacet
  facet normal -0.704572 0.602616 0.374744
    outer loop
      vertex -23.745 62.5986 9.1
      vertex -25 61.7975 8.02865
      vertex -25 61.5189 8.47666
    endloop
  endfacet
  facet normal -0.704563 -0.293002 0.646329
    outer loop
      vertex -23.745 72.838 5.62419
      vertex -25 73.3976 4.5098
      vertex -25 73.3151 4.4724
    endloop
  endfacet
  facet normal -0.70456 -0.292851 0.646401
    outer loop
      vertex -25 73.3976 4.5098
      vertex -23.745 72.838 5.62419
      vertex -23.745 73.3268 5.84564
    endloop
  endfacet
  facet normal -0.704565 0.679071 0.206036
    outer loop
      vertex -25 60.6015 10.6683
      vertex -23.745 61.7794 11.0777
      vertex -23.745 61.9352 10.5642
    endloop
  endfacet
  facet normal -0.704564 0.679084 0.205997
    outer loop
      vertex -23.745 61.7794 11.0777
      vertex -25 60.6015 10.6683
      vertex -25 60.5752 10.755
    endloop
  endfacet
  facet normal -0.704556 0.374738 0.602637
    outer loop
      vertex -23.745 65.6 6.09859
      vertex -25 64.9767 5.01893
      vertex -25 64.5287 5.29751
    endloop
  endfacet
  facet normal -0.704563 0.293002 0.646329
    outer loop
      vertex -25 66.0024 4.5098
      vertex -23.745 66.562 5.62419
      vertex -25 66.0849 4.4724
    endloop
  endfacet
  facet normal -0.70456 0.292851 0.646401
    outer loop
      vertex -23.745 66.562 5.62419
      vertex -25 66.0024 4.5098
      vertex -23.745 66.0732 5.84564
    endloop
  endfacet
  facet normal -0.704572 0.602448 0.375013
    outer loop
      vertex -25 61.7975 8.02865
      vertex -23.745 62.882 8.64432
      vertex -25 61.8454 7.9517
    endloop
  endfacet
  facet normal -0.704578 0.602593 0.374769
    outer loop
      vertex -23.745 62.882 8.64432
      vertex -25 61.7975 8.02865
      vertex -23.745 62.5986 9.1
    endloop
  endfacet
  facet normal -0.704572 0.625832 0.334532
    outer loop
      vertex -23.745 62.5986 9.1
      vertex -25 61.5189 8.47666
      vertex -25 61.2702 8.94192
    endloop
  endfacet
  facet normal -0.704567 0.161176 0.691091
    outer loop
      vertex -25 67.7688 3.9554
      vertex -23.745 68.1003 5.15756
      vertex -25 67.857 3.93483
    endloop
  endfacet
  facet normal -0.704567 0.161138 0.691101
    outer loop
      vertex -23.745 68.1003 5.15756
      vertex -25 67.7688 3.9554
      vertex -23.745 67.5777 5.27941
    endloop
  endfacet
  facet normal -0.704557 0.334562 0.625833
    outer loop
      vertex -23.745 65.6 6.09859
      vertex -25 65.4419 4.77024
      vertex -25 64.9767 5.01893
    endloop
  endfacet
  facet normal -0.704571 -0.450339 0.548429
    outer loop
      vertex -23.745 74.6918 6.6945
      vertex -25 75.5208 5.76292
      vertex -25 75.4508 5.70544
    endloop
  endfacet
  facet normal -0.704567 -0.450183 0.548562
    outer loop
      vertex -25 75.5208 5.76292
      vertex -23.745 74.6918 6.6945
      vertex -23.745 75.1066 7.03491
    endloop
  endfacet
  facet normal -0.704554 0.374731 0.602644
    outer loop
      vertex -25 64.5287 5.29751
      vertex -23.745 65.1443 6.38195
      vertex -23.745 65.6 6.09859
    endloop
  endfacet
  facet normal -0.704557 0.37462 0.60271
    outer loop
      vertex -23.745 65.1443 6.38195
      vertex -25 64.5287 5.29751
      vertex -25 64.4517 5.34537
    endloop
  endfacet
  facet normal 0.704563 -0.0232233 0.709261
    outer loop
      vertex 23.745 69.7 5
      vertex 25 69.7906 3.75628
      vertex 23.745 70.2363 5.01756
    endloop
  endfacet
  facet normal 0.704564 -0.0232506 0.70926
    outer loop
      vertex 25 69.7906 3.75628
      vertex 23.745 69.7 5
      vertex 25 69.7 3.75331
    endloop
  endfacet
  facet normal 0.704578 0.664119 0.25003
    outer loop
      vertex 25 60.7546 10.1635
      vertex 25 60.9405 9.66972
      vertex 23.745 61.9352 10.5642
    endloop
  endfacet
  facet normal 0.704592 -0.706195 0.0695615
    outer loop
      vertex 23.745 77.8298 12.1297
      vertex 25 79.0748 12.0571
      vertex 23.745 77.8824 12.6637
    endloop
  endfacet
  facet normal 0.704588 -0.70618 0.0697558
    outer loop
      vertex 25 79.0748 12.0571
      vertex 23.745 77.8298 12.1297
      vertex 25 79.0659 11.967
    endloop
  endfacet
  facet normal 0.70456 -0.292851 0.646401
    outer loop
      vertex 23.745 72.838 5.62419
      vertex 25 73.3976 4.5098
      vertex 23.745 73.3268 5.84564
    endloop
  endfacet
  facet normal 0.704563 -0.293002 0.646329
    outer loop
      vertex 25 73.3976 4.5098
      vertex 23.745 72.838 5.62419
      vertex 25 73.3151 4.4724
    endloop
  endfacet
  facet normal 0.704572 -0.602616 0.374744
    outer loop
      vertex 25 77.6025 8.02865
      vertex 25 77.8811 8.47666
      vertex 23.745 76.8014 9.1
    endloop
  endfacet
  facet normal 0.704564 -0.450197 0.548555
    outer loop
      vertex 25 75.5208 5.76292
      vertex 25 75.9286 6.0976
      vertex 23.745 75.1066 7.03491
    endloop
  endfacet
  facet normal 0.704567 0.450183 0.548562
    outer loop
      vertex 25 63.8792 5.76292
      vertex 23.745 64.7082 6.6945
      vertex 23.745 64.2934 7.03491
    endloop
  endfacet
  facet normal 0.704571 0.450339 0.548429
    outer loop
      vertex 23.745 64.7082 6.6945
      vertex 25 63.8792 5.76292
      vertex 25 63.9492 5.70544
    endloop
  endfacet
  facet normal 0.704544 -0.576838 0.413372
    outer loop
      vertex 25 77.2473 7.52288
      vertex 25 77.5546 7.9517
      vertex 23.745 76.5181 8.64432
    endloop
  endfacet
  facet normal 0.704567 -0.205987 0.679084
    outer loop
      vertex 23.745 71.8223 5.27941
      vertex 25 72.2317 4.1015
      vertex 23.745 72.3358 5.43517
    endloop
  endfacet
  facet normal 0.704567 -0.205996 0.679081
    outer loop
      vertex 25 72.2317 4.1015
      vertex 23.745 71.8223 5.27941
      vertex 25 72.145 4.0752
    endloop
  endfacet
  facet normal 0.704562 0.664165 0.249955
    outer loop
      vertex 25 60.9405 9.66972
      vertex 23.745 62.1242 10.062
      vertex 23.745 61.9352 10.5642
    endloop
  endfacet
  facet normal 0.704564 0.664209 0.249832
    outer loop
      vertex 23.745 62.1242 10.062
      vertex 25 60.9405 9.66972
      vertex 25 60.9724 9.58491
    endloop
  endfacet
  facet normal 0.704565 0.646414 0.292809
    outer loop
      vertex 23.745 62.1242 10.062
      vertex 25 61.0098 9.50237
      vertex 23.745 62.3456 9.57323
    endloop
  endfacet
  facet normal 0.704566 0.646379 0.292883
    outer loop
      vertex 25 61.0098 9.50237
      vertex 23.745 62.1242 10.062
      vertex 25 60.9724 9.58491
    endloop
  endfacet
  facet normal 0.704563 0.292833 0.646405
    outer loop
      vertex 25 65.5218 4.72752
      vertex 25 66.0024 4.5098
      vertex 23.745 66.0732 5.84564
    endloop
  endfacet
  facet normal 0.70456 0.292851 0.646401
    outer loop
      vertex 25 66.0024 4.5098
      vertex 23.745 66.562 5.62419
      vertex 23.745 66.0732 5.84564
    endloop
  endfacet
  facet normal 0.704563 0.293002 0.646329
    outer loop
      vertex 23.745 66.562 5.62419
      vertex 25 66.0024 4.5098
      vertex 25 66.0849 4.4724
    endloop
  endfacet
  facet normal 0.704586 0.706204 0.069531
    outer loop
      vertex 25 60.2735 12.5822
      vertex 25 60.3252 12.0571
      vertex 23.745 61.5176 12.6637
    endloop
  endfacet
  facet normal 0.70456 0.51797 0.485079
    outer loop
      vertex 25 62.5976 6.97137
      vertex 25 62.9582 6.58632
      vertex 23.745 63.5349 7.79336
    endloop
  endfacet
  facet normal 0.704562 -0.664165 0.249955
    outer loop
      vertex 23.745 77.2758 10.062
      vertex 25 78.4595 9.66972
      vertex 23.745 77.4648 10.5642
    endloop
  endfacet
  facet normal 0.704564 -0.664209 0.249832
    outer loop
      vertex 25 78.4595 9.66972
      vertex 23.745 77.2758 10.062
      vertex 25 78.4276 9.58491
    endloop
  endfacet
  facet normal 0.704557 -0.646405 0.292848
    outer loop
      vertex 25 78.1725 9.02184
      vertex 25 78.3902 9.50237
      vertex 23.745 77.0544 9.57323
    endloop
  endfacet
  facet normal 0.704565 0.679071 0.206036
    outer loop
      vertex 23.745 61.7794 11.0777
      vertex 25 60.6015 10.6683
      vertex 23.745 61.9352 10.5642
    endloop
  endfacet
  facet normal 0.704564 0.679084 0.205997
    outer loop
      vertex 25 60.6015 10.6683
      vertex 23.745 61.7794 11.0777
      vertex 25 60.5752 10.755
    endloop
  endfacet
  facet normal 0.704566 0.517947 0.485096
    outer loop
      vertex 25 62.9582 6.58632
      vertex 23.745 63.9017 7.40172
      vertex 23.745 63.5349 7.79336
    endloop
  endfacet
  facet normal 0.704559 0.517737 0.485329
    outer loop
      vertex 23.745 63.9017 7.40172
      vertex 25 62.9582 6.58632
      vertex 25 63.0202 6.52018
    endloop
  endfacet
  facet normal 0.704586 -0.706204 0.069531
    outer loop
      vertex 25 79.0748 12.0571
      vertex 25 79.1265 12.5822
      vertex 23.745 77.8824 12.6637
    endloop
  endfacet
  facet normal 0.704608 -0.709171 0.0245706
    outer loop
      vertex 25 79.1265 12.5822
      vertex 23.8472 77.9852 12.7
      vertex 23.745 77.8824 12.6637
    endloop
  endfacet
  facet normal 0.704549 -0.709287 0.0228802
    outer loop
      vertex 23.8472 77.9852 12.7
      vertex 25 79.1265 12.5822
      vertex 25 79.1303 12.7
    endloop
  endfacet
  facet normal 0.704565 -0.485072 0.517971
    outer loop
      vertex 25 75.9286 6.0976
      vertex 25 76.3137 6.45824
      vertex 23.745 75.1066 7.03491
    endloop
  endfacet
  facet normal 0.704563 -0.0695466 0.706225
    outer loop
      vertex 25 70.3178 3.77354
      vertex 25 70.8429 3.82525
      vertex 23.745 70.2363 5.01756
    endloop
  endfacet
  facet normal 0.704564 -0.679084 0.205997
    outer loop
      vertex 23.745 77.6206 11.0777
      vertex 25 78.7985 10.6683
      vertex 25 78.8248 10.755
    endloop
  endfacet
  facet normal 0.704565 -0.679071 0.206036
    outer loop
      vertex 25 78.7985 10.6683
      vertex 23.745 77.6206 11.0777
      vertex 23.745 77.4648 10.5642
    endloop
  endfacet
  facet normal 0.704567 0.576819 0.413359
    outer loop
      vertex 25 61.8454 7.9517
      vertex 25 62.1527 7.52288
      vertex 23.745 62.882 8.64432
    endloop
  endfacet
  facet normal 0.704565 0.485072 0.517971
    outer loop
      vertex 25 63.0863 6.45824
      vertex 25 63.4714 6.0976
      vertex 23.745 64.2934 7.03491
    endloop
  endfacet
  facet normal 0.704559 -0.413367 0.576823
    outer loop
      vertex 25 74.9483 5.34537
      vertex 25 75.3771 5.65266
      vertex 23.745 74.2557 6.38195
    endloop
  endfacet
  facet normal 0.704559 -0.249945 0.664172
    outer loop
      vertex 25 72.7365 4.25465
      vertex 25 73.2303 4.44048
      vertex 23.745 72.3358 5.43517
    endloop
  endfacet
  facet normal 0.704572 0.625832 0.334532
    outer loop
      vertex 25 61.2702 8.94192
      vertex 25 61.5189 8.47666
      vertex 23.745 62.5986 9.1
    endloop
  endfacet
  facet normal 0.704566 0.115604 0.700159
    outer loop
      vertex 23.745 68.1003 5.15756
      vertex 25 67.9464 3.92007
      vertex 23.745 68.6297 5.07015
    endloop
  endfacet
  facet normal 0.704566 0.115597 0.70016
    outer loop
      vertex 25 67.9464 3.92007
      vertex 23.745 68.1003 5.15756
      vertex 25 67.857 3.93483
    endloop
  endfacet
  facet normal 0.704578 0.602593 0.374769
    outer loop
      vertex 25 61.7975 8.02865
      vertex 23.745 62.882 8.64432
      vertex 23.745 62.5986 9.1
    endloop
  endfacet
  facet normal 0.704572 0.602448 0.375013
    outer loop
      vertex 23.745 62.882 8.64432
      vertex 25 61.7975 8.02865
      vertex 25 61.8454 7.9517
    endloop
  endfacet
  facet normal 0.704561 -0.334543 0.625839
    outer loop
      vertex 23.745 73.3268 5.84564
      vertex 25 73.9581 4.77024
      vertex 23.745 73.8 6.09859
    endloop
  endfacet
  facet normal 0.704562 -0.334599 0.625807
    outer loop
      vertex 25 73.9581 4.77024
      vertex 23.745 73.3268 5.84564
      vertex 25 73.8782 4.72752
    endloop
  endfacet
  facet normal 0.704828 -0.708991 0.0234377
    outer loop
      vertex 23.8472 77.9852 12.7
      vertex 23.745 77.8836 12.7
      vertex 23.745 77.8824 12.6637
    endloop
  endfacet
  facet normal 0.704563 -0.691104 0.161141
    outer loop
      vertex 25 78.8248 10.755
      vertex 25 78.9446 11.2688
      vertex 23.745 77.6206 11.0777
    endloop
  endfacet
  facet normal 0.704559 -0.206024 0.67908
    outer loop
      vertex 25 72.2317 4.1015
      vertex 25 72.7365 4.25465
      vertex 23.745 72.3358 5.43517
    endloop
  endfacet
  facet normal 0.704564 0.0232506 0.70926
    outer loop
      vertex 23.745 69.7 5
      vertex 25 69.6094 3.75628
      vertex 25 69.7 3.75331
    endloop
  endfacet
  facet normal 0.704563 0.0232233 0.709261
    outer loop
      vertex 25 69.6094 3.75628
      vertex 23.745 69.7 5
      vertex 23.745 69.1637 5.01756
    endloop
  endfacet
  facet normal 0.704592 0.706195 0.0695615
    outer loop
      vertex 25 60.3252 12.0571
      vertex 23.745 61.5702 12.1297
      vertex 23.745 61.5176 12.6637
    endloop
  endfacet
  facet normal 0.704588 0.70618 0.0697558
    outer loop
      vertex 23.745 61.5702 12.1297
      vertex 25 60.3252 12.0571
      vertex 25 60.3341 11.967
    endloop
  endfacet
  facet normal 0.704583 -0.700133 0.115658
    outer loop
      vertex 25 78.9799 11.4464
      vertex 25 79.0659 11.967
      vertex 23.745 77.8298 12.1297
    endloop
  endfacet
  facet normal 0.704559 0.206024 0.67908
    outer loop
      vertex 25 66.6635 4.25465
      vertex 25 67.1683 4.1015
      vertex 23.745 67.0642 5.43517
    endloop
  endfacet
  facet normal 0.704564 0.0232205 0.709261
    outer loop
      vertex 25 69.0822 3.77354
      vertex 25 69.6094 3.75628
      vertex 23.745 69.1637 5.01756
    endloop
  endfacet
  facet normal 0.704564 -0.0232205 0.709261
    outer loop
      vertex 25 69.7906 3.75628
      vertex 25 70.3178 3.77354
      vertex 23.745 70.2363 5.01756
    endloop
  endfacet
  facet normal 0.704562 0.115583 0.700167
    outer loop
      vertex 25 67.9464 3.92007
      vertex 25 68.467 3.83413
      vertex 23.745 68.6297 5.07015
    endloop
  endfacet
  facet normal 0.704563 0.0695466 0.706225
    outer loop
      vertex 25 68.5571 3.82525
      vertex 25 69.0822 3.77354
      vertex 23.745 69.1637 5.01756
    endloop
  endfacet
  facet normal 0.70458 0.679079 0.205957
    outer loop
      vertex 25 60.6015 10.6683
      vertex 25 60.7546 10.1635
      vertex 23.745 61.9352 10.5642
    endloop
  endfacet
  facet normal 0.704557 -0.334562 0.625833
    outer loop
      vertex 25 73.9581 4.77024
      vertex 25 74.4233 5.01893
      vertex 23.745 73.8 6.09859
    endloop
  endfacet
  facet normal 0.704572 0.602616 0.374744
    outer loop
      vertex 25 61.5189 8.47666
      vertex 25 61.7975 8.02865
      vertex 23.745 62.5986 9.1
    endloop
  endfacet
  facet normal 0.704569 0.700158 0.115591
    outer loop
      vertex 25 60.4201 11.4464
      vertex 23.745 61.6576 11.6003
      vertex 23.745 61.5702 12.1297
    endloop
  endfacet
  facet normal 0.704578 0.700223 0.115137
    outer loop
      vertex 23.745 61.6576 11.6003
      vertex 25 60.4201 11.4464
      vertex 25 60.4348 11.357
    endloop
  endfacet
  facet normal 0.704583 0.700133 0.115658
    outer loop
      vertex 25 60.3341 11.967
      vertex 25 60.4201 11.4464
      vertex 23.745 61.5702 12.1297
    endloop
  endfacet
  facet normal 0.704566 -0.115597 0.70016
    outer loop
      vertex 23.745 71.2997 5.15756
      vertex 25 71.4536 3.92007
      vertex 25 71.543 3.93483
    endloop
  endfacet
  facet normal 0.704566 -0.115604 0.700159
    outer loop
      vertex 25 71.4536 3.92007
      vertex 23.745 71.2997 5.15756
      vertex 23.745 70.7703 5.07015
    endloop
  endfacet
  facet normal 0.704566 -0.16114 0.691101
    outer loop
      vertex 25 71.6312 3.9554
      vertex 25 72.145 4.0752
      vertex 23.745 71.8223 5.27941
    endloop
  endfacet
  facet normal 0.704549 0.709287 0.0228802
    outer loop
      vertex 25 60.2735 12.5822
      vertex 23.8472 61.4148 12.7
      vertex 25 60.2697 12.7
    endloop
  endfacet
  facet normal 0.704608 0.709171 0.0245706
    outer loop
      vertex 23.8472 61.4148 12.7
      vertex 25 60.2735 12.5822
      vertex 23.745 61.5176 12.6637
    endloop
  endfacet
  facet normal 0.704558 -0.485237 0.517826
    outer loop
      vertex 23.745 75.4983 7.40172
      vertex 25 76.3137 6.45824
      vertex 25 76.3798 6.52018
    endloop
  endfacet
  facet normal 0.704563 -0.485066 0.51798
    outer loop
      vertex 25 76.3137 6.45824
      vertex 23.745 75.4983 7.40172
      vertex 23.745 75.1066 7.03491
    endloop
  endfacet
  facet normal 0.704567 -0.450183 0.548562
    outer loop
      vertex 23.745 74.6918 6.6945
      vertex 25 75.5208 5.76292
      vertex 23.745 75.1066 7.03491
    endloop
  endfacet
  facet normal 0.704571 -0.450339 0.548429
    outer loop
      vertex 25 75.5208 5.76292
      vertex 23.745 74.6918 6.6945
      vertex 25 75.4508 5.70544
    endloop
  endfacet
  facet normal 0.704828 0.708991 0.0234377
    outer loop
      vertex 23.8472 61.4148 12.7
      vertex 23.745 61.5176 12.6637
      vertex 23.745 61.5164 12.7
    endloop
  endfacet
  facet normal 0.704571 -0.54851 0.45024
    outer loop
      vertex 23.745 76.2055 8.20816
      vertex 25 77.1371 7.37917
      vertex 25 77.1946 7.44922
    endloop
  endfacet
  facet normal 0.704569 -0.548567 0.450174
    outer loop
      vertex 25 77.1371 7.37917
      vertex 23.745 76.2055 8.20816
      vertex 23.745 75.8651 7.79336
    endloop
  endfacet
  facet normal 0.704557 0.334562 0.625833
    outer loop
      vertex 25 64.9767 5.01893
      vertex 25 65.4419 4.77024
      vertex 23.745 65.6 6.09859
    endloop
  endfacet
  facet normal 0.704569 -0.700158 0.115591
    outer loop
      vertex 23.745 77.7424 11.6003
      vertex 25 78.9799 11.4464
      vertex 23.745 77.8298 12.1297
    endloop
  endfacet
  facet normal 0.704578 -0.700223 0.115137
    outer loop
      vertex 25 78.9799 11.4464
      vertex 23.745 77.7424 11.6003
      vertex 25 78.9652 11.357
    endloop
  endfacet
  facet normal 0.70456 0.548544 0.450215
    outer loop
      vertex 25 62.2629 7.37917
      vertex 25 62.5976 6.97137
      vertex 23.745 63.5349 7.79336
    endloop
  endfacet
  facet normal 0.70457 -0.413177 0.576945
    outer loop
      vertex 23.745 74.6918 6.6945
      vertex 25 75.3771 5.65266
      vertex 25 75.4508 5.70544
    endloop
  endfacet
  facet normal 0.704565 -0.413389 0.5768
    outer loop
      vertex 25 75.3771 5.65266
      vertex 23.745 74.6918 6.6945
      vertex 23.745 74.2557 6.38195
    endloop
  endfacet
  facet normal 0.704565 0.413389 0.5768
    outer loop
      vertex 23.745 64.7082 6.6945
      vertex 25 64.0229 5.65266
      vertex 23.745 65.1443 6.38195
    endloop
  endfacet
  facet normal 0.70457 0.413177 0.576945
    outer loop
      vertex 25 64.0229 5.65266
      vertex 23.745 64.7082 6.6945
      vertex 25 63.9492 5.70544
    endloop
  endfacet
  facet normal 0.704561 0.334543 0.625839
    outer loop
      vertex 25 65.4419 4.77024
      vertex 23.745 66.0732 5.84564
      vertex 23.745 65.6 6.09859
    endloop
  endfacet
  facet normal 0.704562 0.334599 0.625807
    outer loop
      vertex 23.745 66.0732 5.84564
      vertex 25 65.4419 4.77024
      vertex 25 65.5218 4.72752
    endloop
  endfacet
  facet normal 0.704557 0.646405 0.292848
    outer loop
      vertex 25 61.0098 9.50237
      vertex 25 61.2275 9.02184
      vertex 23.745 62.3456 9.57323
    endloop
  endfacet
  facet normal 0.704569 0.548567 0.450174
    outer loop
      vertex 23.745 63.1945 8.20816
      vertex 25 62.2629 7.37917
      vertex 23.745 63.5349 7.79336
    endloop
  endfacet
  facet normal 0.704571 0.54851 0.45024
    outer loop
      vertex 25 62.2629 7.37917
      vertex 23.745 63.1945 8.20816
      vertex 25 62.2054 7.44922
    endloop
  endfacet
  facet normal 0.704554 0.374731 0.602644
    outer loop
      vertex 23.745 65.1443 6.38195
      vertex 25 64.5287 5.29751
      vertex 23.745 65.6 6.09859
    endloop
  endfacet
  facet normal 0.704557 0.37462 0.60271
    outer loop
      vertex 25 64.5287 5.29751
      vertex 23.745 65.1443 6.38195
      vertex 25 64.4517 5.34537
    endloop
  endfacet
  facet normal 0.704559 0.413367 0.576823
    outer loop
      vertex 25 64.0229 5.65266
      vertex 25 64.4517 5.34537
      vertex 23.745 65.1443 6.38195
    endloop
  endfacet
  facet normal 0.704559 0.249945 0.664172
    outer loop
      vertex 25 66.1697 4.44048
      vertex 25 66.6635 4.25465
      vertex 23.745 67.0642 5.43517
    endloop
  endfacet
  facet normal 0.704566 0.249976 0.664153
    outer loop
      vertex 23.745 66.562 5.62419
      vertex 25 66.1697 4.44048
      vertex 23.745 67.0642 5.43517
    endloop
  endfacet
  facet normal 0.704565 0.249995 0.664146
    outer loop
      vertex 25 66.1697 4.44048
      vertex 23.745 66.562 5.62419
      vertex 25 66.0849 4.4724
    endloop
  endfacet
  facet normal 0.704567 -0.161138 0.691101
    outer loop
      vertex 23.745 71.2997 5.15756
      vertex 25 71.6312 3.9554
      vertex 23.745 71.8223 5.27941
    endloop
  endfacet
  facet normal 0.704567 -0.161176 0.691091
    outer loop
      vertex 25 71.6312 3.9554
      vertex 23.745 71.2997 5.15756
      vertex 25 71.543 3.93483
    endloop
  endfacet
  facet normal 0.704564 0.0695512 0.706224
    outer loop
      vertex 23.745 68.6297 5.07015
      vertex 25 68.5571 3.82525
      vertex 23.745 69.1637 5.01756
    endloop
  endfacet
  facet normal 0.704563 0.069603 0.70622
    outer loop
      vertex 25 68.5571 3.82525
      vertex 23.745 68.6297 5.07015
      vertex 25 68.467 3.83413
    endloop
  endfacet
  facet normal 0.704562 -0.115583 0.700167
    outer loop
      vertex 25 70.933 3.83413
      vertex 25 71.4536 3.92007
      vertex 23.745 70.7703 5.07015
    endloop
  endfacet
  facet normal 0.704563 -0.069603 0.70622
    outer loop
      vertex 23.745 70.7703 5.07015
      vertex 25 70.8429 3.82525
      vertex 25 70.933 3.83413
    endloop
  endfacet
  facet normal 0.704564 -0.0695512 0.706224
    outer loop
      vertex 25 70.8429 3.82525
      vertex 23.745 70.7703 5.07015
      vertex 23.745 70.2363 5.01756
    endloop
  endfacet
  facet normal 0.704565 -0.249995 0.664146
    outer loop
      vertex 23.745 72.838 5.62419
      vertex 25 73.2303 4.44048
      vertex 25 73.3151 4.4724
    endloop
  endfacet
  facet normal 0.704566 -0.249976 0.664153
    outer loop
      vertex 25 73.2303 4.44048
      vertex 23.745 72.838 5.62419
      vertex 23.745 72.3358 5.43517
    endloop
  endfacet
  facet normal 0.704583 -0.691024 0.161396
    outer loop
      vertex 23.745 77.7424 11.6003
      vertex 25 78.9446 11.2688
      vertex 25 78.9652 11.357
    endloop
  endfacet
  facet normal 0.704576 -0.691106 0.161073
    outer loop
      vertex 25 78.9446 11.2688
      vertex 23.745 77.7424 11.6003
      vertex 23.745 77.6206 11.0777
    endloop
  endfacet
  facet normal 0.704576 0.691106 0.161073
    outer loop
      vertex 23.745 61.6576 11.6003
      vertex 25 60.4554 11.2688
      vertex 23.745 61.7794 11.0777
    endloop
  endfacet
  facet normal 0.704583 0.691024 0.161396
    outer loop
      vertex 25 60.4554 11.2688
      vertex 23.745 61.6576 11.6003
      vertex 25 60.4348 11.357
    endloop
  endfacet
  facet normal 0.704563 0.691104 0.161141
    outer loop
      vertex 25 60.4554 11.2688
      vertex 25 60.5752 10.755
      vertex 23.745 61.7794 11.0777
    endloop
  endfacet
  facet normal 0.704563 0.625818 0.334577
    outer loop
      vertex 23.745 62.3456 9.57323
      vertex 25 61.2702 8.94192
      vertex 23.745 62.5986 9.1
    endloop
  endfacet
  facet normal 0.70456 0.62591 0.334414
    outer loop
      vertex 25 61.2702 8.94192
      vertex 23.745 62.3456 9.57323
      vertex 25 61.2275 9.02184
    endloop
  endfacet
  facet normal 0.70456 -0.548544 0.450215
    outer loop
      vertex 25 76.8024 6.97137
      vertex 25 77.1371 7.37917
      vertex 23.745 75.8651 7.79336
    endloop
  endfacet
  facet normal 0.704556 -0.374738 0.602637
    outer loop
      vertex 25 74.4233 5.01893
      vertex 25 74.8713 5.29751
      vertex 23.745 73.8 6.09859
    endloop
  endfacet
  facet normal 0.70456 -0.62591 0.334414
    outer loop
      vertex 23.745 77.0544 9.57323
      vertex 25 78.1298 8.94192
      vertex 25 78.1725 9.02184
    endloop
  endfacet
  facet normal 0.704563 -0.625818 0.334577
    outer loop
      vertex 25 78.1298 8.94192
      vertex 23.745 77.0544 9.57323
      vertex 23.745 76.8014 9.1
    endloop
  endfacet
  facet normal 0.704556 -0.60267 0.374685
    outer loop
      vertex 23.745 76.5181 8.64432
      vertex 25 77.6025 8.02865
      vertex 23.745 76.8014 9.1
    endloop
  endfacet
  facet normal 0.704548 -0.602468 0.375025
    outer loop
      vertex 25 77.6025 8.02865
      vertex 23.745 76.5181 8.64432
      vertex 25 77.5546 7.9517
    endloop
  endfacet
  facet normal 0.704563 -0.292833 0.646405
    outer loop
      vertex 25 73.3976 4.5098
      vertex 25 73.8782 4.72752
      vertex 23.745 73.3268 5.84564
    endloop
  endfacet
  facet normal 0.704552 -0.576806 0.413402
    outer loop
      vertex 23.745 76.2055 8.20816
      vertex 25 77.2473 7.52288
      vertex 23.745 76.5181 8.64432
    endloop
  endfacet
  facet normal 0.704564 -0.577141 0.412915
    outer loop
      vertex 25 77.2473 7.52288
      vertex 23.745 76.2055 8.20816
      vertex 25 77.1946 7.44922
    endloop
  endfacet
  facet normal 0.704567 0.161176 0.691091
    outer loop
      vertex 23.745 68.1003 5.15756
      vertex 25 67.7688 3.9554
      vertex 25 67.857 3.93483
    endloop
  endfacet
  facet normal 0.704567 0.161138 0.691101
    outer loop
      vertex 25 67.7688 3.9554
      vertex 23.745 68.1003 5.15756
      vertex 23.745 67.5777 5.27941
    endloop
  endfacet
  facet normal 0.704567 0.205996 0.679081
    outer loop
      vertex 23.745 67.5777 5.27941
      vertex 25 67.1683 4.1015
      vertex 25 67.255 4.0752
    endloop
  endfacet
  facet normal 0.704567 0.205987 0.679084
    outer loop
      vertex 25 67.1683 4.1015
      vertex 23.745 67.5777 5.27941
      vertex 23.745 67.0642 5.43517
    endloop
  endfacet
  facet normal 0.70458 -0.679079 0.205957
    outer loop
      vertex 25 78.6454 10.1635
      vertex 25 78.7985 10.6683
      vertex 23.745 77.4648 10.5642
    endloop
  endfacet
  facet normal 0.704578 -0.664119 0.25003
    outer loop
      vertex 25 78.4595 9.66972
      vertex 25 78.6454 10.1635
      vertex 23.745 77.4648 10.5642
    endloop
  endfacet
  facet normal 0.704563 0.485066 0.51798
    outer loop
      vertex 23.745 63.9017 7.40172
      vertex 25 63.0863 6.45824
      vertex 23.745 64.2934 7.03491
    endloop
  endfacet
  facet normal 0.704558 0.485237 0.517826
    outer loop
      vertex 25 63.0863 6.45824
      vertex 23.745 63.9017 7.40172
      vertex 25 63.0202 6.52018
    endloop
  endfacet
  facet normal 0.704566 -0.646379 0.292883
    outer loop
      vertex 23.745 77.2758 10.062
      vertex 25 78.3902 9.50237
      vertex 25 78.4276 9.58491
    endloop
  endfacet
  facet normal 0.704565 -0.646414 0.292809
    outer loop
      vertex 25 78.3902 9.50237
      vertex 23.745 77.2758 10.062
      vertex 23.745 77.0544 9.57323
    endloop
  endfacet
  facet normal 0.704556 0.374738 0.602637
    outer loop
      vertex 25 64.5287 5.29751
      vertex 25 64.9767 5.01893
      vertex 23.745 65.6 6.09859
    endloop
  endfacet
  facet normal 0.704566 0.16114 0.691101
    outer loop
      vertex 25 67.255 4.0752
      vertex 25 67.7688 3.9554
      vertex 23.745 67.5777 5.27941
    endloop
  endfacet
  facet normal 0.704564 0.450197 0.548555
    outer loop
      vertex 25 63.4714 6.0976
      vertex 25 63.8792 5.76292
      vertex 23.745 64.2934 7.03491
    endloop
  endfacet
  facet normal 0.70456 -0.51797 0.485079
    outer loop
      vertex 25 76.4418 6.58632
      vertex 25 76.8024 6.97137
      vertex 23.745 75.8651 7.79336
    endloop
  endfacet
  facet normal 0.704566 -0.517947 0.485096
    outer loop
      vertex 23.745 75.4983 7.40172
      vertex 25 76.4418 6.58632
      vertex 23.745 75.8651 7.79336
    endloop
  endfacet
  facet normal 0.704559 -0.517737 0.485329
    outer loop
      vertex 25 76.4418 6.58632
      vertex 23.745 75.4983 7.40172
      vertex 25 76.3798 6.52018
    endloop
  endfacet
  facet normal 0.704572 -0.625832 0.334532
    outer loop
      vertex 25 77.8811 8.47666
      vertex 25 78.1298 8.94192
      vertex 23.745 76.8014 9.1
    endloop
  endfacet
  facet normal 0.704557 -0.37462 0.60271
    outer loop
      vertex 23.745 74.2557 6.38195
      vertex 25 74.8713 5.29751
      vertex 25 74.9483 5.34537
    endloop
  endfacet
  facet normal 0.704554 -0.374731 0.602644
    outer loop
      vertex 25 74.8713 5.29751
      vertex 23.745 74.2557 6.38195
      vertex 23.745 73.8 6.09859
    endloop
  endfacet
  facet normal 0.704554 0.576867 0.413314
    outer loop
      vertex 25 62.1527 7.52288
      vertex 23.745 63.1945 8.20816
      vertex 23.745 62.882 8.64432
    endloop
  endfacet
  facet normal 0.704564 0.577141 0.412915
    outer loop
      vertex 23.745 63.1945 8.20816
      vertex 25 62.1527 7.52288
      vertex 25 62.2054 7.44922
    endloop
  endfacet
  facet normal 0 -0.999454 0.0330398
    outer loop
      vertex -23.745 77.8824 12.6637
      vertex 23.745 77.8836 12.7
      vertex -23.745 77.8836 12.7
    endloop
  endfacet
  facet normal 0 -0.999454 0.0330398
    outer loop
      vertex 23.745 77.8836 12.7
      vertex -23.745 77.8824 12.6637
      vertex 23.745 77.8824 12.6637
    endloop
  endfacet
  facet normal 0 -0.849252 0.527987
    outer loop
      vertex -23.745 76.5181 8.64432
      vertex 23.745 76.8014 9.1
      vertex -23.745 76.8014 9.1
    endloop
  endfacet
  facet normal 0 -0.849252 0.527987
    outer loop
      vertex 23.745 76.8014 9.1
      vertex -23.745 76.5181 8.64432
      vertex 23.745 76.5181 8.64432
    endloop
  endfacet
  facet normal 0 -0.0327253 0.999464
    outer loop
      vertex -23.745 70.2363 5.01756
      vertex 23.745 69.7 5
      vertex 23.745 70.2363 5.01756
    endloop
  endfacet
  facet normal 0 -0.0327253 0.999464
    outer loop
      vertex 23.745 69.7 5
      vertex -23.745 70.2363 5.01756
      vertex -23.745 69.7 5
    endloop
  endfacet
  facet normal 0 -0.729874 0.683581
    outer loop
      vertex -23.745 75.4983 7.40172
      vertex 23.745 75.8651 7.79336
      vertex -23.745 75.8651 7.79336
    endloop
  endfacet
  facet normal 0 -0.729874 0.683581
    outer loop
      vertex 23.745 75.8651 7.79336
      vertex -23.745 75.4983 7.40172
      vertex 23.745 75.4983 7.40172
    endloop
  endfacet
  facet normal 0 0.973899 0.226982
    outer loop
      vertex 23.745 61.7794 11.0777
      vertex -23.745 61.6576 11.6003
      vertex 23.745 61.6576 11.6003
    endloop
  endfacet
  facet normal 0 0.973899 0.226982
    outer loop
      vertex -23.745 61.6576 11.6003
      vertex 23.745 61.7794 11.0777
      vertex -23.745 61.7794 11.0777
    endloop
  endfacet
  facet normal -0 0.0327253 0.999464
    outer loop
      vertex -23.745 69.7 5
      vertex 23.745 69.1637 5.01756
      vertex 23.745 69.7 5
    endloop
  endfacet
  facet normal 0 0.0327253 0.999464
    outer loop
      vertex 23.745 69.1637 5.01756
      vertex -23.745 69.7 5
      vertex -23.745 69.1637 5.01756
    endloop
  endfacet
  facet normal -0 0.352259 0.935903
    outer loop
      vertex -23.745 67.0642 5.43517
      vertex 23.745 66.562 5.62419
      vertex 23.745 67.0642 5.43517
    endloop
  endfacet
  facet normal 0 0.352259 0.935903
    outer loop
      vertex 23.745 66.562 5.62419
      vertex -23.745 67.0642 5.43517
      vertex -23.745 66.562 5.62419
    endloop
  endfacet
  facet normal -0 0.634385 0.773017
    outer loop
      vertex -23.745 64.7082 6.6945
      vertex 23.745 64.2934 7.03491
      vertex 23.745 64.7082 6.6945
    endloop
  endfacet
  facet normal 0 0.634385 0.773017
    outer loop
      vertex 23.745 64.2934 7.03491
      vertex -23.745 64.7082 6.6945
      vertex -23.745 64.2934 7.03491
    endloop
  endfacet
  facet normal -0 0.29027 0.956945
    outer loop
      vertex -23.745 67.5777 5.27941
      vertex 23.745 67.0642 5.43517
      vertex 23.745 67.5777 5.27941
    endloop
  endfacet
  facet normal 0 0.29027 0.956945
    outer loop
      vertex 23.745 67.0642 5.43517
      vertex -23.745 67.5777 5.27941
      vertex -23.745 67.0642 5.43517
    endloop
  endfacet
  facet normal 0 -0.582533 0.812807
    outer loop
      vertex -23.745 74.6918 6.6945
      vertex 23.745 74.2557 6.38195
      vertex 23.745 74.6918 6.6945
    endloop
  endfacet
  facet normal 0 -0.582533 0.812807
    outer loop
      vertex 23.745 74.2557 6.38195
      vertex -23.745 74.6918 6.6945
      vertex -23.745 74.2557 6.38195
    endloop
  endfacet
  facet normal 0 -0.634385 0.773017
    outer loop
      vertex -23.745 75.1066 7.03491
      vertex 23.745 74.6918 6.6945
      vertex 23.745 75.1066 7.03491
    endloop
  endfacet
  facet normal 0 -0.634385 0.773017
    outer loop
      vertex 23.745 74.6918 6.6945
      vertex -23.745 75.1066 7.03491
      vertex -23.745 74.6918 6.6945
    endloop
  endfacet
  facet normal 0 -0.528051 0.849213
    outer loop
      vertex -23.745 74.2557 6.38195
      vertex 23.745 73.8 6.09859
      vertex 23.745 74.2557 6.38195
    endloop
  endfacet
  facet normal 0 -0.528051 0.849213
    outer loop
      vertex 23.745 73.8 6.09859
      vertex -23.745 74.2557 6.38195
      vertex -23.745 73.8 6.09859
    endloop
  endfacet
  facet normal 0 -0.29027 0.956945
    outer loop
      vertex -23.745 72.3358 5.43517
      vertex 23.745 71.8223 5.27941
      vertex 23.745 72.3358 5.43517
    endloop
  endfacet
  facet normal 0 -0.29027 0.956945
    outer loop
      vertex 23.745 71.8223 5.27941
      vertex -23.745 72.3358 5.43517
      vertex -23.745 71.8223 5.27941
    endloop
  endfacet
  facet normal 0 -0.773027 0.634374
    outer loop
      vertex -23.745 75.8651 7.79336
      vertex 23.745 76.2055 8.20816
      vertex -23.745 76.2055 8.20816
    endloop
  endfacet
  facet normal 0 -0.773027 0.634374
    outer loop
      vertex 23.745 76.2055 8.20816
      vertex -23.745 75.8651 7.79336
      vertex 23.745 75.8651 7.79336
    endloop
  endfacet
  facet normal -0 0.683536 0.729917
    outer loop
      vertex -23.745 64.2934 7.03491
      vertex 23.745 63.9017 7.40172
      vertex 23.745 64.2934 7.03491
    endloop
  endfacet
  facet normal 0 0.683536 0.729917
    outer loop
      vertex 23.745 63.9017 7.40172
      vertex -23.745 64.2934 7.03491
      vertex -23.745 63.9017 7.40172
    endloop
  endfacet
  facet normal 0 0.999454 0.0330398
    outer loop
      vertex 23.745 61.5176 12.6637
      vertex -23.745 61.5164 12.7
      vertex 23.745 61.5164 12.7
    endloop
  endfacet
  facet normal 0 0.999454 0.0330398
    outer loop
      vertex -23.745 61.5164 12.7
      vertex 23.745 61.5176 12.6637
      vertex -23.745 61.5176 12.6637
    endloop
  endfacet
  facet normal 0 -0.098009 0.995186
    outer loop
      vertex -23.745 70.7703 5.07015
      vertex 23.745 70.2363 5.01756
      vertex 23.745 70.7703 5.07015
    endloop
  endfacet
  facet normal 0 -0.098009 0.995186
    outer loop
      vertex 23.745 70.2363 5.01756
      vertex -23.745 70.7703 5.07015
      vertex -23.745 70.2363 5.01756
    endloop
  endfacet
  facet normal 0 0.88188 0.471474
    outer loop
      vertex 23.745 62.5986 9.1
      vertex -23.745 62.3456 9.57323
      vertex 23.745 62.3456 9.57323
    endloop
  endfacet
  facet normal 0 0.88188 0.471474
    outer loop
      vertex -23.745 62.3456 9.57323
      vertex 23.745 62.5986 9.1
      vertex -23.745 62.5986 9.1
    endloop
  endfacet
  facet normal 0 -0.227071 0.973878
    outer loop
      vertex -23.745 71.8223 5.27941
      vertex 23.745 71.2997 5.15756
      vertex 23.745 71.8223 5.27941
    endloop
  endfacet
  facet normal 0 -0.227071 0.973878
    outer loop
      vertex 23.745 71.2997 5.15756
      vertex -23.745 71.8223 5.27941
      vertex -23.745 71.2997 5.15756
    endloop
  endfacet
  facet normal 0 -0.88188 0.471474
    outer loop
      vertex -23.745 76.8014 9.1
      vertex 23.745 77.0544 9.57323
      vertex -23.745 77.0544 9.57323
    endloop
  endfacet
  facet normal 0 -0.88188 0.471474
    outer loop
      vertex 23.745 77.0544 9.57323
      vertex -23.745 76.8014 9.1
      vertex 23.745 76.8014 9.1
    endloop
  endfacet
  facet normal 0 0.986645 0.162888
    outer loop
      vertex 23.745 61.6576 11.6003
      vertex -23.745 61.5702 12.1297
      vertex 23.745 61.5702 12.1297
    endloop
  endfacet
  facet normal 0 0.986645 0.162888
    outer loop
      vertex -23.745 61.5702 12.1297
      vertex 23.745 61.6576 11.6003
      vertex -23.745 61.6576 11.6003
    endloop
  endfacet
  facet normal 0 -0.471425 0.881906
    outer loop
      vertex -23.745 73.8 6.09859
      vertex 23.745 73.3268 5.84564
      vertex 23.745 73.8 6.09859
    endloop
  endfacet
  facet normal 0 -0.471425 0.881906
    outer loop
      vertex 23.745 73.3268 5.84564
      vertex -23.745 73.8 6.09859
      vertex -23.745 73.3268 5.84564
    endloop
  endfacet
  facet normal -0 0.412672 0.91088
    outer loop
      vertex -23.745 66.562 5.62419
      vertex 23.745 66.0732 5.84564
      vertex 23.745 66.562 5.62419
    endloop
  endfacet
  facet normal 0 0.412672 0.91088
    outer loop
      vertex 23.745 66.0732 5.84564
      vertex -23.745 66.562 5.62419
      vertex -23.745 66.0732 5.84564
    endloop
  endfacet
  facet normal 0 0.956924 0.290338
    outer loop
      vertex 23.745 61.9352 10.5642
      vertex -23.745 61.7794 11.0777
      vertex 23.745 61.7794 11.0777
    endloop
  endfacet
  facet normal 0 0.956924 0.290338
    outer loop
      vertex -23.745 61.7794 11.0777
      vertex 23.745 61.9352 10.5642
      vertex -23.745 61.9352 10.5642
    endloop
  endfacet
  facet normal 0 -0.986645 0.162888
    outer loop
      vertex -23.745 77.7424 11.6003
      vertex 23.745 77.8298 12.1297
      vertex -23.745 77.8298 12.1297
    endloop
  endfacet
  facet normal 0 -0.986645 0.162888
    outer loop
      vertex 23.745 77.8298 12.1297
      vertex -23.745 77.7424 11.6003
      vertex 23.745 77.7424 11.6003
    endloop
  endfacet
  facet normal 0 -0.683536 0.729917
    outer loop
      vertex -23.745 75.4983 7.40172
      vertex 23.745 75.1066 7.03491
      vertex 23.745 75.4983 7.40172
    endloop
  endfacet
  facet normal 0 -0.683536 0.729917
    outer loop
      vertex 23.745 75.1066 7.03491
      vertex -23.745 75.4983 7.40172
      vertex -23.745 75.1066 7.03491
    endloop
  endfacet
  facet normal 0 -0.995184 0.0980275
    outer loop
      vertex -23.745 77.8298 12.1297
      vertex 23.745 77.8824 12.6637
      vertex -23.745 77.8824 12.6637
    endloop
  endfacet
  facet normal 0 -0.995184 0.0980275
    outer loop
      vertex 23.745 77.8824 12.6637
      vertex -23.745 77.8298 12.1297
      vertex 23.745 77.8298 12.1297
    endloop
  endfacet
  facet normal -0 0.582533 0.812807
    outer loop
      vertex -23.745 65.1443 6.38195
      vertex 23.745 64.7082 6.6945
      vertex 23.745 65.1443 6.38195
    endloop
  endfacet
  facet normal 0 0.582533 0.812807
    outer loop
      vertex 23.745 64.7082 6.6945
      vertex -23.745 65.1443 6.38195
      vertex -23.745 64.7082 6.6945
    endloop
  endfacet
  facet normal 0 0.995184 0.0980275
    outer loop
      vertex 23.745 61.5702 12.1297
      vertex -23.745 61.5176 12.6637
      vertex 23.745 61.5176 12.6637
    endloop
  endfacet
  facet normal 0 0.995184 0.0980275
    outer loop
      vertex -23.745 61.5176 12.6637
      vertex 23.745 61.5702 12.1297
      vertex -23.745 61.5702 12.1297
    endloop
  endfacet
  facet normal 0 0.910905 0.412616
    outer loop
      vertex 23.745 62.3456 9.57323
      vertex -23.745 62.1242 10.062
      vertex 23.745 62.1242 10.062
    endloop
  endfacet
  facet normal 0 0.910905 0.412616
    outer loop
      vertex -23.745 62.1242 10.062
      vertex 23.745 62.3456 9.57323
      vertex -23.745 62.3456 9.57323
    endloop
  endfacet
  facet normal -0 0.098009 0.995186
    outer loop
      vertex -23.745 69.1637 5.01756
      vertex 23.745 68.6297 5.07015
      vertex 23.745 69.1637 5.01756
    endloop
  endfacet
  facet normal 0 0.098009 0.995186
    outer loop
      vertex 23.745 68.6297 5.07015
      vertex -23.745 69.1637 5.01756
      vertex -23.745 68.6297 5.07015
    endloop
  endfacet
  facet normal -0 0.227071 0.973878
    outer loop
      vertex -23.745 68.1003 5.15756
      vertex 23.745 67.5777 5.27941
      vertex 23.745 68.1003 5.15756
    endloop
  endfacet
  facet normal 0 0.227071 0.973878
    outer loop
      vertex 23.745 67.5777 5.27941
      vertex -23.745 68.1003 5.15756
      vertex -23.745 67.5777 5.27941
    endloop
  endfacet
  facet normal -0 0.471425 0.881906
    outer loop
      vertex -23.745 66.0732 5.84564
      vertex 23.745 65.6 6.09859
      vertex 23.745 66.0732 5.84564
    endloop
  endfacet
  facet normal 0 0.471425 0.881906
    outer loop
      vertex 23.745 65.6 6.09859
      vertex -23.745 66.0732 5.84564
      vertex -23.745 65.6 6.09859
    endloop
  endfacet
  facet normal 0 -0.812801 0.582542
    outer loop
      vertex -23.745 76.2055 8.20816
      vertex 23.745 76.5181 8.64432
      vertex -23.745 76.5181 8.64432
    endloop
  endfacet
  facet normal 0 -0.812801 0.582542
    outer loop
      vertex 23.745 76.5181 8.64432
      vertex -23.745 76.2055 8.20816
      vertex 23.745 76.2055 8.20816
    endloop
  endfacet
  facet normal 0 -0.162906 0.986642
    outer loop
      vertex -23.745 71.2997 5.15756
      vertex 23.745 70.7703 5.07015
      vertex 23.745 71.2997 5.15756
    endloop
  endfacet
  facet normal 0 -0.162906 0.986642
    outer loop
      vertex 23.745 70.7703 5.07015
      vertex -23.745 71.2997 5.15756
      vertex -23.745 70.7703 5.07015
    endloop
  endfacet
  facet normal 0 -0.935915 0.352226
    outer loop
      vertex -23.745 77.2758 10.062
      vertex 23.745 77.4648 10.5642
      vertex -23.745 77.4648 10.5642
    endloop
  endfacet
  facet normal 0 -0.935915 0.352226
    outer loop
      vertex 23.745 77.4648 10.5642
      vertex -23.745 77.2758 10.062
      vertex 23.745 77.2758 10.062
    endloop
  endfacet
  facet normal 0 -0.910905 0.412616
    outer loop
      vertex -23.745 77.0544 9.57323
      vertex 23.745 77.2758 10.062
      vertex -23.745 77.2758 10.062
    endloop
  endfacet
  facet normal 0 -0.910905 0.412616
    outer loop
      vertex 23.745 77.2758 10.062
      vertex -23.745 77.0544 9.57323
      vertex 23.745 77.0544 9.57323
    endloop
  endfacet
  facet normal 0 -0.956924 0.290338
    outer loop
      vertex -23.745 77.4648 10.5642
      vertex 23.745 77.6206 11.0777
      vertex -23.745 77.6206 11.0777
    endloop
  endfacet
  facet normal 0 -0.956924 0.290338
    outer loop
      vertex 23.745 77.6206 11.0777
      vertex -23.745 77.4648 10.5642
      vertex 23.745 77.4648 10.5642
    endloop
  endfacet
  facet normal 0 0.773027 0.634374
    outer loop
      vertex 23.745 63.5349 7.79336
      vertex -23.745 63.1945 8.20816
      vertex 23.745 63.1945 8.20816
    endloop
  endfacet
  facet normal 0 0.773027 0.634374
    outer loop
      vertex -23.745 63.1945 8.20816
      vertex 23.745 63.5349 7.79336
      vertex -23.745 63.5349 7.79336
    endloop
  endfacet
  facet normal 0 0.849169 0.528122
    outer loop
      vertex 23.745 62.882 8.64432
      vertex -23.745 62.5986 9.1
      vertex 23.745 62.5986 9.1
    endloop
  endfacet
  facet normal 0 0.849169 0.528122
    outer loop
      vertex -23.745 62.5986 9.1
      vertex 23.745 62.882 8.64432
      vertex -23.745 62.882 8.64432
    endloop
  endfacet
  facet normal 0 -0.352259 0.935903
    outer loop
      vertex -23.745 72.838 5.62419
      vertex 23.745 72.3358 5.43517
      vertex 23.745 72.838 5.62419
    endloop
  endfacet
  facet normal 0 -0.352259 0.935903
    outer loop
      vertex 23.745 72.3358 5.43517
      vertex -23.745 72.838 5.62419
      vertex -23.745 72.3358 5.43517
    endloop
  endfacet
  facet normal 0 0.812889 0.582419
    outer loop
      vertex 23.745 63.1945 8.20816
      vertex -23.745 62.882 8.64432
      vertex 23.745 62.882 8.64432
    endloop
  endfacet
  facet normal 0 0.812889 0.582419
    outer loop
      vertex -23.745 62.882 8.64432
      vertex 23.745 63.1945 8.20816
      vertex -23.745 63.1945 8.20816
    endloop
  endfacet
  facet normal 0 -0.412672 0.91088
    outer loop
      vertex -23.745 73.3268 5.84564
      vertex 23.745 72.838 5.62419
      vertex 23.745 73.3268 5.84564
    endloop
  endfacet
  facet normal 0 -0.412672 0.91088
    outer loop
      vertex 23.745 72.838 5.62419
      vertex -23.745 73.3268 5.84564
      vertex -23.745 72.838 5.62419
    endloop
  endfacet
  facet normal -0 0.528051 0.849213
    outer loop
      vertex -23.745 65.6 6.09859
      vertex 23.745 65.1443 6.38195
      vertex 23.745 65.6 6.09859
    endloop
  endfacet
  facet normal 0 0.528051 0.849213
    outer loop
      vertex 23.745 65.1443 6.38195
      vertex -23.745 65.6 6.09859
      vertex -23.745 65.1443 6.38195
    endloop
  endfacet
  facet normal -0 0.162906 0.986642
    outer loop
      vertex -23.745 68.6297 5.07015
      vertex 23.745 68.1003 5.15756
      vertex 23.745 68.6297 5.07015
    endloop
  endfacet
  facet normal 0 0.162906 0.986642
    outer loop
      vertex 23.745 68.1003 5.15756
      vertex -23.745 68.6297 5.07015
      vertex -23.745 68.1003 5.15756
    endloop
  endfacet
  facet normal 0 -0.973899 0.226982
    outer loop
      vertex -23.745 77.6206 11.0777
      vertex 23.745 77.7424 11.6003
      vertex -23.745 77.7424 11.6003
    endloop
  endfacet
  facet normal 0 -0.973899 0.226982
    outer loop
      vertex 23.745 77.7424 11.6003
      vertex -23.745 77.6206 11.0777
      vertex 23.745 77.6206 11.0777
    endloop
  endfacet
  facet normal 0 0.935915 0.352226
    outer loop
      vertex 23.745 62.1242 10.062
      vertex -23.745 61.9352 10.5642
      vertex 23.745 61.9352 10.5642
    endloop
  endfacet
  facet normal 0 0.935915 0.352226
    outer loop
      vertex -23.745 61.9352 10.5642
      vertex 23.745 62.1242 10.062
      vertex -23.745 62.1242 10.062
    endloop
  endfacet
  facet normal 0 0.729874 0.683581
    outer loop
      vertex 23.745 63.9017 7.40172
      vertex -23.745 63.5349 7.79336
      vertex 23.745 63.5349 7.79336
    endloop
  endfacet
  facet normal 0 0.729874 0.683581
    outer loop
      vertex -23.745 63.5349 7.79336
      vertex 23.745 63.9017 7.40172
      vertex -23.745 63.9017 7.40172
    endloop
  endfacet
  facet normal -0.995179 -0.0980724 0
    outer loop
      vertex 2.74411 56.4299 4.5
      vertex 2.72647 56.6089 12.7
      vertex 2.72647 56.6089 4.5
    endloop
  endfacet
  facet normal -0.995179 -0.0980724 0
    outer loop
      vertex 2.72647 56.6089 12.7
      vertex 2.74411 56.4299 4.5
      vertex 2.74411 56.4299 12.7
    endloop
  endfacet
  facet normal -0.999464 -0.0327229 0
    outer loop
      vertex 2.75 56.25 4.5
      vertex 2.74411 56.4299 12.7
      vertex 2.74411 56.4299 4.5
    endloop
  endfacet
  facet normal -0.999464 -0.0327229 0
    outer loop
      vertex 2.74411 56.4299 12.7
      vertex 2.75 56.25 4.5
      vertex 2.75 56.25 12.7
    endloop
  endfacet
  facet normal -0.471257 0.881996 0
    outer loop
      vertex 1.375 53.8684 4.5
      vertex 1.21629 53.7836 12.7
      vertex 1.375 53.8684 12.7
    endloop
  endfacet
  facet normal -0.471257 0.881996 0
    outer loop
      vertex 1.21629 53.7836 12.7
      vertex 1.375 53.8684 4.5
      vertex 1.21629 53.7836 4.5
    endloop
  endfacet
  facet normal 0.93589 0.352293 0
    outer loop
      vertex -2.54067 55.1976 12.7
      vertex -2.60406 55.366 4.5
      vertex -2.60406 55.366 12.7
    endloop
  endfacet
  facet normal 0.93589 0.352293 0
    outer loop
      vertex -2.60406 55.366 4.5
      vertex -2.54067 55.1976 12.7
      vertex -2.54067 55.1976 4.5
    endloop
  endfacet
  facet normal 0.729742 -0.683723 0
    outer loop
      vertex -2.06756 58.0632 12.7
      vertex -1.94454 58.1945 4.5
      vertex -1.94454 58.1945 12.7
    endloop
  endfacet
  facet normal 0.729742 -0.683723 0
    outer loop
      vertex -1.94454 58.1945 4.5
      vertex -2.06756 58.0632 12.7
      vertex -2.06756 58.0632 4.5
    endloop
  endfacet
  facet normal -0.162821 -0.986656 0
    outer loop
      vertex 0.358947 58.9765 4.5
      vertex 0.536498 58.9472 12.7
      vertex 0.358947 58.9765 12.7
    endloop
  endfacet
  facet normal -0.162821 -0.986656 -0
    outer loop
      vertex 0.536498 58.9472 12.7
      vertex 0.358947 58.9765 4.5
      vertex 0.536498 58.9472 4.5
    endloop
  endfacet
  facet normal 0.999464 0.0327229 0
    outer loop
      vertex -2.74411 56.0701 12.7
      vertex -2.75 56.25 4.5
      vertex -2.75 56.25 12.7
    endloop
  endfacet
  facet normal 0.999464 0.0327229 0
    outer loop
      vertex -2.75 56.25 4.5
      vertex -2.74411 56.0701 12.7
      vertex -2.74411 56.0701 4.5
    endloop
  endfacet
  facet normal 0.956935 0.290304 0
    outer loop
      vertex -2.60406 55.366 12.7
      vertex -2.6563 55.5382 4.5
      vertex -2.6563 55.5382 12.7
    endloop
  endfacet
  facet normal 0.956935 0.290304 0
    outer loop
      vertex -2.6563 55.5382 4.5
      vertex -2.60406 55.366 12.7
      vertex -2.60406 55.366 4.5
    endloop
  endfacet
  facet normal 0.683849 -0.729624 0
    outer loop
      vertex -1.94454 58.1945 4.5
      vertex -1.8132 58.3176 12.7
      vertex -1.94454 58.1945 12.7
    endloop
  endfacet
  facet normal 0.683849 -0.729624 0
    outer loop
      vertex -1.8132 58.3176 12.7
      vertex -1.94454 58.1945 4.5
      vertex -1.8132 58.3176 4.5
    endloop
  endfacet
  facet normal -0.032786 0.999462 0
    outer loop
      vertex 0.179858 53.5059 4.5
      vertex 0 53.5 12.7
      vertex 0.179858 53.5059 12.7
    endloop
  endfacet
  facet normal -0.032786 0.999462 0
    outer loop
      vertex 0 53.5 12.7
      vertex 0.179858 53.5059 4.5
      vertex 0 53.5 4.5
    endloop
  endfacet
  facet normal 0.956935 -0.290304 0
    outer loop
      vertex -2.6563 56.9618 12.7
      vertex -2.60406 57.134 4.5
      vertex -2.60406 57.134 12.7
    endloop
  endfacet
  facet normal 0.956935 -0.290304 0
    outer loop
      vertex -2.60406 57.134 4.5
      vertex -2.6563 56.9618 12.7
      vertex -2.6563 56.9618 4.5
    endloop
  endfacet
  facet normal 0.910847 0.412743 0
    outer loop
      vertex -2.4664 55.0337 12.7
      vertex -2.54067 55.1976 4.5
      vertex -2.54067 55.1976 12.7
    endloop
  endfacet
  facet normal 0.910847 0.412743 0
    outer loop
      vertex -2.54067 55.1976 4.5
      vertex -2.4664 55.0337 12.7
      vertex -2.4664 55.0337 4.5
    endloop
  endfacet
  facet normal -0.097804 0.995206 0
    outer loop
      vertex 0.358947 53.5235 4.5
      vertex 0.179858 53.5059 12.7
      vertex 0.358947 53.5235 12.7
    endloop
  endfacet
  facet normal -0.097804 0.995206 0
    outer loop
      vertex 0.179858 53.5059 12.7
      vertex 0.358947 53.5235 4.5
      vertex 0.179858 53.5059 4.5
    endloop
  endfacet
  facet normal -0.999464 0.0327229 0
    outer loop
      vertex 2.74411 56.0701 4.5
      vertex 2.75 56.25 12.7
      vertex 2.75 56.25 4.5
    endloop
  endfacet
  facet normal -0.999464 0.0327229 0
    outer loop
      vertex 2.75 56.25 12.7
      vertex 2.74411 56.0701 4.5
      vertex 2.74411 56.0701 12.7
    endloop
  endfacet
  facet normal 0.352301 -0.935887 0
    outer loop
      vertex -1.05238 58.7907 4.5
      vertex -0.883958 58.8541 12.7
      vertex -1.05238 58.7907 12.7
    endloop
  endfacet
  facet normal 0.352301 -0.935887 0
    outer loop
      vertex -0.883958 58.8541 12.7
      vertex -1.05238 58.7907 4.5
      vertex -0.883958 58.8541 4.5
    endloop
  endfacet
  facet normal 0.773001 -0.634405 0
    outer loop
      vertex -2.18172 57.9241 12.7
      vertex -2.06756 58.0632 4.5
      vertex -2.06756 58.0632 12.7
    endloop
  endfacet
  facet normal 0.773001 -0.634405 0
    outer loop
      vertex -2.06756 58.0632 4.5
      vertex -2.18172 57.9241 12.7
      vertex -2.18172 57.9241 4.5
    endloop
  endfacet
  facet normal -0.84917 -0.528119 0
    outer loop
      vertex 2.38157 57.625 4.5
      vertex 2.28654 57.7778 12.7
      vertex 2.28654 57.7778 4.5
    endloop
  endfacet
  facet normal -0.84917 -0.528119 0
    outer loop
      vertex 2.28654 57.7778 12.7
      vertex 2.38157 57.625 4.5
      vertex 2.38157 57.625 12.7
    endloop
  endfacet
  facet normal 0.812892 -0.582415 0
    outer loop
      vertex -2.28654 57.7778 12.7
      vertex -2.18172 57.9241 4.5
      vertex -2.18172 57.9241 12.7
    endloop
  endfacet
  facet normal 0.812892 -0.582415 0
    outer loop
      vertex -2.18172 57.9241 4.5
      vertex -2.28654 57.7778 12.7
      vertex -2.28654 57.7778 4.5
    endloop
  endfacet
  facet normal -0.032786 -0.999462 0
    outer loop
      vertex 0 59 4.5
      vertex 0.179858 58.9941 12.7
      vertex 0 59 12.7
    endloop
  endfacet
  facet normal -0.032786 -0.999462 -0
    outer loop
      vertex 0.179858 58.9941 12.7
      vertex 0 59 4.5
      vertex 0.179858 58.9941 4.5
    endloop
  endfacet
  facet normal -0.227269 0.973832 0
    outer loop
      vertex 0.711752 53.5937 4.5
      vertex 0.536498 53.5528 12.7
      vertex 0.711752 53.5937 12.7
    endloop
  endfacet
  facet normal -0.227269 0.973832 0
    outer loop
      vertex 0.536498 53.5528 12.7
      vertex 0.711752 53.5937 4.5
      vertex 0.536498 53.5528 4.5
    endloop
  endfacet
  facet normal -0.58242 -0.812888 0
    outer loop
      vertex 1.52782 58.5365 4.5
      vertex 1.67409 58.4317 12.7
      vertex 1.52782 58.5365 12.7
    endloop
  endfacet
  facet normal -0.58242 -0.812888 -0
    outer loop
      vertex 1.67409 58.4317 12.7
      vertex 1.52782 58.5365 4.5
      vertex 1.67409 58.4317 4.5
    endloop
  endfacet
  facet normal -0.973894 0.227001 0
    outer loop
      vertex 2.6563 55.5382 4.5
      vertex 2.69716 55.7135 12.7
      vertex 2.69716 55.7135 4.5
    endloop
  endfacet
  facet normal -0.973894 0.227001 0
    outer loop
      vertex 2.69716 55.7135 12.7
      vertex 2.6563 55.5382 4.5
      vertex 2.6563 55.5382 12.7
    endloop
  endfacet
  facet normal -0.634179 -0.773187 0
    outer loop
      vertex 1.67409 58.4317 4.5
      vertex 1.8132 58.3176 12.7
      vertex 1.67409 58.4317 12.7
    endloop
  endfacet
  facet normal -0.634179 -0.773187 -0
    outer loop
      vertex 1.8132 58.3176 12.7
      vertex 1.67409 58.4317 4.5
      vertex 1.8132 58.3176 4.5
    endloop
  endfacet
  facet normal -0.973894 -0.227001 0
    outer loop
      vertex 2.69716 56.7865 4.5
      vertex 2.6563 56.9618 12.7
      vertex 2.6563 56.9618 4.5
    endloop
  endfacet
  facet normal -0.973894 -0.227001 0
    outer loop
      vertex 2.6563 56.9618 12.7
      vertex 2.69716 56.7865 4.5
      vertex 2.69716 56.7865 12.7
    endloop
  endfacet
  facet normal 0.729742 0.683723 0
    outer loop
      vertex -1.94454 54.3055 12.7
      vertex -2.06756 54.4368 4.5
      vertex -2.06756 54.4368 12.7
    endloop
  endfacet
  facet normal 0.729742 0.683723 0
    outer loop
      vertex -2.06756 54.4368 4.5
      vertex -1.94454 54.3055 12.7
      vertex -1.94454 54.3055 4.5
    endloop
  endfacet
  facet normal 0.773001 0.634405 0
    outer loop
      vertex -2.06756 54.4368 12.7
      vertex -2.18172 54.5759 4.5
      vertex -2.18172 54.5759 12.7
    endloop
  endfacet
  facet normal 0.773001 0.634405 0
    outer loop
      vertex -2.18172 54.5759 4.5
      vertex -2.06756 54.4368 12.7
      vertex -2.06756 54.4368 4.5
    endloop
  endfacet
  facet normal -0.683849 0.729624 0
    outer loop
      vertex 1.94454 54.3055 4.5
      vertex 1.8132 54.1824 12.7
      vertex 1.94454 54.3055 12.7
    endloop
  endfacet
  facet normal -0.683849 0.729624 0
    outer loop
      vertex 1.8132 54.1824 12.7
      vertex 1.94454 54.3055 4.5
      vertex 1.8132 54.1824 4.5
    endloop
  endfacet
  facet normal -0.910847 -0.412743 0
    outer loop
      vertex 2.54067 57.3024 4.5
      vertex 2.4664 57.4663 12.7
      vertex 2.4664 57.4663 4.5
    endloop
  endfacet
  facet normal -0.910847 -0.412743 0
    outer loop
      vertex 2.4664 57.4663 12.7
      vertex 2.54067 57.3024 4.5
      vertex 2.54067 57.3024 12.7
    endloop
  endfacet
  facet normal -0.812892 0.582415 0
    outer loop
      vertex 2.18172 54.5759 4.5
      vertex 2.28654 54.7222 12.7
      vertex 2.28654 54.7222 4.5
    endloop
  endfacet
  facet normal -0.812892 0.582415 0
    outer loop
      vertex 2.28654 54.7222 12.7
      vertex 2.18172 54.5759 4.5
      vertex 2.18172 54.5759 12.7
    endloop
  endfacet
  facet normal 0.84917 -0.528119 0
    outer loop
      vertex -2.38157 57.625 12.7
      vertex -2.28654 57.7778 4.5
      vertex -2.28654 57.7778 12.7
    endloop
  endfacet
  facet normal 0.84917 -0.528119 0
    outer loop
      vertex -2.28654 57.7778 4.5
      vertex -2.38157 57.625 12.7
      vertex -2.38157 57.625 4.5
    endloop
  endfacet
  facet normal 0.162821 -0.986656 0
    outer loop
      vertex -0.536498 58.9472 4.5
      vertex -0.358947 58.9765 12.7
      vertex -0.536498 58.9472 12.7
    endloop
  endfacet
  facet normal 0.162821 -0.986656 0
    outer loop
      vertex -0.358947 58.9765 12.7
      vertex -0.536498 58.9472 4.5
      vertex -0.358947 58.9765 4.5
    endloop
  endfacet
  facet normal -0.227269 -0.973832 0
    outer loop
      vertex 0.536498 58.9472 4.5
      vertex 0.711752 58.9063 12.7
      vertex 0.536498 58.9472 12.7
    endloop
  endfacet
  facet normal -0.227269 -0.973832 -0
    outer loop
      vertex 0.711752 58.9063 12.7
      vertex 0.536498 58.9472 4.5
      vertex 0.711752 58.9063 4.5
    endloop
  endfacet
  facet normal -0.956935 0.290304 0
    outer loop
      vertex 2.60406 55.366 4.5
      vertex 2.6563 55.5382 12.7
      vertex 2.6563 55.5382 4.5
    endloop
  endfacet
  facet normal -0.956935 0.290304 0
    outer loop
      vertex 2.6563 55.5382 12.7
      vertex 2.60406 55.366 4.5
      vertex 2.60406 55.366 12.7
    endloop
  endfacet
  facet normal 0.227269 0.973832 -0
    outer loop
      vertex -0.536498 53.5528 4.5
      vertex -0.711752 53.5937 12.7
      vertex -0.536498 53.5528 12.7
    endloop
  endfacet
  facet normal 0.227269 0.973832 0
    outer loop
      vertex -0.711752 53.5937 12.7
      vertex -0.536498 53.5528 4.5
      vertex -0.711752 53.5937 4.5
    endloop
  endfacet
  facet normal -0.773001 0.634405 0
    outer loop
      vertex 2.06756 54.4368 4.5
      vertex 2.18172 54.5759 12.7
      vertex 2.18172 54.5759 4.5
    endloop
  endfacet
  facet normal -0.773001 0.634405 0
    outer loop
      vertex 2.18172 54.5759 12.7
      vertex 2.06756 54.4368 4.5
      vertex 2.06756 54.4368 12.7
    endloop
  endfacet
  facet normal -0.52835 0.849027 0
    outer loop
      vertex 1.52782 53.9635 4.5
      vertex 1.375 53.8684 12.7
      vertex 1.52782 53.9635 12.7
    endloop
  endfacet
  facet normal -0.52835 0.849027 0
    outer loop
      vertex 1.375 53.8684 12.7
      vertex 1.52782 53.9635 4.5
      vertex 1.375 53.8684 4.5
    endloop
  endfacet
  facet normal -0.471257 -0.881996 0
    outer loop
      vertex 1.21629 58.7164 4.5
      vertex 1.375 58.6316 12.7
      vertex 1.21629 58.7164 12.7
    endloop
  endfacet
  facet normal -0.471257 -0.881996 -0
    outer loop
      vertex 1.375 58.6316 12.7
      vertex 1.21629 58.7164 4.5
      vertex 1.375 58.6316 4.5
    endloop
  endfacet
  facet normal -0.58242 0.812888 0
    outer loop
      vertex 1.67409 54.0683 4.5
      vertex 1.52782 53.9635 12.7
      vertex 1.67409 54.0683 12.7
    endloop
  endfacet
  facet normal -0.58242 0.812888 0
    outer loop
      vertex 1.52782 53.9635 12.7
      vertex 1.67409 54.0683 4.5
      vertex 1.52782 53.9635 4.5
    endloop
  endfacet
  facet normal -0.881914 -0.47141 0
    outer loop
      vertex 2.4664 57.4663 4.5
      vertex 2.38157 57.625 12.7
      vertex 2.38157 57.625 4.5
    endloop
  endfacet
  facet normal -0.881914 -0.47141 0
    outer loop
      vertex 2.38157 57.625 12.7
      vertex 2.4664 57.4663 4.5
      vertex 2.4664 57.4663 12.7
    endloop
  endfacet
  facet normal -0.097804 -0.995206 0
    outer loop
      vertex 0.179858 58.9941 4.5
      vertex 0.358947 58.9765 12.7
      vertex 0.179858 58.9941 12.7
    endloop
  endfacet
  facet normal -0.097804 -0.995206 -0
    outer loop
      vertex 0.358947 58.9765 12.7
      vertex 0.179858 58.9941 4.5
      vertex 0.358947 58.9765 4.5
    endloop
  endfacet
  facet normal -0.773001 -0.634405 0
    outer loop
      vertex 2.18172 57.9241 4.5
      vertex 2.06756 58.0632 12.7
      vertex 2.06756 58.0632 4.5
    endloop
  endfacet
  facet normal -0.773001 -0.634405 0
    outer loop
      vertex 2.06756 58.0632 12.7
      vertex 2.18172 57.9241 4.5
      vertex 2.18172 57.9241 12.7
    endloop
  endfacet
  facet normal -0.84917 0.528119 0
    outer loop
      vertex 2.28654 54.7222 4.5
      vertex 2.38157 54.875 12.7
      vertex 2.38157 54.875 4.5
    endloop
  endfacet
  facet normal -0.84917 0.528119 0
    outer loop
      vertex 2.38157 54.875 12.7
      vertex 2.28654 54.7222 4.5
      vertex 2.28654 54.7222 12.7
    endloop
  endfacet
  facet normal -0.290091 0.956999 0
    outer loop
      vertex 0.883958 53.6459 4.5
      vertex 0.711752 53.5937 12.7
      vertex 0.883958 53.6459 12.7
    endloop
  endfacet
  facet normal -0.290091 0.956999 0
    outer loop
      vertex 0.711752 53.5937 12.7
      vertex 0.883958 53.6459 4.5
      vertex 0.711752 53.5937 4.5
    endloop
  endfacet
  facet normal -0.52835 -0.849027 0
    outer loop
      vertex 1.375 58.6316 4.5
      vertex 1.52782 58.5365 12.7
      vertex 1.375 58.6316 12.7
    endloop
  endfacet
  facet normal -0.52835 -0.849027 -0
    outer loop
      vertex 1.52782 58.5365 12.7
      vertex 1.375 58.6316 4.5
      vertex 1.52782 58.5365 4.5
    endloop
  endfacet
  facet normal -0.812892 -0.582415 0
    outer loop
      vertex 2.28654 57.7778 4.5
      vertex 2.18172 57.9241 12.7
      vertex 2.18172 57.9241 4.5
    endloop
  endfacet
  facet normal -0.812892 -0.582415 0
    outer loop
      vertex 2.18172 57.9241 12.7
      vertex 2.28654 57.7778 4.5
      vertex 2.28654 57.7778 12.7
    endloop
  endfacet
  facet normal -0.995179 0.0980724 0
    outer loop
      vertex 2.72647 55.8911 4.5
      vertex 2.74411 56.0701 12.7
      vertex 2.74411 56.0701 4.5
    endloop
  endfacet
  facet normal -0.995179 0.0980724 0
    outer loop
      vertex 2.74411 56.0701 12.7
      vertex 2.72647 55.8911 4.5
      vertex 2.72647 55.8911 12.7
    endloop
  endfacet
  facet normal 0.58242 0.812888 -0
    outer loop
      vertex -1.52782 53.9635 4.5
      vertex -1.67409 54.0683 12.7
      vertex -1.52782 53.9635 12.7
    endloop
  endfacet
  facet normal 0.58242 0.812888 0
    outer loop
      vertex -1.67409 54.0683 12.7
      vertex -1.52782 53.9635 4.5
      vertex -1.67409 54.0683 4.5
    endloop
  endfacet
  facet normal 0.93589 -0.352293 0
    outer loop
      vertex -2.60406 57.134 12.7
      vertex -2.54067 57.3024 4.5
      vertex -2.54067 57.3024 12.7
    endloop
  endfacet
  facet normal 0.93589 -0.352293 0
    outer loop
      vertex -2.54067 57.3024 4.5
      vertex -2.60406 57.134 12.7
      vertex -2.60406 57.134 4.5
    endloop
  endfacet
  facet normal -0.956935 -0.290304 0
    outer loop
      vertex 2.6563 56.9618 4.5
      vertex 2.60406 57.134 12.7
      vertex 2.60406 57.134 4.5
    endloop
  endfacet
  facet normal -0.956935 -0.290304 0
    outer loop
      vertex 2.60406 57.134 12.7
      vertex 2.6563 56.9618 4.5
      vertex 2.6563 56.9618 12.7
    endloop
  endfacet
  facet normal 0.471257 -0.881996 0
    outer loop
      vertex -1.375 58.6316 4.5
      vertex -1.21629 58.7164 12.7
      vertex -1.375 58.6316 12.7
    endloop
  endfacet
  facet normal 0.471257 -0.881996 0
    outer loop
      vertex -1.21629 58.7164 12.7
      vertex -1.375 58.6316 4.5
      vertex -1.21629 58.7164 4.5
    endloop
  endfacet
  facet normal -0.412861 0.910794 0
    outer loop
      vertex 1.21629 53.7836 4.5
      vertex 1.05238 53.7093 12.7
      vertex 1.21629 53.7836 12.7
    endloop
  endfacet
  facet normal -0.412861 0.910794 0
    outer loop
      vertex 1.05238 53.7093 12.7
      vertex 1.21629 53.7836 4.5
      vertex 1.05238 53.7093 4.5
    endloop
  endfacet
  facet normal 0.84917 0.528119 0
    outer loop
      vertex -2.28654 54.7222 12.7
      vertex -2.38157 54.875 4.5
      vertex -2.38157 54.875 12.7
    endloop
  endfacet
  facet normal 0.84917 0.528119 0
    outer loop
      vertex -2.38157 54.875 4.5
      vertex -2.28654 54.7222 12.7
      vertex -2.28654 54.7222 4.5
    endloop
  endfacet
  facet normal 0.986654 0.162831 0
    outer loop
      vertex -2.69716 55.7135 12.7
      vertex -2.72647 55.8911 4.5
      vertex -2.72647 55.8911 12.7
    endloop
  endfacet
  facet normal 0.986654 0.162831 0
    outer loop
      vertex -2.72647 55.8911 4.5
      vertex -2.69716 55.7135 12.7
      vertex -2.69716 55.7135 4.5
    endloop
  endfacet
  facet normal 0.032786 0.999462 -0
    outer loop
      vertex 0 53.5 4.5
      vertex -0.179858 53.5059 12.7
      vertex 0 53.5 12.7
    endloop
  endfacet
  facet normal 0.032786 0.999462 0
    outer loop
      vertex -0.179858 53.5059 12.7
      vertex 0 53.5 4.5
      vertex -0.179858 53.5059 4.5
    endloop
  endfacet
  facet normal 0.227269 -0.973832 0
    outer loop
      vertex -0.711752 58.9063 4.5
      vertex -0.536498 58.9472 12.7
      vertex -0.711752 58.9063 12.7
    endloop
  endfacet
  facet normal 0.227269 -0.973832 0
    outer loop
      vertex -0.536498 58.9472 12.7
      vertex -0.711752 58.9063 4.5
      vertex -0.536498 58.9472 4.5
    endloop
  endfacet
  facet normal -0.290091 -0.956999 0
    outer loop
      vertex 0.711752 58.9063 4.5
      vertex 0.883958 58.8541 12.7
      vertex 0.711752 58.9063 12.7
    endloop
  endfacet
  facet normal -0.290091 -0.956999 -0
    outer loop
      vertex 0.883958 58.8541 12.7
      vertex 0.711752 58.9063 4.5
      vertex 0.883958 58.8541 4.5
    endloop
  endfacet
  facet normal 0.973894 0.227001 0
    outer loop
      vertex -2.6563 55.5382 12.7
      vertex -2.69716 55.7135 4.5
      vertex -2.69716 55.7135 12.7
    endloop
  endfacet
  facet normal 0.973894 0.227001 0
    outer loop
      vertex -2.69716 55.7135 4.5
      vertex -2.6563 55.5382 12.7
      vertex -2.6563 55.5382 4.5
    endloop
  endfacet
  facet normal -0.881914 0.47141 0
    outer loop
      vertex 2.38157 54.875 4.5
      vertex 2.4664 55.0337 12.7
      vertex 2.4664 55.0337 4.5
    endloop
  endfacet
  facet normal -0.881914 0.47141 0
    outer loop
      vertex 2.4664 55.0337 12.7
      vertex 2.38157 54.875 4.5
      vertex 2.38157 54.875 12.7
    endloop
  endfacet
  facet normal -0.412861 -0.910794 0
    outer loop
      vertex 1.05238 58.7907 4.5
      vertex 1.21629 58.7164 12.7
      vertex 1.05238 58.7907 12.7
    endloop
  endfacet
  facet normal -0.412861 -0.910794 -0
    outer loop
      vertex 1.21629 58.7164 12.7
      vertex 1.05238 58.7907 4.5
      vertex 1.21629 58.7164 4.5
    endloop
  endfacet
  facet normal 0.995179 0.0980724 0
    outer loop
      vertex -2.72647 55.8911 12.7
      vertex -2.74411 56.0701 4.5
      vertex -2.74411 56.0701 12.7
    endloop
  endfacet
  facet normal 0.995179 0.0980724 0
    outer loop
      vertex -2.74411 56.0701 4.5
      vertex -2.72647 55.8911 12.7
      vertex -2.72647 55.8911 4.5
    endloop
  endfacet
  facet normal 0.097804 -0.995206 0
    outer loop
      vertex -0.358947 58.9765 4.5
      vertex -0.179858 58.9941 12.7
      vertex -0.358947 58.9765 12.7
    endloop
  endfacet
  facet normal 0.097804 -0.995206 0
    outer loop
      vertex -0.179858 58.9941 12.7
      vertex -0.358947 58.9765 4.5
      vertex -0.179858 58.9941 4.5
    endloop
  endfacet
  facet normal 0.881914 -0.47141 0
    outer loop
      vertex -2.4664 57.4663 12.7
      vertex -2.38157 57.625 4.5
      vertex -2.38157 57.625 12.7
    endloop
  endfacet
  facet normal 0.881914 -0.47141 0
    outer loop
      vertex -2.38157 57.625 4.5
      vertex -2.4664 57.4663 12.7
      vertex -2.4664 57.4663 4.5
    endloop
  endfacet
  facet normal 0.52835 0.849027 -0
    outer loop
      vertex -1.375 53.8684 4.5
      vertex -1.52782 53.9635 12.7
      vertex -1.375 53.8684 12.7
    endloop
  endfacet
  facet normal 0.52835 0.849027 0
    outer loop
      vertex -1.52782 53.9635 12.7
      vertex -1.375 53.8684 4.5
      vertex -1.52782 53.9635 4.5
    endloop
  endfacet
  facet normal 0.973894 -0.227001 0
    outer loop
      vertex -2.69716 56.7865 12.7
      vertex -2.6563 56.9618 4.5
      vertex -2.6563 56.9618 12.7
    endloop
  endfacet
  facet normal 0.973894 -0.227001 0
    outer loop
      vertex -2.6563 56.9618 4.5
      vertex -2.69716 56.7865 12.7
      vertex -2.69716 56.7865 4.5
    endloop
  endfacet
  facet normal -0.93589 0.352293 0
    outer loop
      vertex 2.54067 55.1976 4.5
      vertex 2.60406 55.366 12.7
      vertex 2.60406 55.366 4.5
    endloop
  endfacet
  facet normal -0.93589 0.352293 0
    outer loop
      vertex 2.60406 55.366 12.7
      vertex 2.54067 55.1976 4.5
      vertex 2.54067 55.1976 12.7
    endloop
  endfacet
  facet normal -0.352301 0.935887 0
    outer loop
      vertex 1.05238 53.7093 4.5
      vertex 0.883958 53.6459 12.7
      vertex 1.05238 53.7093 12.7
    endloop
  endfacet
  facet normal -0.352301 0.935887 0
    outer loop
      vertex 0.883958 53.6459 12.7
      vertex 1.05238 53.7093 4.5
      vertex 0.883958 53.6459 4.5
    endloop
  endfacet
  facet normal 0.162821 0.986656 -0
    outer loop
      vertex -0.358947 53.5235 4.5
      vertex -0.536498 53.5528 12.7
      vertex -0.358947 53.5235 12.7
    endloop
  endfacet
  facet normal 0.162821 0.986656 0
    outer loop
      vertex -0.536498 53.5528 12.7
      vertex -0.358947 53.5235 4.5
      vertex -0.536498 53.5528 4.5
    endloop
  endfacet
  facet normal -0.683849 -0.729624 0
    outer loop
      vertex 1.8132 58.3176 4.5
      vertex 1.94454 58.1945 12.7
      vertex 1.8132 58.3176 12.7
    endloop
  endfacet
  facet normal -0.683849 -0.729624 -0
    outer loop
      vertex 1.94454 58.1945 12.7
      vertex 1.8132 58.3176 4.5
      vertex 1.94454 58.1945 4.5
    endloop
  endfacet
  facet normal 0.995179 -0.0980724 0
    outer loop
      vertex -2.74411 56.4299 12.7
      vertex -2.72647 56.6089 4.5
      vertex -2.72647 56.6089 12.7
    endloop
  endfacet
  facet normal 0.995179 -0.0980724 0
    outer loop
      vertex -2.72647 56.6089 4.5
      vertex -2.74411 56.4299 12.7
      vertex -2.74411 56.4299 4.5
    endloop
  endfacet
  facet normal 0.986654 -0.162831 0
    outer loop
      vertex -2.72647 56.6089 12.7
      vertex -2.69716 56.7865 4.5
      vertex -2.69716 56.7865 12.7
    endloop
  endfacet
  facet normal 0.986654 -0.162831 0
    outer loop
      vertex -2.69716 56.7865 4.5
      vertex -2.72647 56.6089 12.7
      vertex -2.72647 56.6089 4.5
    endloop
  endfacet
  facet normal 0.999464 -0.0327229 0
    outer loop
      vertex -2.75 56.25 12.7
      vertex -2.74411 56.4299 4.5
      vertex -2.74411 56.4299 12.7
    endloop
  endfacet
  facet normal 0.999464 -0.0327229 0
    outer loop
      vertex -2.74411 56.4299 4.5
      vertex -2.75 56.25 12.7
      vertex -2.75 56.25 4.5
    endloop
  endfacet
  facet normal -0.93589 -0.352293 0
    outer loop
      vertex 2.60406 57.134 4.5
      vertex 2.54067 57.3024 12.7
      vertex 2.54067 57.3024 4.5
    endloop
  endfacet
  facet normal -0.93589 -0.352293 0
    outer loop
      vertex 2.54067 57.3024 12.7
      vertex 2.60406 57.134 4.5
      vertex 2.60406 57.134 12.7
    endloop
  endfacet
  facet normal 0.290091 0.956999 -0
    outer loop
      vertex -0.711752 53.5937 4.5
      vertex -0.883958 53.6459 12.7
      vertex -0.711752 53.5937 12.7
    endloop
  endfacet
  facet normal 0.290091 0.956999 0
    outer loop
      vertex -0.883958 53.6459 12.7
      vertex -0.711752 53.5937 4.5
      vertex -0.883958 53.6459 4.5
    endloop
  endfacet
  facet normal -0.986654 -0.162831 0
    outer loop
      vertex 2.72647 56.6089 4.5
      vertex 2.69716 56.7865 12.7
      vertex 2.69716 56.7865 4.5
    endloop
  endfacet
  facet normal -0.986654 -0.162831 0
    outer loop
      vertex 2.69716 56.7865 12.7
      vertex 2.72647 56.6089 4.5
      vertex 2.72647 56.6089 12.7
    endloop
  endfacet
  facet normal -0.729742 -0.683723 0
    outer loop
      vertex 2.06756 58.0632 4.5
      vertex 1.94454 58.1945 12.7
      vertex 1.94454 58.1945 4.5
    endloop
  endfacet
  facet normal -0.729742 -0.683723 0
    outer loop
      vertex 1.94454 58.1945 12.7
      vertex 2.06756 58.0632 4.5
      vertex 2.06756 58.0632 12.7
    endloop
  endfacet
  facet normal 0.032786 -0.999462 0
    outer loop
      vertex -0.179858 58.9941 4.5
      vertex 0 59 12.7
      vertex -0.179858 58.9941 12.7
    endloop
  endfacet
  facet normal 0.032786 -0.999462 0
    outer loop
      vertex 0 59 12.7
      vertex -0.179858 58.9941 4.5
      vertex 0 59 4.5
    endloop
  endfacet
  facet normal 0.290091 -0.956999 0
    outer loop
      vertex -0.883958 58.8541 4.5
      vertex -0.711752 58.9063 12.7
      vertex -0.883958 58.8541 12.7
    endloop
  endfacet
  facet normal 0.290091 -0.956999 0
    outer loop
      vertex -0.711752 58.9063 12.7
      vertex -0.883958 58.8541 4.5
      vertex -0.711752 58.9063 4.5
    endloop
  endfacet
  facet normal 0.52835 -0.849027 0
    outer loop
      vertex -1.52782 58.5365 4.5
      vertex -1.375 58.6316 12.7
      vertex -1.52782 58.5365 12.7
    endloop
  endfacet
  facet normal 0.52835 -0.849027 0
    outer loop
      vertex -1.375 58.6316 12.7
      vertex -1.52782 58.5365 4.5
      vertex -1.375 58.6316 4.5
    endloop
  endfacet
  facet normal -0.162821 0.986656 0
    outer loop
      vertex 0.536498 53.5528 4.5
      vertex 0.358947 53.5235 12.7
      vertex 0.536498 53.5528 12.7
    endloop
  endfacet
  facet normal -0.162821 0.986656 0
    outer loop
      vertex 0.358947 53.5235 12.7
      vertex 0.536498 53.5528 4.5
      vertex 0.358947 53.5235 4.5
    endloop
  endfacet
  facet normal 0.881914 0.47141 0
    outer loop
      vertex -2.38157 54.875 12.7
      vertex -2.4664 55.0337 4.5
      vertex -2.4664 55.0337 12.7
    endloop
  endfacet
  facet normal 0.881914 0.47141 0
    outer loop
      vertex -2.4664 55.0337 4.5
      vertex -2.38157 54.875 12.7
      vertex -2.38157 54.875 4.5
    endloop
  endfacet
  facet normal -0.634179 0.773187 0
    outer loop
      vertex 1.8132 54.1824 4.5
      vertex 1.67409 54.0683 12.7
      vertex 1.8132 54.1824 12.7
    endloop
  endfacet
  facet normal -0.634179 0.773187 0
    outer loop
      vertex 1.67409 54.0683 12.7
      vertex 1.8132 54.1824 4.5
      vertex 1.67409 54.0683 4.5
    endloop
  endfacet
  facet normal 0.097804 0.995206 -0
    outer loop
      vertex -0.179858 53.5059 4.5
      vertex -0.358947 53.5235 12.7
      vertex -0.179858 53.5059 12.7
    endloop
  endfacet
  facet normal 0.097804 0.995206 0
    outer loop
      vertex -0.358947 53.5235 12.7
      vertex -0.179858 53.5059 4.5
      vertex -0.358947 53.5235 4.5
    endloop
  endfacet
  facet normal 0.412861 -0.910794 0
    outer loop
      vertex -1.21629 58.7164 4.5
      vertex -1.05238 58.7907 12.7
      vertex -1.21629 58.7164 12.7
    endloop
  endfacet
  facet normal 0.412861 -0.910794 0
    outer loop
      vertex -1.05238 58.7907 12.7
      vertex -1.21629 58.7164 4.5
      vertex -1.05238 58.7907 4.5
    endloop
  endfacet
  facet normal 0.352301 0.935887 -0
    outer loop
      vertex -0.883958 53.6459 4.5
      vertex -1.05238 53.7093 12.7
      vertex -0.883958 53.6459 12.7
    endloop
  endfacet
  facet normal 0.352301 0.935887 0
    outer loop
      vertex -1.05238 53.7093 12.7
      vertex -0.883958 53.6459 4.5
      vertex -1.05238 53.7093 4.5
    endloop
  endfacet
  facet normal 0.683849 0.729624 -0
    outer loop
      vertex -1.8132 54.1824 4.5
      vertex -1.94454 54.3055 12.7
      vertex -1.8132 54.1824 12.7
    endloop
  endfacet
  facet normal 0.683849 0.729624 0
    outer loop
      vertex -1.94454 54.3055 12.7
      vertex -1.8132 54.1824 4.5
      vertex -1.94454 54.3055 4.5
    endloop
  endfacet
  facet normal 0.634179 0.773187 -0
    outer loop
      vertex -1.67409 54.0683 4.5
      vertex -1.8132 54.1824 12.7
      vertex -1.67409 54.0683 12.7
    endloop
  endfacet
  facet normal 0.634179 0.773187 0
    outer loop
      vertex -1.8132 54.1824 12.7
      vertex -1.67409 54.0683 4.5
      vertex -1.8132 54.1824 4.5
    endloop
  endfacet
  facet normal -0.352301 -0.935887 0
    outer loop
      vertex 0.883958 58.8541 4.5
      vertex 1.05238 58.7907 12.7
      vertex 0.883958 58.8541 12.7
    endloop
  endfacet
  facet normal -0.352301 -0.935887 -0
    outer loop
      vertex 1.05238 58.7907 12.7
      vertex 0.883958 58.8541 4.5
      vertex 1.05238 58.7907 4.5
    endloop
  endfacet
  facet normal -0.910847 0.412743 0
    outer loop
      vertex 2.4664 55.0337 4.5
      vertex 2.54067 55.1976 12.7
      vertex 2.54067 55.1976 4.5
    endloop
  endfacet
  facet normal -0.910847 0.412743 0
    outer loop
      vertex 2.54067 55.1976 12.7
      vertex 2.4664 55.0337 4.5
      vertex 2.4664 55.0337 12.7
    endloop
  endfacet
  facet normal -0.986654 0.162831 0
    outer loop
      vertex 2.69716 55.7135 4.5
      vertex 2.72647 55.8911 12.7
      vertex 2.72647 55.8911 4.5
    endloop
  endfacet
  facet normal -0.986654 0.162831 0
    outer loop
      vertex 2.72647 55.8911 12.7
      vertex 2.69716 55.7135 4.5
      vertex 2.69716 55.7135 12.7
    endloop
  endfacet
  facet normal -0.729742 0.683723 0
    outer loop
      vertex 1.94454 54.3055 4.5
      vertex 2.06756 54.4368 12.7
      vertex 2.06756 54.4368 4.5
    endloop
  endfacet
  facet normal -0.729742 0.683723 0
    outer loop
      vertex 2.06756 54.4368 12.7
      vertex 1.94454 54.3055 4.5
      vertex 1.94454 54.3055 12.7
    endloop
  endfacet
  facet normal 0.634179 -0.773187 0
    outer loop
      vertex -1.8132 58.3176 4.5
      vertex -1.67409 58.4317 12.7
      vertex -1.8132 58.3176 12.7
    endloop
  endfacet
  facet normal 0.634179 -0.773187 0
    outer loop
      vertex -1.67409 58.4317 12.7
      vertex -1.8132 58.3176 4.5
      vertex -1.67409 58.4317 4.5
    endloop
  endfacet
  facet normal 0.58242 -0.812888 0
    outer loop
      vertex -1.67409 58.4317 4.5
      vertex -1.52782 58.5365 12.7
      vertex -1.67409 58.4317 12.7
    endloop
  endfacet
  facet normal 0.58242 -0.812888 0
    outer loop
      vertex -1.52782 58.5365 12.7
      vertex -1.67409 58.4317 4.5
      vertex -1.52782 58.5365 4.5
    endloop
  endfacet
  facet normal 0.812892 0.582415 0
    outer loop
      vertex -2.18172 54.5759 12.7
      vertex -2.28654 54.7222 4.5
      vertex -2.28654 54.7222 12.7
    endloop
  endfacet
  facet normal 0.812892 0.582415 0
    outer loop
      vertex -2.28654 54.7222 4.5
      vertex -2.18172 54.5759 12.7
      vertex -2.18172 54.5759 4.5
    endloop
  endfacet
  facet normal 0.910847 -0.412743 0
    outer loop
      vertex -2.54067 57.3024 12.7
      vertex -2.4664 57.4663 4.5
      vertex -2.4664 57.4663 12.7
    endloop
  endfacet
  facet normal 0.910847 -0.412743 0
    outer loop
      vertex -2.4664 57.4663 4.5
      vertex -2.54067 57.3024 12.7
      vertex -2.54067 57.3024 4.5
    endloop
  endfacet
  facet normal 0.412861 0.910794 -0
    outer loop
      vertex -1.05238 53.7093 4.5
      vertex -1.21629 53.7836 12.7
      vertex -1.05238 53.7093 12.7
    endloop
  endfacet
  facet normal 0.412861 0.910794 0
    outer loop
      vertex -1.21629 53.7836 12.7
      vertex -1.05238 53.7093 4.5
      vertex -1.21629 53.7836 4.5
    endloop
  endfacet
  facet normal 0.471257 0.881996 -0
    outer loop
      vertex -1.21629 53.7836 4.5
      vertex -1.375 53.8684 12.7
      vertex -1.21629 53.7836 12.7
    endloop
  endfacet
  facet normal 0.471257 0.881996 0
    outer loop
      vertex -1.375 53.8684 12.7
      vertex -1.21629 53.7836 4.5
      vertex -1.375 53.8684 4.5
    endloop
  endfacet
  facet normal -0.52835 -0.849027 0
    outer loop
      vertex 1.375 85.5316 4.5
      vertex 1.52782 85.4365 12.7
      vertex 1.375 85.5316 12.7
    endloop
  endfacet
  facet normal -0.52835 -0.849027 -0
    outer loop
      vertex 1.52782 85.4365 12.7
      vertex 1.375 85.5316 4.5
      vertex 1.52782 85.4365 4.5
    endloop
  endfacet
  facet normal -0.995179 -0.0980724 0
    outer loop
      vertex 2.74411 83.3299 4.5
      vertex 2.72647 83.5089 12.7
      vertex 2.72647 83.5089 4.5
    endloop
  endfacet
  facet normal -0.995179 -0.0980724 0
    outer loop
      vertex 2.72647 83.5089 12.7
      vertex 2.74411 83.3299 4.5
      vertex 2.74411 83.3299 12.7
    endloop
  endfacet
  facet normal -0.999464 -0.0327229 0
    outer loop
      vertex 2.75 83.15 4.5
      vertex 2.74411 83.3299 12.7
      vertex 2.74411 83.3299 4.5
    endloop
  endfacet
  facet normal -0.999464 -0.0327229 0
    outer loop
      vertex 2.74411 83.3299 12.7
      vertex 2.75 83.15 4.5
      vertex 2.75 83.15 12.7
    endloop
  endfacet
  facet normal 0.773001 0.634405 0
    outer loop
      vertex -2.06756 81.3368 12.7
      vertex -2.18172 81.4759 4.5
      vertex -2.18172 81.4759 12.7
    endloop
  endfacet
  facet normal 0.773001 0.634405 0
    outer loop
      vertex -2.18172 81.4759 4.5
      vertex -2.06756 81.3368 12.7
      vertex -2.06756 81.3368 4.5
    endloop
  endfacet
  facet normal 0.352301 -0.935887 0
    outer loop
      vertex -1.05238 85.6907 4.5
      vertex -0.883958 85.7541 12.7
      vertex -1.05238 85.6907 12.7
    endloop
  endfacet
  facet normal 0.352301 -0.935887 0
    outer loop
      vertex -0.883958 85.7541 12.7
      vertex -1.05238 85.6907 4.5
      vertex -0.883958 85.7541 4.5
    endloop
  endfacet
  facet normal 0.995179 0.0980724 0
    outer loop
      vertex -2.72647 82.7911 12.7
      vertex -2.74411 82.9701 4.5
      vertex -2.74411 82.9701 12.7
    endloop
  endfacet
  facet normal 0.995179 0.0980724 0
    outer loop
      vertex -2.74411 82.9701 4.5
      vertex -2.72647 82.7911 12.7
      vertex -2.72647 82.7911 4.5
    endloop
  endfacet
  facet normal -0.910847 0.412743 0
    outer loop
      vertex 2.4664 81.9337 4.5
      vertex 2.54067 82.0976 12.7
      vertex 2.54067 82.0976 4.5
    endloop
  endfacet
  facet normal -0.910847 0.412743 0
    outer loop
      vertex 2.54067 82.0976 12.7
      vertex 2.4664 81.9337 4.5
      vertex 2.4664 81.9337 12.7
    endloop
  endfacet
  facet normal 0.032786 -0.999462 0
    outer loop
      vertex -0.179858 85.8941 4.5
      vertex 0 85.9 12.7
      vertex -0.179858 85.8941 12.7
    endloop
  endfacet
  facet normal 0.032786 -0.999462 0
    outer loop
      vertex 0 85.9 12.7
      vertex -0.179858 85.8941 4.5
      vertex 0 85.9 4.5
    endloop
  endfacet
  facet normal -0.352301 0.935887 0
    outer loop
      vertex 1.05238 80.6093 4.5
      vertex 0.883958 80.5459 12.7
      vertex 1.05238 80.6093 12.7
    endloop
  endfacet
  facet normal -0.352301 0.935887 0
    outer loop
      vertex 0.883958 80.5459 12.7
      vertex 1.05238 80.6093 4.5
      vertex 0.883958 80.5459 4.5
    endloop
  endfacet
  facet normal 0.729742 0.683723 0
    outer loop
      vertex -1.94454 81.2055 12.7
      vertex -2.06756 81.3368 4.5
      vertex -2.06756 81.3368 12.7
    endloop
  endfacet
  facet normal 0.729742 0.683723 0
    outer loop
      vertex -2.06756 81.3368 4.5
      vertex -1.94454 81.2055 12.7
      vertex -1.94454 81.2055 4.5
    endloop
  endfacet
  facet normal 0.352301 0.935887 -0
    outer loop
      vertex -0.883958 80.5459 4.5
      vertex -1.05238 80.6093 12.7
      vertex -0.883958 80.5459 12.7
    endloop
  endfacet
  facet normal 0.352301 0.935887 0
    outer loop
      vertex -1.05238 80.6093 12.7
      vertex -0.883958 80.5459 4.5
      vertex -1.05238 80.6093 4.5
    endloop
  endfacet
  facet normal 0.683849 0.729624 -0
    outer loop
      vertex -1.8132 81.0824 4.5
      vertex -1.94454 81.2055 12.7
      vertex -1.8132 81.0824 12.7
    endloop
  endfacet
  facet normal 0.683849 0.729624 0
    outer loop
      vertex -1.94454 81.2055 12.7
      vertex -1.8132 81.0824 4.5
      vertex -1.94454 81.2055 4.5
    endloop
  endfacet
  facet normal 0.471257 -0.881996 0
    outer loop
      vertex -1.375 85.5316 4.5
      vertex -1.21629 85.6164 12.7
      vertex -1.375 85.5316 12.7
    endloop
  endfacet
  facet normal 0.471257 -0.881996 0
    outer loop
      vertex -1.21629 85.6164 12.7
      vertex -1.375 85.5316 4.5
      vertex -1.21629 85.6164 4.5
    endloop
  endfacet
  facet normal -0.812892 -0.582415 0
    outer loop
      vertex 2.28654 84.6778 4.5
      vertex 2.18172 84.8241 12.7
      vertex 2.18172 84.8241 4.5
    endloop
  endfacet
  facet normal -0.812892 -0.582415 0
    outer loop
      vertex 2.18172 84.8241 12.7
      vertex 2.28654 84.6778 4.5
      vertex 2.28654 84.6778 12.7
    endloop
  endfacet
  facet normal 0.84917 -0.528119 0
    outer loop
      vertex -2.38157 84.525 12.7
      vertex -2.28654 84.6778 4.5
      vertex -2.28654 84.6778 12.7
    endloop
  endfacet
  facet normal 0.84917 -0.528119 0
    outer loop
      vertex -2.28654 84.6778 4.5
      vertex -2.38157 84.525 12.7
      vertex -2.38157 84.525 4.5
    endloop
  endfacet
  facet normal -0.58242 -0.812888 0
    outer loop
      vertex 1.52782 85.4365 4.5
      vertex 1.67409 85.3317 12.7
      vertex 1.52782 85.4365 12.7
    endloop
  endfacet
  facet normal -0.58242 -0.812888 -0
    outer loop
      vertex 1.67409 85.3317 12.7
      vertex 1.52782 85.4365 4.5
      vertex 1.67409 85.3317 4.5
    endloop
  endfacet
  facet normal 0.999464 -0.0327229 0
    outer loop
      vertex -2.75 83.15 12.7
      vertex -2.74411 83.3299 4.5
      vertex -2.74411 83.3299 12.7
    endloop
  endfacet
  facet normal 0.999464 -0.0327229 0
    outer loop
      vertex -2.74411 83.3299 4.5
      vertex -2.75 83.15 12.7
      vertex -2.75 83.15 4.5
    endloop
  endfacet
  facet normal -0.773001 0.634405 0
    outer loop
      vertex 2.06756 81.3368 4.5
      vertex 2.18172 81.4759 12.7
      vertex 2.18172 81.4759 4.5
    endloop
  endfacet
  facet normal -0.773001 0.634405 0
    outer loop
      vertex 2.18172 81.4759 12.7
      vertex 2.06756 81.3368 4.5
      vertex 2.06756 81.3368 12.7
    endloop
  endfacet
  facet normal -0.910847 -0.412743 0
    outer loop
      vertex 2.54067 84.2024 4.5
      vertex 2.4664 84.3663 12.7
      vertex 2.4664 84.3663 4.5
    endloop
  endfacet
  facet normal -0.910847 -0.412743 0
    outer loop
      vertex 2.4664 84.3663 12.7
      vertex 2.54067 84.2024 4.5
      vertex 2.54067 84.2024 12.7
    endloop
  endfacet
  facet normal 0.412861 -0.910794 0
    outer loop
      vertex -1.21629 85.6164 4.5
      vertex -1.05238 85.6907 12.7
      vertex -1.21629 85.6164 12.7
    endloop
  endfacet
  facet normal 0.412861 -0.910794 0
    outer loop
      vertex -1.05238 85.6907 12.7
      vertex -1.21629 85.6164 4.5
      vertex -1.05238 85.6907 4.5
    endloop
  endfacet
  facet normal 0.290091 0.956999 -0
    outer loop
      vertex -0.711752 80.4937 4.5
      vertex -0.883958 80.5459 12.7
      vertex -0.711752 80.4937 12.7
    endloop
  endfacet
  facet normal 0.290091 0.956999 0
    outer loop
      vertex -0.883958 80.5459 12.7
      vertex -0.711752 80.4937 4.5
      vertex -0.883958 80.5459 4.5
    endloop
  endfacet
  facet normal -0.999464 0.0327229 0
    outer loop
      vertex 2.74411 82.9701 4.5
      vertex 2.75 83.15 12.7
      vertex 2.75 83.15 4.5
    endloop
  endfacet
  facet normal -0.999464 0.0327229 0
    outer loop
      vertex 2.75 83.15 12.7
      vertex 2.74411 82.9701 4.5
      vertex 2.74411 82.9701 12.7
    endloop
  endfacet
  facet normal -0.956935 -0.290304 0
    outer loop
      vertex 2.6563 83.8618 4.5
      vertex 2.60406 84.034 12.7
      vertex 2.60406 84.034 4.5
    endloop
  endfacet
  facet normal -0.956935 -0.290304 0
    outer loop
      vertex 2.60406 84.034 12.7
      vertex 2.6563 83.8618 4.5
      vertex 2.6563 83.8618 12.7
    endloop
  endfacet
  facet normal 0.84917 0.528119 0
    outer loop
      vertex -2.28654 81.6222 12.7
      vertex -2.38157 81.775 4.5
      vertex -2.38157 81.775 12.7
    endloop
  endfacet
  facet normal 0.84917 0.528119 0
    outer loop
      vertex -2.38157 81.775 4.5
      vertex -2.28654 81.6222 12.7
      vertex -2.28654 81.6222 4.5
    endloop
  endfacet
  facet normal 0.956935 -0.290304 0
    outer loop
      vertex -2.6563 83.8618 12.7
      vertex -2.60406 84.034 4.5
      vertex -2.60406 84.034 12.7
    endloop
  endfacet
  facet normal 0.956935 -0.290304 0
    outer loop
      vertex -2.60406 84.034 4.5
      vertex -2.6563 83.8618 12.7
      vertex -2.6563 83.8618 4.5
    endloop
  endfacet
  facet normal 0.973894 0.227001 0
    outer loop
      vertex -2.6563 82.4382 12.7
      vertex -2.69716 82.6135 4.5
      vertex -2.69716 82.6135 12.7
    endloop
  endfacet
  facet normal 0.973894 0.227001 0
    outer loop
      vertex -2.69716 82.6135 4.5
      vertex -2.6563 82.4382 12.7
      vertex -2.6563 82.4382 4.5
    endloop
  endfacet
  facet normal 0.097804 -0.995206 0
    outer loop
      vertex -0.358947 85.8765 4.5
      vertex -0.179858 85.8941 12.7
      vertex -0.358947 85.8765 12.7
    endloop
  endfacet
  facet normal 0.097804 -0.995206 0
    outer loop
      vertex -0.179858 85.8941 12.7
      vertex -0.358947 85.8765 4.5
      vertex -0.179858 85.8941 4.5
    endloop
  endfacet
  facet normal -0.290091 -0.956999 0
    outer loop
      vertex 0.711752 85.8063 4.5
      vertex 0.883958 85.7541 12.7
      vertex 0.711752 85.8063 12.7
    endloop
  endfacet
  facet normal -0.290091 -0.956999 -0
    outer loop
      vertex 0.883958 85.7541 12.7
      vertex 0.711752 85.8063 4.5
      vertex 0.883958 85.7541 4.5
    endloop
  endfacet
  facet normal 0.634179 -0.773187 0
    outer loop
      vertex -1.8132 85.2176 4.5
      vertex -1.67409 85.3317 12.7
      vertex -1.8132 85.2176 12.7
    endloop
  endfacet
  facet normal 0.634179 -0.773187 0
    outer loop
      vertex -1.67409 85.3317 12.7
      vertex -1.8132 85.2176 4.5
      vertex -1.67409 85.3317 4.5
    endloop
  endfacet
  facet normal -0.352301 -0.935887 0
    outer loop
      vertex 0.883958 85.7541 4.5
      vertex 1.05238 85.6907 12.7
      vertex 0.883958 85.7541 12.7
    endloop
  endfacet
  facet normal -0.352301 -0.935887 -0
    outer loop
      vertex 1.05238 85.6907 12.7
      vertex 0.883958 85.7541 4.5
      vertex 1.05238 85.6907 4.5
    endloop
  endfacet
  facet normal -0.032786 0.999462 0
    outer loop
      vertex 0.179858 80.4059 4.5
      vertex 0 80.4 12.7
      vertex 0.179858 80.4059 12.7
    endloop
  endfacet
  facet normal -0.032786 0.999462 0
    outer loop
      vertex 0 80.4 12.7
      vertex 0.179858 80.4059 4.5
      vertex 0 80.4 4.5
    endloop
  endfacet
  facet normal 0.683849 -0.729624 0
    outer loop
      vertex -1.94454 85.0945 4.5
      vertex -1.8132 85.2176 12.7
      vertex -1.94454 85.0945 12.7
    endloop
  endfacet
  facet normal 0.683849 -0.729624 0
    outer loop
      vertex -1.8132 85.2176 12.7
      vertex -1.94454 85.0945 4.5
      vertex -1.8132 85.2176 4.5
    endloop
  endfacet
  facet normal 0.227269 -0.973832 0
    outer loop
      vertex -0.711752 85.8063 4.5
      vertex -0.536498 85.8472 12.7
      vertex -0.711752 85.8063 12.7
    endloop
  endfacet
  facet normal 0.227269 -0.973832 0
    outer loop
      vertex -0.536498 85.8472 12.7
      vertex -0.711752 85.8063 4.5
      vertex -0.536498 85.8472 4.5
    endloop
  endfacet
  facet normal -0.84917 -0.528119 0
    outer loop
      vertex 2.38157 84.525 4.5
      vertex 2.28654 84.6778 12.7
      vertex 2.28654 84.6778 4.5
    endloop
  endfacet
  facet normal -0.84917 -0.528119 0
    outer loop
      vertex 2.28654 84.6778 12.7
      vertex 2.38157 84.525 4.5
      vertex 2.38157 84.525 12.7
    endloop
  endfacet
  facet normal -0.412861 -0.910794 0
    outer loop
      vertex 1.05238 85.6907 4.5
      vertex 1.21629 85.6164 12.7
      vertex 1.05238 85.6907 12.7
    endloop
  endfacet
  facet normal -0.412861 -0.910794 -0
    outer loop
      vertex 1.21629 85.6164 12.7
      vertex 1.05238 85.6907 4.5
      vertex 1.21629 85.6164 4.5
    endloop
  endfacet
  facet normal -0.52835 0.849027 0
    outer loop
      vertex 1.52782 80.8635 4.5
      vertex 1.375 80.7684 12.7
      vertex 1.52782 80.8635 12.7
    endloop
  endfacet
  facet normal -0.52835 0.849027 0
    outer loop
      vertex 1.375 80.7684 12.7
      vertex 1.52782 80.8635 4.5
      vertex 1.375 80.7684 4.5
    endloop
  endfacet
  facet normal 0.227269 0.973832 -0
    outer loop
      vertex -0.536498 80.4528 4.5
      vertex -0.711752 80.4937 12.7
      vertex -0.536498 80.4528 12.7
    endloop
  endfacet
  facet normal 0.227269 0.973832 0
    outer loop
      vertex -0.711752 80.4937 12.7
      vertex -0.536498 80.4528 4.5
      vertex -0.711752 80.4937 4.5
    endloop
  endfacet
  facet normal -0.032786 -0.999462 0
    outer loop
      vertex 0 85.9 4.5
      vertex 0.179858 85.8941 12.7
      vertex 0 85.9 12.7
    endloop
  endfacet
  facet normal -0.032786 -0.999462 -0
    outer loop
      vertex 0.179858 85.8941 12.7
      vertex 0 85.9 4.5
      vertex 0.179858 85.8941 4.5
    endloop
  endfacet
  facet normal 0.58242 0.812888 -0
    outer loop
      vertex -1.52782 80.8635 4.5
      vertex -1.67409 80.9683 12.7
      vertex -1.52782 80.8635 12.7
    endloop
  endfacet
  facet normal 0.58242 0.812888 0
    outer loop
      vertex -1.67409 80.9683 12.7
      vertex -1.52782 80.8635 4.5
      vertex -1.67409 80.9683 4.5
    endloop
  endfacet
  facet normal -0.634179 -0.773187 0
    outer loop
      vertex 1.67409 85.3317 4.5
      vertex 1.8132 85.2176 12.7
      vertex 1.67409 85.3317 12.7
    endloop
  endfacet
  facet normal -0.634179 -0.773187 -0
    outer loop
      vertex 1.8132 85.2176 12.7
      vertex 1.67409 85.3317 4.5
      vertex 1.8132 85.2176 4.5
    endloop
  endfacet
  facet normal 0.58242 -0.812888 0
    outer loop
      vertex -1.67409 85.3317 4.5
      vertex -1.52782 85.4365 12.7
      vertex -1.67409 85.3317 12.7
    endloop
  endfacet
  facet normal 0.58242 -0.812888 0
    outer loop
      vertex -1.52782 85.4365 12.7
      vertex -1.67409 85.3317 4.5
      vertex -1.52782 85.4365 4.5
    endloop
  endfacet
  facet normal -0.412861 0.910794 0
    outer loop
      vertex 1.21629 80.6836 4.5
      vertex 1.05238 80.6093 12.7
      vertex 1.21629 80.6836 12.7
    endloop
  endfacet
  facet normal -0.412861 0.910794 0
    outer loop
      vertex 1.05238 80.6093 12.7
      vertex 1.21629 80.6836 4.5
      vertex 1.05238 80.6093 4.5
    endloop
  endfacet
  facet normal 0.162821 0.986656 -0
    outer loop
      vertex -0.358947 80.4235 4.5
      vertex -0.536498 80.4528 12.7
      vertex -0.358947 80.4235 12.7
    endloop
  endfacet
  facet normal 0.162821 0.986656 0
    outer loop
      vertex -0.536498 80.4528 12.7
      vertex -0.358947 80.4235 4.5
      vertex -0.536498 80.4528 4.5
    endloop
  endfacet
  facet normal -0.471257 -0.881996 0
    outer loop
      vertex 1.21629 85.6164 4.5
      vertex 1.375 85.5316 12.7
      vertex 1.21629 85.6164 12.7
    endloop
  endfacet
  facet normal -0.471257 -0.881996 -0
    outer loop
      vertex 1.375 85.5316 12.7
      vertex 1.21629 85.6164 4.5
      vertex 1.375 85.5316 4.5
    endloop
  endfacet
  facet normal -0.471257 0.881996 0
    outer loop
      vertex 1.375 80.7684 4.5
      vertex 1.21629 80.6836 12.7
      vertex 1.375 80.7684 12.7
    endloop
  endfacet
  facet normal -0.471257 0.881996 0
    outer loop
      vertex 1.21629 80.6836 12.7
      vertex 1.375 80.7684 4.5
      vertex 1.21629 80.6836 4.5
    endloop
  endfacet
  facet normal -0.097804 0.995206 0
    outer loop
      vertex 0.358947 80.4235 4.5
      vertex 0.179858 80.4059 12.7
      vertex 0.358947 80.4235 12.7
    endloop
  endfacet
  facet normal -0.097804 0.995206 0
    outer loop
      vertex 0.179858 80.4059 12.7
      vertex 0.358947 80.4235 4.5
      vertex 0.179858 80.4059 4.5
    endloop
  endfacet
  facet normal 0.032786 0.999462 -0
    outer loop
      vertex 0 80.4 4.5
      vertex -0.179858 80.4059 12.7
      vertex 0 80.4 12.7
    endloop
  endfacet
  facet normal 0.032786 0.999462 0
    outer loop
      vertex -0.179858 80.4059 12.7
      vertex 0 80.4 4.5
      vertex -0.179858 80.4059 4.5
    endloop
  endfacet
  facet normal -0.881914 -0.47141 0
    outer loop
      vertex 2.4664 84.3663 4.5
      vertex 2.38157 84.525 12.7
      vertex 2.38157 84.525 4.5
    endloop
  endfacet
  facet normal -0.881914 -0.47141 0
    outer loop
      vertex 2.38157 84.525 12.7
      vertex 2.4664 84.3663 4.5
      vertex 2.4664 84.3663 12.7
    endloop
  endfacet
  facet normal -0.683849 -0.729624 0
    outer loop
      vertex 1.8132 85.2176 4.5
      vertex 1.94454 85.0945 12.7
      vertex 1.8132 85.2176 12.7
    endloop
  endfacet
  facet normal -0.683849 -0.729624 -0
    outer loop
      vertex 1.94454 85.0945 12.7
      vertex 1.8132 85.2176 4.5
      vertex 1.94454 85.0945 4.5
    endloop
  endfacet
  facet normal -0.773001 -0.634405 0
    outer loop
      vertex 2.18172 84.8241 4.5
      vertex 2.06756 84.9632 12.7
      vertex 2.06756 84.9632 4.5
    endloop
  endfacet
  facet normal -0.773001 -0.634405 0
    outer loop
      vertex 2.06756 84.9632 12.7
      vertex 2.18172 84.8241 4.5
      vertex 2.18172 84.8241 12.7
    endloop
  endfacet
  facet normal 0.956935 0.290304 0
    outer loop
      vertex -2.60406 82.266 12.7
      vertex -2.6563 82.4382 4.5
      vertex -2.6563 82.4382 12.7
    endloop
  endfacet
  facet normal 0.956935 0.290304 0
    outer loop
      vertex -2.6563 82.4382 4.5
      vertex -2.60406 82.266 12.7
      vertex -2.60406 82.266 4.5
    endloop
  endfacet
  facet normal -0.84917 0.528119 0
    outer loop
      vertex 2.28654 81.6222 4.5
      vertex 2.38157 81.775 12.7
      vertex 2.38157 81.775 4.5
    endloop
  endfacet
  facet normal -0.84917 0.528119 0
    outer loop
      vertex 2.38157 81.775 12.7
      vertex 2.28654 81.6222 4.5
      vertex 2.28654 81.6222 12.7
    endloop
  endfacet
  facet normal 0.729742 -0.683723 0
    outer loop
      vertex -2.06756 84.9632 12.7
      vertex -1.94454 85.0945 4.5
      vertex -1.94454 85.0945 12.7
    endloop
  endfacet
  facet normal 0.729742 -0.683723 0
    outer loop
      vertex -1.94454 85.0945 4.5
      vertex -2.06756 84.9632 12.7
      vertex -2.06756 84.9632 4.5
    endloop
  endfacet
  facet normal -0.973894 0.227001 0
    outer loop
      vertex 2.6563 82.4382 4.5
      vertex 2.69716 82.6135 12.7
      vertex 2.69716 82.6135 4.5
    endloop
  endfacet
  facet normal -0.973894 0.227001 0
    outer loop
      vertex 2.69716 82.6135 12.7
      vertex 2.6563 82.4382 4.5
      vertex 2.6563 82.4382 12.7
    endloop
  endfacet
  facet normal -0.995179 0.0980724 0
    outer loop
      vertex 2.72647 82.7911 4.5
      vertex 2.74411 82.9701 12.7
      vertex 2.74411 82.9701 4.5
    endloop
  endfacet
  facet normal -0.995179 0.0980724 0
    outer loop
      vertex 2.74411 82.9701 12.7
      vertex 2.72647 82.7911 4.5
      vertex 2.72647 82.7911 12.7
    endloop
  endfacet
  facet normal -0.881914 0.47141 0
    outer loop
      vertex 2.38157 81.775 4.5
      vertex 2.4664 81.9337 12.7
      vertex 2.4664 81.9337 4.5
    endloop
  endfacet
  facet normal -0.881914 0.47141 0
    outer loop
      vertex 2.4664 81.9337 12.7
      vertex 2.38157 81.775 4.5
      vertex 2.38157 81.775 12.7
    endloop
  endfacet
  facet normal 0.910847 0.412743 0
    outer loop
      vertex -2.4664 81.9337 12.7
      vertex -2.54067 82.0976 4.5
      vertex -2.54067 82.0976 12.7
    endloop
  endfacet
  facet normal 0.910847 0.412743 0
    outer loop
      vertex -2.54067 82.0976 4.5
      vertex -2.4664 81.9337 12.7
      vertex -2.4664 81.9337 4.5
    endloop
  endfacet
  facet normal -0.93589 0.352293 0
    outer loop
      vertex 2.54067 82.0976 4.5
      vertex 2.60406 82.266 12.7
      vertex 2.60406 82.266 4.5
    endloop
  endfacet
  facet normal -0.93589 0.352293 0
    outer loop
      vertex 2.60406 82.266 12.7
      vertex 2.54067 82.0976 4.5
      vertex 2.54067 82.0976 12.7
    endloop
  endfacet
  facet normal -0.973894 -0.227001 0
    outer loop
      vertex 2.69716 83.6865 4.5
      vertex 2.6563 83.8618 12.7
      vertex 2.6563 83.8618 4.5
    endloop
  endfacet
  facet normal -0.973894 -0.227001 0
    outer loop
      vertex 2.6563 83.8618 12.7
      vertex 2.69716 83.6865 4.5
      vertex 2.69716 83.6865 12.7
    endloop
  endfacet
  facet normal 0.812892 -0.582415 0
    outer loop
      vertex -2.28654 84.6778 12.7
      vertex -2.18172 84.8241 4.5
      vertex -2.18172 84.8241 12.7
    endloop
  endfacet
  facet normal 0.812892 -0.582415 0
    outer loop
      vertex -2.18172 84.8241 4.5
      vertex -2.28654 84.6778 12.7
      vertex -2.28654 84.6778 4.5
    endloop
  endfacet
  facet normal -0.956935 0.290304 0
    outer loop
      vertex 2.60406 82.266 4.5
      vertex 2.6563 82.4382 12.7
      vertex 2.6563 82.4382 4.5
    endloop
  endfacet
  facet normal -0.956935 0.290304 0
    outer loop
      vertex 2.6563 82.4382 12.7
      vertex 2.60406 82.266 4.5
      vertex 2.60406 82.266 12.7
    endloop
  endfacet
  facet normal -0.683849 0.729624 0
    outer loop
      vertex 1.94454 81.2055 4.5
      vertex 1.8132 81.0824 12.7
      vertex 1.94454 81.2055 12.7
    endloop
  endfacet
  facet normal -0.683849 0.729624 0
    outer loop
      vertex 1.8132 81.0824 12.7
      vertex 1.94454 81.2055 4.5
      vertex 1.8132 81.0824 4.5
    endloop
  endfacet
  facet normal 0.52835 0.849027 -0
    outer loop
      vertex -1.375 80.7684 4.5
      vertex -1.52782 80.8635 12.7
      vertex -1.375 80.7684 12.7
    endloop
  endfacet
  facet normal 0.52835 0.849027 0
    outer loop
      vertex -1.52782 80.8635 12.7
      vertex -1.375 80.7684 4.5
      vertex -1.52782 80.8635 4.5
    endloop
  endfacet
  facet normal -0.097804 -0.995206 0
    outer loop
      vertex 0.179858 85.8941 4.5
      vertex 0.358947 85.8765 12.7
      vertex 0.179858 85.8941 12.7
    endloop
  endfacet
  facet normal -0.097804 -0.995206 -0
    outer loop
      vertex 0.358947 85.8765 12.7
      vertex 0.179858 85.8941 4.5
      vertex 0.358947 85.8765 4.5
    endloop
  endfacet
  facet normal 0.812892 0.582415 0
    outer loop
      vertex -2.18172 81.4759 12.7
      vertex -2.28654 81.6222 4.5
      vertex -2.28654 81.6222 12.7
    endloop
  endfacet
  facet normal 0.812892 0.582415 0
    outer loop
      vertex -2.28654 81.6222 4.5
      vertex -2.18172 81.4759 12.7
      vertex -2.18172 81.4759 4.5
    endloop
  endfacet
  facet normal 0.910847 -0.412743 0
    outer loop
      vertex -2.54067 84.2024 12.7
      vertex -2.4664 84.3663 4.5
      vertex -2.4664 84.3663 12.7
    endloop
  endfacet
  facet normal 0.910847 -0.412743 0
    outer loop
      vertex -2.4664 84.3663 4.5
      vertex -2.54067 84.2024 12.7
      vertex -2.54067 84.2024 4.5
    endloop
  endfacet
  facet normal 0.93589 0.352293 0
    outer loop
      vertex -2.54067 82.0976 12.7
      vertex -2.60406 82.266 4.5
      vertex -2.60406 82.266 12.7
    endloop
  endfacet
  facet normal 0.93589 0.352293 0
    outer loop
      vertex -2.60406 82.266 4.5
      vertex -2.54067 82.0976 12.7
      vertex -2.54067 82.0976 4.5
    endloop
  endfacet
  facet normal -0.58242 0.812888 0
    outer loop
      vertex 1.67409 80.9683 4.5
      vertex 1.52782 80.8635 12.7
      vertex 1.67409 80.9683 12.7
    endloop
  endfacet
  facet normal -0.58242 0.812888 0
    outer loop
      vertex 1.52782 80.8635 12.7
      vertex 1.67409 80.9683 4.5
      vertex 1.52782 80.8635 4.5
    endloop
  endfacet
  facet normal 0.52835 -0.849027 0
    outer loop
      vertex -1.52782 85.4365 4.5
      vertex -1.375 85.5316 12.7
      vertex -1.52782 85.4365 12.7
    endloop
  endfacet
  facet normal 0.52835 -0.849027 0
    outer loop
      vertex -1.375 85.5316 12.7
      vertex -1.52782 85.4365 4.5
      vertex -1.375 85.5316 4.5
    endloop
  endfacet
  facet normal -0.93589 -0.352293 0
    outer loop
      vertex 2.60406 84.034 4.5
      vertex 2.54067 84.2024 12.7
      vertex 2.54067 84.2024 4.5
    endloop
  endfacet
  facet normal -0.93589 -0.352293 0
    outer loop
      vertex 2.54067 84.2024 12.7
      vertex 2.60406 84.034 4.5
      vertex 2.60406 84.034 12.7
    endloop
  endfacet
  facet normal -0.986654 -0.162831 0
    outer loop
      vertex 2.72647 83.5089 4.5
      vertex 2.69716 83.6865 12.7
      vertex 2.69716 83.6865 4.5
    endloop
  endfacet
  facet normal -0.986654 -0.162831 0
    outer loop
      vertex 2.69716 83.6865 12.7
      vertex 2.72647 83.5089 4.5
      vertex 2.72647 83.5089 12.7
    endloop
  endfacet
  facet normal 0.097804 0.995206 -0
    outer loop
      vertex -0.179858 80.4059 4.5
      vertex -0.358947 80.4235 12.7
      vertex -0.179858 80.4059 12.7
    endloop
  endfacet
  facet normal 0.097804 0.995206 0
    outer loop
      vertex -0.358947 80.4235 12.7
      vertex -0.179858 80.4059 4.5
      vertex -0.358947 80.4235 4.5
    endloop
  endfacet
  facet normal -0.162821 -0.986656 0
    outer loop
      vertex 0.358947 85.8765 4.5
      vertex 0.536498 85.8472 12.7
      vertex 0.358947 85.8765 12.7
    endloop
  endfacet
  facet normal -0.162821 -0.986656 -0
    outer loop
      vertex 0.536498 85.8472 12.7
      vertex 0.358947 85.8765 4.5
      vertex 0.536498 85.8472 4.5
    endloop
  endfacet
  facet normal 0.471257 0.881996 -0
    outer loop
      vertex -1.21629 80.6836 4.5
      vertex -1.375 80.7684 12.7
      vertex -1.21629 80.6836 12.7
    endloop
  endfacet
  facet normal 0.471257 0.881996 0
    outer loop
      vertex -1.375 80.7684 12.7
      vertex -1.21629 80.6836 4.5
      vertex -1.375 80.7684 4.5
    endloop
  endfacet
  facet normal 0.162821 -0.986656 0
    outer loop
      vertex -0.536498 85.8472 4.5
      vertex -0.358947 85.8765 12.7
      vertex -0.536498 85.8472 12.7
    endloop
  endfacet
  facet normal 0.162821 -0.986656 0
    outer loop
      vertex -0.358947 85.8765 12.7
      vertex -0.536498 85.8472 4.5
      vertex -0.358947 85.8765 4.5
    endloop
  endfacet
  facet normal 0.290091 -0.956999 0
    outer loop
      vertex -0.883958 85.7541 4.5
      vertex -0.711752 85.8063 12.7
      vertex -0.883958 85.7541 12.7
    endloop
  endfacet
  facet normal 0.290091 -0.956999 0
    outer loop
      vertex -0.711752 85.8063 12.7
      vertex -0.883958 85.7541 4.5
      vertex -0.711752 85.8063 4.5
    endloop
  endfacet
  facet normal -0.812892 0.582415 0
    outer loop
      vertex 2.18172 81.4759 4.5
      vertex 2.28654 81.6222 12.7
      vertex 2.28654 81.6222 4.5
    endloop
  endfacet
  facet normal -0.812892 0.582415 0
    outer loop
      vertex 2.28654 81.6222 12.7
      vertex 2.18172 81.4759 4.5
      vertex 2.18172 81.4759 12.7
    endloop
  endfacet
  facet normal -0.227269 0.973832 0
    outer loop
      vertex 0.711752 80.4937 4.5
      vertex 0.536498 80.4528 12.7
      vertex 0.711752 80.4937 12.7
    endloop
  endfacet
  facet normal -0.227269 0.973832 0
    outer loop
      vertex 0.536498 80.4528 12.7
      vertex 0.711752 80.4937 4.5
      vertex 0.536498 80.4528 4.5
    endloop
  endfacet
  facet normal 0.995179 -0.0980724 0
    outer loop
      vertex -2.74411 83.3299 12.7
      vertex -2.72647 83.5089 4.5
      vertex -2.72647 83.5089 12.7
    endloop
  endfacet
  facet normal 0.995179 -0.0980724 0
    outer loop
      vertex -2.72647 83.5089 4.5
      vertex -2.74411 83.3299 12.7
      vertex -2.74411 83.3299 4.5
    endloop
  endfacet
  facet normal -0.729742 0.683723 0
    outer loop
      vertex 1.94454 81.2055 4.5
      vertex 2.06756 81.3368 12.7
      vertex 2.06756 81.3368 4.5
    endloop
  endfacet
  facet normal -0.729742 0.683723 0
    outer loop
      vertex 2.06756 81.3368 12.7
      vertex 1.94454 81.2055 4.5
      vertex 1.94454 81.2055 12.7
    endloop
  endfacet
  facet normal 0.986654 0.162831 0
    outer loop
      vertex -2.69716 82.6135 12.7
      vertex -2.72647 82.7911 4.5
      vertex -2.72647 82.7911 12.7
    endloop
  endfacet
  facet normal 0.986654 0.162831 0
    outer loop
      vertex -2.72647 82.7911 4.5
      vertex -2.69716 82.6135 12.7
      vertex -2.69716 82.6135 4.5
    endloop
  endfacet
  facet normal 0.773001 -0.634405 0
    outer loop
      vertex -2.18172 84.8241 12.7
      vertex -2.06756 84.9632 4.5
      vertex -2.06756 84.9632 12.7
    endloop
  endfacet
  facet normal 0.773001 -0.634405 0
    outer loop
      vertex -2.06756 84.9632 4.5
      vertex -2.18172 84.8241 12.7
      vertex -2.18172 84.8241 4.5
    endloop
  endfacet
  facet normal -0.634179 0.773187 0
    outer loop
      vertex 1.8132 81.0824 4.5
      vertex 1.67409 80.9683 12.7
      vertex 1.8132 81.0824 12.7
    endloop
  endfacet
  facet normal -0.634179 0.773187 0
    outer loop
      vertex 1.67409 80.9683 12.7
      vertex 1.8132 81.0824 4.5
      vertex 1.67409 80.9683 4.5
    endloop
  endfacet
  facet normal -0.729742 -0.683723 0
    outer loop
      vertex 2.06756 84.9632 4.5
      vertex 1.94454 85.0945 12.7
      vertex 1.94454 85.0945 4.5
    endloop
  endfacet
  facet normal -0.729742 -0.683723 0
    outer loop
      vertex 1.94454 85.0945 12.7
      vertex 2.06756 84.9632 4.5
      vertex 2.06756 84.9632 12.7
    endloop
  endfacet
  facet normal 0.634179 0.773187 -0
    outer loop
      vertex -1.67409 80.9683 4.5
      vertex -1.8132 81.0824 12.7
      vertex -1.67409 80.9683 12.7
    endloop
  endfacet
  facet normal 0.634179 0.773187 0
    outer loop
      vertex -1.8132 81.0824 12.7
      vertex -1.67409 80.9683 4.5
      vertex -1.8132 81.0824 4.5
    endloop
  endfacet
  facet normal 0.973894 -0.227001 0
    outer loop
      vertex -2.69716 83.6865 12.7
      vertex -2.6563 83.8618 4.5
      vertex -2.6563 83.8618 12.7
    endloop
  endfacet
  facet normal 0.973894 -0.227001 0
    outer loop
      vertex -2.6563 83.8618 4.5
      vertex -2.69716 83.6865 12.7
      vertex -2.69716 83.6865 4.5
    endloop
  endfacet
  facet normal 0.881914 0.47141 0
    outer loop
      vertex -2.38157 81.775 12.7
      vertex -2.4664 81.9337 4.5
      vertex -2.4664 81.9337 12.7
    endloop
  endfacet
  facet normal 0.881914 0.47141 0
    outer loop
      vertex -2.4664 81.9337 4.5
      vertex -2.38157 81.775 12.7
      vertex -2.38157 81.775 4.5
    endloop
  endfacet
  facet normal -0.986654 0.162831 0
    outer loop
      vertex 2.69716 82.6135 4.5
      vertex 2.72647 82.7911 12.7
      vertex 2.72647 82.7911 4.5
    endloop
  endfacet
  facet normal -0.986654 0.162831 0
    outer loop
      vertex 2.72647 82.7911 12.7
      vertex 2.69716 82.6135 4.5
      vertex 2.69716 82.6135 12.7
    endloop
  endfacet
  facet normal -0.162821 0.986656 0
    outer loop
      vertex 0.536498 80.4528 4.5
      vertex 0.358947 80.4235 12.7
      vertex 0.536498 80.4528 12.7
    endloop
  endfacet
  facet normal -0.162821 0.986656 0
    outer loop
      vertex 0.358947 80.4235 12.7
      vertex 0.536498 80.4528 4.5
      vertex 0.358947 80.4235 4.5
    endloop
  endfacet
  facet normal -0.290091 0.956999 0
    outer loop
      vertex 0.883958 80.5459 4.5
      vertex 0.711752 80.4937 12.7
      vertex 0.883958 80.5459 12.7
    endloop
  endfacet
  facet normal -0.290091 0.956999 0
    outer loop
      vertex 0.711752 80.4937 12.7
      vertex 0.883958 80.5459 4.5
      vertex 0.711752 80.4937 4.5
    endloop
  endfacet
  facet normal 0.881914 -0.47141 0
    outer loop
      vertex -2.4664 84.3663 12.7
      vertex -2.38157 84.525 4.5
      vertex -2.38157 84.525 12.7
    endloop
  endfacet
  facet normal 0.881914 -0.47141 0
    outer loop
      vertex -2.38157 84.525 4.5
      vertex -2.4664 84.3663 12.7
      vertex -2.4664 84.3663 4.5
    endloop
  endfacet
  facet normal 0.999464 0.0327229 0
    outer loop
      vertex -2.74411 82.9701 12.7
      vertex -2.75 83.15 4.5
      vertex -2.75 83.15 12.7
    endloop
  endfacet
  facet normal 0.999464 0.0327229 0
    outer loop
      vertex -2.75 83.15 4.5
      vertex -2.74411 82.9701 12.7
      vertex -2.74411 82.9701 4.5
    endloop
  endfacet
  facet normal 0.93589 -0.352293 0
    outer loop
      vertex -2.60406 84.034 12.7
      vertex -2.54067 84.2024 4.5
      vertex -2.54067 84.2024 12.7
    endloop
  endfacet
  facet normal 0.93589 -0.352293 0
    outer loop
      vertex -2.54067 84.2024 4.5
      vertex -2.60406 84.034 12.7
      vertex -2.60406 84.034 4.5
    endloop
  endfacet
  facet normal 0.986654 -0.162831 0
    outer loop
      vertex -2.72647 83.5089 12.7
      vertex -2.69716 83.6865 4.5
      vertex -2.69716 83.6865 12.7
    endloop
  endfacet
  facet normal 0.986654 -0.162831 0
    outer loop
      vertex -2.69716 83.6865 4.5
      vertex -2.72647 83.5089 12.7
      vertex -2.72647 83.5089 4.5
    endloop
  endfacet
  facet normal 0.412861 0.910794 -0
    outer loop
      vertex -1.05238 80.6093 4.5
      vertex -1.21629 80.6836 12.7
      vertex -1.05238 80.6093 12.7
    endloop
  endfacet
  facet normal 0.412861 0.910794 0
    outer loop
      vertex -1.21629 80.6836 12.7
      vertex -1.05238 80.6093 4.5
      vertex -1.21629 80.6836 4.5
    endloop
  endfacet
  facet normal -0.227269 -0.973832 0
    outer loop
      vertex 0.536498 85.8472 4.5
      vertex 0.711752 85.8063 12.7
      vertex 0.536498 85.8472 12.7
    endloop
  endfacet
  facet normal -0.227269 -0.973832 -0
    outer loop
      vertex 0.711752 85.8063 12.7
      vertex 0.536498 85.8472 4.5
      vertex 0.711752 85.8063 4.5
    endloop
  endfacet
  facet normal 0 1 -0
    outer loop
      vertex 2.42487 52.05 1.90735e-07
      vertex -2.42487 52.05 4.5
      vertex 2.42487 52.05 4.5
    endloop
  endfacet
  facet normal 0 1 0
    outer loop
      vertex -2.42487 52.05 4.5
      vertex 2.42487 52.05 1.90735e-07
      vertex -2.42487 52.05 1.90735e-07
    endloop
  endfacet
  facet normal -0.866026 0.5 0
    outer loop
      vertex 2.42487 52.05 1.90735e-07
      vertex 4.84974 56.25 4.5
      vertex 4.84974 56.25 1.90735e-07
    endloop
  endfacet
  facet normal -0.866026 0.5 0
    outer loop
      vertex 4.84974 56.25 4.5
      vertex 2.42487 52.05 1.90735e-07
      vertex 2.42487 52.05 4.5
    endloop
  endfacet
  facet normal 0 -1 0
    outer loop
      vertex -2.42487 60.45 1.90735e-07
      vertex 2.42487 60.45 4.5
      vertex -2.42487 60.45 4.5
    endloop
  endfacet
  facet normal 0 -1 -0
    outer loop
      vertex 2.42487 60.45 4.5
      vertex -2.42487 60.45 1.90735e-07
      vertex 2.42487 60.45 1.90735e-07
    endloop
  endfacet
  facet normal -0.866026 -0.5 0
    outer loop
      vertex 4.84974 56.25 1.90735e-07
      vertex 2.42487 60.45 4.5
      vertex 2.42487 60.45 1.90735e-07
    endloop
  endfacet
  facet normal -0.866026 -0.5 0
    outer loop
      vertex 2.42487 60.45 4.5
      vertex 4.84974 56.25 1.90735e-07
      vertex 4.84974 56.25 4.5
    endloop
  endfacet
  facet normal 0.866026 -0.5 0
    outer loop
      vertex -4.84974 56.25 4.5
      vertex -2.42487 60.45 1.90735e-07
      vertex -2.42487 60.45 4.5
    endloop
  endfacet
  facet normal 0.866026 -0.5 0
    outer loop
      vertex -2.42487 60.45 1.90735e-07
      vertex -4.84974 56.25 4.5
      vertex -4.84974 56.25 1.90735e-07
    endloop
  endfacet
  facet normal 0.866026 0.5 0
    outer loop
      vertex -2.42487 52.05 4.5
      vertex -4.84974 56.25 1.90735e-07
      vertex -4.84974 56.25 4.5
    endloop
  endfacet
  facet normal 0.866026 0.5 0
    outer loop
      vertex -4.84974 56.25 1.90735e-07
      vertex -2.42487 52.05 4.5
      vertex -2.42487 52.05 1.90735e-07
    endloop
  endfacet
  facet normal -0 0 -1
    outer loop
      vertex 4.84974 56.25 4.5
      vertex 2.74411 56.0701 4.5
      vertex 2.75 56.25 4.5
    endloop
  endfacet
  facet normal 0 0 -1
    outer loop
      vertex 4.84974 56.25 4.5
      vertex 2.72647 55.8911 4.5
      vertex 2.74411 56.0701 4.5
    endloop
  endfacet
  facet normal 0 0 -1
    outer loop
      vertex 4.84974 56.25 4.5
      vertex 2.69716 55.7135 4.5
      vertex 2.72647 55.8911 4.5
    endloop
  endfacet
  facet normal 0 0 -1
    outer loop
      vertex 4.84974 56.25 4.5
      vertex 2.6563 55.5382 4.5
      vertex 2.69716 55.7135 4.5
    endloop
  endfacet
  facet normal 0 0 -1
    outer loop
      vertex 4.84974 56.25 4.5
      vertex 2.60406 55.366 4.5
      vertex 2.6563 55.5382 4.5
    endloop
  endfacet
  facet normal 0 0 -1
    outer loop
      vertex 4.84974 56.25 4.5
      vertex 2.54067 55.1976 4.5
      vertex 2.60406 55.366 4.5
    endloop
  endfacet
  facet normal 0 0 -1
    outer loop
      vertex 4.84974 56.25 4.5
      vertex 2.4664 55.0337 4.5
      vertex 2.54067 55.1976 4.5
    endloop
  endfacet
  facet normal 0 0 -1
    outer loop
      vertex 2.38157 54.875 4.5
      vertex 4.84974 56.25 4.5
      vertex 2.42487 52.05 4.5
    endloop
  endfacet
  facet normal 0 0 -1
    outer loop
      vertex 4.84974 56.25 4.5
      vertex 2.38157 54.875 4.5
      vertex 2.4664 55.0337 4.5
    endloop
  endfacet
  facet normal 0 0 -1
    outer loop
      vertex 2.42487 52.05 4.5
      vertex 2.28654 54.7222 4.5
      vertex 2.38157 54.875 4.5
    endloop
  endfacet
  facet normal 0 0 -1
    outer loop
      vertex 2.42487 52.05 4.5
      vertex 2.18172 54.5759 4.5
      vertex 2.28654 54.7222 4.5
    endloop
  endfacet
  facet normal 0 0 -1
    outer loop
      vertex 2.42487 52.05 4.5
      vertex 2.06756 54.4368 4.5
      vertex 2.18172 54.5759 4.5
    endloop
  endfacet
  facet normal 0 0 -1
    outer loop
      vertex 2.42487 52.05 4.5
      vertex 1.94454 54.3055 4.5
      vertex 2.06756 54.4368 4.5
    endloop
  endfacet
  facet normal 0 0 -1
    outer loop
      vertex 2.42487 52.05 4.5
      vertex 1.8132 54.1824 4.5
      vertex 1.94454 54.3055 4.5
    endloop
  endfacet
  facet normal 0 0 -1
    outer loop
      vertex 2.42487 52.05 4.5
      vertex 1.67409 54.0683 4.5
      vertex 1.8132 54.1824 4.5
    endloop
  endfacet
  facet normal 0 0 -1
    outer loop
      vertex 2.42487 52.05 4.5
      vertex 1.52782 53.9635 4.5
      vertex 1.67409 54.0683 4.5
    endloop
  endfacet
  facet normal 0 0 -1
    outer loop
      vertex 2.42487 52.05 4.5
      vertex 1.375 53.8684 4.5
      vertex 1.52782 53.9635 4.5
    endloop
  endfacet
  facet normal 0 0 -1
    outer loop
      vertex 2.42487 52.05 4.5
      vertex 1.21629 53.7836 4.5
      vertex 1.375 53.8684 4.5
    endloop
  endfacet
  facet normal 0 0 -1
    outer loop
      vertex 2.42487 52.05 4.5
      vertex 1.05238 53.7093 4.5
      vertex 1.21629 53.7836 4.5
    endloop
  endfacet
  facet normal 0 0 -1
    outer loop
      vertex 2.42487 52.05 4.5
      vertex 0.883958 53.6459 4.5
      vertex 1.05238 53.7093 4.5
    endloop
  endfacet
  facet normal 0 0 -1
    outer loop
      vertex 2.42487 52.05 4.5
      vertex 0.711752 53.5937 4.5
      vertex 0.883958 53.6459 4.5
    endloop
  endfacet
  facet normal 0 0 -1
    outer loop
      vertex 2.42487 52.05 4.5
      vertex 0.536498 53.5528 4.5
      vertex 0.711752 53.5937 4.5
    endloop
  endfacet
  facet normal 0 0 -1
    outer loop
      vertex 2.42487 52.05 4.5
      vertex 0.358947 53.5235 4.5
      vertex 0.536498 53.5528 4.5
    endloop
  endfacet
  facet normal 0 0 -1
    outer loop
      vertex 2.42487 52.05 4.5
      vertex 0.179858 53.5059 4.5
      vertex 0.358947 53.5235 4.5
    endloop
  endfacet
  facet normal 0 0 -1
    outer loop
      vertex 2.42487 52.05 4.5
      vertex 0 53.5 4.5
      vertex 0.179858 53.5059 4.5
    endloop
  endfacet
  facet normal 0 0 -1
    outer loop
      vertex -2.42487 52.05 4.5
      vertex 0 53.5 4.5
      vertex 2.42487 52.05 4.5
    endloop
  endfacet
  facet normal -0 0 -1
    outer loop
      vertex 0 53.5 4.5
      vertex -2.42487 52.05 4.5
      vertex -0.179858 53.5059 4.5
    endloop
  endfacet
  facet normal -0 0 -1
    outer loop
      vertex -0.179858 53.5059 4.5
      vertex -2.42487 52.05 4.5
      vertex -0.358947 53.5235 4.5
    endloop
  endfacet
  facet normal -0 0 -1
    outer loop
      vertex -0.358947 53.5235 4.5
      vertex -2.42487 52.05 4.5
      vertex -0.536498 53.5528 4.5
    endloop
  endfacet
  facet normal -0 0 -1
    outer loop
      vertex -0.536498 53.5528 4.5
      vertex -2.42487 52.05 4.5
      vertex -0.711752 53.5937 4.5
    endloop
  endfacet
  facet normal -0 0 -1
    outer loop
      vertex -0.711752 53.5937 4.5
      vertex -2.42487 52.05 4.5
      vertex -0.883958 53.6459 4.5
    endloop
  endfacet
  facet normal -0 0 -1
    outer loop
      vertex -0.883958 53.6459 4.5
      vertex -2.42487 52.05 4.5
      vertex -1.05238 53.7093 4.5
    endloop
  endfacet
  facet normal -0 0 -1
    outer loop
      vertex -1.05238 53.7093 4.5
      vertex -2.42487 52.05 4.5
      vertex -1.21629 53.7836 4.5
    endloop
  endfacet
  facet normal 0 0 -1
    outer loop
      vertex -2.42487 52.05 4.5
      vertex -1.375 53.8684 4.5
      vertex -1.21629 53.7836 4.5
    endloop
  endfacet
  facet normal 0 0 -1
    outer loop
      vertex -2.42487 52.05 4.5
      vertex -1.52782 53.9635 4.5
      vertex -1.375 53.8684 4.5
    endloop
  endfacet
  facet normal 0 0 -1
    outer loop
      vertex -2.42487 52.05 4.5
      vertex -1.67409 54.0683 4.5
      vertex -1.52782 53.9635 4.5
    endloop
  endfacet
  facet normal 0 0 -1
    outer loop
      vertex -2.42487 52.05 4.5
      vertex -1.8132 54.1824 4.5
      vertex -1.67409 54.0683 4.5
    endloop
  endfacet
  facet normal 0 0 -1
    outer loop
      vertex -2.42487 52.05 4.5
      vertex -1.94454 54.3055 4.5
      vertex -1.8132 54.1824 4.5
    endloop
  endfacet
  facet normal 0 0 -1
    outer loop
      vertex -2.42487 52.05 4.5
      vertex -2.06756 54.4368 4.5
      vertex -1.94454 54.3055 4.5
    endloop
  endfacet
  facet normal 0 0 -1
    outer loop
      vertex -2.42487 52.05 4.5
      vertex -2.18172 54.5759 4.5
      vertex -2.06756 54.4368 4.5
    endloop
  endfacet
  facet normal 0 0 -1
    outer loop
      vertex -2.42487 52.05 4.5
      vertex -2.28654 54.7222 4.5
      vertex -2.18172 54.5759 4.5
    endloop
  endfacet
  facet normal 0 0 -1
    outer loop
      vertex -2.42487 52.05 4.5
      vertex -2.38157 54.875 4.5
      vertex -2.28654 54.7222 4.5
    endloop
  endfacet
  facet normal 0 0 -1
    outer loop
      vertex -4.84974 56.25 4.5
      vertex -2.38157 54.875 4.5
      vertex -2.42487 52.05 4.5
    endloop
  endfacet
  facet normal 0 0 -1
    outer loop
      vertex -2.38157 54.875 4.5
      vertex -4.84974 56.25 4.5
      vertex -2.4664 55.0337 4.5
    endloop
  endfacet
  facet normal 0 0 -1
    outer loop
      vertex -2.4664 55.0337 4.5
      vertex -4.84974 56.25 4.5
      vertex -2.54067 55.1976 4.5
    endloop
  endfacet
  facet normal 0 0 -1
    outer loop
      vertex -2.54067 55.1976 4.5
      vertex -4.84974 56.25 4.5
      vertex -2.60406 55.366 4.5
    endloop
  endfacet
  facet normal 0 0 -1
    outer loop
      vertex -2.60406 55.366 4.5
      vertex -4.84974 56.25 4.5
      vertex -2.6563 55.5382 4.5
    endloop
  endfacet
  facet normal 0 0 -1
    outer loop
      vertex -2.6563 55.5382 4.5
      vertex -4.84974 56.25 4.5
      vertex -2.69716 55.7135 4.5
    endloop
  endfacet
  facet normal 0 0 -1
    outer loop
      vertex -2.69716 55.7135 4.5
      vertex -4.84974 56.25 4.5
      vertex -2.72647 55.8911 4.5
    endloop
  endfacet
  facet normal 0 0 -1
    outer loop
      vertex -2.74411 56.0701 4.5
      vertex -4.84974 56.25 4.5
      vertex -2.75 56.25 4.5
    endloop
  endfacet
  facet normal 0 0 -1
    outer loop
      vertex -2.72647 55.8911 4.5
      vertex -4.84974 56.25 4.5
      vertex -2.74411 56.0701 4.5
    endloop
  endfacet
  facet normal 0 0 -1
    outer loop
      vertex 2.74411 56.4299 4.5
      vertex 4.84974 56.25 4.5
      vertex 2.75 56.25 4.5
    endloop
  endfacet
  facet normal 0 0 -1
    outer loop
      vertex 2.72647 56.6089 4.5
      vertex 4.84974 56.25 4.5
      vertex 2.74411 56.4299 4.5
    endloop
  endfacet
  facet normal 0 0 -1
    outer loop
      vertex 2.69716 56.7865 4.5
      vertex 4.84974 56.25 4.5
      vertex 2.72647 56.6089 4.5
    endloop
  endfacet
  facet normal 0 0 -1
    outer loop
      vertex 2.6563 56.9618 4.5
      vertex 4.84974 56.25 4.5
      vertex 2.69716 56.7865 4.5
    endloop
  endfacet
  facet normal 0 0 -1
    outer loop
      vertex 2.60406 57.134 4.5
      vertex 4.84974 56.25 4.5
      vertex 2.6563 56.9618 4.5
    endloop
  endfacet
  facet normal 0 0 -1
    outer loop
      vertex 2.54067 57.3024 4.5
      vertex 4.84974 56.25 4.5
      vertex 2.60406 57.134 4.5
    endloop
  endfacet
  facet normal 0 0 -1
    outer loop
      vertex 2.4664 57.4663 4.5
      vertex 4.84974 56.25 4.5
      vertex 2.54067 57.3024 4.5
    endloop
  endfacet
  facet normal 0 0 -1
    outer loop
      vertex 2.38157 57.625 4.5
      vertex 4.84974 56.25 4.5
      vertex 2.4664 57.4663 4.5
    endloop
  endfacet
  facet normal 0 0 -1
    outer loop
      vertex 4.84974 56.25 4.5
      vertex 2.38157 57.625 4.5
      vertex 2.42487 60.45 4.5
    endloop
  endfacet
  facet normal 0 0 -1
    outer loop
      vertex 2.28654 57.7778 4.5
      vertex 2.42487 60.45 4.5
      vertex 2.38157 57.625 4.5
    endloop
  endfacet
  facet normal 0 0 -1
    outer loop
      vertex 2.18172 57.9241 4.5
      vertex 2.42487 60.45 4.5
      vertex 2.28654 57.7778 4.5
    endloop
  endfacet
  facet normal 0 0 -1
    outer loop
      vertex 2.06756 58.0632 4.5
      vertex 2.42487 60.45 4.5
      vertex 2.18172 57.9241 4.5
    endloop
  endfacet
  facet normal 0 0 -1
    outer loop
      vertex 1.94454 58.1945 4.5
      vertex 2.42487 60.45 4.5
      vertex 2.06756 58.0632 4.5
    endloop
  endfacet
  facet normal 0 0 -1
    outer loop
      vertex 1.8132 58.3176 4.5
      vertex 2.42487 60.45 4.5
      vertex 1.94454 58.1945 4.5
    endloop
  endfacet
  facet normal 0 0 -1
    outer loop
      vertex 1.67409 58.4317 4.5
      vertex 2.42487 60.45 4.5
      vertex 1.8132 58.3176 4.5
    endloop
  endfacet
  facet normal 0 0 -1
    outer loop
      vertex 1.52782 58.5365 4.5
      vertex 2.42487 60.45 4.5
      vertex 1.67409 58.4317 4.5
    endloop
  endfacet
  facet normal 0 0 -1
    outer loop
      vertex 1.375 58.6316 4.5
      vertex 2.42487 60.45 4.5
      vertex 1.52782 58.5365 4.5
    endloop
  endfacet
  facet normal 0 0 -1
    outer loop
      vertex 1.21629 58.7164 4.5
      vertex 2.42487 60.45 4.5
      vertex 1.375 58.6316 4.5
    endloop
  endfacet
  facet normal 0 0 -1
    outer loop
      vertex 1.05238 58.7907 4.5
      vertex 2.42487 60.45 4.5
      vertex 1.21629 58.7164 4.5
    endloop
  endfacet
  facet normal 0 0 -1
    outer loop
      vertex 0.883958 58.8541 4.5
      vertex 2.42487 60.45 4.5
      vertex 1.05238 58.7907 4.5
    endloop
  endfacet
  facet normal 0 0 -1
    outer loop
      vertex 0.711752 58.9063 4.5
      vertex 2.42487 60.45 4.5
      vertex 0.883958 58.8541 4.5
    endloop
  endfacet
  facet normal 0 0 -1
    outer loop
      vertex 0.536498 58.9472 4.5
      vertex 2.42487 60.45 4.5
      vertex 0.711752 58.9063 4.5
    endloop
  endfacet
  facet normal 0 0 -1
    outer loop
      vertex 0.358947 58.9765 4.5
      vertex 2.42487 60.45 4.5
      vertex 0.536498 58.9472 4.5
    endloop
  endfacet
  facet normal 0 0 -1
    outer loop
      vertex 0.179858 58.9941 4.5
      vertex 2.42487 60.45 4.5
      vertex 0.358947 58.9765 4.5
    endloop
  endfacet
  facet normal 0 0 -1
    outer loop
      vertex 0 59 4.5
      vertex 2.42487 60.45 4.5
      vertex 0.179858 58.9941 4.5
    endloop
  endfacet
  facet normal 0 0 -1
    outer loop
      vertex -2.42487 60.45 4.5
      vertex 0 59 4.5
      vertex -0.179858 58.9941 4.5
    endloop
  endfacet
  facet normal 0 0 -1
    outer loop
      vertex -2.42487 60.45 4.5
      vertex -0.179858 58.9941 4.5
      vertex -0.358947 58.9765 4.5
    endloop
  endfacet
  facet normal 0 0 -1
    outer loop
      vertex -2.42487 60.45 4.5
      vertex -0.358947 58.9765 4.5
      vertex -0.536498 58.9472 4.5
    endloop
  endfacet
  facet normal 0 0 -1
    outer loop
      vertex -2.42487 60.45 4.5
      vertex -0.536498 58.9472 4.5
      vertex -0.711752 58.9063 4.5
    endloop
  endfacet
  facet normal 0 0 -1
    outer loop
      vertex -2.42487 60.45 4.5
      vertex -0.711752 58.9063 4.5
      vertex -0.883958 58.8541 4.5
    endloop
  endfacet
  facet normal 0 0 -1
    outer loop
      vertex -2.42487 60.45 4.5
      vertex -0.883958 58.8541 4.5
      vertex -1.05238 58.7907 4.5
    endloop
  endfacet
  facet normal 0 0 -1
    outer loop
      vertex -2.42487 60.45 4.5
      vertex -1.05238 58.7907 4.5
      vertex -1.21629 58.7164 4.5
    endloop
  endfacet
  facet normal 0 0 -1
    outer loop
      vertex 0 59 4.5
      vertex -2.42487 60.45 4.5
      vertex 2.42487 60.45 4.5
    endloop
  endfacet
  facet normal 0 0 -1
    outer loop
      vertex -1.375 58.6316 4.5
      vertex -2.42487 60.45 4.5
      vertex -1.21629 58.7164 4.5
    endloop
  endfacet
  facet normal 0 0 -1
    outer loop
      vertex -1.52782 58.5365 4.5
      vertex -2.42487 60.45 4.5
      vertex -1.375 58.6316 4.5
    endloop
  endfacet
  facet normal 0 0 -1
    outer loop
      vertex -1.67409 58.4317 4.5
      vertex -2.42487 60.45 4.5
      vertex -1.52782 58.5365 4.5
    endloop
  endfacet
  facet normal 0 0 -1
    outer loop
      vertex -1.8132 58.3176 4.5
      vertex -2.42487 60.45 4.5
      vertex -1.67409 58.4317 4.5
    endloop
  endfacet
  facet normal 0 0 -1
    outer loop
      vertex -1.94454 58.1945 4.5
      vertex -2.42487 60.45 4.5
      vertex -1.8132 58.3176 4.5
    endloop
  endfacet
  facet normal 0 0 -1
    outer loop
      vertex -2.06756 58.0632 4.5
      vertex -2.42487 60.45 4.5
      vertex -1.94454 58.1945 4.5
    endloop
  endfacet
  facet normal 0 0 -1
    outer loop
      vertex -2.18172 57.9241 4.5
      vertex -2.42487 60.45 4.5
      vertex -2.06756 58.0632 4.5
    endloop
  endfacet
  facet normal 0 0 -1
    outer loop
      vertex -2.28654 57.7778 4.5
      vertex -2.42487 60.45 4.5
      vertex -2.18172 57.9241 4.5
    endloop
  endfacet
  facet normal 0 0 -1
    outer loop
      vertex -2.38157 57.625 4.5
      vertex -2.42487 60.45 4.5
      vertex -2.28654 57.7778 4.5
    endloop
  endfacet
  facet normal 0 0 -1
    outer loop
      vertex -4.84974 56.25 4.5
      vertex -2.38157 57.625 4.5
      vertex -2.4664 57.4663 4.5
    endloop
  endfacet
  facet normal 0 0 -1
    outer loop
      vertex -4.84974 56.25 4.5
      vertex -2.4664 57.4663 4.5
      vertex -2.54067 57.3024 4.5
    endloop
  endfacet
  facet normal 0 0 -1
    outer loop
      vertex -4.84974 56.25 4.5
      vertex -2.54067 57.3024 4.5
      vertex -2.60406 57.134 4.5
    endloop
  endfacet
  facet normal 0 0 -1
    outer loop
      vertex -4.84974 56.25 4.5
      vertex -2.60406 57.134 4.5
      vertex -2.6563 56.9618 4.5
    endloop
  endfacet
  facet normal 0 0 -1
    outer loop
      vertex -4.84974 56.25 4.5
      vertex -2.6563 56.9618 4.5
      vertex -2.69716 56.7865 4.5
    endloop
  endfacet
  facet normal 0 0 -1
    outer loop
      vertex -4.84974 56.25 4.5
      vertex -2.69716 56.7865 4.5
      vertex -2.72647 56.6089 4.5
    endloop
  endfacet
  facet normal 0 0 -1
    outer loop
      vertex -4.84974 56.25 4.5
      vertex -2.72647 56.6089 4.5
      vertex -2.74411 56.4299 4.5
    endloop
  endfacet
  facet normal -0 0 -1
    outer loop
      vertex -2.38157 57.625 4.5
      vertex -4.84974 56.25 4.5
      vertex -2.42487 60.45 4.5
    endloop
  endfacet
  facet normal 0 0 -1
    outer loop
      vertex -4.84974 56.25 4.5
      vertex -2.74411 56.4299 4.5
      vertex -2.75 56.25 4.5
    endloop
  endfacet
  facet normal 0 1 -0
    outer loop
      vertex 2.42487 78.95 1.90735e-07
      vertex -2.42487 78.95 4.5
      vertex 2.42487 78.95 4.5
    endloop
  endfacet
  facet normal 0 1 0
    outer loop
      vertex -2.42487 78.95 4.5
      vertex 2.42487 78.95 1.90735e-07
      vertex -2.42487 78.95 1.90735e-07
    endloop
  endfacet
  facet normal -0.866026 0.5 0
    outer loop
      vertex 2.42487 78.95 1.90735e-07
      vertex 4.84974 83.15 4.5
      vertex 4.84974 83.15 1.90735e-07
    endloop
  endfacet
  facet normal -0.866026 0.5 0
    outer loop
      vertex 4.84974 83.15 4.5
      vertex 2.42487 78.95 1.90735e-07
      vertex 2.42487 78.95 4.5
    endloop
  endfacet
  facet normal 0 -1 0
    outer loop
      vertex -2.42487 87.35 1.90735e-07
      vertex 2.42487 87.35 4.5
      vertex -2.42487 87.35 4.5
    endloop
  endfacet
  facet normal 0 -1 -0
    outer loop
      vertex 2.42487 87.35 4.5
      vertex -2.42487 87.35 1.90735e-07
      vertex 2.42487 87.35 1.90735e-07
    endloop
  endfacet
  facet normal -0.866026 -0.5 0
    outer loop
      vertex 4.84974 83.15 1.90735e-07
      vertex 2.42487 87.35 4.5
      vertex 2.42487 87.35 1.90735e-07
    endloop
  endfacet
  facet normal -0.866026 -0.5 0
    outer loop
      vertex 2.42487 87.35 4.5
      vertex 4.84974 83.15 1.90735e-07
      vertex 4.84974 83.15 4.5
    endloop
  endfacet
  facet normal 0.866026 -0.5 0
    outer loop
      vertex -4.84974 83.15 4.5
      vertex -2.42487 87.35 1.90735e-07
      vertex -2.42487 87.35 4.5
    endloop
  endfacet
  facet normal 0.866026 -0.5 0
    outer loop
      vertex -2.42487 87.35 1.90735e-07
      vertex -4.84974 83.15 4.5
      vertex -4.84974 83.15 1.90735e-07
    endloop
  endfacet
  facet normal 0.866026 0.5 0
    outer loop
      vertex -2.42487 78.95 4.5
      vertex -4.84974 83.15 1.90735e-07
      vertex -4.84974 83.15 4.5
    endloop
  endfacet
  facet normal 0.866026 0.5 0
    outer loop
      vertex -4.84974 83.15 1.90735e-07
      vertex -2.42487 78.95 4.5
      vertex -2.42487 78.95 1.90735e-07
    endloop
  endfacet
  facet normal -0 0 -1
    outer loop
      vertex 4.84974 83.15 4.5
      vertex 2.74411 82.9701 4.5
      vertex 2.75 83.15 4.5
    endloop
  endfacet
  facet normal 0 0 -1
    outer loop
      vertex 4.84974 83.15 4.5
      vertex 2.72647 82.7911 4.5
      vertex 2.74411 82.9701 4.5
    endloop
  endfacet
  facet normal 0 0 -1
    outer loop
      vertex 4.84974 83.15 4.5
      vertex 2.69716 82.6135 4.5
      vertex 2.72647 82.7911 4.5
    endloop
  endfacet
  facet normal 0 0 -1
    outer loop
      vertex 4.84974 83.15 4.5
      vertex 2.6563 82.4382 4.5
      vertex 2.69716 82.6135 4.5
    endloop
  endfacet
  facet normal 0 0 -1
    outer loop
      vertex 4.84974 83.15 4.5
      vertex 2.60406 82.266 4.5
      vertex 2.6563 82.4382 4.5
    endloop
  endfacet
  facet normal 0 0 -1
    outer loop
      vertex 4.84974 83.15 4.5
      vertex 2.54067 82.0976 4.5
      vertex 2.60406 82.266 4.5
    endloop
  endfacet
  facet normal 0 0 -1
    outer loop
      vertex 4.84974 83.15 4.5
      vertex 2.4664 81.9337 4.5
      vertex 2.54067 82.0976 4.5
    endloop
  endfacet
  facet normal 0 0 -1
    outer loop
      vertex 2.38157 81.775 4.5
      vertex 4.84974 83.15 4.5
      vertex 2.42487 78.95 4.5
    endloop
  endfacet
  facet normal 0 0 -1
    outer loop
      vertex 4.84974 83.15 4.5
      vertex 2.38157 81.775 4.5
      vertex 2.4664 81.9337 4.5
    endloop
  endfacet
  facet normal 0 0 -1
    outer loop
      vertex 2.42487 78.95 4.5
      vertex 2.28654 81.6222 4.5
      vertex 2.38157 81.775 4.5
    endloop
  endfacet
  facet normal 0 0 -1
    outer loop
      vertex 2.42487 78.95 4.5
      vertex 2.18172 81.4759 4.5
      vertex 2.28654 81.6222 4.5
    endloop
  endfacet
  facet normal 0 0 -1
    outer loop
      vertex 2.42487 78.95 4.5
      vertex 2.06756 81.3368 4.5
      vertex 2.18172 81.4759 4.5
    endloop
  endfacet
  facet normal 0 0 -1
    outer loop
      vertex 2.42487 78.95 4.5
      vertex 1.94454 81.2055 4.5
      vertex 2.06756 81.3368 4.5
    endloop
  endfacet
  facet normal 0 0 -1
    outer loop
      vertex 2.42487 78.95 4.5
      vertex 1.8132 81.0824 4.5
      vertex 1.94454 81.2055 4.5
    endloop
  endfacet
  facet normal 0 0 -1
    outer loop
      vertex 2.42487 78.95 4.5
      vertex 1.67409 80.9683 4.5
      vertex 1.8132 81.0824 4.5
    endloop
  endfacet
  facet normal 0 0 -1
    outer loop
      vertex 2.42487 78.95 4.5
      vertex 1.52782 80.8635 4.5
      vertex 1.67409 80.9683 4.5
    endloop
  endfacet
  facet normal 0 0 -1
    outer loop
      vertex 2.42487 78.95 4.5
      vertex 1.375 80.7684 4.5
      vertex 1.52782 80.8635 4.5
    endloop
  endfacet
  facet normal 0 0 -1
    outer loop
      vertex 2.42487 78.95 4.5
      vertex 1.21629 80.6836 4.5
      vertex 1.375 80.7684 4.5
    endloop
  endfacet
  facet normal 0 0 -1
    outer loop
      vertex 2.42487 78.95 4.5
      vertex 1.05238 80.6093 4.5
      vertex 1.21629 80.6836 4.5
    endloop
  endfacet
  facet normal 0 0 -1
    outer loop
      vertex 2.42487 78.95 4.5
      vertex 0.883958 80.5459 4.5
      vertex 1.05238 80.6093 4.5
    endloop
  endfacet
  facet normal 0 0 -1
    outer loop
      vertex 2.42487 78.95 4.5
      vertex 0.711752 80.4937 4.5
      vertex 0.883958 80.5459 4.5
    endloop
  endfacet
  facet normal 0 0 -1
    outer loop
      vertex 2.42487 78.95 4.5
      vertex 0.536498 80.4528 4.5
      vertex 0.711752 80.4937 4.5
    endloop
  endfacet
  facet normal 0 0 -1
    outer loop
      vertex 2.42487 78.95 4.5
      vertex 0.358947 80.4235 4.5
      vertex 0.536498 80.4528 4.5
    endloop
  endfacet
  facet normal 0 0 -1
    outer loop
      vertex 2.42487 78.95 4.5
      vertex 0.179858 80.4059 4.5
      vertex 0.358947 80.4235 4.5
    endloop
  endfacet
  facet normal 0 0 -1
    outer loop
      vertex 2.42487 78.95 4.5
      vertex 0 80.4 4.5
      vertex 0.179858 80.4059 4.5
    endloop
  endfacet
  facet normal 0 0 -1
    outer loop
      vertex -2.42487 78.95 4.5
      vertex 0 80.4 4.5
      vertex 2.42487 78.95 4.5
    endloop
  endfacet
  facet normal -0 0 -1
    outer loop
      vertex 0 80.4 4.5
      vertex -2.42487 78.95 4.5
      vertex -0.179858 80.4059 4.5
    endloop
  endfacet
  facet normal -0 0 -1
    outer loop
      vertex -0.179858 80.4059 4.5
      vertex -2.42487 78.95 4.5
      vertex -0.358947 80.4235 4.5
    endloop
  endfacet
  facet normal -0 0 -1
    outer loop
      vertex -0.358947 80.4235 4.5
      vertex -2.42487 78.95 4.5
      vertex -0.536498 80.4528 4.5
    endloop
  endfacet
  facet normal -0 0 -1
    outer loop
      vertex -0.536498 80.4528 4.5
      vertex -2.42487 78.95 4.5
      vertex -0.711752 80.4937 4.5
    endloop
  endfacet
  facet normal -0 0 -1
    outer loop
      vertex -0.711752 80.4937 4.5
      vertex -2.42487 78.95 4.5
      vertex -0.883958 80.5459 4.5
    endloop
  endfacet
  facet normal -0 0 -1
    outer loop
      vertex -0.883958 80.5459 4.5
      vertex -2.42487 78.95 4.5
      vertex -1.05238 80.6093 4.5
    endloop
  endfacet
  facet normal -0 0 -1
    outer loop
      vertex -1.05238 80.6093 4.5
      vertex -2.42487 78.95 4.5
      vertex -1.21629 80.6836 4.5
    endloop
  endfacet
  facet normal 0 0 -1
    outer loop
      vertex -2.42487 78.95 4.5
      vertex -1.375 80.7684 4.5
      vertex -1.21629 80.6836 4.5
    endloop
  endfacet
  facet normal 0 0 -1
    outer loop
      vertex -2.42487 78.95 4.5
      vertex -1.52782 80.8635 4.5
      vertex -1.375 80.7684 4.5
    endloop
  endfacet
  facet normal 0 0 -1
    outer loop
      vertex -2.42487 78.95 4.5
      vertex -1.67409 80.9683 4.5
      vertex -1.52782 80.8635 4.5
    endloop
  endfacet
  facet normal 0 0 -1
    outer loop
      vertex -2.42487 78.95 4.5
      vertex -1.8132 81.0824 4.5
      vertex -1.67409 80.9683 4.5
    endloop
  endfacet
  facet normal 0 0 -1
    outer loop
      vertex -2.42487 78.95 4.5
      vertex -1.94454 81.2055 4.5
      vertex -1.8132 81.0824 4.5
    endloop
  endfacet
  facet normal 0 0 -1
    outer loop
      vertex -2.42487 78.95 4.5
      vertex -2.06756 81.3368 4.5
      vertex -1.94454 81.2055 4.5
    endloop
  endfacet
  facet normal 0 0 -1
    outer loop
      vertex -2.42487 78.95 4.5
      vertex -2.18172 81.4759 4.5
      vertex -2.06756 81.3368 4.5
    endloop
  endfacet
  facet normal 0 0 -1
    outer loop
      vertex -2.42487 78.95 4.5
      vertex -2.28654 81.6222 4.5
      vertex -2.18172 81.4759 4.5
    endloop
  endfacet
  facet normal 0 0 -1
    outer loop
      vertex -2.42487 78.95 4.5
      vertex -2.38157 81.775 4.5
      vertex -2.28654 81.6222 4.5
    endloop
  endfacet
  facet normal 0 0 -1
    outer loop
      vertex -4.84974 83.15 4.5
      vertex -2.38157 81.775 4.5
      vertex -2.42487 78.95 4.5
    endloop
  endfacet
  facet normal 0 0 -1
    outer loop
      vertex -2.38157 81.775 4.5
      vertex -4.84974 83.15 4.5
      vertex -2.4664 81.9337 4.5
    endloop
  endfacet
  facet normal 0 0 -1
    outer loop
      vertex -2.4664 81.9337 4.5
      vertex -4.84974 83.15 4.5
      vertex -2.54067 82.0976 4.5
    endloop
  endfacet
  facet normal 0 0 -1
    outer loop
      vertex -2.54067 82.0976 4.5
      vertex -4.84974 83.15 4.5
      vertex -2.60406 82.266 4.5
    endloop
  endfacet
  facet normal 0 0 -1
    outer loop
      vertex -2.60406 82.266 4.5
      vertex -4.84974 83.15 4.5
      vertex -2.6563 82.4382 4.5
    endloop
  endfacet
  facet normal 0 0 -1
    outer loop
      vertex -2.6563 82.4382 4.5
      vertex -4.84974 83.15 4.5
      vertex -2.69716 82.6135 4.5
    endloop
  endfacet
  facet normal 0 0 -1
    outer loop
      vertex -2.69716 82.6135 4.5
      vertex -4.84974 83.15 4.5
      vertex -2.72647 82.7911 4.5
    endloop
  endfacet
  facet normal 0 0 -1
    outer loop
      vertex -2.74411 82.9701 4.5
      vertex -4.84974 83.15 4.5
      vertex -2.75 83.15 4.5
    endloop
  endfacet
  facet normal 0 0 -1
    outer loop
      vertex -2.72647 82.7911 4.5
      vertex -4.84974 83.15 4.5
      vertex -2.74411 82.9701 4.5
    endloop
  endfacet
  facet normal 0 0 -1
    outer loop
      vertex 2.74411 83.3299 4.5
      vertex 4.84974 83.15 4.5
      vertex 2.75 83.15 4.5
    endloop
  endfacet
  facet normal 0 0 -1
    outer loop
      vertex 2.72647 83.5089 4.5
      vertex 4.84974 83.15 4.5
      vertex 2.74411 83.3299 4.5
    endloop
  endfacet
  facet normal 0 0 -1
    outer loop
      vertex 2.69716 83.6865 4.5
      vertex 4.84974 83.15 4.5
      vertex 2.72647 83.5089 4.5
    endloop
  endfacet
  facet normal 0 0 -1
    outer loop
      vertex 2.6563 83.8618 4.5
      vertex 4.84974 83.15 4.5
      vertex 2.69716 83.6865 4.5
    endloop
  endfacet
  facet normal 0 0 -1
    outer loop
      vertex 2.60406 84.034 4.5
      vertex 4.84974 83.15 4.5
      vertex 2.6563 83.8618 4.5
    endloop
  endfacet
  facet normal 0 0 -1
    outer loop
      vertex 2.54067 84.2024 4.5
      vertex 4.84974 83.15 4.5
      vertex 2.60406 84.034 4.5
    endloop
  endfacet
  facet normal 0 0 -1
    outer loop
      vertex 2.4664 84.3663 4.5
      vertex 4.84974 83.15 4.5
      vertex 2.54067 84.2024 4.5
    endloop
  endfacet
  facet normal 0 0 -1
    outer loop
      vertex 2.38157 84.525 4.5
      vertex 4.84974 83.15 4.5
      vertex 2.4664 84.3663 4.5
    endloop
  endfacet
  facet normal 0 0 -1
    outer loop
      vertex 4.84974 83.15 4.5
      vertex 2.38157 84.525 4.5
      vertex 2.42487 87.35 4.5
    endloop
  endfacet
  facet normal 0 0 -1
    outer loop
      vertex 2.28654 84.6778 4.5
      vertex 2.42487 87.35 4.5
      vertex 2.38157 84.525 4.5
    endloop
  endfacet
  facet normal 0 0 -1
    outer loop
      vertex 2.18172 84.8241 4.5
      vertex 2.42487 87.35 4.5
      vertex 2.28654 84.6778 4.5
    endloop
  endfacet
  facet normal 0 0 -1
    outer loop
      vertex 2.06756 84.9632 4.5
      vertex 2.42487 87.35 4.5
      vertex 2.18172 84.8241 4.5
    endloop
  endfacet
  facet normal 0 0 -1
    outer loop
      vertex 1.94454 85.0945 4.5
      vertex 2.42487 87.35 4.5
      vertex 2.06756 84.9632 4.5
    endloop
  endfacet
  facet normal 0 0 -1
    outer loop
      vertex 1.8132 85.2176 4.5
      vertex 2.42487 87.35 4.5
      vertex 1.94454 85.0945 4.5
    endloop
  endfacet
  facet normal 0 0 -1
    outer loop
      vertex 1.67409 85.3317 4.5
      vertex 2.42487 87.35 4.5
      vertex 1.8132 85.2176 4.5
    endloop
  endfacet
  facet normal 0 0 -1
    outer loop
      vertex 1.52782 85.4365 4.5
      vertex 2.42487 87.35 4.5
      vertex 1.67409 85.3317 4.5
    endloop
  endfacet
  facet normal 0 0 -1
    outer loop
      vertex 1.375 85.5316 4.5
      vertex 2.42487 87.35 4.5
      vertex 1.52782 85.4365 4.5
    endloop
  endfacet
  facet normal 0 0 -1
    outer loop
      vertex 1.21629 85.6164 4.5
      vertex 2.42487 87.35 4.5
      vertex 1.375 85.5316 4.5
    endloop
  endfacet
  facet normal 0 0 -1
    outer loop
      vertex 1.05238 85.6907 4.5
      vertex 2.42487 87.35 4.5
      vertex 1.21629 85.6164 4.5
    endloop
  endfacet
  facet normal 0 0 -1
    outer loop
      vertex 0.883958 85.7541 4.5
      vertex 2.42487 87.35 4.5
      vertex 1.05238 85.6907 4.5
    endloop
  endfacet
  facet normal 0 0 -1
    outer loop
      vertex 0.711752 85.8063 4.5
      vertex 2.42487 87.35 4.5
      vertex 0.883958 85.7541 4.5
    endloop
  endfacet
  facet normal 0 0 -1
    outer loop
      vertex 0.536498 85.8472 4.5
      vertex 2.42487 87.35 4.5
      vertex 0.711752 85.8063 4.5
    endloop
  endfacet
  facet normal 0 0 -1
    outer loop
      vertex 0.358947 85.8765 4.5
      vertex 2.42487 87.35 4.5
      vertex 0.536498 85.8472 4.5
    endloop
  endfacet
  facet normal 0 0 -1
    outer loop
      vertex 0.179858 85.8941 4.5
      vertex 2.42487 87.35 4.5
      vertex 0.358947 85.8765 4.5
    endloop
  endfacet
  facet normal 0 0 -1
    outer loop
      vertex 0 85.9 4.5
      vertex 2.42487 87.35 4.5
      vertex 0.179858 85.8941 4.5
    endloop
  endfacet
  facet normal 0 0 -1
    outer loop
      vertex -2.42487 87.35 4.5
      vertex 0 85.9 4.5
      vertex -0.179858 85.8941 4.5
    endloop
  endfacet
  facet normal 0 0 -1
    outer loop
      vertex -2.42487 87.35 4.5
      vertex -0.179858 85.8941 4.5
      vertex -0.358947 85.8765 4.5
    endloop
  endfacet
  facet normal 0 0 -1
    outer loop
      vertex -2.42487 87.35 4.5
      vertex -0.358947 85.8765 4.5
      vertex -0.536498 85.8472 4.5
    endloop
  endfacet
  facet normal 0 0 -1
    outer loop
      vertex -2.42487 87.35 4.5
      vertex -0.536498 85.8472 4.5
      vertex -0.711752 85.8063 4.5
    endloop
  endfacet
  facet normal 0 0 -1
    outer loop
      vertex -2.42487 87.35 4.5
      vertex -0.711752 85.8063 4.5
      vertex -0.883958 85.7541 4.5
    endloop
  endfacet
  facet normal 0 0 -1
    outer loop
      vertex -2.42487 87.35 4.5
      vertex -0.883958 85.7541 4.5
      vertex -1.05238 85.6907 4.5
    endloop
  endfacet
  facet normal 0 0 -1
    outer loop
      vertex -2.42487 87.35 4.5
      vertex -1.05238 85.6907 4.5
      vertex -1.21629 85.6164 4.5
    endloop
  endfacet
  facet normal 0 0 -1
    outer loop
      vertex 0 85.9 4.5
      vertex -2.42487 87.35 4.5
      vertex 2.42487 87.35 4.5
    endloop
  endfacet
  facet normal 0 0 -1
    outer loop
      vertex -1.375 85.5316 4.5
      vertex -2.42487 87.35 4.5
      vertex -1.21629 85.6164 4.5
    endloop
  endfacet
  facet normal 0 0 -1
    outer loop
      vertex -1.52782 85.4365 4.5
      vertex -2.42487 87.35 4.5
      vertex -1.375 85.5316 4.5
    endloop
  endfacet
  facet normal 0 0 -1
    outer loop
      vertex -1.67409 85.3317 4.5
      vertex -2.42487 87.35 4.5
      vertex -1.52782 85.4365 4.5
    endloop
  endfacet
  facet normal 0 0 -1
    outer loop
      vertex -1.8132 85.2176 4.5
      vertex -2.42487 87.35 4.5
      vertex -1.67409 85.3317 4.5
    endloop
  endfacet
  facet normal 0 0 -1
    outer loop
      vertex -1.94454 85.0945 4.5
      vertex -2.42487 87.35 4.5
      vertex -1.8132 85.2176 4.5
    endloop
  endfacet
  facet normal 0 0 -1
    outer loop
      vertex -2.06756 84.9632 4.5
      vertex -2.42487 87.35 4.5
      vertex -1.94454 85.0945 4.5
    endloop
  endfacet
  facet normal 0 0 -1
    outer loop
      vertex -2.18172 84.8241 4.5
      vertex -2.42487 87.35 4.5
      vertex -2.06756 84.9632 4.5
    endloop
  endfacet
  facet normal 0 0 -1
    outer loop
      vertex -2.28654 84.6778 4.5
      vertex -2.42487 87.35 4.5
      vertex -2.18172 84.8241 4.5
    endloop
  endfacet
  facet normal 0 0 -1
    outer loop
      vertex -2.38157 84.525 4.5
      vertex -2.42487 87.35 4.5
      vertex -2.28654 84.6778 4.5
    endloop
  endfacet
  facet normal 0 0 -1
    outer loop
      vertex -4.84974 83.15 4.5
      vertex -2.38157 84.525 4.5
      vertex -2.4664 84.3663 4.5
    endloop
  endfacet
  facet normal 0 0 -1
    outer loop
      vertex -4.84974 83.15 4.5
      vertex -2.4664 84.3663 4.5
      vertex -2.54067 84.2024 4.5
    endloop
  endfacet
  facet normal 0 0 -1
    outer loop
      vertex -4.84974 83.15 4.5
      vertex -2.54067 84.2024 4.5
      vertex -2.60406 84.034 4.5
    endloop
  endfacet
  facet normal 0 0 -1
    outer loop
      vertex -4.84974 83.15 4.5
      vertex -2.60406 84.034 4.5
      vertex -2.6563 83.8618 4.5
    endloop
  endfacet
  facet normal 0 0 -1
    outer loop
      vertex -4.84974 83.15 4.5
      vertex -2.6563 83.8618 4.5
      vertex -2.69716 83.6865 4.5
    endloop
  endfacet
  facet normal 0 0 -1
    outer loop
      vertex -4.84974 83.15 4.5
      vertex -2.69716 83.6865 4.5
      vertex -2.72647 83.5089 4.5
    endloop
  endfacet
  facet normal 0 0 -1
    outer loop
      vertex -4.84974 83.15 4.5
      vertex -2.72647 83.5089 4.5
      vertex -2.74411 83.3299 4.5
    endloop
  endfacet
  facet normal -0 0 -1
    outer loop
      vertex -2.38157 84.525 4.5
      vertex -4.84974 83.15 4.5
      vertex -2.42487 87.35 4.5
    endloop
  endfacet
  facet normal 0 0 -1
    outer loop
      vertex -4.84974 83.15 4.5
      vertex -2.74411 83.3299 4.5
      vertex -2.75 83.15 4.5
    endloop
  endfacet
  facet normal 1 0 0
    outer loop
      vertex 25 79.1265 12.5822
      vertex 25 89.4 12.7
      vertex 25 79.1303 12.7
    endloop
  endfacet
  facet normal 1 0 0
    outer loop
      vertex 25 79.0748 12.0571
      vertex 25 89.4 12.7
      vertex 25 79.1265 12.5822
    endloop
  endfacet
  facet normal 1 0 0
    outer loop
      vertex 25 79.0659 11.967
      vertex 25 89.4 12.7
      vertex 25 79.0748 12.0571
    endloop
  endfacet
  facet normal 1 0 0
    outer loop
      vertex 25 78.9799 11.4464
      vertex 25 89.4 12.7
      vertex 25 79.0659 11.967
    endloop
  endfacet
  facet normal 1 0 0
    outer loop
      vertex 25 78.9652 11.357
      vertex 25 89.4 12.7
      vertex 25 78.9799 11.4464
    endloop
  endfacet
  facet normal 1 0 0
    outer loop
      vertex 25 78.9446 11.2688
      vertex 25 89.4 12.7
      vertex 25 78.9652 11.357
    endloop
  endfacet
  facet normal 1 0 0
    outer loop
      vertex 25 78.8248 10.755
      vertex 25 89.4 12.7
      vertex 25 78.9446 11.2688
    endloop
  endfacet
  facet normal 1 0 0
    outer loop
      vertex 25 78.7985 10.6683
      vertex 25 89.4 12.7
      vertex 25 78.8248 10.755
    endloop
  endfacet
  facet normal 1 0 0
    outer loop
      vertex 25 78.6454 10.1635
      vertex 25 89.4 12.7
      vertex 25 78.7985 10.6683
    endloop
  endfacet
  facet normal 1 0 0
    outer loop
      vertex 25 78.4595 9.66972
      vertex 25 89.4 12.7
      vertex 25 78.6454 10.1635
    endloop
  endfacet
  facet normal 1 0 0
    outer loop
      vertex 25 78.4276 9.58491
      vertex 25 89.4 12.7
      vertex 25 78.4595 9.66972
    endloop
  endfacet
  facet normal 1 0 0
    outer loop
      vertex 25 89.4 12.7
      vertex 25 78.4276 9.58491
      vertex 25 89.4 1.90735e-07
    endloop
  endfacet
  facet normal 1 -0 0
    outer loop
      vertex 25 78.3902 9.50237
      vertex 25 89.4 1.90735e-07
      vertex 25 78.4276 9.58491
    endloop
  endfacet
  facet normal 1 -0 0
    outer loop
      vertex 25 78.1725 9.02184
      vertex 25 89.4 1.90735e-07
      vertex 25 78.3902 9.50237
    endloop
  endfacet
  facet normal 1 -0 0
    outer loop
      vertex 25 78.1298 8.94192
      vertex 25 89.4 1.90735e-07
      vertex 25 78.1725 9.02184
    endloop
  endfacet
  facet normal 1 -0 0
    outer loop
      vertex 25 77.8811 8.47666
      vertex 25 89.4 1.90735e-07
      vertex 25 78.1298 8.94192
    endloop
  endfacet
  facet normal 1 -0 0
    outer loop
      vertex 25 77.6025 8.02865
      vertex 25 89.4 1.90735e-07
      vertex 25 77.8811 8.47666
    endloop
  endfacet
  facet normal 1 -0 0
    outer loop
      vertex 25 77.5546 7.9517
      vertex 25 89.4 1.90735e-07
      vertex 25 77.6025 8.02865
    endloop
  endfacet
  facet normal 1 -0 0
    outer loop
      vertex 25 77.2473 7.52288
      vertex 25 89.4 1.90735e-07
      vertex 25 77.5546 7.9517
    endloop
  endfacet
  facet normal 1 -0 0
    outer loop
      vertex 25 77.1946 7.44922
      vertex 25 89.4 1.90735e-07
      vertex 25 77.2473 7.52288
    endloop
  endfacet
  facet normal 1 -0 0
    outer loop
      vertex 25 77.1371 7.37917
      vertex 25 89.4 1.90735e-07
      vertex 25 77.1946 7.44922
    endloop
  endfacet
  facet normal 1 -0 0
    outer loop
      vertex 25 76.8024 6.97137
      vertex 25 89.4 1.90735e-07
      vertex 25 77.1371 7.37917
    endloop
  endfacet
  facet normal 1 -0 0
    outer loop
      vertex 25 76.4418 6.58632
      vertex 25 89.4 1.90735e-07
      vertex 25 76.8024 6.97137
    endloop
  endfacet
  facet normal 1 -0 0
    outer loop
      vertex 25 76.3798 6.52018
      vertex 25 89.4 1.90735e-07
      vertex 25 76.4418 6.58632
    endloop
  endfacet
  facet normal 1 -0 0
    outer loop
      vertex 25 76.3137 6.45824
      vertex 25 89.4 1.90735e-07
      vertex 25 76.3798 6.52018
    endloop
  endfacet
  facet normal 1 -0 0
    outer loop
      vertex 25 75.9286 6.0976
      vertex 25 89.4 1.90735e-07
      vertex 25 76.3137 6.45824
    endloop
  endfacet
  facet normal 1 -0 0
    outer loop
      vertex 25 75.5208 5.76292
      vertex 25 89.4 1.90735e-07
      vertex 25 75.9286 6.0976
    endloop
  endfacet
  facet normal 1 -0 0
    outer loop
      vertex 25 75.4508 5.70544
      vertex 25 89.4 1.90735e-07
      vertex 25 75.5208 5.76292
    endloop
  endfacet
  facet normal 1 -0 0
    outer loop
      vertex 25 75.3771 5.65266
      vertex 25 89.4 1.90735e-07
      vertex 25 75.4508 5.70544
    endloop
  endfacet
  facet normal 1 -0 0
    outer loop
      vertex 25 74.9483 5.34537
      vertex 25 89.4 1.90735e-07
      vertex 25 75.3771 5.65266
    endloop
  endfacet
  facet normal 1 -0 0
    outer loop
      vertex 25 74.8713 5.29751
      vertex 25 89.4 1.90735e-07
      vertex 25 74.9483 5.34537
    endloop
  endfacet
  facet normal 1 -0 0
    outer loop
      vertex 25 74.4233 5.01893
      vertex 25 89.4 1.90735e-07
      vertex 25 74.8713 5.29751
    endloop
  endfacet
  facet normal 1 -0 0
    outer loop
      vertex 25 73.9581 4.77024
      vertex 25 89.4 1.90735e-07
      vertex 25 74.4233 5.01893
    endloop
  endfacet
  facet normal 1 -0 0
    outer loop
      vertex 25 73.8782 4.72752
      vertex 25 89.4 1.90735e-07
      vertex 25 73.9581 4.77024
    endloop
  endfacet
  facet normal 1 -0 0
    outer loop
      vertex 25 73.3976 4.5098
      vertex 25 89.4 1.90735e-07
      vertex 25 73.8782 4.72752
    endloop
  endfacet
  facet normal 1 -0 0
    outer loop
      vertex 25 73.3151 4.4724
      vertex 25 89.4 1.90735e-07
      vertex 25 73.3976 4.5098
    endloop
  endfacet
  facet normal 1 -0 0
    outer loop
      vertex 25 73.2303 4.44048
      vertex 25 89.4 1.90735e-07
      vertex 25 73.3151 4.4724
    endloop
  endfacet
  facet normal 1 -0 0
    outer loop
      vertex 25 72.7365 4.25465
      vertex 25 89.4 1.90735e-07
      vertex 25 73.2303 4.44048
    endloop
  endfacet
  facet normal 1 -0 0
    outer loop
      vertex 25 72.2317 4.1015
      vertex 25 89.4 1.90735e-07
      vertex 25 72.7365 4.25465
    endloop
  endfacet
  facet normal 1 -0 0
    outer loop
      vertex 25 72.145 4.0752
      vertex 25 89.4 1.90735e-07
      vertex 25 72.2317 4.1015
    endloop
  endfacet
  facet normal 1 -0 0
    outer loop
      vertex 25 71.6312 3.9554
      vertex 25 89.4 1.90735e-07
      vertex 25 72.145 4.0752
    endloop
  endfacet
  facet normal 1 -0 0
    outer loop
      vertex 25 71.543 3.93483
      vertex 25 89.4 1.90735e-07
      vertex 25 71.6312 3.9554
    endloop
  endfacet
  facet normal 1 -0 0
    outer loop
      vertex 25 71.4536 3.92007
      vertex 25 89.4 1.90735e-07
      vertex 25 71.543 3.93483
    endloop
  endfacet
  facet normal 1 -0 0
    outer loop
      vertex 25 70.933 3.83413
      vertex 25 89.4 1.90735e-07
      vertex 25 71.4536 3.92007
    endloop
  endfacet
  facet normal 1 -0 0
    outer loop
      vertex 25 70.8429 3.82525
      vertex 25 89.4 1.90735e-07
      vertex 25 70.933 3.83413
    endloop
  endfacet
  facet normal 1 -0 0
    outer loop
      vertex 25 70.3178 3.77354
      vertex 25 89.4 1.90735e-07
      vertex 25 70.8429 3.82525
    endloop
  endfacet
  facet normal 1 -0 0
    outer loop
      vertex 25 69.7906 3.75628
      vertex 25 89.4 1.90735e-07
      vertex 25 70.3178 3.77354
    endloop
  endfacet
  facet normal 1 -0 0
    outer loop
      vertex 25 69.7 3.75331
      vertex 25 89.4 1.90735e-07
      vertex 25 69.7906 3.75628
    endloop
  endfacet
  facet normal 1 0 0
    outer loop
      vertex 25 50 1.90735e-07
      vertex 25 69.7 3.75331
      vertex 25 69.6094 3.75628
    endloop
  endfacet
  facet normal 1 0 0
    outer loop
      vertex 25 50 1.90735e-07
      vertex 25 69.6094 3.75628
      vertex 25 69.0822 3.77354
    endloop
  endfacet
  facet normal 1 0 0
    outer loop
      vertex 25 50 1.90735e-07
      vertex 25 69.0822 3.77354
      vertex 25 68.5571 3.82525
    endloop
  endfacet
  facet normal 1 0 0
    outer loop
      vertex 25 50 1.90735e-07
      vertex 25 68.5571 3.82525
      vertex 25 68.467 3.83413
    endloop
  endfacet
  facet normal 1 0 0
    outer loop
      vertex 25 50 1.90735e-07
      vertex 25 68.467 3.83413
      vertex 25 67.9464 3.92007
    endloop
  endfacet
  facet normal 1 0 0
    outer loop
      vertex 25 50 1.90735e-07
      vertex 25 67.9464 3.92007
      vertex 25 67.857 3.93483
    endloop
  endfacet
  facet normal 1 0 0
    outer loop
      vertex 25 50 1.90735e-07
      vertex 25 66.0024 4.5098
      vertex 25 65.5218 4.72752
    endloop
  endfacet
  facet normal 1 0 0
    outer loop
      vertex 25 50 1.90735e-07
      vertex 25 64.5287 5.29751
      vertex 25 64.4517 5.34537
    endloop
  endfacet
  facet normal 1 0 0
    outer loop
      vertex 25 50 1.90735e-07
      vertex 25 64.0229 5.65266
      vertex 25 63.9492 5.70544
    endloop
  endfacet
  facet normal 1 0 0
    outer loop
      vertex 25 50 1.90735e-07
      vertex 25 63.8792 5.76292
      vertex 25 63.4714 6.0976
    endloop
  endfacet
  facet normal 1 0 0
    outer loop
      vertex 25 50 1.90735e-07
      vertex 25 62.2629 7.37917
      vertex 25 62.2054 7.44922
    endloop
  endfacet
  facet normal 1 0 0
    outer loop
      vertex 25 50 1.90735e-07
      vertex 25 62.1527 7.52288
      vertex 25 61.8454 7.9517
    endloop
  endfacet
  facet normal 1 0 0
    outer loop
      vertex 25 50 1.90735e-07
      vertex 25 61.0098 9.50237
      vertex 25 60.9724 9.58491
    endloop
  endfacet
  facet normal 1 0 0
    outer loop
      vertex 25 50 12.7
      vertex 25 60.9405 9.66972
      vertex 25 60.7546 10.1635
    endloop
  endfacet
  facet normal 1 0 0
    outer loop
      vertex 25 50 12.7
      vertex 25 60.6015 10.6683
      vertex 25 60.5752 10.755
    endloop
  endfacet
  facet normal 1 0 0
    outer loop
      vertex 25 50 12.7
      vertex 25 60.4201 11.4464
      vertex 25 60.3341 11.967
    endloop
  endfacet
  facet normal 1 -0 0
    outer loop
      vertex 25 50 12.7
      vertex 25 60.2735 12.5822
      vertex 25 60.2697 12.7
    endloop
  endfacet
  facet normal 1 0 0
    outer loop
      vertex 25 50 12.7
      vertex 25 60.3252 12.0571
      vertex 25 60.2735 12.5822
    endloop
  endfacet
  facet normal 1 0 0
    outer loop
      vertex 25 50 12.7
      vertex 25 60.3341 11.967
      vertex 25 60.3252 12.0571
    endloop
  endfacet
  facet normal 1 0 0
    outer loop
      vertex 25 60.4201 11.4464
      vertex 25 50 12.7
      vertex 25 60.4348 11.357
    endloop
  endfacet
  facet normal 1 0 0
    outer loop
      vertex 25 50 12.7
      vertex 25 60.4554 11.2688
      vertex 25 60.4348 11.357
    endloop
  endfacet
  facet normal 1 0 0
    outer loop
      vertex 25 50 12.7
      vertex 25 60.5752 10.755
      vertex 25 60.4554 11.2688
    endloop
  endfacet
  facet normal 1 0 0
    outer loop
      vertex 25 60.6015 10.6683
      vertex 25 50 12.7
      vertex 25 60.7546 10.1635
    endloop
  endfacet
  facet normal 1 0 0
    outer loop
      vertex 25 60.9405 9.66972
      vertex 25 50 12.7
      vertex 25 60.9724 9.58491
    endloop
  endfacet
  facet normal 1 0 0
    outer loop
      vertex 25 50 1.90735e-07
      vertex 25 60.9724 9.58491
      vertex 25 50 12.7
    endloop
  endfacet
  facet normal 1 0 0
    outer loop
      vertex 25 61.0098 9.50237
      vertex 25 50 1.90735e-07
      vertex 25 61.2275 9.02184
    endloop
  endfacet
  facet normal 1 0 0
    outer loop
      vertex 25 61.2275 9.02184
      vertex 25 50 1.90735e-07
      vertex 25 61.2702 8.94192
    endloop
  endfacet
  facet normal 1 0 0
    outer loop
      vertex 25 61.2702 8.94192
      vertex 25 50 1.90735e-07
      vertex 25 61.5189 8.47666
    endloop
  endfacet
  facet normal 1 0 0
    outer loop
      vertex 25 61.5189 8.47666
      vertex 25 50 1.90735e-07
      vertex 25 61.7975 8.02865
    endloop
  endfacet
  facet normal 1 0 0
    outer loop
      vertex 25 61.7975 8.02865
      vertex 25 50 1.90735e-07
      vertex 25 61.8454 7.9517
    endloop
  endfacet
  facet normal 1 0 0
    outer loop
      vertex 25 62.1527 7.52288
      vertex 25 50 1.90735e-07
      vertex 25 62.2054 7.44922
    endloop
  endfacet
  facet normal 1 0 0
    outer loop
      vertex 25 62.2629 7.37917
      vertex 25 50 1.90735e-07
      vertex 25 62.5976 6.97137
    endloop
  endfacet
  facet normal 1 0 0
    outer loop
      vertex 25 62.5976 6.97137
      vertex 25 50 1.90735e-07
      vertex 25 62.9582 6.58632
    endloop
  endfacet
  facet normal 1 0 0
    outer loop
      vertex 25 62.9582 6.58632
      vertex 25 50 1.90735e-07
      vertex 25 63.0202 6.52018
    endloop
  endfacet
  facet normal 1 0 0
    outer loop
      vertex 25 63.0202 6.52018
      vertex 25 50 1.90735e-07
      vertex 25 63.0863 6.45824
    endloop
  endfacet
  facet normal 1 0 0
    outer loop
      vertex 25 63.0863 6.45824
      vertex 25 50 1.90735e-07
      vertex 25 63.4714 6.0976
    endloop
  endfacet
  facet normal 1 0 0
    outer loop
      vertex 25 63.8792 5.76292
      vertex 25 50 1.90735e-07
      vertex 25 63.9492 5.70544
    endloop
  endfacet
  facet normal 1 0 0
    outer loop
      vertex 25 64.0229 5.65266
      vertex 25 50 1.90735e-07
      vertex 25 64.4517 5.34537
    endloop
  endfacet
  facet normal 1 0 0
    outer loop
      vertex 25 64.5287 5.29751
      vertex 25 50 1.90735e-07
      vertex 25 64.9767 5.01893
    endloop
  endfacet
  facet normal 1 0 0
    outer loop
      vertex 25 64.9767 5.01893
      vertex 25 50 1.90735e-07
      vertex 25 65.4419 4.77024
    endloop
  endfacet
  facet normal 1 0 0
    outer loop
      vertex 25 69.7 3.75331
      vertex 25 50 1.90735e-07
      vertex 25 89.4 1.90735e-07
    endloop
  endfacet
  facet normal 1 0 0
    outer loop
      vertex 25 67.7688 3.9554
      vertex 25 50 1.90735e-07
      vertex 25 67.857 3.93483
    endloop
  endfacet
  facet normal 1 0 0
    outer loop
      vertex 25 67.255 4.0752
      vertex 25 50 1.90735e-07
      vertex 25 67.7688 3.9554
    endloop
  endfacet
  facet normal 1 0 0
    outer loop
      vertex 25 67.1683 4.1015
      vertex 25 50 1.90735e-07
      vertex 25 67.255 4.0752
    endloop
  endfacet
  facet normal 1 0 0
    outer loop
      vertex 25 66.6635 4.25465
      vertex 25 50 1.90735e-07
      vertex 25 67.1683 4.1015
    endloop
  endfacet
  facet normal 1 0 0
    outer loop
      vertex 25 66.1697 4.44048
      vertex 25 50 1.90735e-07
      vertex 25 66.6635 4.25465
    endloop
  endfacet
  facet normal 1 0 0
    outer loop
      vertex 25 66.0849 4.4724
      vertex 25 50 1.90735e-07
      vertex 25 66.1697 4.44048
    endloop
  endfacet
  facet normal 1 0 0
    outer loop
      vertex 25 66.0024 4.5098
      vertex 25 50 1.90735e-07
      vertex 25 66.0849 4.4724
    endloop
  endfacet
  facet normal 1 0 0
    outer loop
      vertex 25 65.4419 4.77024
      vertex 25 50 1.90735e-07
      vertex 25 65.5218 4.72752
    endloop
  endfacet
  facet normal 0 0 1
    outer loop
      vertex 25 89.4 12.7
      vertex 23.8472 77.9852 12.7
      vertex 25 79.1303 12.7
    endloop
  endfacet
  facet normal 0 0 1
    outer loop
      vertex 25 89.4 12.7
      vertex 23.745 77.8836 12.7
      vertex 23.8472 77.9852 12.7
    endloop
  endfacet
  facet normal -0 0 1
    outer loop
      vertex 2.72647 83.5089 12.7
      vertex 23.745 77.8836 12.7
      vertex 25 89.4 12.7
    endloop
  endfacet
  facet normal 0 0 1
    outer loop
      vertex 23.745 77.8836 12.7
      vertex 2.74411 83.3299 12.7
      vertex 2.75 83.15 12.7
    endloop
  endfacet
  facet normal 0 0 1
    outer loop
      vertex 23.745 77.8836 12.7
      vertex 2.72647 83.5089 12.7
      vertex 2.74411 83.3299 12.7
    endloop
  endfacet
  facet normal 0 0 1
    outer loop
      vertex 25 89.4 12.7
      vertex 2.69716 83.6865 12.7
      vertex 2.72647 83.5089 12.7
    endloop
  endfacet
  facet normal 0 0 1
    outer loop
      vertex 25 89.4 12.7
      vertex 2.6563 83.8618 12.7
      vertex 2.69716 83.6865 12.7
    endloop
  endfacet
  facet normal 0 0 1
    outer loop
      vertex 25 89.4 12.7
      vertex 2.60406 84.034 12.7
      vertex 2.6563 83.8618 12.7
    endloop
  endfacet
  facet normal 0 0 1
    outer loop
      vertex 25 89.4 12.7
      vertex 2.54067 84.2024 12.7
      vertex 2.60406 84.034 12.7
    endloop
  endfacet
  facet normal 0 0 1
    outer loop
      vertex 25 89.4 12.7
      vertex 2.4664 84.3663 12.7
      vertex 2.54067 84.2024 12.7
    endloop
  endfacet
  facet normal 0 0 1
    outer loop
      vertex 25 89.4 12.7
      vertex 2.38157 84.525 12.7
      vertex 2.4664 84.3663 12.7
    endloop
  endfacet
  facet normal 0 0 1
    outer loop
      vertex 25 89.4 12.7
      vertex 2.28654 84.6778 12.7
      vertex 2.38157 84.525 12.7
    endloop
  endfacet
  facet normal 0 0 1
    outer loop
      vertex 25 89.4 12.7
      vertex 2.18172 84.8241 12.7
      vertex 2.28654 84.6778 12.7
    endloop
  endfacet
  facet normal 0 0 1
    outer loop
      vertex 25 89.4 12.7
      vertex 2.06756 84.9632 12.7
      vertex 2.18172 84.8241 12.7
    endloop
  endfacet
  facet normal 0 0 1
    outer loop
      vertex 25 89.4 12.7
      vertex 1.94454 85.0945 12.7
      vertex 2.06756 84.9632 12.7
    endloop
  endfacet
  facet normal 0 0 1
    outer loop
      vertex 25 89.4 12.7
      vertex 1.8132 85.2176 12.7
      vertex 1.94454 85.0945 12.7
    endloop
  endfacet
  facet normal 0 0 1
    outer loop
      vertex 25 89.4 12.7
      vertex 1.67409 85.3317 12.7
      vertex 1.8132 85.2176 12.7
    endloop
  endfacet
  facet normal 0 0 1
    outer loop
      vertex 25 89.4 12.7
      vertex 1.52782 85.4365 12.7
      vertex 1.67409 85.3317 12.7
    endloop
  endfacet
  facet normal 0 0 1
    outer loop
      vertex 25 89.4 12.7
      vertex 1.375 85.5316 12.7
      vertex 1.52782 85.4365 12.7
    endloop
  endfacet
  facet normal 0 0 1
    outer loop
      vertex 25 89.4 12.7
      vertex 1.21629 85.6164 12.7
      vertex 1.375 85.5316 12.7
    endloop
  endfacet
  facet normal 0 0 1
    outer loop
      vertex 25 89.4 12.7
      vertex 1.05238 85.6907 12.7
      vertex 1.21629 85.6164 12.7
    endloop
  endfacet
  facet normal 0 0 1
    outer loop
      vertex 25 89.4 12.7
      vertex 0.883958 85.7541 12.7
      vertex 1.05238 85.6907 12.7
    endloop
  endfacet
  facet normal 0 0 1
    outer loop
      vertex 25 89.4 12.7
      vertex 0.711752 85.8063 12.7
      vertex 0.883958 85.7541 12.7
    endloop
  endfacet
  facet normal 0 0 1
    outer loop
      vertex 25 89.4 12.7
      vertex 0.536498 85.8472 12.7
      vertex 0.711752 85.8063 12.7
    endloop
  endfacet
  facet normal 0 0 1
    outer loop
      vertex 25 89.4 12.7
      vertex 0.358947 85.8765 12.7
      vertex 0.536498 85.8472 12.7
    endloop
  endfacet
  facet normal 0 0 1
    outer loop
      vertex 25 89.4 12.7
      vertex 0.179858 85.8941 12.7
      vertex 0.358947 85.8765 12.7
    endloop
  endfacet
  facet normal 0 0 1
    outer loop
      vertex 25 89.4 12.7
      vertex 0 85.9 12.7
      vertex 0.179858 85.8941 12.7
    endloop
  endfacet
  facet normal -0 0 1
    outer loop
      vertex -25 89.4 12.7
      vertex 0 85.9 12.7
      vertex 25 89.4 12.7
    endloop
  endfacet
  facet normal 0 0 1
    outer loop
      vertex 0 85.9 12.7
      vertex -25 89.4 12.7
      vertex -0.179858 85.8941 12.7
    endloop
  endfacet
  facet normal 0 0 1
    outer loop
      vertex -2.74411 83.3299 12.7
      vertex -23.745 77.8836 12.7
      vertex -2.75 83.15 12.7
    endloop
  endfacet
  facet normal 0 0 1
    outer loop
      vertex -2.72647 83.5089 12.7
      vertex -23.745 77.8836 12.7
      vertex -2.74411 83.3299 12.7
    endloop
  endfacet
  facet normal 0 0 1
    outer loop
      vertex -25 89.4 12.7
      vertex -2.72647 83.5089 12.7
      vertex -2.69716 83.6865 12.7
    endloop
  endfacet
  facet normal 0 0 1
    outer loop
      vertex -25 89.4 12.7
      vertex -2.69716 83.6865 12.7
      vertex -2.6563 83.8618 12.7
    endloop
  endfacet
  facet normal 0 0 1
    outer loop
      vertex -25 89.4 12.7
      vertex -2.6563 83.8618 12.7
      vertex -2.60406 84.034 12.7
    endloop
  endfacet
  facet normal 0 0 1
    outer loop
      vertex -25 89.4 12.7
      vertex -2.60406 84.034 12.7
      vertex -2.54067 84.2024 12.7
    endloop
  endfacet
  facet normal 0 0 1
    outer loop
      vertex -25 89.4 12.7
      vertex -2.54067 84.2024 12.7
      vertex -2.4664 84.3663 12.7
    endloop
  endfacet
  facet normal 0 0 1
    outer loop
      vertex -25 89.4 12.7
      vertex -2.4664 84.3663 12.7
      vertex -2.38157 84.525 12.7
    endloop
  endfacet
  facet normal 0 0 1
    outer loop
      vertex -25 89.4 12.7
      vertex -2.38157 84.525 12.7
      vertex -2.28654 84.6778 12.7
    endloop
  endfacet
  facet normal 0 0 1
    outer loop
      vertex -25 89.4 12.7
      vertex -2.28654 84.6778 12.7
      vertex -2.18172 84.8241 12.7
    endloop
  endfacet
  facet normal 0 0 1
    outer loop
      vertex -25 89.4 12.7
      vertex -2.18172 84.8241 12.7
      vertex -2.06756 84.9632 12.7
    endloop
  endfacet
  facet normal 0 0 1
    outer loop
      vertex -25 89.4 12.7
      vertex -2.06756 84.9632 12.7
      vertex -1.94454 85.0945 12.7
    endloop
  endfacet
  facet normal 0 0 1
    outer loop
      vertex -25 89.4 12.7
      vertex -1.94454 85.0945 12.7
      vertex -1.8132 85.2176 12.7
    endloop
  endfacet
  facet normal 0 0 1
    outer loop
      vertex -25 89.4 12.7
      vertex -1.8132 85.2176 12.7
      vertex -1.67409 85.3317 12.7
    endloop
  endfacet
  facet normal 0 0 1
    outer loop
      vertex -25 89.4 12.7
      vertex -1.67409 85.3317 12.7
      vertex -1.52782 85.4365 12.7
    endloop
  endfacet
  facet normal 0 0 1
    outer loop
      vertex -25 89.4 12.7
      vertex -1.52782 85.4365 12.7
      vertex -1.375 85.5316 12.7
    endloop
  endfacet
  facet normal 0 0 1
    outer loop
      vertex -25 89.4 12.7
      vertex -1.375 85.5316 12.7
      vertex -1.21629 85.6164 12.7
    endloop
  endfacet
  facet normal 0 0 1
    outer loop
      vertex -25 89.4 12.7
      vertex -1.21629 85.6164 12.7
      vertex -1.05238 85.6907 12.7
    endloop
  endfacet
  facet normal 0 0 1
    outer loop
      vertex -25 89.4 12.7
      vertex -1.05238 85.6907 12.7
      vertex -0.883958 85.7541 12.7
    endloop
  endfacet
  facet normal 0 0 1
    outer loop
      vertex -2.72647 83.5089 12.7
      vertex -25 89.4 12.7
      vertex -23.745 77.8836 12.7
    endloop
  endfacet
  facet normal 0 0 1
    outer loop
      vertex -0.179858 85.8941 12.7
      vertex -25 89.4 12.7
      vertex -0.358947 85.8765 12.7
    endloop
  endfacet
  facet normal 0 0 1
    outer loop
      vertex -25 89.4 12.7
      vertex -0.536498 85.8472 12.7
      vertex -0.358947 85.8765 12.7
    endloop
  endfacet
  facet normal 0 0 1
    outer loop
      vertex -25 89.4 12.7
      vertex -0.711752 85.8063 12.7
      vertex -0.536498 85.8472 12.7
    endloop
  endfacet
  facet normal 0 0 1
    outer loop
      vertex -25 89.4 12.7
      vertex -0.883958 85.7541 12.7
      vertex -0.711752 85.8063 12.7
    endloop
  endfacet
  facet normal 0 0 1
    outer loop
      vertex -23.745 77.8836 12.7
      vertex -25 89.4 12.7
      vertex -23.8472 77.9852 12.7
    endloop
  endfacet
  facet normal 0 0 1
    outer loop
      vertex -23.8472 77.9852 12.7
      vertex -25 89.4 12.7
      vertex -25 79.1303 12.7
    endloop
  endfacet
  facet normal -0 0 1
    outer loop
      vertex 2.74411 82.9701 12.7
      vertex 23.745 77.8836 12.7
      vertex 2.75 83.15 12.7
    endloop
  endfacet
  facet normal -0 0 1
    outer loop
      vertex 2.72647 82.7911 12.7
      vertex 23.745 77.8836 12.7
      vertex 2.74411 82.9701 12.7
    endloop
  endfacet
  facet normal -0 0 1
    outer loop
      vertex 2.69716 82.6135 12.7
      vertex 23.745 77.8836 12.7
      vertex 2.72647 82.7911 12.7
    endloop
  endfacet
  facet normal -0 0 1
    outer loop
      vertex 2.6563 82.4382 12.7
      vertex 23.745 77.8836 12.7
      vertex 2.69716 82.6135 12.7
    endloop
  endfacet
  facet normal -0 0 1
    outer loop
      vertex 2.60406 82.266 12.7
      vertex 23.745 77.8836 12.7
      vertex 2.6563 82.4382 12.7
    endloop
  endfacet
  facet normal -0 0 1
    outer loop
      vertex 2.54067 82.0976 12.7
      vertex 23.745 77.8836 12.7
      vertex 2.60406 82.266 12.7
    endloop
  endfacet
  facet normal -0 0 1
    outer loop
      vertex 2.4664 81.9337 12.7
      vertex 23.745 77.8836 12.7
      vertex 2.54067 82.0976 12.7
    endloop
  endfacet
  facet normal -0 0 1
    outer loop
      vertex 2.38157 81.775 12.7
      vertex 23.745 77.8836 12.7
      vertex 2.4664 81.9337 12.7
    endloop
  endfacet
  facet normal -0 0 1
    outer loop
      vertex 2.28654 81.6222 12.7
      vertex 23.745 77.8836 12.7
      vertex 2.38157 81.775 12.7
    endloop
  endfacet
  facet normal -0 0 1
    outer loop
      vertex 2.18172 81.4759 12.7
      vertex 23.745 77.8836 12.7
      vertex 2.28654 81.6222 12.7
    endloop
  endfacet
  facet normal -0 0 1
    outer loop
      vertex 2.06756 81.3368 12.7
      vertex 23.745 77.8836 12.7
      vertex 2.18172 81.4759 12.7
    endloop
  endfacet
  facet normal -0 0 1
    outer loop
      vertex 1.94454 81.2055 12.7
      vertex 23.745 77.8836 12.7
      vertex 2.06756 81.3368 12.7
    endloop
  endfacet
  facet normal -0 0 1
    outer loop
      vertex 1.8132 81.0824 12.7
      vertex 23.745 77.8836 12.7
      vertex 1.94454 81.2055 12.7
    endloop
  endfacet
  facet normal -0 0 1
    outer loop
      vertex 1.67409 80.9683 12.7
      vertex 23.745 77.8836 12.7
      vertex 1.8132 81.0824 12.7
    endloop
  endfacet
  facet normal -0 0 1
    outer loop
      vertex 1.52782 80.8635 12.7
      vertex 23.745 77.8836 12.7
      vertex 1.67409 80.9683 12.7
    endloop
  endfacet
  facet normal -0 0 1
    outer loop
      vertex 1.375 80.7684 12.7
      vertex 23.745 77.8836 12.7
      vertex 1.52782 80.8635 12.7
    endloop
  endfacet
  facet normal -0 0 1
    outer loop
      vertex 1.21629 80.6836 12.7
      vertex 23.745 77.8836 12.7
      vertex 1.375 80.7684 12.7
    endloop
  endfacet
  facet normal -0 0 1
    outer loop
      vertex 1.05238 80.6093 12.7
      vertex 23.745 77.8836 12.7
      vertex 1.21629 80.6836 12.7
    endloop
  endfacet
  facet normal -0 0 1
    outer loop
      vertex 0.883958 80.5459 12.7
      vertex 23.745 77.8836 12.7
      vertex 1.05238 80.6093 12.7
    endloop
  endfacet
  facet normal -0 0 1
    outer loop
      vertex 0.711752 80.4937 12.7
      vertex 23.745 77.8836 12.7
      vertex 0.883958 80.5459 12.7
    endloop
  endfacet
  facet normal -0 0 1
    outer loop
      vertex 0.536498 80.4528 12.7
      vertex 23.745 77.8836 12.7
      vertex 0.711752 80.4937 12.7
    endloop
  endfacet
  facet normal -0 0 1
    outer loop
      vertex 0.358947 80.4235 12.7
      vertex 23.745 77.8836 12.7
      vertex 0.536498 80.4528 12.7
    endloop
  endfacet
  facet normal -0 0 1
    outer loop
      vertex 0.179858 80.4059 12.7
      vertex 23.745 77.8836 12.7
      vertex 0.358947 80.4235 12.7
    endloop
  endfacet
  facet normal -0 0 1
    outer loop
      vertex 0 80.4 12.7
      vertex 23.745 77.8836 12.7
      vertex 0.179858 80.4059 12.7
    endloop
  endfacet
  facet normal 0 0 1
    outer loop
      vertex -23.745 77.8836 12.7
      vertex 0 80.4 12.7
      vertex -0.179858 80.4059 12.7
    endloop
  endfacet
  facet normal 0 0 1
    outer loop
      vertex -23.745 77.8836 12.7
      vertex -0.179858 80.4059 12.7
      vertex -0.358947 80.4235 12.7
    endloop
  endfacet
  facet normal 0 0 1
    outer loop
      vertex 0 80.4 12.7
      vertex -23.745 77.8836 12.7
      vertex 23.745 77.8836 12.7
    endloop
  endfacet
  facet normal 0 0 1
    outer loop
      vertex -0.536498 80.4528 12.7
      vertex -23.745 77.8836 12.7
      vertex -0.358947 80.4235 12.7
    endloop
  endfacet
  facet normal 0 0 1
    outer loop
      vertex -0.711752 80.4937 12.7
      vertex -23.745 77.8836 12.7
      vertex -0.536498 80.4528 12.7
    endloop
  endfacet
  facet normal 0 0 1
    outer loop
      vertex -0.883958 80.5459 12.7
      vertex -23.745 77.8836 12.7
      vertex -0.711752 80.4937 12.7
    endloop
  endfacet
  facet normal 0 0 1
    outer loop
      vertex -1.05238 80.6093 12.7
      vertex -23.745 77.8836 12.7
      vertex -0.883958 80.5459 12.7
    endloop
  endfacet
  facet normal 0 0 1
    outer loop
      vertex -1.21629 80.6836 12.7
      vertex -23.745 77.8836 12.7
      vertex -1.05238 80.6093 12.7
    endloop
  endfacet
  facet normal 0 0 1
    outer loop
      vertex -1.375 80.7684 12.7
      vertex -23.745 77.8836 12.7
      vertex -1.21629 80.6836 12.7
    endloop
  endfacet
  facet normal 0 0 1
    outer loop
      vertex -1.52782 80.8635 12.7
      vertex -23.745 77.8836 12.7
      vertex -1.375 80.7684 12.7
    endloop
  endfacet
  facet normal 0 0 1
    outer loop
      vertex -1.67409 80.9683 12.7
      vertex -23.745 77.8836 12.7
      vertex -1.52782 80.8635 12.7
    endloop
  endfacet
  facet normal 0 0 1
    outer loop
      vertex -1.8132 81.0824 12.7
      vertex -23.745 77.8836 12.7
      vertex -1.67409 80.9683 12.7
    endloop
  endfacet
  facet normal 0 0 1
    outer loop
      vertex -1.94454 81.2055 12.7
      vertex -23.745 77.8836 12.7
      vertex -1.8132 81.0824 12.7
    endloop
  endfacet
  facet normal 0 0 1
    outer loop
      vertex -2.06756 81.3368 12.7
      vertex -23.745 77.8836 12.7
      vertex -1.94454 81.2055 12.7
    endloop
  endfacet
  facet normal 0 0 1
    outer loop
      vertex -2.18172 81.4759 12.7
      vertex -23.745 77.8836 12.7
      vertex -2.06756 81.3368 12.7
    endloop
  endfacet
  facet normal 0 0 1
    outer loop
      vertex -2.28654 81.6222 12.7
      vertex -23.745 77.8836 12.7
      vertex -2.18172 81.4759 12.7
    endloop
  endfacet
  facet normal 0 0 1
    outer loop
      vertex -2.38157 81.775 12.7
      vertex -23.745 77.8836 12.7
      vertex -2.28654 81.6222 12.7
    endloop
  endfacet
  facet normal 0 0 1
    outer loop
      vertex -2.4664 81.9337 12.7
      vertex -23.745 77.8836 12.7
      vertex -2.38157 81.775 12.7
    endloop
  endfacet
  facet normal 0 0 1
    outer loop
      vertex -2.54067 82.0976 12.7
      vertex -23.745 77.8836 12.7
      vertex -2.4664 81.9337 12.7
    endloop
  endfacet
  facet normal 0 0 1
    outer loop
      vertex -2.60406 82.266 12.7
      vertex -23.745 77.8836 12.7
      vertex -2.54067 82.0976 12.7
    endloop
  endfacet
  facet normal 0 0 1
    outer loop
      vertex -2.6563 82.4382 12.7
      vertex -23.745 77.8836 12.7
      vertex -2.60406 82.266 12.7
    endloop
  endfacet
  facet normal 0 0 1
    outer loop
      vertex -2.69716 82.6135 12.7
      vertex -23.745 77.8836 12.7
      vertex -2.6563 82.4382 12.7
    endloop
  endfacet
  facet normal 0 0 1
    outer loop
      vertex -2.72647 82.7911 12.7
      vertex -23.745 77.8836 12.7
      vertex -2.69716 82.6135 12.7
    endloop
  endfacet
  facet normal 0 0 1
    outer loop
      vertex -2.74411 82.9701 12.7
      vertex -23.745 77.8836 12.7
      vertex -2.72647 82.7911 12.7
    endloop
  endfacet
  facet normal 0 0 1
    outer loop
      vertex -23.745 77.8836 12.7
      vertex -2.74411 82.9701 12.7
      vertex -2.75 83.15 12.7
    endloop
  endfacet
  facet normal 0 0 1
    outer loop
      vertex 23.745 61.5164 12.7
      vertex 2.74411 56.4299 12.7
      vertex 2.75 56.25 12.7
    endloop
  endfacet
  facet normal 0 0 1
    outer loop
      vertex 23.745 61.5164 12.7
      vertex 2.72647 56.6089 12.7
      vertex 2.74411 56.4299 12.7
    endloop
  endfacet
  facet normal 0 0 1
    outer loop
      vertex 23.745 61.5164 12.7
      vertex 2.69716 56.7865 12.7
      vertex 2.72647 56.6089 12.7
    endloop
  endfacet
  facet normal 0 0 1
    outer loop
      vertex 23.745 61.5164 12.7
      vertex 2.6563 56.9618 12.7
      vertex 2.69716 56.7865 12.7
    endloop
  endfacet
  facet normal 0 0 1
    outer loop
      vertex 23.745 61.5164 12.7
      vertex 2.60406 57.134 12.7
      vertex 2.6563 56.9618 12.7
    endloop
  endfacet
  facet normal 0 0 1
    outer loop
      vertex 23.745 61.5164 12.7
      vertex 2.54067 57.3024 12.7
      vertex 2.60406 57.134 12.7
    endloop
  endfacet
  facet normal 0 0 1
    outer loop
      vertex 23.745 61.5164 12.7
      vertex 2.4664 57.4663 12.7
      vertex 2.54067 57.3024 12.7
    endloop
  endfacet
  facet normal 0 0 1
    outer loop
      vertex 23.745 61.5164 12.7
      vertex 2.38157 57.625 12.7
      vertex 2.4664 57.4663 12.7
    endloop
  endfacet
  facet normal 0 0 1
    outer loop
      vertex 23.745 61.5164 12.7
      vertex 2.28654 57.7778 12.7
      vertex 2.38157 57.625 12.7
    endloop
  endfacet
  facet normal 0 0 1
    outer loop
      vertex 23.745 61.5164 12.7
      vertex 2.18172 57.9241 12.7
      vertex 2.28654 57.7778 12.7
    endloop
  endfacet
  facet normal 0 0 1
    outer loop
      vertex 23.745 61.5164 12.7
      vertex 2.06756 58.0632 12.7
      vertex 2.18172 57.9241 12.7
    endloop
  endfacet
  facet normal 0 0 1
    outer loop
      vertex 23.745 61.5164 12.7
      vertex 1.94454 58.1945 12.7
      vertex 2.06756 58.0632 12.7
    endloop
  endfacet
  facet normal 0 0 1
    outer loop
      vertex 23.745 61.5164 12.7
      vertex 1.8132 58.3176 12.7
      vertex 1.94454 58.1945 12.7
    endloop
  endfacet
  facet normal 0 0 1
    outer loop
      vertex 23.745 61.5164 12.7
      vertex 1.67409 58.4317 12.7
      vertex 1.8132 58.3176 12.7
    endloop
  endfacet
  facet normal 0 0 1
    outer loop
      vertex 23.745 61.5164 12.7
      vertex 1.52782 58.5365 12.7
      vertex 1.67409 58.4317 12.7
    endloop
  endfacet
  facet normal 0 0 1
    outer loop
      vertex 23.745 61.5164 12.7
      vertex 1.375 58.6316 12.7
      vertex 1.52782 58.5365 12.7
    endloop
  endfacet
  facet normal 0 0 1
    outer loop
      vertex 23.745 61.5164 12.7
      vertex 1.21629 58.7164 12.7
      vertex 1.375 58.6316 12.7
    endloop
  endfacet
  facet normal 0 0 1
    outer loop
      vertex 23.745 61.5164 12.7
      vertex 1.05238 58.7907 12.7
      vertex 1.21629 58.7164 12.7
    endloop
  endfacet
  facet normal 0 0 1
    outer loop
      vertex 23.745 61.5164 12.7
      vertex 0.883958 58.8541 12.7
      vertex 1.05238 58.7907 12.7
    endloop
  endfacet
  facet normal 0 0 1
    outer loop
      vertex 23.745 61.5164 12.7
      vertex 0.711752 58.9063 12.7
      vertex 0.883958 58.8541 12.7
    endloop
  endfacet
  facet normal 0 0 1
    outer loop
      vertex 23.745 61.5164 12.7
      vertex 0.536498 58.9472 12.7
      vertex 0.711752 58.9063 12.7
    endloop
  endfacet
  facet normal 0 0 1
    outer loop
      vertex 23.745 61.5164 12.7
      vertex 0.358947 58.9765 12.7
      vertex 0.536498 58.9472 12.7
    endloop
  endfacet
  facet normal 0 0 1
    outer loop
      vertex 23.745 61.5164 12.7
      vertex 0.179858 58.9941 12.7
      vertex 0.358947 58.9765 12.7
    endloop
  endfacet
  facet normal 0 0 1
    outer loop
      vertex 23.745 61.5164 12.7
      vertex 0 59 12.7
      vertex 0.179858 58.9941 12.7
    endloop
  endfacet
  facet normal -0 0 1
    outer loop
      vertex -23.745 61.5164 12.7
      vertex 0 59 12.7
      vertex 23.745 61.5164 12.7
    endloop
  endfacet
  facet normal 0 0 1
    outer loop
      vertex 0 59 12.7
      vertex -23.745 61.5164 12.7
      vertex -0.179858 58.9941 12.7
    endloop
  endfacet
  facet normal 0 0 1
    outer loop
      vertex -2.74411 56.4299 12.7
      vertex -23.745 61.5164 12.7
      vertex -2.75 56.25 12.7
    endloop
  endfacet
  facet normal 0 0 1
    outer loop
      vertex -2.72647 56.6089 12.7
      vertex -23.745 61.5164 12.7
      vertex -2.74411 56.4299 12.7
    endloop
  endfacet
  facet normal 0 0 1
    outer loop
      vertex -2.69716 56.7865 12.7
      vertex -23.745 61.5164 12.7
      vertex -2.72647 56.6089 12.7
    endloop
  endfacet
  facet normal 0 0 1
    outer loop
      vertex -2.6563 56.9618 12.7
      vertex -23.745 61.5164 12.7
      vertex -2.69716 56.7865 12.7
    endloop
  endfacet
  facet normal 0 0 1
    outer loop
      vertex -2.60406 57.134 12.7
      vertex -23.745 61.5164 12.7
      vertex -2.6563 56.9618 12.7
    endloop
  endfacet
  facet normal 0 0 1
    outer loop
      vertex -2.54067 57.3024 12.7
      vertex -23.745 61.5164 12.7
      vertex -2.60406 57.134 12.7
    endloop
  endfacet
  facet normal 0 0 1
    outer loop
      vertex -2.4664 57.4663 12.7
      vertex -23.745 61.5164 12.7
      vertex -2.54067 57.3024 12.7
    endloop
  endfacet
  facet normal 0 0 1
    outer loop
      vertex -2.38157 57.625 12.7
      vertex -23.745 61.5164 12.7
      vertex -2.4664 57.4663 12.7
    endloop
  endfacet
  facet normal 0 0 1
    outer loop
      vertex -2.28654 57.7778 12.7
      vertex -23.745 61.5164 12.7
      vertex -2.38157 57.625 12.7
    endloop
  endfacet
  facet normal 0 0 1
    outer loop
      vertex -2.18172 57.9241 12.7
      vertex -23.745 61.5164 12.7
      vertex -2.28654 57.7778 12.7
    endloop
  endfacet
  facet normal 0 0 1
    outer loop
      vertex -2.06756 58.0632 12.7
      vertex -23.745 61.5164 12.7
      vertex -2.18172 57.9241 12.7
    endloop
  endfacet
  facet normal 0 0 1
    outer loop
      vertex -1.94454 58.1945 12.7
      vertex -23.745 61.5164 12.7
      vertex -2.06756 58.0632 12.7
    endloop
  endfacet
  facet normal 0 0 1
    outer loop
      vertex -1.8132 58.3176 12.7
      vertex -23.745 61.5164 12.7
      vertex -1.94454 58.1945 12.7
    endloop
  endfacet
  facet normal 0 0 1
    outer loop
      vertex -1.67409 58.4317 12.7
      vertex -23.745 61.5164 12.7
      vertex -1.8132 58.3176 12.7
    endloop
  endfacet
  facet normal 0 0 1
    outer loop
      vertex -1.52782 58.5365 12.7
      vertex -23.745 61.5164 12.7
      vertex -1.67409 58.4317 12.7
    endloop
  endfacet
  facet normal 0 0 1
    outer loop
      vertex -1.375 58.6316 12.7
      vertex -23.745 61.5164 12.7
      vertex -1.52782 58.5365 12.7
    endloop
  endfacet
  facet normal 0 0 1
    outer loop
      vertex -1.21629 58.7164 12.7
      vertex -23.745 61.5164 12.7
      vertex -1.375 58.6316 12.7
    endloop
  endfacet
  facet normal 0 0 1
    outer loop
      vertex -1.05238 58.7907 12.7
      vertex -23.745 61.5164 12.7
      vertex -1.21629 58.7164 12.7
    endloop
  endfacet
  facet normal 0 0 1
    outer loop
      vertex -0.883958 58.8541 12.7
      vertex -23.745 61.5164 12.7
      vertex -1.05238 58.7907 12.7
    endloop
  endfacet
  facet normal 0 0 1
    outer loop
      vertex -0.711752 58.9063 12.7
      vertex -23.745 61.5164 12.7
      vertex -0.883958 58.8541 12.7
    endloop
  endfacet
  facet normal 0 0 1
    outer loop
      vertex -0.536498 58.9472 12.7
      vertex -23.745 61.5164 12.7
      vertex -0.711752 58.9063 12.7
    endloop
  endfacet
  facet normal 0 0 1
    outer loop
      vertex -0.358947 58.9765 12.7
      vertex -23.745 61.5164 12.7
      vertex -0.536498 58.9472 12.7
    endloop
  endfacet
  facet normal 0 0 1
    outer loop
      vertex -0.179858 58.9941 12.7
      vertex -23.745 61.5164 12.7
      vertex -0.358947 58.9765 12.7
    endloop
  endfacet
  facet normal 0 0 1
    outer loop
      vertex 23.8472 61.4148 12.7
      vertex 25 50 12.7
      vertex 25 60.2697 12.7
    endloop
  endfacet
  facet normal 0 0 1
    outer loop
      vertex 23.745 61.5164 12.7
      vertex 25 50 12.7
      vertex 23.8472 61.4148 12.7
    endloop
  endfacet
  facet normal 0 0 1
    outer loop
      vertex 2.74411 56.0701 12.7
      vertex 23.745 61.5164 12.7
      vertex 2.75 56.25 12.7
    endloop
  endfacet
  facet normal 0 0 1
    outer loop
      vertex 2.72647 55.8911 12.7
      vertex 23.745 61.5164 12.7
      vertex 2.74411 56.0701 12.7
    endloop
  endfacet
  facet normal 0 0 1
    outer loop
      vertex 23.745 61.5164 12.7
      vertex 2.72647 55.8911 12.7
      vertex 25 50 12.7
    endloop
  endfacet
  facet normal -0 0 1
    outer loop
      vertex 2.69716 55.7135 12.7
      vertex 25 50 12.7
      vertex 2.72647 55.8911 12.7
    endloop
  endfacet
  facet normal -0 0 1
    outer loop
      vertex 2.6563 55.5382 12.7
      vertex 25 50 12.7
      vertex 2.69716 55.7135 12.7
    endloop
  endfacet
  facet normal -0 0 1
    outer loop
      vertex 2.60406 55.366 12.7
      vertex 25 50 12.7
      vertex 2.6563 55.5382 12.7
    endloop
  endfacet
  facet normal -0 0 1
    outer loop
      vertex 2.54067 55.1976 12.7
      vertex 25 50 12.7
      vertex 2.60406 55.366 12.7
    endloop
  endfacet
  facet normal -0 0 1
    outer loop
      vertex 2.4664 55.0337 12.7
      vertex 25 50 12.7
      vertex 2.54067 55.1976 12.7
    endloop
  endfacet
  facet normal -0 0 1
    outer loop
      vertex 2.38157 54.875 12.7
      vertex 25 50 12.7
      vertex 2.4664 55.0337 12.7
    endloop
  endfacet
  facet normal -0 0 1
    outer loop
      vertex 2.28654 54.7222 12.7
      vertex 25 50 12.7
      vertex 2.38157 54.875 12.7
    endloop
  endfacet
  facet normal -0 0 1
    outer loop
      vertex 2.18172 54.5759 12.7
      vertex 25 50 12.7
      vertex 2.28654 54.7222 12.7
    endloop
  endfacet
  facet normal -0 0 1
    outer loop
      vertex 2.06756 54.4368 12.7
      vertex 25 50 12.7
      vertex 2.18172 54.5759 12.7
    endloop
  endfacet
  facet normal -0 0 1
    outer loop
      vertex 1.94454 54.3055 12.7
      vertex 25 50 12.7
      vertex 2.06756 54.4368 12.7
    endloop
  endfacet
  facet normal -0 0 1
    outer loop
      vertex 1.8132 54.1824 12.7
      vertex 25 50 12.7
      vertex 1.94454 54.3055 12.7
    endloop
  endfacet
  facet normal -0 0 1
    outer loop
      vertex 1.67409 54.0683 12.7
      vertex 25 50 12.7
      vertex 1.8132 54.1824 12.7
    endloop
  endfacet
  facet normal -0 0 1
    outer loop
      vertex 1.52782 53.9635 12.7
      vertex 25 50 12.7
      vertex 1.67409 54.0683 12.7
    endloop
  endfacet
  facet normal -0 0 1
    outer loop
      vertex 1.375 53.8684 12.7
      vertex 25 50 12.7
      vertex 1.52782 53.9635 12.7
    endloop
  endfacet
  facet normal -0 0 1
    outer loop
      vertex 1.21629 53.7836 12.7
      vertex 25 50 12.7
      vertex 1.375 53.8684 12.7
    endloop
  endfacet
  facet normal -0 0 1
    outer loop
      vertex 1.05238 53.7093 12.7
      vertex 25 50 12.7
      vertex 1.21629 53.7836 12.7
    endloop
  endfacet
  facet normal -0 0 1
    outer loop
      vertex 0.883958 53.6459 12.7
      vertex 25 50 12.7
      vertex 1.05238 53.7093 12.7
    endloop
  endfacet
  facet normal -0 0 1
    outer loop
      vertex 0.711752 53.5937 12.7
      vertex 25 50 12.7
      vertex 0.883958 53.6459 12.7
    endloop
  endfacet
  facet normal -0 0 1
    outer loop
      vertex 0.536498 53.5528 12.7
      vertex 25 50 12.7
      vertex 0.711752 53.5937 12.7
    endloop
  endfacet
  facet normal -0 0 1
    outer loop
      vertex 0.358947 53.5235 12.7
      vertex 25 50 12.7
      vertex 0.536498 53.5528 12.7
    endloop
  endfacet
  facet normal -0 0 1
    outer loop
      vertex 0.179858 53.5059 12.7
      vertex 25 50 12.7
      vertex 0.358947 53.5235 12.7
    endloop
  endfacet
  facet normal -0 0 1
    outer loop
      vertex 0 53.5 12.7
      vertex 25 50 12.7
      vertex 0.179858 53.5059 12.7
    endloop
  endfacet
  facet normal 0 0 1
    outer loop
      vertex -25 50 12.7
      vertex 0 53.5 12.7
      vertex -0.179858 53.5059 12.7
    endloop
  endfacet
  facet normal 0 0 1
    outer loop
      vertex -25 50 12.7
      vertex -0.179858 53.5059 12.7
      vertex -0.358947 53.5235 12.7
    endloop
  endfacet
  facet normal 0 0 1
    outer loop
      vertex -23.745 61.5164 12.7
      vertex -2.74411 56.0701 12.7
      vertex -2.75 56.25 12.7
    endloop
  endfacet
  facet normal 0 0 1
    outer loop
      vertex -23.745 61.5164 12.7
      vertex -2.72647 55.8911 12.7
      vertex -2.74411 56.0701 12.7
    endloop
  endfacet
  facet normal 0 0 1
    outer loop
      vertex -25 50 12.7
      vertex -2.72647 55.8911 12.7
      vertex -23.745 61.5164 12.7
    endloop
  endfacet
  facet normal 0 0 1
    outer loop
      vertex -2.72647 55.8911 12.7
      vertex -25 50 12.7
      vertex -2.69716 55.7135 12.7
    endloop
  endfacet
  facet normal 0 0 1
    outer loop
      vertex -2.69716 55.7135 12.7
      vertex -25 50 12.7
      vertex -2.6563 55.5382 12.7
    endloop
  endfacet
  facet normal 0 0 1
    outer loop
      vertex -2.6563 55.5382 12.7
      vertex -25 50 12.7
      vertex -2.60406 55.366 12.7
    endloop
  endfacet
  facet normal 0 0 1
    outer loop
      vertex -2.60406 55.366 12.7
      vertex -25 50 12.7
      vertex -2.54067 55.1976 12.7
    endloop
  endfacet
  facet normal 0 0 1
    outer loop
      vertex -2.54067 55.1976 12.7
      vertex -25 50 12.7
      vertex -2.4664 55.0337 12.7
    endloop
  endfacet
  facet normal 0 0 1
    outer loop
      vertex -2.4664 55.0337 12.7
      vertex -25 50 12.7
      vertex -2.38157 54.875 12.7
    endloop
  endfacet
  facet normal 0 0 1
    outer loop
      vertex -2.38157 54.875 12.7
      vertex -25 50 12.7
      vertex -2.28654 54.7222 12.7
    endloop
  endfacet
  facet normal 0 0 1
    outer loop
      vertex -2.28654 54.7222 12.7
      vertex -25 50 12.7
      vertex -2.18172 54.5759 12.7
    endloop
  endfacet
  facet normal 0 0 1
    outer loop
      vertex -2.18172 54.5759 12.7
      vertex -25 50 12.7
      vertex -2.06756 54.4368 12.7
    endloop
  endfacet
  facet normal 0 0 1
    outer loop
      vertex -2.06756 54.4368 12.7
      vertex -25 50 12.7
      vertex -1.94454 54.3055 12.7
    endloop
  endfacet
  facet normal 0 0 1
    outer loop
      vertex -1.94454 54.3055 12.7
      vertex -25 50 12.7
      vertex -1.8132 54.1824 12.7
    endloop
  endfacet
  facet normal 0 0 1
    outer loop
      vertex -1.8132 54.1824 12.7
      vertex -25 50 12.7
      vertex -1.67409 54.0683 12.7
    endloop
  endfacet
  facet normal 0 0 1
    outer loop
      vertex -1.67409 54.0683 12.7
      vertex -25 50 12.7
      vertex -1.52782 53.9635 12.7
    endloop
  endfacet
  facet normal 0 0 1
    outer loop
      vertex -1.52782 53.9635 12.7
      vertex -25 50 12.7
      vertex -1.375 53.8684 12.7
    endloop
  endfacet
  facet normal 0 0 1
    outer loop
      vertex -1.375 53.8684 12.7
      vertex -25 50 12.7
      vertex -1.21629 53.7836 12.7
    endloop
  endfacet
  facet normal 0 0 1
    outer loop
      vertex -1.21629 53.7836 12.7
      vertex -25 50 12.7
      vertex -1.05238 53.7093 12.7
    endloop
  endfacet
  facet normal 0 0 1
    outer loop
      vertex -25 50 12.7
      vertex -23.745 61.5164 12.7
      vertex -23.8472 61.4148 12.7
    endloop
  endfacet
  facet normal 0 0 1
    outer loop
      vertex -25 50 12.7
      vertex -23.8472 61.4148 12.7
      vertex -25 60.2697 12.7
    endloop
  endfacet
  facet normal 0 0 1
    outer loop
      vertex -1.05238 53.7093 12.7
      vertex -25 50 12.7
      vertex -0.883958 53.6459 12.7
    endloop
  endfacet
  facet normal 0 0 1
    outer loop
      vertex 0 53.5 12.7
      vertex -25 50 12.7
      vertex 25 50 12.7
    endloop
  endfacet
  facet normal 0 0 1
    outer loop
      vertex -0.536498 53.5528 12.7
      vertex -25 50 12.7
      vertex -0.358947 53.5235 12.7
    endloop
  endfacet
  facet normal 0 0 1
    outer loop
      vertex -0.711752 53.5937 12.7
      vertex -25 50 12.7
      vertex -0.536498 53.5528 12.7
    endloop
  endfacet
  facet normal 0 0 1
    outer loop
      vertex -0.883958 53.6459 12.7
      vertex -25 50 12.7
      vertex -0.711752 53.5937 12.7
    endloop
  endfacet
  facet normal 0 0 -1
    outer loop
      vertex 2.42487 78.95 1.90735e-07
      vertex 25 89.4 1.90735e-07
      vertex 2.42487 60.45 1.90735e-07
    endloop
  endfacet
  facet normal 0 0 -1
    outer loop
      vertex 25 89.4 1.90735e-07
      vertex 2.42487 78.95 1.90735e-07
      vertex 4.84974 83.15 1.90735e-07
    endloop
  endfacet
  facet normal 0 0 -1
    outer loop
      vertex -2.42487 60.45 1.90735e-07
      vertex 2.42487 78.95 1.90735e-07
      vertex 2.42487 60.45 1.90735e-07
    endloop
  endfacet
  facet normal 0 0 -1
    outer loop
      vertex -2.42487 60.45 1.90735e-07
      vertex -2.42487 78.95 1.90735e-07
      vertex 2.42487 78.95 1.90735e-07
    endloop
  endfacet
  facet normal 0 0 -1
    outer loop
      vertex -25 50 1.90735e-07
      vertex -2.42487 60.45 1.90735e-07
      vertex -4.84974 56.25 1.90735e-07
    endloop
  endfacet
  facet normal -0 0 -1
    outer loop
      vertex -2.42487 60.45 1.90735e-07
      vertex -25 50 1.90735e-07
      vertex -2.42487 78.95 1.90735e-07
    endloop
  endfacet
  facet normal 0 0 -1
    outer loop
      vertex 2.42487 60.45 1.90735e-07
      vertex 25 50 1.90735e-07
      vertex 4.84974 56.25 1.90735e-07
    endloop
  endfacet
  facet normal 0 0 -1
    outer loop
      vertex 25 50 1.90735e-07
      vertex 2.42487 52.05 1.90735e-07
      vertex 4.84974 56.25 1.90735e-07
    endloop
  endfacet
  facet normal 0 0 -1
    outer loop
      vertex 25 50 1.90735e-07
      vertex -2.42487 52.05 1.90735e-07
      vertex 2.42487 52.05 1.90735e-07
    endloop
  endfacet
  facet normal 0 0 -1
    outer loop
      vertex -25 89.4 1.90735e-07
      vertex -2.42487 78.95 1.90735e-07
      vertex -25 50 1.90735e-07
    endloop
  endfacet
  facet normal -0 0 -1
    outer loop
      vertex -2.42487 52.05 1.90735e-07
      vertex -25 50 1.90735e-07
      vertex -4.84974 56.25 1.90735e-07
    endloop
  endfacet
  facet normal 0 0 -1
    outer loop
      vertex -25 50 1.90735e-07
      vertex -2.42487 52.05 1.90735e-07
      vertex 25 50 1.90735e-07
    endloop
  endfacet
  facet normal 0 0 -1
    outer loop
      vertex 25 50 1.90735e-07
      vertex 2.42487 60.45 1.90735e-07
      vertex 25 89.4 1.90735e-07
    endloop
  endfacet
  facet normal 0 0 -1
    outer loop
      vertex 2.42487 87.35 1.90735e-07
      vertex 25 89.4 1.90735e-07
      vertex 4.84974 83.15 1.90735e-07
    endloop
  endfacet
  facet normal 0 0 -1
    outer loop
      vertex -2.42487 87.35 1.90735e-07
      vertex 25 89.4 1.90735e-07
      vertex 2.42487 87.35 1.90735e-07
    endloop
  endfacet
  facet normal 0 0 -1
    outer loop
      vertex -2.42487 78.95 1.90735e-07
      vertex -25 89.4 1.90735e-07
      vertex -4.84974 83.15 1.90735e-07
    endloop
  endfacet
  facet normal 0 0 -1
    outer loop
      vertex -2.42487 87.35 1.90735e-07
      vertex -25 89.4 1.90735e-07
      vertex 25 89.4 1.90735e-07
    endloop
  endfacet
  facet normal 0 0 -1
    outer loop
      vertex -4.84974 83.15 1.90735e-07
      vertex -25 89.4 1.90735e-07
      vertex -2.42487 87.35 1.90735e-07
    endloop
  endfacet
  facet normal -1 0 0
    outer loop
      vertex -25 78.4276 9.58491
      vertex -25 89.4 12.7
      vertex -25 89.4 1.90735e-07
    endloop
  endfacet
  facet normal -1 -0 0
    outer loop
      vertex -25 89.4 12.7
      vertex -25 79.1265 12.5822
      vertex -25 79.1303 12.7
    endloop
  endfacet
  facet normal -1 0 0
    outer loop
      vertex -25 89.4 12.7
      vertex -25 79.0748 12.0571
      vertex -25 79.1265 12.5822
    endloop
  endfacet
  facet normal -1 0 0
    outer loop
      vertex -25 89.4 12.7
      vertex -25 79.0659 11.967
      vertex -25 79.0748 12.0571
    endloop
  endfacet
  facet normal -1 0 0
    outer loop
      vertex -25 89.4 12.7
      vertex -25 78.9799 11.4464
      vertex -25 79.0659 11.967
    endloop
  endfacet
  facet normal -1 0 0
    outer loop
      vertex -25 89.4 12.7
      vertex -25 78.9652 11.357
      vertex -25 78.9799 11.4464
    endloop
  endfacet
  facet normal -1 0 0
    outer loop
      vertex -25 89.4 12.7
      vertex -25 78.9446 11.2688
      vertex -25 78.9652 11.357
    endloop
  endfacet
  facet normal -1 0 0
    outer loop
      vertex -25 89.4 12.7
      vertex -25 78.8248 10.755
      vertex -25 78.9446 11.2688
    endloop
  endfacet
  facet normal -1 0 0
    outer loop
      vertex -25 89.4 12.7
      vertex -25 78.7985 10.6683
      vertex -25 78.8248 10.755
    endloop
  endfacet
  facet normal -1 0 0
    outer loop
      vertex -25 89.4 12.7
      vertex -25 78.6454 10.1635
      vertex -25 78.7985 10.6683
    endloop
  endfacet
  facet normal -1 0 0
    outer loop
      vertex -25 89.4 12.7
      vertex -25 78.4595 9.66972
      vertex -25 78.6454 10.1635
    endloop
  endfacet
  facet normal -1 0 0
    outer loop
      vertex -25 89.4 12.7
      vertex -25 78.4276 9.58491
      vertex -25 78.4595 9.66972
    endloop
  endfacet
  facet normal -1 0 0
    outer loop
      vertex -25 89.4 1.90735e-07
      vertex -25 78.3902 9.50237
      vertex -25 78.4276 9.58491
    endloop
  endfacet
  facet normal -1 0 0
    outer loop
      vertex -25 89.4 1.90735e-07
      vertex -25 78.1725 9.02184
      vertex -25 78.3902 9.50237
    endloop
  endfacet
  facet normal -1 0 0
    outer loop
      vertex -25 89.4 1.90735e-07
      vertex -25 78.1298 8.94192
      vertex -25 78.1725 9.02184
    endloop
  endfacet
  facet normal -1 0 0
    outer loop
      vertex -25 89.4 1.90735e-07
      vertex -25 77.8811 8.47666
      vertex -25 78.1298 8.94192
    endloop
  endfacet
  facet normal -1 0 0
    outer loop
      vertex -25 89.4 1.90735e-07
      vertex -25 77.6025 8.02865
      vertex -25 77.8811 8.47666
    endloop
  endfacet
  facet normal -1 0 0
    outer loop
      vertex -25 89.4 1.90735e-07
      vertex -25 77.5546 7.9517
      vertex -25 77.6025 8.02865
    endloop
  endfacet
  facet normal -1 0 0
    outer loop
      vertex -25 89.4 1.90735e-07
      vertex -25 77.2473 7.52288
      vertex -25 77.5546 7.9517
    endloop
  endfacet
  facet normal -1 0 0
    outer loop
      vertex -25 89.4 1.90735e-07
      vertex -25 77.1946 7.44922
      vertex -25 77.2473 7.52288
    endloop
  endfacet
  facet normal -1 0 0
    outer loop
      vertex -25 89.4 1.90735e-07
      vertex -25 77.1371 7.37917
      vertex -25 77.1946 7.44922
    endloop
  endfacet
  facet normal -1 0 0
    outer loop
      vertex -25 89.4 1.90735e-07
      vertex -25 76.8024 6.97137
      vertex -25 77.1371 7.37917
    endloop
  endfacet
  facet normal -1 0 0
    outer loop
      vertex -25 89.4 1.90735e-07
      vertex -25 76.4418 6.58632
      vertex -25 76.8024 6.97137
    endloop
  endfacet
  facet normal -1 0 0
    outer loop
      vertex -25 89.4 1.90735e-07
      vertex -25 76.3798 6.52018
      vertex -25 76.4418 6.58632
    endloop
  endfacet
  facet normal -1 0 0
    outer loop
      vertex -25 89.4 1.90735e-07
      vertex -25 76.3137 6.45824
      vertex -25 76.3798 6.52018
    endloop
  endfacet
  facet normal -1 0 0
    outer loop
      vertex -25 89.4 1.90735e-07
      vertex -25 75.9286 6.0976
      vertex -25 76.3137 6.45824
    endloop
  endfacet
  facet normal -1 0 0
    outer loop
      vertex -25 89.4 1.90735e-07
      vertex -25 75.5208 5.76292
      vertex -25 75.9286 6.0976
    endloop
  endfacet
  facet normal -1 0 0
    outer loop
      vertex -25 89.4 1.90735e-07
      vertex -25 75.4508 5.70544
      vertex -25 75.5208 5.76292
    endloop
  endfacet
  facet normal -1 0 0
    outer loop
      vertex -25 89.4 1.90735e-07
      vertex -25 75.3771 5.65266
      vertex -25 75.4508 5.70544
    endloop
  endfacet
  facet normal -1 0 0
    outer loop
      vertex -25 89.4 1.90735e-07
      vertex -25 74.9483 5.34537
      vertex -25 75.3771 5.65266
    endloop
  endfacet
  facet normal -1 0 0
    outer loop
      vertex -25 89.4 1.90735e-07
      vertex -25 74.8713 5.29751
      vertex -25 74.9483 5.34537
    endloop
  endfacet
  facet normal -1 0 0
    outer loop
      vertex -25 89.4 1.90735e-07
      vertex -25 74.4233 5.01893
      vertex -25 74.8713 5.29751
    endloop
  endfacet
  facet normal -1 0 0
    outer loop
      vertex -25 89.4 1.90735e-07
      vertex -25 73.9581 4.77024
      vertex -25 74.4233 5.01893
    endloop
  endfacet
  facet normal -1 0 0
    outer loop
      vertex -25 89.4 1.90735e-07
      vertex -25 73.8782 4.72752
      vertex -25 73.9581 4.77024
    endloop
  endfacet
  facet normal -1 0 0
    outer loop
      vertex -25 89.4 1.90735e-07
      vertex -25 73.3976 4.5098
      vertex -25 73.8782 4.72752
    endloop
  endfacet
  facet normal -1 0 0
    outer loop
      vertex -25 89.4 1.90735e-07
      vertex -25 73.3151 4.4724
      vertex -25 73.3976 4.5098
    endloop
  endfacet
  facet normal -1 0 0
    outer loop
      vertex -25 89.4 1.90735e-07
      vertex -25 73.2303 4.44048
      vertex -25 73.3151 4.4724
    endloop
  endfacet
  facet normal -1 0 0
    outer loop
      vertex -25 89.4 1.90735e-07
      vertex -25 72.7365 4.25465
      vertex -25 73.2303 4.44048
    endloop
  endfacet
  facet normal -1 0 0
    outer loop
      vertex -25 89.4 1.90735e-07
      vertex -25 72.2317 4.1015
      vertex -25 72.7365 4.25465
    endloop
  endfacet
  facet normal -1 0 0
    outer loop
      vertex -25 89.4 1.90735e-07
      vertex -25 72.145 4.0752
      vertex -25 72.2317 4.1015
    endloop
  endfacet
  facet normal -1 0 0
    outer loop
      vertex -25 89.4 1.90735e-07
      vertex -25 71.6312 3.9554
      vertex -25 72.145 4.0752
    endloop
  endfacet
  facet normal -1 0 0
    outer loop
      vertex -25 89.4 1.90735e-07
      vertex -25 71.543 3.93483
      vertex -25 71.6312 3.9554
    endloop
  endfacet
  facet normal -1 0 0
    outer loop
      vertex -25 89.4 1.90735e-07
      vertex -25 71.4536 3.92007
      vertex -25 71.543 3.93483
    endloop
  endfacet
  facet normal -1 0 0
    outer loop
      vertex -25 89.4 1.90735e-07
      vertex -25 70.933 3.83413
      vertex -25 71.4536 3.92007
    endloop
  endfacet
  facet normal -1 0 0
    outer loop
      vertex -25 89.4 1.90735e-07
      vertex -25 70.8429 3.82525
      vertex -25 70.933 3.83413
    endloop
  endfacet
  facet normal -1 0 0
    outer loop
      vertex -25 89.4 1.90735e-07
      vertex -25 70.3178 3.77354
      vertex -25 70.8429 3.82525
    endloop
  endfacet
  facet normal -1 0 0
    outer loop
      vertex -25 89.4 1.90735e-07
      vertex -25 69.7906 3.75628
      vertex -25 70.3178 3.77354
    endloop
  endfacet
  facet normal -1 0 0
    outer loop
      vertex -25 89.4 1.90735e-07
      vertex -25 69.7 3.75331
      vertex -25 69.7906 3.75628
    endloop
  endfacet
  facet normal -1 0 0
    outer loop
      vertex -25 50 1.90735e-07
      vertex -25 69.7 3.75331
      vertex -25 89.4 1.90735e-07
    endloop
  endfacet
  facet normal -1 -0 0
    outer loop
      vertex -25 69.7 3.75331
      vertex -25 50 1.90735e-07
      vertex -25 69.6094 3.75628
    endloop
  endfacet
  facet normal -1 -0 0
    outer loop
      vertex -25 69.6094 3.75628
      vertex -25 50 1.90735e-07
      vertex -25 69.0822 3.77354
    endloop
  endfacet
  facet normal -1 -0 0
    outer loop
      vertex -25 69.0822 3.77354
      vertex -25 50 1.90735e-07
      vertex -25 68.5571 3.82525
    endloop
  endfacet
  facet normal -1 -0 0
    outer loop
      vertex -25 68.5571 3.82525
      vertex -25 50 1.90735e-07
      vertex -25 68.467 3.83413
    endloop
  endfacet
  facet normal -1 -0 0
    outer loop
      vertex -25 68.467 3.83413
      vertex -25 50 1.90735e-07
      vertex -25 67.9464 3.92007
    endloop
  endfacet
  facet normal -1 0 0
    outer loop
      vertex -25 50 1.90735e-07
      vertex -25 66.0024 4.5098
      vertex -25 66.0849 4.4724
    endloop
  endfacet
  facet normal -1 0 0
    outer loop
      vertex -25 50 1.90735e-07
      vertex -25 64.5287 5.29751
      vertex -25 64.9767 5.01893
    endloop
  endfacet
  facet normal -1 0 0
    outer loop
      vertex -25 50 1.90735e-07
      vertex -25 64.0229 5.65266
      vertex -25 64.4517 5.34537
    endloop
  endfacet
  facet normal -1 0 0
    outer loop
      vertex -25 50 1.90735e-07
      vertex -25 63.8792 5.76292
      vertex -25 63.9492 5.70544
    endloop
  endfacet
  facet normal -1 0 0
    outer loop
      vertex -25 50 1.90735e-07
      vertex -25 62.2629 7.37917
      vertex -25 62.5976 6.97137
    endloop
  endfacet
  facet normal -1 0 0
    outer loop
      vertex -25 50 1.90735e-07
      vertex -25 62.1527 7.52288
      vertex -25 62.2054 7.44922
    endloop
  endfacet
  facet normal -1 0 0
    outer loop
      vertex -25 50 1.90735e-07
      vertex -25 61.0098 9.50237
      vertex -25 61.2275 9.02184
    endloop
  endfacet
  facet normal -1 0 0
    outer loop
      vertex -25 50 12.7
      vertex -25 60.9405 9.66972
      vertex -25 60.9724 9.58491
    endloop
  endfacet
  facet normal -1 0 0
    outer loop
      vertex -25 50 12.7
      vertex -25 60.6015 10.6683
      vertex -25 60.7546 10.1635
    endloop
  endfacet
  facet normal -1 0 0
    outer loop
      vertex -25 50 12.7
      vertex -25 60.4201 11.4464
      vertex -25 60.4348 11.357
    endloop
  endfacet
  facet normal -1 -0 0
    outer loop
      vertex -25 67.9464 3.92007
      vertex -25 50 1.90735e-07
      vertex -25 67.857 3.93483
    endloop
  endfacet
  facet normal -1 0 0
    outer loop
      vertex -25 50 1.90735e-07
      vertex -25 67.7688 3.9554
      vertex -25 67.857 3.93483
    endloop
  endfacet
  facet normal -1 0 0
    outer loop
      vertex -25 50 1.90735e-07
      vertex -25 67.255 4.0752
      vertex -25 67.7688 3.9554
    endloop
  endfacet
  facet normal -1 0 0
    outer loop
      vertex -25 50 1.90735e-07
      vertex -25 67.1683 4.1015
      vertex -25 67.255 4.0752
    endloop
  endfacet
  facet normal -1 0 0
    outer loop
      vertex -25 50 1.90735e-07
      vertex -25 66.6635 4.25465
      vertex -25 67.1683 4.1015
    endloop
  endfacet
  facet normal -1 0 0
    outer loop
      vertex -25 50 1.90735e-07
      vertex -25 66.1697 4.44048
      vertex -25 66.6635 4.25465
    endloop
  endfacet
  facet normal -1 0 0
    outer loop
      vertex -25 50 1.90735e-07
      vertex -25 66.0849 4.4724
      vertex -25 66.1697 4.44048
    endloop
  endfacet
  facet normal -1 -0 0
    outer loop
      vertex -25 66.0024 4.5098
      vertex -25 50 1.90735e-07
      vertex -25 65.5218 4.72752
    endloop
  endfacet
  facet normal -1 0 0
    outer loop
      vertex -25 50 1.90735e-07
      vertex -25 65.4419 4.77024
      vertex -25 65.5218 4.72752
    endloop
  endfacet
  facet normal -1 0 0
    outer loop
      vertex -25 50 1.90735e-07
      vertex -25 64.9767 5.01893
      vertex -25 65.4419 4.77024
    endloop
  endfacet
  facet normal -1 -0 0
    outer loop
      vertex -25 64.5287 5.29751
      vertex -25 50 1.90735e-07
      vertex -25 64.4517 5.34537
    endloop
  endfacet
  facet normal -1 -0 0
    outer loop
      vertex -25 64.0229 5.65266
      vertex -25 50 1.90735e-07
      vertex -25 63.9492 5.70544
    endloop
  endfacet
  facet normal -1 -0 0
    outer loop
      vertex -25 63.8792 5.76292
      vertex -25 50 1.90735e-07
      vertex -25 63.4714 6.0976
    endloop
  endfacet
  facet normal -1 0 0
    outer loop
      vertex -25 50 1.90735e-07
      vertex -25 63.0863 6.45824
      vertex -25 63.4714 6.0976
    endloop
  endfacet
  facet normal -1 0 0
    outer loop
      vertex -25 50 1.90735e-07
      vertex -25 63.0202 6.52018
      vertex -25 63.0863 6.45824
    endloop
  endfacet
  facet normal -1 0 0
    outer loop
      vertex -25 50 1.90735e-07
      vertex -25 62.9582 6.58632
      vertex -25 63.0202 6.52018
    endloop
  endfacet
  facet normal -1 0 0
    outer loop
      vertex -25 50 1.90735e-07
      vertex -25 62.5976 6.97137
      vertex -25 62.9582 6.58632
    endloop
  endfacet
  facet normal -1 -0 0
    outer loop
      vertex -25 62.2629 7.37917
      vertex -25 50 1.90735e-07
      vertex -25 62.2054 7.44922
    endloop
  endfacet
  facet normal -1 -0 0
    outer loop
      vertex -25 62.1527 7.52288
      vertex -25 50 1.90735e-07
      vertex -25 61.8454 7.9517
    endloop
  endfacet
  facet normal -1 0 0
    outer loop
      vertex -25 50 1.90735e-07
      vertex -25 61.7975 8.02865
      vertex -25 61.8454 7.9517
    endloop
  endfacet
  facet normal -1 0 0
    outer loop
      vertex -25 50 1.90735e-07
      vertex -25 61.5189 8.47666
      vertex -25 61.7975 8.02865
    endloop
  endfacet
  facet normal -1 0 0
    outer loop
      vertex -25 50 1.90735e-07
      vertex -25 61.2702 8.94192
      vertex -25 61.5189 8.47666
    endloop
  endfacet
  facet normal -1 0 0
    outer loop
      vertex -25 50 1.90735e-07
      vertex -25 61.2275 9.02184
      vertex -25 61.2702 8.94192
    endloop
  endfacet
  facet normal -1 -0 0
    outer loop
      vertex -25 61.0098 9.50237
      vertex -25 50 1.90735e-07
      vertex -25 60.9724 9.58491
    endloop
  endfacet
  facet normal -1 0 0
    outer loop
      vertex -25 50 12.7
      vertex -25 60.9724 9.58491
      vertex -25 50 1.90735e-07
    endloop
  endfacet
  facet normal -1 0 0
    outer loop
      vertex -25 60.9405 9.66972
      vertex -25 50 12.7
      vertex -25 60.7546 10.1635
    endloop
  endfacet
  facet normal -1 0 0
    outer loop
      vertex -25 60.6015 10.6683
      vertex -25 50 12.7
      vertex -25 60.5752 10.755
    endloop
  endfacet
  facet normal -1 0 0
    outer loop
      vertex -25 60.5752 10.755
      vertex -25 50 12.7
      vertex -25 60.4554 11.2688
    endloop
  endfacet
  facet normal -1 0 0
    outer loop
      vertex -25 60.4554 11.2688
      vertex -25 50 12.7
      vertex -25 60.4348 11.357
    endloop
  endfacet
  facet normal -1 0 0
    outer loop
      vertex -25 60.4201 11.4464
      vertex -25 50 12.7
      vertex -25 60.3341 11.967
    endloop
  endfacet
  facet normal -1 0 0
    outer loop
      vertex -25 60.3341 11.967
      vertex -25 50 12.7
      vertex -25 60.3252 12.0571
    endloop
  endfacet
  facet normal -1 0 0
    outer loop
      vertex -25 60.3252 12.0571
      vertex -25 50 12.7
      vertex -25 60.2735 12.5822
    endloop
  endfacet
  facet normal -1 0 0
    outer loop
      vertex -25 60.2735 12.5822
      vertex -25 50 12.7
      vertex -25 60.2697 12.7
    endloop
  endfacet
  facet normal 0 1 -0
    outer loop
      vertex 25 89.4 1.90735e-07
      vertex -25 89.4 12.7
      vertex 25 89.4 12.7
    endloop
  endfacet
  facet normal 0 1 0
    outer loop
      vertex -25 89.4 12.7
      vertex 25 89.4 1.90735e-07
      vertex -25 89.4 1.90735e-07
    endloop
  endfacet
  facet normal 0 -1 0
    outer loop
      vertex -25 50 1.90735e-07
      vertex 25 50 12.7
      vertex -25 50 12.7
    endloop
  endfacet
  facet normal 0 -1 -0
    outer loop
      vertex 25 50 12.7
      vertex -25 50 1.90735e-07
      vertex 25 50 1.90735e-07
    endloop
  endfacet
endsolid OpenSCAD_Model
